dataset,id,dataset_row,question,correct_answer,answer_idx,option_A,option_B,option_C,option_D,p_correct_without_fact,p_correct_with_fact,predicted_idx_without_fact,predicted_idx_with_fact,r_q,r_q_plus_f,bucket,passage
obqa,0,,"A person wants to start saving money so that they can afford a nice vacation at the end of the year. After looking over their budget and expenses, they decide the best way to save money is to",quit eating lunch out,1,make more phone calls,quit eating lunch out,buy less with monopoly money,have lunch with friends,1.000000,1.000000,1,1,1,1,both_correct,using less resources usually causes money to be saved
obqa,1,,There is most likely going to be fog around:,a marsh,0,a marsh,a tundra,the plains,a desert,1.000000,1.000000,0,0,1,1,both_correct,fog is formed by water vapor condensing in the air
obqa,2,,Predators eat,bunnies,2,lions,humans,bunnies,grass,0.000116,0.005042,0,0,0,0,both_wrong,predators eat prey
obqa,3,,"Oak tree seeds are planted and a sidewalk is paved right next to that spot, until eventually, the tree is tall and the roots must extend past the sidewalk, which means",parts may break the concrete,2,roots may be split,roots may begin to die,parts may break the concrete,roots may fall apart,0.999987,1.000000,2,2,1,1,both_correct,if a tree is located near a sidewalk then the roots of that tree might crack the sidewalk
obqa,4,,An electric car runs on electricity via,electrical conductors,2,gasoline,a power station,electrical conductors,fuel,0.002715,1.000000,1,2,0,1,wrong_to_correct,An electrical conductor is a vehicle for the flow of electricity
obqa,5,,As the rain forest is deforested the atmosphere will increase with,carbon,2,oxygen,nitrogen,carbon,rain,0.999994,1.000000,2,2,1,1,both_correct,"as the population of plants decreases , carbon in the atmosphere will increase"
obqa,6,,an electric car contains a motor that runs on,ions,2,gas,hydrogen,ions,plutonium,0.001810,0.999911,1,2,0,1,wrong_to_correct,an electric car contains an electric motor
obqa,7,,The middle of the day usually involves the bright star nearest to the earth to be straight overhead why?,human planet rotation,1,moons gravity,human planet rotation,global warming,moon rotation,1.000000,1.000000,1,1,1,1,both_correct,the sun is located directly overhead at noon
obqa,8,,The summer solstice in the northern hemisphere is four months before,October,3,May,July,April,October,0.317146,0.027555,1,1,0,0,both_wrong,the summer solstice is on June 21st in the northern hemisphere
obqa,9,,The main component in dirt is,broken stones,1,microorganisms,broken stones,pollution,bacteria,0.999823,1.000000,1,1,1,1,both_correct,soil is formed by rocks eroding
obqa,10,,It's easier for human's to survive in:,a town,2,a cave,the ocean.,a town,alone,0.999999,1.000000,2,2,1,1,both_correct,"as number of organisms in a group increases , the chance of survival of each organism will increase"
obqa,11,,A cactus stem is used to store,liquid,1,fruit,liquid,food,spines,1.000000,1.000000,1,1,1,1,both_correct,a cactus stem is used for storing water
obqa,12,,A red-tailed hawk is searching for prey. It is most likely to swoop down on,a gecko,2,an eagle,a cow,a gecko,a deer,1.000000,1.000000,2,2,1,1,both_correct,hawks eat lizards
obqa,13,,The chance of wildfires is increased by,parched foliage,0,parched foliage,torrential rain,lush foliage,careful fire maintenance,1.000000,1.000000,0,0,1,1,both_correct,drought may cause wildfires
obqa,14,,A positive effect of burning biofuel is,powering the lights in a home,2,shortage of crops for the food supply,an increase in air pollution,powering the lights in a home,deforestation in the amazon to make room for crops,1.000000,1.000000,2,2,1,1,both_correct,biofuel is used to produce electricity by burning
obqa,15,,"As gasoline costs rise, alternative fuels are being used, which means that",gasoline will be needed less,3,wind power will be expensive,gas costs will rise,oil costs will be maintained,gasoline will be needed less,1.000000,1.000000,3,3,1,1,both_correct,"as the use of alternative fuels increases , the use of gasoline will decrease"
obqa,16,,"A person wants to be able to have more natural power in their home. They choose to cease using a traditional electric company to source this electricity, and so decide to install",panels collecting sunlight,2,sun grafts,sunlight shields,panels collecting sunlight,solar bees,1.000000,1.000000,2,2,1,1,both_correct,a solar panel converts sunlight into electricity
obqa,17,,A Mola Mola might live where?,Bay of Bengal,2,Lake Michigan,The Mississippi River,Bay of Bengal,Lake Eerie,1.000000,1.000000,2,2,1,1,both_correct,the ocean contains large amounts of salt water
obqa,18,,Which requires energy to move?,weasel,0,weasel,willow,mango,poison ivy,0.727546,1.000000,0,0,1,1,both_correct,an animal requires energy to move
obqa,19,,An animal that only eats plants is a,moth,1,rat,moth,chimpanzee,pig,0.014886,0.000551,3,3,0,0,both_wrong,herbivores only eat plants
obqa,20,,There was a lot more water vapor in the air when we went on a trip to,Hanoi,0,Hanoi,Athens,Baghdad,Phoenix,0.027585,0.999856,3,0,0,1,wrong_to_correct,humidity is the amount of water vapor in the air
obqa,21,,An example of conservation is avoiding the use of,gasoline,0,gasoline,air,snow,clothes,0.999998,1.000000,0,0,1,1,both_correct,An example of conservation is not using fossil fuel
obqa,22,,What can feathers on Spheniscidae be used for?,keeping warm,0,keeping warm,flying,sleeping,eating,1.000000,1.000000,0,0,1,1,both_correct,thick feathers can be used for keeping warm
obqa,23,,Overpopulation can cause,Lower Life Expectancy in Countries,1,More fresh water for people to drink,Lower Life Expectancy in Countries,More food for more people,More space for places to people to live,0.999999,0.999990,1,1,1,1,both_correct,if the population of an organism increases then the ecosystem may become overpopulated with that organism
obqa,24,,Shining a light through a diamond can,summon a brilliant wave of color,1,make a lot of bright lights shine,summon a brilliant wave of color,heat up a room,make a lot of money,0.600184,1.000000,1,1,1,1,both_correct,a prism refracts light
obqa,25,,"If you were attacked by a shark and had to punch it sharply where it pulls in air from, you'd use your hand to make contact with",its gills,1,its snout,its gills,its nose,its belly,0.998716,0.724448,1,1,1,1,both_correct,gills are used for breathing water by aquatic animals
obqa,26,,which of these would stop a car quicker?,a wheel with dry brake pads,3,a wheel with wet brake pads,a wheel without brake pads,a wheel with worn brake pads,a wheel with dry brake pads,0.032733,0.003173,0,0,0,0,both_wrong,friction is used for stopping a vehicle by brakes
obqa,27,,what system is needed for a body to get its needed supply of the gas humans breathe in?,the circulatory system,0,the circulatory system,the digestive system,the school system,central nervous system,0.998343,0.880635,0,0,1,1,both_correct,the circulatory system carries oxygen from the digestive and respiratory systems to the rest of the body
obqa,28,,Every evening a child can look into the night sky and see that the moon is,moving upwards,3,gone,breaking,falling,moving upwards,0.999921,1.000000,3,3,1,1,both_correct,the moon rising occurs once per day
obqa,29,,"When it's flying, a plane has no friction with the",ground,1,wings,ground,air,clouds,0.999989,0.035144,1,2,1,0,correct_to_wrong,friction acts to counter the motion of two objects when their surfaces are touching
obqa,30,,To grow plants require,shafts of sunlight,2,acid rain,pesticides,shafts of sunlight,moonbeam rays,1.000000,1.000000,2,2,1,1,both_correct,a plant requires sunlight to grow
obqa,31,,What is the best way to guess a babies eye color?,The genealogy records of their family.,3,The surroundings they are born in.,Their parents usual diet.,Just take a random guess.,The genealogy records of their family.,0.999999,1.000000,3,3,1,1,both_correct,eye color is an inherited characteristic
obqa,32,,What animal eats plants?,robins,1,eagles,robins,owls,leopards,0.044670,0.999322,0,1,0,1,wrong_to_correct,omnivores eat plants
obqa,33,,Which of these is a hypothesis?,The ice caps will completely melt if global warming continues,0,The ice caps will completely melt if global warming continues,The earth is round,The earth revolves around the sun,Gravity causes objects to fall,1.000000,1.000000,0,0,1,1,both_correct,hypothesis means scientific guess about the cause and effect of an event
obqa,34,,What explains the characteristic lunar formations?,many collisions that have occured,1,remains of ancient ponds,many collisions that have occured,volcanic explosions over millions of years,sink holes due to the moons porous nature,0.999496,1.000000,1,1,1,1,both_correct,the lunar surface contains many craters
obqa,35,,Tadpoles start their lives as,Water animals,0,Water animals,Frogs,Ants,College Students,0.999989,1.000000,0,0,1,1,both_correct,tadpole changes into a frog
obqa,36,,"If a person puts out four apples around their home on the same day, the molecules in which apple would be moving the most rapidly?",the apple sitting on a sunny sidewalk,0,the apple sitting on a sunny sidewalk,the apple in the freezer,the apple sitting on the shaded stoop,the apple in a closet,1.000000,1.000000,0,0,1,1,both_correct,absorbing sunlight causes objects to heat
obqa,37,,What is used for sensing visual things?,cornea,3,nerves,tibia,nostril,cornea,1.000000,1.000000,3,3,1,1,both_correct,seeing is used for sensing visual things
obqa,38,,They studied the soil by using,a microscope,3,plants,a telescope,roots,a microscope,0.999999,1.000000,3,3,1,1,both_correct,studying a soil sample means studying the microorganisms in that soil
obqa,39,,Bill's arm got cold when he put it inside the,refrigerator,0,refrigerator,room,jacket,oven,0.999997,0.999983,0,0,1,1,both_correct,if a hot substance is touches a cold object then that substance will likely cool
obqa,40,,A recyclable material can be,used more times,3,transformed,traded,thrown away,used more times,0.724870,0.010328,3,0,1,0,correct_to_wrong,recyclable means a material can be recycled
obqa,41,,What is different about birth in humans and chickens?,the hard shell,3,Mother,Fertilization,Father,the hard shell,1.000000,0.999998,3,3,1,1,both_correct,if an animal hatches from an egg then that animal is born
obqa,42,,Which of these situations is an example of pollutants?,plastic bags floating in the ocean,0,plastic bags floating in the ocean,mallard ducks floating on a lake,cottonwood seeds floating in the air,cirrus clouds floating in the sky,1.000000,1.000000,0,0,1,1,both_correct,pollution is a source of pollutants
obqa,43,,Human reproduction requires,a womb,3,eggs with shells,nest incubation,a nest,a womb,1.000000,1.000000,3,3,1,1,both_correct,live birth means developing inside the mother instead of an egg
obqa,44,,Thermometers,can help you monitor a fever,0,can help you monitor a fever,indicate levels of mercury in the blood,read exactly at 98.6 degrees,are used only for babies,1.000000,1.000000,0,0,1,1,both_correct,a thermometer is used to measure temperature
obqa,45,,"if the earth was a living room, what can be done to melt the glaciers?",someone would turn up the room heater,0,someone would turn up the room heater,someone would turn up the air conditioner,someone would turn up the music,someone would turn on the light,1.000000,1.000000,0,0,1,1,both_correct,if the atmospheric temperature rises then the glaciers will melt
obqa,46,,What would happen when balloons heat up?,they get bigger,0,they get bigger,they get smaller,nothing happens,they fall down,1.000000,1.000000,0,0,1,1,both_correct,"as heat increases , a flexible container containing gas will expand"
obqa,47,,"A balloon is filled with helium for a party. After the party, the balloons are left in the living room, where a fireplace is heating the room. The balloons",expand,0,expand,melt,shrink,fall,1.000000,1.000000,0,0,1,1,both_correct,"as heat increases , a flexible container containing gas will expand"
obqa,48,,Seals are most likely to be found in what type of environment?,arctic,1,desert,arctic,Mediterranean,tropical,1.000000,1.000000,1,1,1,1,both_correct,arctic animals live in an arctic environment
obqa,49,,"When the eggs hatch, the offspring are",born,2,killed,hurt,born,cold,1.000000,1.000000,2,2,1,1,both_correct,if an animal hatches from an egg then that animal is born
obqa,50,,Some berries may be eaten by,a bear or person,0,a bear or person,a bear or shark,a bear or lion,a bear or wolf,0.999997,0.999995,0,0,1,1,both_correct,bears eat berries
obqa,51,,A person has a chance to experience an equinox,biannually,3,weekly,monthly,annually,biannually,1.000000,0.999998,3,3,1,1,both_correct,an equinox occurs twice per year
obqa,52,,Overpopulation of an organism can,strain the resources of an ecosystem,0,strain the resources of an ecosystem,cause boundless growth of resources,lead to extinction of the organism,cause the ecosystem to flourish,0.999957,1.000000,0,0,1,1,both_correct,if the population of an organism increases then the ecosystem may become overpopulated with that organism
obqa,53,,"To improve health, what is a good strategy?",a spa trip,3,high risk lifestyle,restaurant food,business trip,a spa trip,0.999999,1.000000,3,3,1,1,both_correct,rest has a positive impact on a health
obqa,54,,A girl and her mom have the same,number of toenails,2,date of birth,shirt,number of toenails,hair length,0.980874,1.000000,2,2,1,1,both_correct,the number of body parts of an organism is an inherited characteristic
obqa,55,,The transportation with the most mass is likely a,commercial plane,0,commercial plane,private plane,bus,private car,0.001099,0.999758,2,0,0,1,wrong_to_correct,mass is a measure of the amount of matter in an object
obqa,56,,A rabbit may enjoy,peas,2,meat,compost,peas,pebbles,1.000000,1.000000,2,2,1,1,both_correct,rabbits eat plants
obqa,57,,"A construction group wants to put a shopping center in town, but the only place available is a small nature park with a trail. Deer and other wildlife frequent the park, since it is the only place in the city where trees and fresh water are available for them. The construction group decides to build the shopping center, which means that",the wildlife environment is destroyed,3,the deer are moved to a zoo,the trail is expanded,the mall has a nature park in it,the wildlife environment is destroyed,1.000000,1.000000,3,3,1,1,both_correct,humans changing an environment sometimes causes that environment to be destroyed
obqa,58,,Owls are likely to hunt at,2am,1,3pm,2am,6pm,7am,1.000000,1.000000,1,1,1,1,both_correct,nocturnal predators hunt during the night
obqa,59,,What could be a positive aspect of a tree being cut down?,the plants that were under the tree will have access to more light,0,the plants that were under the tree will have access to more light,the squirrels that were in that tree will have an easier time getting to their home,Plants under the tree will get cooled off by the shade,The sun will shine brighter than before,1.000000,1.000000,0,0,1,1,both_correct,if a tree falls then sunlight becomes available to the surrounding plants
obqa,60,,Birds carrying away fruit helps the tree,reproduce,2,grow,fertilize,reproduce,conquer,0.995592,1.000000,2,2,1,1,both_correct,plant requires seed dispersal for reproduction
obqa,61,,"If a UFO is flying overhead and looks small, then large, then",the UFO is approaching,2,the UFO is calling,the UFO had been close,the UFO is approaching,the UFO is leaving,0.000004,0.967647,1,2,0,1,wrong_to_correct,"as a source of light becomes closer , that source will appear brighter"
obqa,62,,Inherited behavior is exhibited when,bears take a long winter sleep,0,bears take a long winter sleep,dogs sit on command,seals clap for their trainers,rats navigate thru a maze,0.999824,1.000000,0,0,1,1,both_correct,hibernation is an inherited behavior
obqa,63,,What likely explains deforestation?,Clearing for farming,1,Increased insect populations,Clearing for farming,reduction in rainfall,More carbon dioxide,1.000000,1.000000,1,1,1,1,both_correct,cutting down trees in a forest causes the number of trees to decrease in that forest
obqa,64,,Mosquitoes enjoy all the people at a BBQ in the summer for what reason?,blood,1,steak,blood,nice weather,taking food,1.000000,1.000000,1,1,1,1,both_correct,"as available resources increases , the population of an organism that uses those resources will increase"
obqa,65,,The surface of the moon contains,high peaks,2,dogs,water,high peaks,humans,1.000000,1.000000,2,2,1,1,both_correct,the surface of the Moon contains mountains
obqa,66,,A tool used to identify the percent chance of a trait being passed down has at least,four boxes,0,four boxes,eight boxes,two boxes,six boxes,0.000210,0.348643,2,2,0,0,both_wrong,a Punnett square is used to identify the percent chance of a trait being passed down from a parent to its offspring
obqa,67,,"A prisoner is kept in a stone room, unable to see the sun. The prisoner knows that he needs vitamin D to survive, so he",asks for milk,0,asks for milk,asks for television,asks for water,asks for sleep,1.000000,1.000000,0,0,1,1,both_correct,dairy is a source of Vitamin D
obqa,68,,When trying to pull a rose out of the ground why do you encounter resistance?,roots,0,roots,tensile strength,plant temperature,plant color,1.000000,1.000000,0,0,1,1,both_correct,roots anchor plants into the soil
obqa,69,,A bat flew through the sky without hitting anything due to which of these?,surfaces to reflect sound off,3,rainy sky to fly in,fast truck to drive,a car with gasoline,surfaces to reflect sound off,0.951117,1.000000,3,3,1,1,both_correct,echo is when sound reflects off of a surface
obqa,70,,How can we see that the coloration of fur is an inherited characteristic?,kittens look like their parents,1,puppies have soft fur,kittens look like their parents,all mammals are born with fur,baby rats are mostly bald,0.999999,1.000000,1,1,1,1,both_correct,the coloration of fur is an inherited characteristic
obqa,71,,Decaying vegetation is part of the process that,enables gas powered motors to operate,2,enables nuclear power to function,enables to emitting of light beams,enables gas powered motors to operate,enables windmills to power electric grids,0.153423,0.898572,1,2,0,1,wrong_to_correct,forming fossil fuels requires decaying vegetation
obqa,72,,"After a torrential downpour over a week, a man notices that the pond in his backyard is",bloated,2,melted,dehydrated,bloated,salted,0.999995,1.000000,2,2,1,1,both_correct,storms cause bodies of water to increase amount of water they contain
obqa,73,,The amount of friction and the speed of an object have what kind of relationship?,inverse,0,inverse,reverse,direct,equal,0.999984,0.999930,0,0,1,1,both_correct,force causes the speed of an object to decrease
obqa,74,,A fallen leaf,will begin to recycle the nutrients that made up its structure,2,will turn into a tree,will become bright green,will begin to recycle the nutrients that made up its structure,is likely to continue to grow,1.000000,0.999998,2,2,1,1,both_correct,if a leaf falls off of a tree then that leaf is dead
obqa,75,,Over a period of time the weather can change,The size of a statue,2,The color of my hair,The way I walk,The size of a statue,The sound a computer makes,0.001496,0.999999,0,2,0,1,wrong_to_correct,sometimes weathering smooths rocks
obqa,76,,Plant growth may cause,an uptick in the number of leaves,0,an uptick in the number of leaves,a surge in leaf disease,a gradual decrease in leaves,a rapid decline of the leaves,1.000000,1.000000,0,0,1,1,both_correct,"when a plant grows , the number of the leaves of that plant may increase"
obqa,77,,The man's heart skipped a beat and he felt pain after touching which of these?,electrical transformer,2,ice cube,water,electrical transformer,grass,1.000000,1.000000,2,2,1,1,both_correct,electrocution causes harm to an organism
obqa,78,,Which substance is capable of dripping?,Juice,1,Oxygen,Juice,Wood,Lightning,1.000000,1.000000,1,1,1,1,both_correct,matter in the liquid state drips
obqa,79,,If bacon is left too long on a hot stove top,it will become blackened,2,it will be cooked perfectly,it will be bacteria laden,it will become blackened,it will be left raw,0.999994,1.000000,2,2,1,1,both_correct,if too much heat is transferred to an object then that object may burn
obqa,80,,the dashboard reading in a jaguar would likely be set to which of these?,set to kilometers,2,set to calories,set to volume,set to kilometers,set to width,1.000000,1.000000,2,2,1,1,both_correct,kilometers km are a unit used for measuring distance generally used for values between 1 and 50000000
obqa,81,,are explosions safe?,they could harm living things,0,they could harm living things,they are very safe,they cause nothing serious,none of these,0.999998,0.999999,0,0,1,1,both_correct,explosions can cause harm to an organism
obqa,82,,The lowest temperature on the trip was at,the mountain pass,0,the mountain pass,the plain,the large hill,the canyon,1.000000,0.000000,0,1,1,0,correct_to_wrong,"as altitude increases , the temperature of the air will decrease"
obqa,83,,What is the benefit to using a frosted window film over a non treated windows?,they let in less light,1,they are easier to make,they let in less light,they are cheaper to produce,they are much stronger,1.000000,1.000000,1,1,1,1,both_correct,no light shines through an opaque object
obqa,84,,Ocean water contains,copious amounts of the combination of Na and Cl,3,copious amounts of seltzer,scant amounts of sodium chloride,scant amounts of carbonation,copious amounts of the combination of Na and Cl,0.999994,1.000000,3,3,1,1,both_correct,the ocean contains large amounts of salt water
obqa,85,,A cheetah that runs all day will find it has lost a lot of,water,1,blood,water,prey,spots,1.000000,1.000000,1,1,1,1,both_correct,"as the activity of an animal increases , the amount of water in an animal 's body in that environment will decrease"
obqa,86,,Beak shape can influence a bird's ability,to chew up certain worms,3,to give birth to live young,to mate with it's partner,to fly to warmer climates,to chew up certain worms,1.000000,1.000000,3,3,1,1,both_correct,birds with beaks of different shapes eat different foods
obqa,87,,Some blind people have demonstrated bat-like skills by:,using sound to 'see',3,sensing shapes by light and shadows,having a unusually strong sense of smell,sensing nearby objects by temperature change,using sound to 'see',1.000000,1.000000,3,3,1,1,both_correct,bats can echolocate
obqa,88,,December 21st through March 20 is a three month period which is an example of what?,A Season,2,A session,A Match,A Season,Autumn,1.000000,1.000000,2,2,1,1,both_correct,a new season occurs once per three months
obqa,89,,Seeds provide new plants with,life sustaining elements,0,life sustaining elements,essentials for photosynthesis,water and hydrogen,storage for roots,0.998899,1.000000,0,0,1,1,both_correct,a seed is used for storing food for a new plant
obqa,90,,What is a more comfortable color to have for your automobile upholstery if living in a desert?,ecru,0,ecru,red,black,navy,1.000000,0.999992,0,0,1,1,both_correct,"as lightness in color of an object increases , the ability of that object to reflect light will increase"
obqa,91,,The salamander could eat a large amounts of what?,six legged winged organisms,3,fettuccine if left around,waxy leaves from certain plants,dead carcass meat from livestock,six legged winged organisms,0.003707,1.000000,1,3,0,1,wrong_to_correct,a salamander eats insects
obqa,92,,A person can see,a written message,2,a radio recording,an emotion,a written message,an abstract idea,0.999990,0.999995,2,2,1,1,both_correct,seeing is used for sensing visual things
obqa,93,,"When looking for good soil for plants, typically what is optimal?",malleable and nutritious,0,malleable and nutritious,dry and sandy,grainy and bitter,compact and hard,1.000000,0.999996,0,0,1,1,both_correct,the looseness of soil has a positive impact on a plant 's roots' growth in that soil
obqa,94,,Animals are drawn to,feeders,2,gold,houses,feeders,Carbon Dioxide,1.000000,1.000000,2,2,1,1,both_correct,feeders attract animals to a location
obqa,95,,Squirrels spend their fall,stockpiling pecans for the frigid months,2,looking for pretty leaves to collect,stockpiling rocks for fighting in the winter,stockpiling pecans for the frigid months,collecting twigs to keep warm,1.000000,1.000000,2,2,1,1,both_correct,squirrels gather nuts in the autumn to eat during the winter
obqa,96,,Rainbows are always found after what?,Rainfall,2,A fire,A tornado,Rainfall,Cereal,1.000000,1.000000,2,2,1,1,both_correct,sunlight and rain can cause a rainbow
obqa,97,,Crop rotation has a positive impact on what?,dirt quality,1,government mentality,dirt quality,town economies,crop watering,1.000000,1.000000,1,1,1,1,both_correct,crop rotation has a positive impact on soil quality
obqa,98,,the best method for detecting texture is,rubbing it,0,rubbing it,seeing it,hearing it,tasting it,0.000000,1.000000,1,0,0,1,wrong_to_correct,touch can be used for detecting texture
obqa,99,,Cold-blooded animals are often,hairless,2,fast,large,hairless,slow,0.000000,0.991142,3,2,0,1,wrong_to_correct,a reptile is cold-blooded
obqa,100,,Grey clouds can bring,falling water molecules,1,sunlight,falling water molecules,blooming flowers,drought conditions,1.000000,1.000000,1,1,1,1,both_correct,grey clouds are a source of precipitation
obqa,101,,Which animal is considered a predator?,snake,1,ant,snake,elephant,giraffe,0.999957,0.999999,1,1,1,1,both_correct,a predator eats other animals for food
obqa,102,,Pollinators,enable plants to continue flourishing,0,enable plants to continue flourishing,play an unimportant role in the reproduction process,are useless to plants,are considered unwanted pests,1.000000,1.000000,0,0,1,1,both_correct,pollination requires pollinating animals
obqa,103,,"A farmer harvests seeds from some plants, such as tomatoes, in order to plant them later on. These seeds, once planted",contain their necessary nutrition,3,have their own dirt,have their own sunlight,have a lot of sand,contain their necessary nutrition,1.000000,1.000000,3,3,1,1,both_correct,a seed is used for storing food for a new plant
obqa,104,,What type of characteristics are people not born with?,skills,1,genetics,skills,physical attributes,height,1.000000,1.000000,1,1,1,1,both_correct,skills are learned characteristics
obqa,105,,A spinning object is used to make,electricity,3,steam,heat,water,electricity,0.999999,1.000000,3,3,1,1,both_correct,a windmill converts wind energy into electricity
obqa,106,,One of the negative consequences of offshore oil platforms is,discharge of liquid petroleum in the surrounding sea,1,evaporation of the surrounding water,discharge of liquid petroleum in the surrounding sea,improvement in the conditions of sea life,increase in the birthrate of sea birds,1.000000,1.000000,1,1,1,1,both_correct,offshore oil platforms might cause oil to leak into the water
obqa,107,,The unit of measure derived from French word millilitre is a unit used for measuring volume generally used for values between 1 and,1000,0,1000,250,5000,300,0.994416,1.000000,0,0,1,1,both_correct,milliliters mL is a unit used for measuring volume generally used for values between 1 and 1000
obqa,108,,"A man's child runs through the yard in the sprinklers, getting mud all over their feet. The child then runs around on the porch, tracking mud everywhere. While the mud is still wet, the man decides to clean off the porch by",turning on the hose,3,getting a new child,yelling at the mud,asking the child to stop,turning on the hose,1.000000,1.000000,3,3,1,1,both_correct,pouring water onto soil causes that soil to wash away
obqa,109,,Earthquakes,will break your vases,2,only happen in California,cause solar and lunar eclipses,will break your vases,make bridges much safer,1.000000,1.000000,2,2,1,1,both_correct,an earthquake causes the ground to shake
obqa,110,,A seismograph can accurately describe,how stable the ground will be,2,how rough the footing will be,how bad the weather will be,how stable the ground will be,how shaky the horse will be,1.000000,0.999999,2,2,1,1,both_correct,a seismograph is a kind of tool for measuring the size of an earthquake
obqa,111,,"Light from further away may appear to be less bright than other, closer sources, such as in which instance?",the moon is brighter than stars,1,the sun is always bright,the moon is brighter than stars,the moon is brighter than a floodlight,the sun is darker than the moon,0.006003,0.040350,3,3,0,0,both_wrong,"as distance from a source of light increases , that source of light will appear dimmer"
obqa,112,,A plant needs a specific climate to grow and,persist,1,wither,persist,die,decay,0.999997,0.999997,1,1,1,1,both_correct,a plant requires a specific climate to grow and survive
obqa,113,,Banging on a drum causes,reverberations to strike the eardrum,2,music to be loud,music to be appealing,reverberations to strike the eardrum,concerts to sell out,0.000217,0.000940,0,0,0,0,both_wrong,musical instruments make sound when they are played
obqa,114,,What may have been formed by a volcano?,Mt. McKinley,0,Mt. McKinley,Lake Pontchartrain,The great lakes,Niagara Falls,0.513211,1.000000,0,0,1,1,both_correct,mountains are formed by volcanoes
obqa,115,,"Humans, cats, dogs, and elephants are known as mammals because their kids are born alive. Non-mammalian babies are born",in an egg,2,old,dead,in an egg,big,0.999290,1.000000,2,2,1,1,both_correct,birds lay eggs
obqa,116,,Wind can cause,stones to weather down to pebbles,3,basements to flood due to weather,small birds to kill large birds,waterfalls to flow backwards,stones to weather down to pebbles,0.999290,1.000000,3,3,1,1,both_correct,wind causes erosion
obqa,117,,Inherited characteristics,include spots on a ladybug,3,include mice being able to navigate a maze,include learning to sit on command,include dolphins doing tricks for their trainers,include spots on a ladybug,0.000710,0.999144,0,3,0,1,wrong_to_correct,the colors of the parts of an organism are inherited characteristics
obqa,118,,How could we determine approximately how far a bird is from the ground?,"Measure the altitude of the bird using a reference point, such as a tall building.",0,"Measure the altitude of the bird using a reference point, such as a tall building.",Identify the species of bird,Ask the bird how high it was when it returns back to earth,Measure the bird's mass,1.000000,1.000000,0,0,1,1,both_correct,high means great in altitude
obqa,119,,Endangered pandas are sometimes,confined to enclosures to be viewed by the public,1,accidentally dropped into volcanoes,confined to enclosures to be viewed by the public,found eating corn in the middle of North America,made into delicious rare steaks,1.000000,1.000000,1,1,1,1,both_correct,some animals live in zoo exhibits
obqa,120,,Algae can be found in,reservoir,0,reservoir,meat,street,tree,1.000000,1.000000,0,0,1,1,both_correct,algae is found in bodies of water
obqa,121,,A toaster converts electrical energy into heat energy for toasting much like,a small oven works,3,a campfire toasts bread,a microwave heats soup,a fire burns paper,a small oven works,0.162676,0.998827,0,3,0,1,wrong_to_correct,a toaster converts electrical energy into heat energy for toasting
obqa,122,,"An octopus, when in danger and unable to swim to safety, may find itself",mimicking other things,0,mimicking other things,melting into sand,creating new homes,mocking other fish,0.999652,1.000000,0,0,1,1,both_correct,An example of camouflage is when something changes color in order to have the same color as its environment
obqa,123,,What does someone do when creating music?,pluck the strings of a fingerboard with your fingers,3,hit a toy baseball with a bat,shake a baby rattle with your hand,bang the wall with your fist,pluck the strings of a fingerboard with your fingers,0.999997,1.000000,3,3,1,1,both_correct,An example of playing a musical instrument is strumming a guitar string
obqa,124,,The pull the human planet space rock orbiter has on certain bodies of dihydrogen monooxide results in?,water level fluctuations,1,telescope views,water level fluctuations,animal,plant harvesting,1.000000,0.999940,1,1,1,1,both_correct,the gravitational pull of the Moon on Earth 's oceans causes the tides
obqa,125,,"Since density = mass / volume, denser liquids such as water sink more than",baby oil,0,baby oil,corn syrup or,milk,honey,0.001431,0.034606,3,1,0,0,both_wrong,denser liquids settle below liquids that are less dense
obqa,126,,Photosynthesis can be performed by,a cabbage cell,0,a cabbage cell,a bee cell,a bear cell,a cat cell,1.000000,1.000000,0,0,1,1,both_correct,plant cells can perform photosynthesis
obqa,127,,The force exerted on an object and distance traveled have what kind of relationship?,direct,3,reverse,inverse,equal,direct,1.000000,1.000000,3,3,1,1,both_correct,"as force exerted on an object increases , distance travelled will increase"
obqa,128,,all cells use cellular respiration to,release waste,1,photosynthesize,release waste,perform meiosis,release energy,0.000000,0.000000,3,3,0,0,both_wrong,all cells perform cellular respiration
obqa,129,,The viewing oriented sensor of a prairie creature are for what?,sensing views,2,reproductive purposes,viewing sounds,sensing views,sensing tastes,1.000000,1.000000,2,2,1,1,both_correct,eyes are used for seeing by animals by sensing light
obqa,130,,"A dog is going to have to corral sheep for the afternoon, so it needs to prepare its body for the enormous workload ahead of it. The dog is",given a large breakfast,1,breaks for birds on the road,given a large breakfast,eats a few corn cobs,given two apples to watch,1.000000,1.000000,1,1,1,1,both_correct,eating food is used to get nutrients by living things
obqa,131,,"A woman sells bracelets that she makes. The bracelets gain popularity, and the woman makes incredibly large amounts of money from the sales. After a while, very few people are still buying the bracelets, so",the woman makes less money,3,the woman makes more money,the woman makes the same amount of money,the woman spends more money,the woman makes less money,1.000000,1.000000,3,3,1,1,both_correct,"as the sale of a product decreases , the amount of money made by the person selling that product will decrease"
obqa,132,,A desert environment is,"arid, parched, and sun-baked",2,"dry, grass covered, and humid","lush, green, and tropical","arid, parched, and sun-baked","dry, damp, and lush",1.000000,1.000000,2,2,1,1,both_correct,a desert environment is dry
obqa,133,,Seasons are caused by what rotating on its axis?,Our Planet,0,Our Planet,The Atmosphere,The Equator,The Sun,1.000000,1.000000,0,0,1,1,both_correct,the Earth being tilted on its axis causes seasons
obqa,134,,Which is best an letting electricity pass through?,a steak knife,3,tile flooring,human flesh,hockey stick,a steak knife,0.018614,1.000000,0,3,0,1,wrong_to_correct,metal is an electrical energy conductor
obqa,135,,Asteroids crashing on planets can leave behind,"large, bowl-shaped cavities in the ground",0,"large, bowl-shaped cavities in the ground",aliens and foreign foods,small dents in the planet's core,lakes filled with salty water,1.000000,1.000000,0,0,1,1,both_correct,usually craters on planets are formed by asteroids impacting that planet or moon 's surface
obqa,136,,What is the formula of the substance which best helps plants grow,H2O,3,NH4,C4H4,CO2,H2O,0.000503,1.000000,2,3,0,1,wrong_to_correct,a plants require water for to grow
obqa,137,,You can experience a change of pressure when,Soaring the skies,1,Yelling really loud,Soaring the skies,Going walking,riding a bike,0.996282,0.999329,1,1,1,1,both_correct,"as depth increases , pressure will increase"
obqa,138,,A small creek absorbing heat energy can result in,a parched creek bed,1,the creek water getting colder,a parched creek bed,tributaries branching off from the creek,a runoff of extra water,0.994757,1.000000,1,1,1,1,both_correct,An example of evaporation is a body of water drying up by absorbing heat energy
obqa,139,,Summertime  happens during June in all but which location?,Australia,0,Australia,in Canada,United States,Europe,0.941241,1.000000,0,0,1,1,both_correct,June is during the summer in the northern hemisphere
obqa,140,,It takes more water to fill a bathtub than a,stomach,2,lake,pool,stomach,holding tank,0.973041,0.014889,2,3,1,0,correct_to_wrong,the volume of an object can be used to describe the size of that object
obqa,141,,The eighth month of the year is winter in,Brazil,0,Brazil,Indiana,London,Canada,0.032850,0.999995,3,0,0,1,wrong_to_correct,August is during the winter in the southern hemisphere
obqa,142,,birds use their peckers to catch,bees,3,dogs,a tan,a ball,bees,0.999965,1.000000,3,3,1,1,both_correct,a beak is used for catching prey by some birds
obqa,143,,transplanting seedling oaks has a positive impact on,the environment,3,fuel costs,the economy,housing value,the environment,1.000000,1.000000,3,3,1,1,both_correct,planting trees has a positive impact on an ecosystem
obqa,144,,What is an example of hunting?,humans throwing a spear through an animal,0,humans throwing a spear through an animal,humans chewing on boiled animal muscles,humans gathering animals in a gate,humans plucking fruit from a tree,1.000000,1.000000,0,0,1,1,both_correct,hunting means humans kill animals in the wild
obqa,145,,Which of these has shape that changes depending on the container which it resides within?,orange juice,3,paper,wood,stone,orange juice,1.000000,1.000000,3,3,1,1,both_correct,Matter in the liquid phase has variable shape
obqa,146,,What would be the flavor if you ate the item that fell and is thought to have hit Sir Issac Newton's head,Sweet,0,Sweet,Salty,bitter,sour,0.000005,0.000045,2,2,0,0,both_wrong,sugar causes food to taste sweet
obqa,147,,Earth's four layers are comprised mainly of,stone,0,stone,bacteria,water,air,0.999999,1.000000,0,0,1,1,both_correct,Earth is made of rock
obqa,148,,"if coffee sits in the fridge and loses its liquid form, what is that point known as?",the freezing point,0,the freezing point,the prime point,the boiling point,the melting point,1.000000,1.000000,0,0,1,1,both_correct,freezing point means temperature at which a liquid freezes
obqa,149,,Mammals give birth to live,children,0,children,birds,fish,insects,0.999994,0.999931,0,0,1,1,both_correct,mammals give birth to live young
obqa,150,,"If a battery in an electromagnet is active, then what will happen to a nail in that electromagnet?",it may become magnetized,2,it loses its magnetization,it loses its charge,it may become magnetized,it gains a charge,1.000000,1.000000,2,2,1,1,both_correct,if battery in an electromagnet is active then the nail in the electromagnet will become magnetic
obqa,151,,Which of these is a factor in the shape of a fern's seed?,inheritance,3,luck,humans,gold,inheritance,1.000000,1.000000,3,3,1,1,both_correct,the type of seed of a plant is an inherited characteristic
obqa,152,,Which is recyclable?,A school notebook,1,An Elephant,A school notebook,A boat,A lake,1.000000,1.000000,1,1,1,1,both_correct,paper is recyclable
obqa,153,,"if the population in a habitat is on a steady decline, what condition is the habitat?",it is an unsustainable habitat,2,it is a place to emigrate from,it is an ideal habitat,it is an unsustainable habitat,it is a thriving abode,1.000000,1.000000,2,2,1,1,both_correct,if a habitat is destroyed then that habitat can not support animals
obqa,154,,A teacher wants to show how to combine two substances together. The two things that he can use in order to mix them completely are,water and soda,0,water and soda,water and oil,sand and rocks,salt and bark,0.916912,0.999861,0,0,1,1,both_correct,An example of combining two substances is pouring one substance into the other substance
obqa,155,,Medicine is used to cure but can cause people to have allergic reactions such as,vomiting,1,spider bites,vomiting,placebo effect,dance fever,0.996623,0.999999,1,1,1,1,both_correct,medicine can cause people to have bad reactions
obqa,156,,Lightning may lead to,damage to local foliage,0,damage to local foliage,rainbows across the sky,growth of local flora,firefighters getting the night off,1.000000,1.000000,0,0,1,1,both_correct,lightning can cause a forest fire
obqa,157,,When would a nocturnal predator most likely hunt?,3 a.m.,2,5 p.m.,12 p.m.,3 a.m.,10 a.m.,1.000000,1.000000,2,2,1,1,both_correct,nocturnal predators hunt during the night
obqa,158,,Where water be located in its gas form?,a mile up in the sky,2,inside a disc golf driver,inside of a brass pipe,a mile up in the sky,inside a leather baseball,1.000000,1.000000,2,2,1,1,both_correct,water vapor is found in the atmosphere
obqa,159,,Green parts of a life form absorb,light,1,carbon dioxide,light,oxygen,water,0.989986,1.000000,1,1,1,1,both_correct,chlorophyll is used for absorbing light energy by plants
obqa,160,,If a new species of predator joins a community,prey will experience a drop in population,2,the new species will become herbivores,prey will experience an increase in population,prey will experience a drop in population,the old species will die out,1.000000,1.000000,2,2,1,1,both_correct,if a new predator begins eating prey then the population of that prey will decrease
obqa,161,,Why would a perennial plant with an elongated stem a frequently used for lumber fall to the ground?,It's dead,0,It's dead,For water,For food,For sun,1.000000,1.000000,0,0,1,1,both_correct,if a tree falls then that tree is dead
obqa,162,,I'm an animal with a white fur and a large fluffy tail that lives in arctic regions; what am I?,snow fox,1,weasel,snow fox,wolf,polar bear,0.000000,0.000000,3,3,0,0,both_wrong,arctic animals live in an arctic environment
obqa,163,,Dairy is a source of,a group of fat-soluble secosteroids,2,a vitamin that prevents blood loss,a vitamin that treats amino acid deficiency,a group of fat-soluble secosteroids,a vitamin that helps treat liver problems,0.350126,0.999999,0,2,0,1,wrong_to_correct,dairy is a source of Vitamin D
obqa,164,,"Atomic 26 is drawn to a device, it could be",magnetized,0,magnetized,Na,compass,K,0.964932,0.999999,0,0,1,1,both_correct,metal is sometimes magnetic
obqa,165,,why do tadpoles change into frogs?,they are young frogs still growing,2,tadpoles change to different animals,tadpoles are really just fish,they are young frogs still growing,none of these,0.999987,0.999994,2,2,1,1,both_correct,tadpole changes into a frog
obqa,166,,What do cows eat?,Chickpeas,0,Chickpeas,Chocolate,Steak,Poultry,0.999753,1.000000,0,0,1,1,both_correct,cows only eat plants
obqa,167,,Which object conducts electricity?,Ship Anchor,2,Window,Rubik's Cube,Ship Anchor,Boulder,1.000000,1.000000,2,2,1,1,both_correct,metal is an electrical energy conductor
obqa,168,,Glucose travels,from a daisy's leaves into it's underground support system,2,from roots to leaves of a daffodil,from a rose's leaves to the atmosphere,from a daisy's leaves into it's underground support system,from the sun to a sunflower's buds,0.000090,1.000000,0,2,0,1,wrong_to_correct,sugars are transported from the leaves to the roots of a plant
obqa,169,,Evaporation,is like nature's disappearing water trick,1,only happens in the summer,is like nature's disappearing water trick,is caused by snow,involves the disappearance of sunlight,0.999999,1.000000,1,1,1,1,both_correct,if a liquid disappears then that liquid probably evaporated
obqa,170,,"In order for crops to grow food safely, pesticides are used on them. When it floods, this causes t he what to be poisonous?",Runoff,2,air,Corn,Runoff,farmers,1.000000,1.000000,2,2,1,1,both_correct,runoff contains pesticides from cropland
obqa,171,,The boy was able to warm the fireplace without a lighter thanks to what?,friction,0,friction,metal,wishing,magic,1.000000,1.000000,0,0,1,1,both_correct,friction occurs when two object 's surfaces move against each other
obqa,172,,Where would a duck like to live?,the Appalachian mountains,2,the Sahara,Antarctica,the Appalachian mountains,Death Valley,0.957400,0.999922,2,2,1,1,both_correct,a desert environment is dry
obqa,173,,What do tuna eat?,Atlantic menhaden,0,Atlantic menhaden,Swedish fish,gummy fish,laminariales,1.000000,1.000000,0,0,1,1,both_correct,tuna eat fish
obqa,174,,"A woman notices that she is depressed every autumn, and wonders why. A friend suggests to her that perhaps certain changes that take place as seasons move from warm to cold may be having an effect on her. When pressed for an example of these changes, the friend cites",grass turning brown,1,flowers blooming,grass turning brown,trees growing,blossoms blooming,0.999999,0.999999,1,1,1,1,both_correct,An example of a seasonal change is plants dying in the winter
obqa,175,,is it normal for an adult animal to lay eggs?,yes it is standard,1,it has never happened,yes it is standard,it is abnormal and weird,all of these,0.000000,0.013187,2,3,0,0,both_wrong,some adult animals lay eggs
obqa,176,,If your dog is overweight,cut back their caloric intake,1,add more fat to their diet,cut back their caloric intake,let them sleep more,increase their caloric intake,0.999999,1.000000,1,1,1,1,both_correct,"as the amount of food an animal eats increases , the weight of that animal will increase"
obqa,177,,Eyes allow humans,to detect when a traffic light changes,0,to detect when a traffic light changes,detect sour flavors in candy,hear music at concerts,detect acrid odors in the air,1.000000,1.000000,0,0,1,1,both_correct,seeing is used for sensing visual things
obqa,178,,Organisms covered by layers of sediment,may end up fueling a car,3,become fossils over night,may end up reanimated over time,develop characteristics for survival,may end up fueling a car,1.000000,0.999994,3,3,1,1,both_correct,fossils are formed when layers of sediment cover the remains of organisms over time
obqa,179,,The winter solstice is on December 21st in the,north of equator,1,counties,north of equator,states,southern hemisphere,0.847967,1.000000,1,1,1,1,both_correct,the winter solstice is on December 21st in the northern hemisphere
obqa,180,,A lake environment is a good setup for what to happen to organic remains?,fossilization,2,bleaching,burning,fossilization,drying,1.000000,1.000000,2,2,1,1,both_correct,fossils are formed when layers of sediment cover the remains of organisms over time
obqa,181,,were there fossil fuels in the ground when humans evolved?,significant supplies accumulated prior,2,this was only created by humans,humans predate fossil fuel formation,significant supplies accumulated prior,none of these,0.999984,1.000000,2,2,1,1,both_correct,fossil fuels forming occurs over a period of 300000000 years which is considered a very long time to a human
obqa,182,,"The Grand Canyon is massive, with large, high peaks and very deep lows, which was formed when",natural waters weathered it,2,some water is around it,water rained on it,natural waters weathered it,a pool was opened,1.000000,1.000000,2,2,1,1,both_correct,the Grand Canyon was formed by the Colorado River flowing over long periods of time
obqa,183,,What type of useful product can be made from the moving winds?,electricity,2,wood,bananas,electricity,metal,1.000000,1.000000,2,2,1,1,both_correct,wind is used for producing electricity
obqa,184,,The sides of the canyon are,stone,3,metal,water,rivers,stone,1.000000,1.000000,3,3,1,1,both_correct,most canyons are formed by flowing rivers through erosion over long periods of time
obqa,185,,which of these people would have the worst air quality at their residence?,a man who lives next to a landfill,0,a man who lives next to a landfill,a man who lives in a city with the best air quality,none of these,a man who lives in a great suburb,0.999999,1.000000,0,0,1,1,both_correct,an landfill is a source of pollution
obqa,186,,What is a stopwatch used for?,to measure minutes and hours,3,to rewind 5 minutes,to tell what will happen 5 minutes from now,to voice the time,to measure minutes and hours,1.000000,1.000000,3,3,1,1,both_correct,a stopwatch is used to measure time
obqa,187,,As a drought worsens the level at an aquifer will,decrease,2,stay the same,fluctuate wildly,decrease,increase,1.000000,1.000000,2,2,1,1,both_correct,drought means available water decreases in an environment
obqa,188,,Wind frequently helps transport from one place to another,exposed topsoil,3,marble statues,molten magma,subterranean termites,exposed topsoil,1.000000,1.000000,3,3,1,1,both_correct,wind carries dirt from one place to another place
obqa,189,,When a kid slams on the brakes on their bike what is caused?,friction,2,bike helmet,avoiding accidents,friction,gearing,1.000000,1.000000,2,2,1,1,both_correct,skidding causes friction
obqa,190,,Sources of spices have,cell walls,2,crystals,feathers,cell walls,craters,0.184979,1.000000,0,2,0,1,wrong_to_correct,plants are the source of spices
obqa,191,,Conservation,leads to longer availability of resources,1,leads to longer drought of resources,leads to longer availability of resources,leads to more consumption,leads to short supply of resources,1.000000,1.000000,1,1,1,1,both_correct,"as the use of a resource decreases , the length of time that resource will be available increases"
obqa,192,,A tree is not the habitat of a,lion,3,squirrel,woodpecker,monkey,lion,1.000000,0.999945,3,3,1,1,both_correct,organisms live in their habitat
obqa,193,,Erosion could lead to,a change in the direction of a stream,0,a change in the direction of a stream,a change in ocean temperatures,an increase in rainy weather,an increase in plants and animals,1.000000,1.000000,0,0,1,1,both_correct,erosion causes deposition
obqa,194,,A hemisphere experiences summer when,it's angled towards the largest star in the solar system,2,it's tilted towards Jupiter,it's angled towards the moon,it's angled towards the largest star in the solar system,it spins counter clockwise on Earth's axis,0.495968,0.002801,2,3,1,0,correct_to_wrong,summer is when a hemisphere is tilted towards the sun
obqa,195,,What date is the amount of daylight minimized,Feb 29th,1,Jul 4th,Feb 29th,May 3rd,Sep 1st,0.539835,0.999955,1,1,1,1,both_correct,the amount of daylight is least in the winter
obqa,196,,Which term is involved with protection by skin?,Eucerin pH5 range,0,Eucerin pH5 range,Sagittal plane,pyogenic vibrio,popliteus,0.999961,0.999966,0,0,1,1,both_correct,skin is used for protecting the body from harmful substances
obqa,197,,The reason Earth is so sturdy is because,It is made from rock,0,It is made from rock,It eats three meals a day,It has a loving family,It is made from metal,0.999996,1.000000,0,0,1,1,both_correct,Earth is made of rock
obqa,198,,A plant left in the dark,fails to grow,2,produces fruit,grows faster,fails to grow,gets greener,1.000000,1.000000,2,2,1,1,both_correct,a plant requires sunlight to grow
obqa,199,,"A boy wants to use his Walkman so that he can listen to some music. When he tries to turn it on, it us unable to, and the boy realizes that he will need",lithium-ion,2,heat,metal,lithium-ion,plastic,1.000000,1.000000,2,2,1,1,both_correct,electric devices require electrical energy to function
obqa,200,,Nuclear activity is the cause of what celestial occurrence?,the sun's rays,3,axial planetary rotation,comets,planetary formation,the sun's rays,0.999991,1.000000,3,3,1,1,both_correct,a star is a source of light through nuclear reactions
obqa,201,,Which source provides the safest water?,Rain,3,River,Sea,Ocean,Rain,0.999999,0.998499,3,3,1,1,both_correct,rain is a source of water
obqa,202,,"A rabbit has a litter of bunnies! Most of the babies are white, just like the mother rabbit, but one baby has brown spots, like the father rabbit. The father rabbit",passed down inherited characteristics,2,spread out some fur,has black on his ears,passed down inherited characteristics,is the same size as the mother,1.000000,1.000000,2,2,1,1,both_correct,inheriting is when a inherited characteristic is copied from parent to offspring by DNA
obqa,203,,Photosynthesis means plants are unable to,convert sunlight to sand,0,convert sunlight to sand,provide food sources for others,be producers in an ecosystem,make their own food,0.999994,0.999999,0,0,1,1,both_correct,"photosynthesis means producers convert from carbon dioxide, water, and solar energy into food for themselves"
obqa,204,,"Through DNA, a rabbit will have long ears if",genetic contributors had long ears,2,rabbits are born with ears,there was a lot of food,genetic contributors had long ears,parents were also rabbits,1.000000,1.000000,2,2,1,1,both_correct,offspring receive genes from their parents through DNA
obqa,205,,"There are various creatures that live in forests, such as",whitetails,2,giant fish,enormous crabs,whitetails,desert jackals,1.000000,1.000000,2,2,1,1,both_correct,a deer lives in a forest
obqa,206,,An octopus protects itself with,pigment squirting,3,water splashing,running fast,long hands,pigment squirting,1.000000,1.000000,3,3,1,1,both_correct,ink is used for hiding from predators by octopuses
obqa,207,,Resources decreasing in an environment,induces organisms to be more economical with resources,3,induces organisms to use more of their resources,causes an increase in use of resources,causes an uptick in birthrate,induces organisms to be more economical with resources,1.000000,1.000000,3,3,1,1,both_correct,"when available resources decrease in an environment , organisms have to conserve those resources"
obqa,208,,The sidewalk next to a house having a crack in it and having vegetation growing from it is considered?,weathering,1,insects,weathering,lava,erosion,0.999803,1.000000,1,1,1,1,both_correct,weathering means breaking down surface materials from larger whole into smaller pieces by weather
obqa,209,,"If you wanted to make a necklace, how long would you have to wait for the materials to appear inside the Earth?",millions of years,0,millions of years,1 day,10 days,100 days,1.000000,1.000000,0,0,1,1,both_correct,all minerals are formed by natural geological processes
obqa,210,,Moon phases,alter the way the moon's facade looks,1,change the moon into cheese,alter the way the moon's facade looks,change moon lakes into vapor,cause lunar eclipse every day,1.000000,1.000000,1,1,1,1,both_correct,the phases of the Moon change the appearance of the Moon
obqa,211,,"If hot water were poured on an arm, what would happen to internal organs?",organs would remain uneffected,1,they would be scalded,organs would remain uneffected,they would begin to decay,they would experience pain,0.000238,0.000000,0,0,0,0,both_wrong,skin is used for protecting the body from harmful substances
obqa,212,,Barnyard bovines,eat alfalfa hay,3,eat organic chicken,eat eggs,eat beef,eat alfalfa hay,0.999998,1.000000,3,3,1,1,both_correct,cows only eat plants
obqa,213,,Desert environments features,tons of sun,1,tropical plants,tons of sun,massive rain totals,icy precipitation,0.999950,1.000000,1,1,1,1,both_correct,a desert environment usually has a lot of sunlight
obqa,214,,"a large cluster of humans, dogs, apple trees, atmosphere and more can be called",a community,1,army of ants,a community,a toy store,a shopping mall,1.000000,1.000000,1,1,1,1,both_correct,an ecosystem contains large numbers of living organisms in a particular place
obqa,215,,"A person is considering various organs, and is looking at which ones will be most muscular. A contender for most muscular is",the heart,2,the lungs,the kidney,the heart,the liver,1.000000,1.000000,2,2,1,1,both_correct,the heart is mostly made of muscle
obqa,216,,Which pair don't reproduce the same way?,cat and catfish,2,rabbit and hare,mule and hinny,cat and catfish,caterpillar and butterfly,0.999999,1.000000,2,2,1,1,both_correct,different organisms reproduce differently
obqa,217,,Which of the following is warm blooded?,skunk,3,toad,snake,turtle,skunk,1.000000,1.000000,3,3,1,1,both_correct,a mammal is warm-blooded
obqa,218,,"A male bird spots a female of his species and begins a fancy dance, flashing his bright feathers around in the air, showing off. This male is attempting to procure",a reproductive companion,3,a manager,an agent,a meal,a reproductive companion,1.000000,1.000000,3,3,1,1,both_correct,coloration is used to find a mate by some animals
obqa,219,,Vast quantities of metal can be obtained from,a quarry,0,a quarry,concerts,forests,salt,0.999997,1.000000,0,0,1,1,both_correct,rocks often contain large amounts of metal
obqa,220,,Roasting a turkey requires adding what type of energy,Heat,0,Heat,Kinetic,Magnetic,Chemical,1.000000,1.000000,0,0,1,1,both_correct,cooking food requires adding heat energy
obqa,221,,Dry environments often,institute rules about water usage,3,liberally use water for everything,allow plants to flourish,require people to move,institute rules about water usage,1.000000,1.000000,3,3,1,1,both_correct,conserving water can be used for survival in a dry environment
obqa,222,,Phloem moves things around a plant similar to how,blood moves in a body,0,blood moves in a body,leaves move in the wind,water moves in a system,cars move on a street,0.999994,0.999976,0,0,1,1,both_correct,phloem transports materials through the plant
obqa,223,,Where would a polar bear be most comfortable?,Nebraska,3,Arizona,Georgia,Florida,Nebraska,0.000041,0.054919,0,0,0,0,both_wrong,polar bears live in cold environments
obqa,224,,"When a plane is in the sky and is several miles away, the light seen is barely visible, but when it is drawing near",light is more easily seen,1,light is far away,light is more easily seen,light is more distant,light is further away,1.000000,1.000000,1,1,1,1,both_correct,"as a source of light becomes closer , that source will appear brighter"
obqa,225,,Members of rock bands often perform with,earplugs,2,flutes,sandals,earplugs,gloves,0.999987,0.000000,2,0,1,0,correct_to_wrong,musical instruments make sound when they are played
obqa,226,,Muscles move bones to produce movement like when,toes are wiggled,3,arms are resting,hair is growing,smiles are invisible,toes are wiggled,1.000000,1.000000,3,3,1,1,both_correct,muscles pull bones to move the bones
obqa,227,,How is electricity produced from the ocean?,energy is accessed underwater from tides,1,decaying organic material from sealife,energy is accessed underwater from tides,drills to access oil supplies,chemical reactions produced from the salt in the water,1.000000,1.000000,1,1,1,1,both_correct,tidal energy can be used to produce electricity
obqa,228,,small reptile's diet consists mostly of,insects,1,invertebrates,insects,mammals,fish,0.992184,1.000000,1,1,1,1,both_correct,lizards eat insects
obqa,229,,The life work of a flower is to,be successfully fertilized,1,provide nice scents,be successfully fertilized,grow very tall,look pretty,1.000000,1.000000,1,1,1,1,both_correct,a flower 's purpose is to produce seeds
obqa,230,,Which of these would create the most sound if struck with a metal spoon?,the chassis of a car,3,the plastic water bottle,the backside of a person,the hair on a doll,the chassis of a car,0.999999,1.000000,3,3,1,1,both_correct,the type of material through which sound passes changes the speed at which sound travels
obqa,231,,During landslides there is often a lot of,mud,1,air,mud,snow,wind,1.000000,1.000000,1,1,1,1,both_correct,storms can cause a landslide
obqa,232,,An example of a chemical reaction would be,A rusty fence,0,A rusty fence,Sleeping,Drinking water,Rain,0.999999,0.999998,0,0,1,1,both_correct,combining two substances chemically causes chemical reactions
obqa,233,,The size of an object and the ability to see it more easily have what kind of relationship?,direct,2,equal,inverse,direct,reverse,1.000000,1.000000,2,2,1,1,both_correct,"as the size of an object appears larger , that object will be seen more easily"
obqa,234,,Tuna primarily eat,"spineless marine organisms, cartilaginous and gelatinous organisms",2,"parasites, soybeans and flaxseeds","sea turtles, sharks and coral reefs","spineless marine organisms, cartilaginous and gelatinous organisms","sea vegetables like kelp, Irish moss and Arame",1.000000,1.000000,2,2,1,1,both_correct,tuna eat fish
obqa,235,,Evaporation of water can lead to,blizzards,1,waterfalls,blizzards,earthquakes,hot springs,0.000008,0.000112,0,0,0,0,both_wrong,evaporation is when water is drawn back up into the air in the water cycle
obqa,236,,What is an electrical energy conductor?,horseshoe,0,horseshoe,tire,cotton shirt,maple branch,0.000385,0.999979,3,0,0,1,wrong_to_correct,metal is an electrical energy conductor
obqa,237,,What kind of substance will cool when it touches a cold object?,warm,0,warm,frozen,chilly,cold,0.999997,1.000000,0,0,1,1,both_correct,if a hot substance is touches a cold object then that substance will likely cool
obqa,238,,Scraping an object,may cause pieces to flake off the object,2,may cause the object to grow in size,may cause the object to fall,may cause pieces to flake off the object,may cause the object to snap in half,0.999983,1.000000,2,2,1,1,both_correct,scraping an object may cause small particles to break off of that object
obqa,239,,A pulley is used to lift a flag on a flagpole by,yanking string up a wheel,3,moving a rope sideways,putting something in the air,moving things with wheels,yanking string up a wheel,0.999989,0.842997,3,3,1,1,both_correct,a pulley is used to lift a flag on a flagpole
obqa,240,,Which animal lays eggs,emus,0,emus,dogs,squirrels,giraffes,1.000000,1.000000,0,0,1,1,both_correct,birds lay eggs
obqa,241,,Dunes can be made out of the same thing as,castles,3,clothes,food,forests,castles,0.999423,0.978204,3,3,1,1,both_correct,sand dunes are made of sand
obqa,242,,A learned behavior is exhibited when,nailing up a picture frame,3,squinting in bright light,inhaling and exhaling during sleep,blinking and gulping air,nailing up a picture frame,1.000000,1.000000,3,3,1,1,both_correct,using tools is a learned characteristic
obqa,243,,Wax can be used similarly to,rubber,1,wood,rubber,water,metal,0.967898,0.999999,1,1,1,1,both_correct,wax is an electrical insulator
obqa,244,,Bill planted rapeseed in his field one year and soybeans the next in order to,get bigger yields,0,get bigger yields,make things boring,keep things random,get smaller yields,0.999988,0.999990,0,0,1,1,both_correct,crop rotation is when different crops are planted on a field in different years
obqa,245,,What is the primary reason my duck feather filled jacket works well against the snow,feathers slows heat transfer,0,feathers slows heat transfer,the natural duck wax,a synthetic thick liner,small flexible solar panels,0.999999,1.000000,0,0,1,1,both_correct,a thermal insulator slows the transfer of heat
obqa,246,,Turbines churning seawater can be used to produce what?,a charge for appliances,0,a charge for appliances,large quantities of soup,large schools of fish,creating some sharp cheese,1.000000,1.000000,0,0,1,1,both_correct,tidal energy can be used to produce electricity
obqa,247,,What will increase when a substance absorbs solar energy?,hotness,2,weight,height,hotness,nutrition,1.000000,1.000000,2,2,1,1,both_correct,if a substance absorbs solar energy then that substance will increase in temperature
obqa,248,,Which of these travels through the air?,music,3,planets,thoughts,automobile,music,0.938124,1.000000,3,3,1,1,both_correct,sound can travel through air
obqa,249,,"A company makes notebooks for college courses, so their main material is",trees,3,chips,water,grass,trees,1.000000,1.000000,3,3,1,1,both_correct,creating paper requires cutting down trees
obqa,250,,Rain is usually guaranteed when all are present but,direct sunshine,3,cirrus clouds,cumulus clouds,hail stones,direct sunshine,0.999249,0.984056,3,3,1,1,both_correct,if weather is stormy then there is a greater chance of rain
obqa,251,,Sources of air pollution are,Landfills,1,Walking,Landfills,Water,Chips,0.999995,1.000000,1,1,1,1,both_correct,a landfill is a source of pollution
obqa,252,,What are iron nails made out of?,metal,2,wood,plastic,metal,glass,1.000000,1.000000,2,2,1,1,both_correct,iron nails are made of iron
obqa,253,,Putting one kind of soda into the same cup as another kind of soda is doing what to the substances?,combining,0,combining,drinking,Subtracting,throwing,1.000000,1.000000,0,0,1,1,both_correct,An example of combining two substances is pouring one substance into the other substance
obqa,254,,A moth leaving it's cocoon is the final step in a,transformation,1,life cycle,transformation,recycling process,chemical reaction,0.000197,0.000064,0,0,0,0,both_wrong,a moth undergoes metamorphosis
obqa,255,,Which of these combinations would be desired if someone wanted to make a cutting implement that lasts a long time?,iron and carbon,3,ice and snow,sticks and stones,snow and water,iron and carbon,0.999998,1.000000,3,3,1,1,both_correct,alloys are made of two or more metals
obqa,256,,Which of the following is powered the same way an electric car is?,a blender,3,a bicycle,a motorcycle,a propane grill,a blender,0.905421,0.011656,3,0,1,0,correct_to_wrong,an electric car contains an electric motor
obqa,257,,Aluminum is what?,reprocessable,0,reprocessable,plastic,liquid,absorbent,1.000000,1.000000,0,0,1,1,both_correct,aluminum is recyclable
obqa,258,,To get warm frogs can,sit under a lamp,3,wear a Christmas sweater,Drink a hot chocolate,Go for a run,sit under a lamp,0.362969,0.999685,2,3,0,1,wrong_to_correct,"as temperature in the environment increases , the body temperature of a reptile in that environment will increase"
obqa,259,,"if you put wine from a jug into a thin bottle, how come it conforms?",it is a variable substance,3,it exhibits absolute rigidity,it is a solid mass,all of these,it is a variable substance,0.996903,0.999999,3,3,1,1,both_correct,Matter in the liquid phase has variable shape
obqa,260,,Earthworms create tunnels in,dirt,1,ice,dirt,water,concrete,0.999999,1.000000,1,1,1,1,both_correct,earthworms create tunnels in soil
obqa,261,,when worms return nutrients from dead organisms to the soil by eating them it is known as,decomposition,1,regurgitation,decomposition,recycling,burial,0.000055,1.000000,2,1,0,1,wrong_to_correct,decomposition is when a decomposer recycles nutrients from dead organisms to the soil by eating those dead organisms
obqa,262,,The aluminum cans were much hotter than the,wooden fence,1,gold jewelry,wooden fence,brass doorknob,steel pole,0.000684,0.000024,0,3,0,0,both_wrong,metal is a thermal conductor
obqa,263,,Which of the following is not an input in photosynthesis?,oxygen,1,sunlight,oxygen,water,carbon dioxide,1.000000,1.000000,1,1,1,1,both_correct,"photosynthesis makes energy for the plant by converting carbon dioxide, water, and sunlight into carbohydrates"
obqa,264,,which of these are you most likely to find in a desert?,a prickly horned male lizard,2,a hammer head shark,a big tilapia fish,a prickly horned male lizard,none of these,0.392337,1.000000,3,2,0,1,wrong_to_correct,some lizards live in desert habitats
obqa,265,,"If your dog sits in an oxygen deficient chamber, what happens?",It will pass out,3,it will be fine,it will be happy,it will be comfortable,It will pass out,1.000000,1.000000,3,3,1,1,both_correct,an animal requires oxygen for to breathe
obqa,266,,Which of the following can be used to turn on an electrical device?,solar-rechargeable battery,0,solar-rechargeable battery,a wedge,a magnet,pressure gauge,1.000000,1.000000,0,0,1,1,both_correct,an electrical device requires electricity to turn on
obqa,267,,Which of the following contains large amounts of salt water?,The Indian,2,The Amazon,The Nile,The Indian,The Mississippi,0.936272,0.999996,2,2,1,1,both_correct,the ocean contains large amounts of salt water
obqa,268,,The nimbleness of this animal is a key adaption that allows it to escape attacks from predators:,the antelope,3,the butterfly,the sloth,the praying mantis,the antelope,0.999997,1.000000,3,3,1,1,both_correct,some animals move quickly to escape predators
obqa,269,,A person speaks English as her first language because,she watched her parents speak,3,media is mainly in English,school is in English,she was genetically predisposed,she watched her parents speak,0.999976,1.000000,3,3,1,1,both_correct,animals learn some behaviors from watching their parents
obqa,270,,what are eaten by honey producing insects?,plant reproduction parts,2,they consume plants,they eat cows,plant reproduction parts,they eat flowers,0.000000,0.983505,3,2,0,1,wrong_to_correct,bees eat pollen
obqa,271,,The Earth's closest heat source is,our celestial fireball,0,our celestial fireball,solar flares,gamma rays,big bang,1.000000,1.000000,0,0,1,1,both_correct,the Sun is the star that is closest to Earth
obqa,272,,How can we see how wind effects sand?,sandstorms create ripples in sand,1,sand is always moving,sandstorms create ripples in sand,sand is easy to move through,beaches often have waves in the sand,0.999981,0.999999,1,1,1,1,both_correct,wind carries sand from one place to another place
obqa,273,,Fruit comes from what source,an organism that absorbs water through it's roots,3,an organism that releases carbon dioxide,an organism that absorbs water through it's branches,an organism that absorbs oxygen,an organism that absorbs water through it's roots,0.999996,0.999999,3,3,1,1,both_correct,plants are the source of fruit
obqa,274,,In which location would a groundhog hide from a wolf?,under the ground,3,beside a tree,in the grass,on a stump,under the ground,1.000000,1.000000,3,3,1,1,both_correct,living underground can be used for hiding from predators
obqa,275,,Cutting down trees in a forest,leads to less habitats for animals,3,leads to more habitats for animals,decreases the chance of erosion,increases the number of trees in the forest,leads to less habitats for animals,1.000000,1.000000,3,3,1,1,both_correct,cutting down trees in a forest causes the number of trees to decrease in that forest
obqa,276,,"I chipped away at a toy doll and the surface became really rough, when I rub it against a piece of wood that will create an increase in",resistance,1,animals,resistance,water,sunshine,1.000000,1.000000,1,1,1,1,both_correct,"as the roughness of something increases , the friction of that something will increase when its surface moves against another surface"
obqa,277,,The arctic is white in coloring,because it's blanketed in crystalline ice water,2,because it's overpopulated with polar bears,because it's covered in white lilies,because it's blanketed in crystalline ice water,because it's gets so little sunlight,0.991938,0.991684,2,2,1,1,both_correct,the arctic environment is white in color from being covered in snow
obqa,278,,What would help to ensure that your dog remains free from hypothermia in January in Alaska?,An insulated room,3,Lots of meat,Lots of love,Vitamin supplements,An insulated room,1.000000,1.000000,3,3,1,1,both_correct,an animal requires shelter
obqa,279,,The majority of a lizard's diet consists of,crawlies,1,fleas,crawlies,gummy worms,berries,0.998012,0.999997,1,1,1,1,both_correct,lizards eat insects
obqa,280,,What food production happens in a leaf?,nutrient making process,0,nutrient making process,the breathing,the respiration,the digestion,0.998415,0.999244,0,0,1,1,both_correct,a leaf performs photosynthesis
obqa,281,,Plants are unable to grow if they have zero access to,needs required for creating chlorophyll,3,a nice cool breeze,fresh soil with manure,a regular source of saltwater,needs required for creating chlorophyll,0.999842,0.999817,3,3,1,1,both_correct,a plant requires sunlight to grow
obqa,282,,Which characteristic did a person inherit?,number of nails,2,length of hair,number of friends,number of nails,length of shirt,0.000000,1.000000,0,2,0,1,wrong_to_correct,the number of body parts of an organism is an inherited characteristic
obqa,283,,Selective deforestation has a negative impact on,living organisms in ecosystem,3,rain clouds and ozone layer,"lakes, ponds and shellfish",greenhouse gases and algae,living organisms in ecosystem,0.999999,1.000000,3,3,1,1,both_correct,cutting down trees has a negative impact on an organisms living in an ecosystem
obqa,284,,Where would you find a mine?,under a mountain,1,in a tree,under a mountain,in the air,in the water,1.000000,1.000000,1,1,1,1,both_correct,coal mine is a source of coal under the ground
obqa,285,,What can cause people to crash their car?,Seeing a solar eclipse,0,Seeing a solar eclipse,Using their turn signals,Driving the speed limit,Keeping their eyes on the road,1.000000,1.000000,0,0,1,1,both_correct,a decrease in visibility while driving can cause people to crash their car
obqa,286,,Coral grows in,tepid seas,1,frigid waters,tepid seas,glacial environments,jungle forests,0.999998,0.999998,1,1,1,1,both_correct,usually coral lives in warm water
obqa,287,,"A Punnett square is used to identify the percent chance of a trait being passed down from a parent to its offspring, so",certain features may be predicted,1,certain things may be featured,certain features may be predicted,certain traits may be given,certain features may be guaranteed,0.999999,0.999999,1,1,1,1,both_correct,a Punnett square is used to identify the percent chance of a trait being passed down from a parent to its offspring
obqa,288,,"A deer is eating in a field, and wants more food. Regardless of how hard the deer tries, the deer is unable to produce",food for itself,1,longer antlers,food for itself,baby deer,urine,0.999996,1.000000,1,1,1,1,both_correct,a consumer can not produce its own food
obqa,289,,Building new areas to dispose of refuse may lead to,community concerns over environmental impact,0,community concerns over environmental impact,better air and soil quality,higher value on land parcels,improvement in water supply,1.000000,1.000000,0,0,1,1,both_correct,landfills have a negative impact on the communities
obqa,290,,Evaporation,causes puddles to become dried out mud,0,causes puddles to become dried out mud,causes fields of crops to grow faster,causes flowers to bloom abundantly,fills up irrigation ponds,1.000000,1.000000,0,0,1,1,both_correct,evaporation causes amount of water to decrease
obqa,291,,"A field begins to bloom and blossom and plants need to be pollinated. In order to spread seeds, plants will most rely on",robins,2,pythons,salmon,robins,craters,0.776546,1.000000,2,2,1,1,both_correct,A bird is a pollinating animal
obqa,292,,Which item urinates?,mammal,2,airplane,car,mammal,boat,1.000000,1.000000,2,2,1,1,both_correct,all living things eliminate waste
obqa,293,,All of the following are examples of evaporation apart from,Warm breath fogging up a mirror,0,Warm breath fogging up a mirror,Morning dew drying on the grass,The water level in a glass decreasing,Sweat drying on skin,0.014957,0.996967,2,0,0,1,wrong_to_correct,evaporation causes amount of water to decrease
obqa,294,,The lunar cycle also changes,water,0,water,colors,the sun,planets,0.999971,0.999633,0,0,1,1,both_correct,the Moon completes a lunar cycle over a period of 29 days
obqa,295,,An organism that makes food for itself,is nutritionally self sustaining,0,is nutritionally self sustaining,will die faster than other organisms,will need help sustaining strength,is reliant on other organisms for assistance,1.000000,1.000000,0,0,1,1,both_correct,if an organism makes food for itself then that organism does not need to eat other organisms
obqa,296,,What does the respiratory system transfer to the circulatory system?,O,3,food,water,nutrients,O,1.000000,1.000000,3,3,1,1,both_correct,the respiratory system transfers oxygen to the circulatory system
obqa,297,,"In a closed circuit, electricity will",loop endlessly,2,burn out,charge itself,loop endlessly,resist flow,1.000000,1.000000,2,2,1,1,both_correct,a closed circuit has continuous path
obqa,298,,A Punnett square can be used to calculate the chance of a trait being passed to someone's,daughter,2,mother,grandfather,daughter,father,1.000000,1.000000,2,2,1,1,both_correct,a Punnett square is used to identify the percent chance of a trait being passed down from a parent to its offspring
obqa,299,,They looked where the log decayed to garden as it would leave the earth,richer,0,richer,dryer,sandy,harder,1.000000,1.000000,0,0,1,1,both_correct,decomposition increases the amount of nutrients in the soil
obqa,300,,what kind of temperature causes fur shedding?,a high temperature,1,in freezing cold,a high temperature,in any temperature,a low temperature,0.000053,1.000000,0,1,0,1,wrong_to_correct,some animals shed fur in warm weather
obqa,301,,exposure to fire could result in,combusted items,3,wet items,cold items,none of these,combusted items,1.000000,1.000000,3,3,1,1,both_correct,fire causes burning
obqa,302,,What is an example of clear weather meaning sunny weather?,fewer clouds allow for more sunlight,3,more stars are visible on clear nights,cloud cover protects from sunburn,clear days will be warmer,fewer clouds allow for more sunlight,0.999936,0.998245,3,3,1,1,both_correct,clear weather means sunny weather
obqa,303,,The special tissues in plants that transport minerals throughout the plant are similar to,a wick,0,a wick,a funnel,a knife,a whisk,0.999992,0.999960,0,0,1,1,both_correct,special tissues in plants transport minerals throughout the plant
obqa,304,,a compass is a kind of tool for determining direction by pointing,to the upper pole,2,to western Canada shoreline,to the lower pole,to the upper pole,directly to the equator,1.000000,0.999999,2,2,1,1,both_correct,a compass is a kind of tool for determining direction by pointing north
obqa,305,,Which of these saws will last longer?,iron saw,0,iron saw,aluminium saw,plastic saw,wooden saw,0.999994,0.999994,0,0,1,1,both_correct,"as the time a tool lasts increases , the number of tools discarded will decrease"
obqa,306,,"although there are many stars visible in the night sky, which is most visible in the day?",the sun that shines all day,2,the single moon close to us,the orion star cluster,the sun that shines all day,all of these,0.999836,1.000000,2,2,1,1,both_correct,the Sun is the star that is closest to Earth
obqa,307,,The moon is known for having what feature?,large bowl shaped cavities,1,frozen streams of water,large bowl shaped cavities,caves formed by solar winds,groups of large trees,0.999996,1.000000,1,1,1,1,both_correct,the moon 's surface contains many craters
obqa,308,,Cellular respiration's trash is,a plant's treasure,2,a bug's treasure,a cow's treasure,a plant's treasure,everyone's trash,0.997962,0.999996,2,2,1,1,both_correct,In the cellular respiration process carbon dioxide is a waste product
obqa,309,,Which of the following human activities can lead to a change in the local ecosystem?,building a new subdivision,1,swimming in a lake,building a new subdivision,dancing in a field,going for a hike,1.000000,1.000000,1,1,1,1,both_correct,humans building homes in an ecosystem causes that environment to change
obqa,310,,A bird that takes off flying is,using calories to produce motion,1,using heat to produce motion,using calories to produce motion,using wings to produce heat,using calories to produce energy,0.000553,0.692642,3,1,0,1,wrong_to_correct,moving changes stored energy into motion and heat
obqa,311,,The leading cause of soil and rock erosion is,H2O,0,H2O,CO2,NaCl,Fe,1.000000,1.000000,0,0,1,1,both_correct,water causes the most soil and rock erosion
obqa,312,,Which of these foods might have a negative impact on humans?,Conventional corn,1,Organic corn,Conventional corn,Organic potato,Organic Apples,0.963146,1.000000,1,1,1,1,both_correct,eating food that contains pesticides can have a negative impact on humans
obqa,313,,What kind of implement is a compass?,it shows direction,3,to test heat,for wind speed,it measures distance,it shows direction,1.000000,1.000000,3,3,1,1,both_correct,a compass is a kind of tool for determining direction by pointing north
obqa,314,,Nectar is taken to,a hive,1,flowers,a hive,a stream,a nest,0.999979,0.999999,1,1,1,1,both_correct,bees convert nectar into honey
obqa,315,,what is the closest source of plasma to our planet?,the nearest star sulfur burning heavenly body,2,all of these,the cloud in the sky,the nearest star sulfur burning heavenly body,the bare moon surface,0.029309,0.998793,0,2,0,1,wrong_to_correct,plasma is formed by electrons separating from atoms in stars
obqa,316,,"A sailor needs to navigate to the shore, and does this by",making an adjustment to the rudder,2,closing the sails quickly,setting out to sea,making an adjustment to the rudder,taking the afternoon off,1.000000,1.000000,2,2,1,1,both_correct,An example of navigation is directing a boat
obqa,317,,A bat starts its life similarly to a,pig,1,chicken,pig,butterfly,duck,0.000002,0.004545,2,3,0,0,both_wrong,a bat births live young
obqa,318,,"In order to catch a rabbit, a predator must be",quick,1,big,quick,slow,small,1.000000,1.000000,1,1,1,1,both_correct,if an organism 's prey moves quickly then that organism may need to move quickly to catch its prey
obqa,319,,"If a bird is a carnivore, then it is likely a(n)",predator,1,prey,predator,herbivore,canary,1.000000,1.000000,1,1,1,1,both_correct,some birds are predators
obqa,320,,A warm-weather organism can be found in,the Sahara,0,the Sahara,the mountains,the ocean,the sewers,0.998010,1.000000,0,0,1,1,both_correct,warm-weather organisms live in warm climates
obqa,321,,"When approaching an elephant from a great distance,",it looks bigger,3,it stays large,it grows larger,it gets bigger,it looks bigger,0.999987,0.998967,3,3,1,1,both_correct,"as distance from an object decreases , that object will appear larger"
obqa,322,,What would cause a human to grow?,eating wheat,1,light waves,eating wheat,photosynthesis,marching,1.000000,1.000000,1,1,1,1,both_correct,humans eat crops
obqa,323,,A saguaro has adaptations for an environment with,less water,2,lots of snow,many people,less water,more water,1.000000,1.000000,2,2,1,1,both_correct,changes in an environment cause plants to adapt to survive
obqa,324,,There are less hummingbirds by this house than before because of,a feeder at another house,3,a feeder at this house,the birds no longer like feeders,the size of the feeder,a feeder at another house,0.999769,0.999512,3,3,1,1,both_correct,feeders attract animals to a location
obqa,325,,the  oceans are full of,sea life,2,water lilies,guppies,sea life,fresh water,1.000000,1.000000,2,2,1,1,both_correct,aquatic animals live in bodies of water
obqa,326,,A light was off because the cord was,sitting on the table,0,sitting on the table,attached to the wall,attached to an extension cord,attached to a battery pack,0.020330,0.000503,3,3,0,0,both_wrong,electricity can not flow through an open circuit
obqa,327,,"In the hottest months in the hottest desert, creatures such as birds may find water to drink",in spiked plants,3,in sticks,in pebbles,in sand,in spiked plants,0.033224,1.000000,2,3,0,1,wrong_to_correct,a cactus stem is used for storing water
obqa,328,,Why might a polar bear grow white hair?,blend in,2,look fancy,random,blend in,stand out,1.000000,1.000000,2,2,1,1,both_correct,camouflage is used for hiding by animals against predators
obqa,329,,Xylem,allows plants to move rain thru their systems,3,discourages pests from landing on leaves,allows plants to move carbon dioxide from root to stems,carries seedlings from roots to leaves,allows plants to move rain thru their systems,0.999997,0.000969,3,0,1,0,correct_to_wrong,xylem carries water from the roots of a plant to the leaves of a plant
obqa,330,,A food that is a source of heat is,ramen,0,ramen,salad,ice cream,sushi,0.999997,0.999984,0,0,1,1,both_correct,a warm something is a source of heat
obqa,331,,When heat is added to something,contaminates may be destroyed,0,contaminates may be destroyed,bacterial can grow more rapidly,viruses may be picked up,the thing loses energy,0.000001,1.000000,1,0,0,1,wrong_to_correct,adding heat to something kills viruses in that something
obqa,332,,The heart is an example of,something protected by the skeletal system,3,a part of the nervous system,an organ that filters toxins,a self-healing protector from germs,something protected by the skeletal system,0.999997,1.000000,3,3,1,1,both_correct,the skeletal system protects internal organs
obqa,333,,Prey are eaten by,the fastest mammal with four legs,3,an animal herded by sheep dogs,the animal with a starring role in Bambi,animals known for their memory,the fastest mammal with four legs,0.203088,0.177653,0,0,0,0,both_wrong,predators eat prey
obqa,334,,A dog is warm-blooded just like,a cardinal,1,a snake,a cardinal,a spider,a scorpion,0.999999,1.000000,1,1,1,1,both_correct,a bird is warm-blooded
obqa,335,,A flashlight will need this in order to radiate photons:,electron flow,3,radiation,acoustic energy,vibrations,electron flow,1.000000,1.000000,3,3,1,1,both_correct,a flashlight requires a source of electricity to produce light
obqa,336,,to find out how fast you are going you first need to know,distance traveled,1,where you're going,distance traveled,distance to travel,home location,0.999992,1.000000,1,1,1,1,both_correct,calculating speed requires knowing distance travelled
obqa,337,,"A small lamb, two days old, is walking with its mother. The mother feels ill, so refuses food, which dries up her milk production. The lack of lactation causes the lamb to",weaken,0,weaken,strengthen,coexist,thrive,1.000000,1.000000,0,0,1,1,both_correct,the decrease of something required by an organism has a negative impact on that organism 's survival
obqa,338,,"When trying to find fresh clams for dinner, a hungry person would don",a diving suit,1,a dinner jacket,a diving suit,a warm coat,a dress suit,1.000000,1.000000,1,1,1,1,both_correct,clams live at the bottom of the ocean
obqa,339,,How do polar bears survive the cold?,B and D,0,B and D,Double Fur Coats,Cold blooded,Compact ears,0.125836,0.679050,1,0,0,1,wrong_to_correct,polar bears live in cold environments
obqa,340,,A solid is likely to form in extreme,chill,2,floods,wind,chill,rain,1.000000,1.000000,2,2,1,1,both_correct,freezing causes a solid to form
obqa,341,,What are the feet of Dendrocygna autumnalis designed for?,aquatic speed,1,catching prey,aquatic speed,flying,walking,0.994891,1.000000,1,1,1,1,both_correct,webbed feet are used for moving faster through water by aquatic animals
obqa,342,,What is an example of fire giving off light?,a lit candle in a window signalling to someone,2,an oven is preheated and the pilot light is lit,a match is lit to light a cigarette,a lit candle in a window signalling to someone,a fire that was put out to send smoke signals,0.629774,0.531209,2,2,1,1,both_correct,fire gives off light
obqa,343,,The respiratory system works by,directing oxygen from lungs to other organs,0,directing oxygen from lungs to other organs,pushing air through lungs,moving air in a room,making air quality better,0.999847,0.941654,0,0,1,1,both_correct,the respiratory system transfers oxygen to the circulatory system
obqa,344,,Animals have more fat,in polar areas,3,in the ocean,in human homes,in landfills,in polar areas,0.000433,0.999999,2,3,0,1,wrong_to_correct,an animal can survive in an environment with little food by storing fat
obqa,345,,A stick bug uses what to protect itself from predators?,its appearance,1,poison,its appearance,speed,hearing,1.000000,1.000000,1,1,1,1,both_correct,camouflage is a kind of protection against predators
obqa,346,,Corn is sometimes used to make,a simple alcohol,0,a simple alcohol,water,glass,milk,1.000000,1.000000,0,0,1,1,both_correct,ethanol sometimes is made of corn
obqa,347,,The inside of the Thanksgiving turkey is white instead of pink because of,heat energy,0,heat energy,light energy,color energy,color transfusion,0.999998,1.000000,0,0,1,1,both_correct,cooking food requires adding heat energy
obqa,348,,Little puppies are a result of:,reproduction ?,0,reproduction ?,pet store sale,a begging child,evolution,1.000000,1.000000,0,0,1,1,both_correct,reproduction produces offspring
obqa,349,,What would a Jersey most likely be fed?,alfalfa,2,hamburger,moles,alfalfa,cow,1.000000,1.000000,2,2,1,1,both_correct,cows only eat plants
obqa,350,,Which of these energy sources generates the least amount of pollution?,windmill,1,coal,windmill,lithium batteries,gasoline,0.999999,1.000000,1,1,1,1,both_correct,a windmill converts wind energy into electricity
obqa,351,,Grass snakes live in what?,turf,3,trees,mountains,lakes,turf,0.977714,1.000000,3,3,1,1,both_correct,grass snakes live in grass
obqa,352,,Cephalopod ink is by octopuses to,hide,2,mate,feed,hide,play,1.000000,1.000000,2,2,1,1,both_correct,ink is used for hiding from predators by octopuses
obqa,353,,Tapping a drumstick to a drum will,reverberate when touched together,0,reverberate when touched together,vibrate when next to each other,shake around when near,put each other down,0.000055,0.000001,1,1,0,0,both_wrong,tapping two objects together causes the particles in those objects to vibrate
obqa,354,,Snow is more likely to fall two months before,March,1,June,March,September,December,0.010984,0.000010,3,3,0,0,both_wrong,snow falls during the winter in some environments
obqa,355,,If I want to avoid being dinner for some type of frog what should I reincarnate as?,Scorpion,0,Scorpion,House Fly,Cricket,Moth,0.000005,0.000007,1,1,0,0,both_wrong,a frog eats insects
obqa,356,,Dead plants are easier to find in,January,0,January,July,May,September,0.998094,0.999999,0,0,1,1,both_correct,usually plants die or become dormant during the winter
obqa,357,,The harder a child pushes a toy car,the further it will roll across the floor,1,decreases the distance it will travel,the further it will roll across the floor,the quicker the child will want to play with another toy,determines how long the child with play with it,1.000000,1.000000,1,1,1,1,both_correct,"as force exerted on an object increases , distance travelled will increase"
obqa,358,,Fossil fuels,come from expired life,1,come from old age,come from expired life,take two years to create,are created in a year,0.096180,0.999925,0,1,0,1,wrong_to_correct,fossil fuels are formed by dead organisms over time
obqa,359,,"A star, burning far, far away, has enormous pressure and temperature. This allows for",night on Earth to be dimly lit,1,a room to have overhead lights,night on Earth to be dimly lit,plastic stars to decorate a ceiling,a person to be the star of a show,0.000495,0.000839,3,3,0,0,both_wrong,a star is a source of light through nuclear reactions
obqa,360,,Erosion is caused by different kinds of,weather,3,soil,fish,rocks,weather,1.000000,1.000000,3,3,1,1,both_correct,wind and rain cause erosion
obqa,361,,Respiration is a,commonality among all animals,3,happens for some species,happens for only land dwelling mammals,occurs for only sea creatures,commonality among all animals,1.000000,1.000000,3,3,1,1,both_correct,all animals breathe
obqa,362,,"In order for your computer to operate, it must have an electrical path that is what?",closed,1,magical,closed,broken,open,1.000000,1.000000,1,1,1,1,both_correct,a closed circuit has continuous path
obqa,363,,Polar bears live in,frosty environments,0,frosty environments,tepid environments,warm environments,tropical environments,1.000000,1.000000,0,0,1,1,both_correct,polar bears live in cold environments
obqa,364,,What would be more likely to attract a magnet?,a car engine,2,a plastic zipper,flowing water,a car engine,A wooden desk,1.000000,1.000000,2,2,1,1,both_correct,iron is always magnetic
obqa,365,,What constitutes a frog's diet?,it chomps on insects,3,it eats all plants,it will eat dogs,it only eats burgers,it chomps on insects,1.000000,1.000000,3,3,1,1,both_correct,a frog eats insects
obqa,366,,What is an example of the digestive system digesting food for the body?,a baby drinking formula then needing a diaper change,1,a man eating nachos then getting food poisoning,a baby drinking formula then needing a diaper change,a cat eating food then throwing it up,a horse licking a salt lick,0.999999,0.999998,1,1,1,1,both_correct,the digestive system digests food for the body
obqa,367,,The body is negatively impacted by,rotavirus,2,white blood cells,vitamins,rotavirus,nasal decongestants,1.000000,1.000000,2,2,1,1,both_correct,illness has a negative impact on an organism 's health
obqa,368,,"Someone wants their electromagnets to work, but is having difficulty powering them. In order to make them work, they need to",run a continuous current,1,run wire through currants,run a continuous current,run around the wire,currently run wire through,1.000000,1.000000,1,1,1,1,both_correct,electromagnets can be powered by electricity
obqa,369,,"if a place has experienced flooding, what could be responsible?",there has been excess condensed water vapor,1,all of these,there has been excess condensed water vapor,the water lacks oxygen,the local deities are angry,0.000001,0.000004,0,0,0,0,both_wrong,heavy rains cause flooding
obqa,370,,What is an example of reproduction?,egg depositing,1,farming,egg depositing,flying,walking,1.000000,1.000000,1,1,1,1,both_correct,An example of reproduction is laying eggs
obqa,371,,A place that is snowy has a large amount of,frozen water,2,wind,storms,frozen water,rain,1.000000,1.000000,2,2,1,1,both_correct,snowy means a large amount of snow
obqa,372,,An ideal abode for crickets is,a green and lush tree and plant packed area,1,a small potted plant in a house,a green and lush tree and plant packed area,a briny and warm body of water,a area surrounded by spider webs,1.000000,1.000000,1,1,1,1,both_correct,some crickets live in forests
obqa,373,,Carbon steel is always what?,attractive to various objects that contain iron,0,attractive to various objects that contain iron,pleasant with a magnetic personality,made up of iron and pieces of magnets,hard as a magnetizing rod,0.207668,0.999976,1,0,0,1,wrong_to_correct,carbon steel is always magnetic
obqa,374,,"if a bat delivers a live offspring, what does this tell us?",all of these,2,it is a mammal,calling it a bird is wrong,all of these,it is capable of reproducing,0.999903,0.999969,2,2,1,1,both_correct,a bat births live young
obqa,375,,"If you find something smooth and hard on the ground, it is probably made of what?",minerals,0,minerals,mist,clouds,water,1.000000,1.000000,0,0,1,1,both_correct,rock is made of minerals
obqa,376,,as you get closer to something it begins to,grow in size visually,1,shrinks down to nothing,grow in size visually,show a large shadow,rotate in a clockwise direction,1.000000,1.000000,1,1,1,1,both_correct,"as distance from an object decreases , that object will appear larger"
obqa,377,,After a storm,creek beds may be spilling over,2,ponds may dry out,flowers will wilt and wither,creek beds may be spilling over,drinking water will be in short supply,1.000000,1.000000,2,2,1,1,both_correct,storms cause bodies of water to increase amount of water they contain
obqa,378,,What could I use as biofuel,Pine Needles,3,Gold,Car,Diamonds,Pine Needles,1.000000,1.000000,3,3,1,1,both_correct,plants are a source of biofuel
obqa,379,,Which animal is hiding from a predator?,an octopus mimicking the color and texture of a rocky outcrop,2,a tadpole losing its tail as it grows,an angler fish using its Esca to lure another fish,an octopus mimicking the color and texture of a rocky outcrop,a great white shark breaching the water's surface,1.000000,1.000000,2,2,1,1,both_correct,camouflage is used for hiding by animals from predators
obqa,380,,Which best demonstrates the concept of force causing an increase in speed?,a full bag swung in circles,1,skating on a rough surface,a full bag swung in circles,a computer powering on,a baker stirring batter,0.995303,0.998538,1,1,1,1,both_correct,force causes the speed of an object to increase
obqa,381,,the night sky shows very far away what,clumps of flaming gas,0,clumps of flaming gas,tidal waves washing over beaches,aircraft falling towards collision,party balloons tied to houses,1.000000,0.999994,0,0,1,1,both_correct,the stars in the night sky are very far away from the Earth
obqa,382,,Which would you likely find inside a beach ball?,air,3,cheese,steam,water,air,1.000000,1.000000,3,3,1,1,both_correct,a beach ball contains gas
obqa,383,,Two fridge decorations when touched back to back,shove each other away,0,shove each other away,are attracted to each other,have very little reaction,are reflective when together,0.000011,0.999978,1,0,0,1,wrong_to_correct,magnetism can cause objects to repel each other
obqa,384,,Runoff happens because of,people,2,birds,cattails,people,fish,0.953591,0.999755,2,2,1,1,both_correct,runoff is when cropland water enters bodies of water
obqa,385,,Desert environments are generally,sweltering,0,sweltering,arctic like,lush,frigid,1.000000,1.000000,0,0,1,1,both_correct,a desert environment is usually hot in temperature
obqa,386,,Are deserts characterized by high sunshine?,deserts get surplus sun,1,they get low sunlight,deserts get surplus sun,deserts get little sun,deserts are always cloudy,0.629668,0.999983,1,1,1,1,both_correct,a desert environment usually has a lot of sunlight
obqa,387,,Water conservation could be a survival tactic in,The Gobi Desert,3,The Appalachian Mountains,New York City,The Amazon,The Gobi Desert,1.000000,1.000000,3,3,1,1,both_correct,conserving water can be used for survival in a dry environment
obqa,388,,Objects used to hold sheets of paper together are often,ferromagnetic,2,large,wooden,ferromagnetic,electronic,0.999669,1.000000,2,2,1,1,both_correct,a paper clip is often made of ferromagnetic metals
obqa,389,,"In order for plants and animals to grow, they need to consume food and water for",energy,0,energy,fun,taste,soil,1.000000,1.000000,0,0,1,1,both_correct,an organism requires energy for growth
obqa,390,,A bear cub learns to stay away from unknown bears because,their mother teaches them to keep their distance,2,they are much bigger than the cub,the other bears look like its mother,their mother teaches them to keep their distance,the unknown bears look harmless,0.999999,1.000000,2,2,1,1,both_correct,animals learn some behaviors from watching their parents
obqa,391,,a person driving to work in which of these is most likely to lose control?,a sleet covered highway,1,a dry cobblestone road,a sleet covered highway,a dry paved road,a dry gravel road,1.000000,1.000000,1,1,1,1,both_correct,sleet is made of ice
obqa,392,,"The only creature with offspring that is hatched, of these, is the",swallow,1,squirrel,swallow,mink,bat,0.100618,0.999965,3,1,0,1,wrong_to_correct,birds lay eggs
obqa,393,,What element is prevalent in a plateau?,silicon,2,helium,krypton,silicon,neon,1.000000,0.999997,2,2,1,1,both_correct,a plateau is formed by a buildup of cooled lava
obqa,394,,"When a city tears down a park in a city, the park",is removed,0,is removed,is renewed,is retrieved,is restored,1.000000,1.000000,0,0,1,1,both_correct,if a habitat is removed then that habitat is destroyed
obqa,395,,Seeds,aid in feeding what grows from them,3,are useless shells that need to be discarded,store extra bits of chlorophyll,need to be mashed to grow,aid in feeding what grows from them,1.000000,1.000000,3,3,1,1,both_correct,a seed is used for storing food for a new plant
obqa,396,,"If a grizzly bear eats a salmon, what is the grizzly bear demonstrating?",consumption,0,consumption,cinematography,direction,production,1.000000,1.000000,0,0,1,1,both_correct,In the food chain process an animal has the role of consumer which eats producers for food
obqa,397,,The spring season brings,Bees,0,Bees,Snow,More Oxygen,Dust,0.999985,0.982557,0,0,1,1,both_correct,seasons cause change to the environment
obqa,398,,"Kinetic energy can be found in objects that move, such as",skateboards that are ridden all day,3,flower pots on a wagon,cars that are in a lot,kids that are sleeping soundly,skateboards that are ridden all day,0.988660,0.563394,3,3,1,1,both_correct,motion is a source of kinetic energy in an object
obqa,399,,which of these is the quickest to go visiting from our world?,a trip to the moon,2,none of these,a trip to mars,a trip to the moon,a trip to the northern star,1.000000,1.000000,2,2,1,1,both_correct,the moon is the celestial object that is closest to the Earth
obqa,400,,Animals died after the removal of a,bush,0,bush,street,house,city,0.000503,0.953546,2,0,0,1,wrong_to_correct,if a habitat is removed then that habitat is destroyed
obqa,401,,"If I want to go running at night, what can I use as a reflector?",Kitchen foil,1,A black shirt,Kitchen foil,Sunglasses,A megaphone,0.999975,1.000000,1,1,1,1,both_correct,a reflector is used to reflect light especially on vehicles
obqa,402,,the closest star to our planet delivers solar energy to the planet,this is sure,2,maybe,all of these,this is sure,this is uncertain,0.996708,0.999701,2,2,1,1,both_correct,if something is in the sunlight then that something will absorb solar energy
obqa,403,,Coal-fire power stations heat coal to incredible temps in order to,produce energy,0,produce energy,use heat energy,burn energy,fuel the world,0.999982,0.999947,0,0,1,1,both_correct,coal is used to produce electricity by burning in coal-fire power stations
obqa,404,,"Creatures sometimes have barbs on their backs that they use to sting, all of these do, outside of the",butterfly,3,wasp,bee,scorpion,butterfly,0.999997,0.999732,3,3,1,1,both_correct,a stinger is used for defense by a wasp
obqa,405,,A renewable resource is,turbine produced electricity,1,fossil fuel,turbine produced electricity,copper,coal lumps,0.999982,0.999893,1,1,1,1,both_correct,renewable resources can be used over again
obqa,406,,"In a hypothetical world, black bears decrease in numbers until there are zero black bears left on this world. The black bear species",would cease existing,0,would cease existing,would be troubled,would be thriving,would be endangered,1.000000,1.000000,0,0,1,1,both_correct,if a population decreases to zero then that organism is extinct
obqa,407,,Acid can be used to make a new,substance,1,light,substance,electricity,sound,0.999820,1.000000,1,1,1,1,both_correct,acid can cause chemical change
obqa,408,,Global warming is lowering the world's amount of,ice,3,hurricanes,ocean levels,carbon dioxide,ice,1.000000,1.000000,3,3,1,1,both_correct,"water is in the solid state , called ice , for temperatures between 0 and 0 F"
obqa,409,,Echolocation can't detect an object's,temperature,3,distance,shape,size,temperature,0.999971,1.000000,3,3,1,1,both_correct,echolocation is when some animals detect objects by hearing echoes by emitting sound
obqa,410,,What material has already broken down?,sand,3,wood,glass,boulders,sand,0.002251,0.000001,2,2,0,0,both_wrong,break down means change from a whole into pieces
obqa,411,,Which beverage would dissolve solids the best?,A boiling hot mug of tea,1,A glass of ice-cold water,A boiling hot mug of tea,A cup of warm milk,A room temperature glass of water,1.000000,1.000000,1,1,1,1,both_correct,"as temperature increases , the ability of that liquid to dissolve solids will increase"
obqa,412,,Which animal has live births?,poodle,0,poodle,hummingbird,crocodile,trout,0.085036,0.012821,2,2,0,0,both_wrong,live birth means developing inside the mother instead of an egg
obqa,413,,Quartz crystals are made up of,hexagons,1,majic,hexagons,octogons,water,0.000234,1.000000,0,1,0,1,wrong_to_correct,a quartz is made of six-sided transparent crystals
obqa,414,,cellular respiration is when energy is produced in a cell by consumption of,nutrients,1,water,nutrients,mitochondria,gas,0.999993,1.000000,1,1,1,1,both_correct,cellular respiration is when cells break down food to produce energy
obqa,415,,Did pasteurization get invented by Thomas Edison?,negative,0,negative,positive,all of these,maybe it was,0.999996,0.999999,0,0,1,1,both_correct,Louis Pasteur invented pasteurization
obqa,416,,A glass of water can undergo a chemical change by adding,a cup of salt,0,a cup of salt,a cup of dirt,a cup of water,a cup of ice,0.978137,0.384865,0,1,1,0,correct_to_wrong,if an object undergoes chemical change then that object will have new chemical properties
obqa,417,,Water levels may decrease on cloudless days because,moisture is pulled upwards,2,water is warmer than the air,air is warmer than water,moisture is pulled upwards,moisture always tries to rise,0.001921,0.000025,0,0,0,0,both_wrong,the sun causes water to evaporate more quickly by adding heat
obqa,418,,To change an object's shape,rip off a corner portion,0,rip off a corner portion,lay it flat on a table,color the edges of it,add a piece of tape to it,1.000000,1.000000,0,0,1,1,both_correct,tearing an object changes that object 's shape
obqa,419,,Steve was driving on the highway when he rear-ended another car because he didn't see it until he was just a foot away. This could have happened because of,a sudden fog moving into the area,2,reports of tornadoes in the area,a dog running across the highway behind Steve's car,a sudden fog moving into the area,ice forming on the road,1.000000,1.000000,2,2,1,1,both_correct,a decrease in visibility while driving can cause people to crash their car
obqa,420,,DNA is a vehicle for passing,elbow size,2,clothes types,school grades,elbow size,language and dialect,0.000000,0.000393,3,3,0,0,both_wrong,DNA is a vehicle for passing inherited characteristics from parent to offspring
obqa,421,,A beach ball goes from flat to round once you put what inside of it?,gas,2,food,sunlight,gas,salt,1.000000,1.000000,2,2,1,1,both_correct,a beach ball contains gas
obqa,422,,"In general, how many times per month is there a full moon?",once,2,twice,three times,once,four times,0.000007,0.999684,0,2,0,1,wrong_to_correct,each of the moon 's phases usually occurs once per month
obqa,423,,What kind of object does light bounce off of?,item that reflects,2,tadpole,any object,item that reflects,black hole,0.999990,1.000000,2,2,1,1,both_correct,"when light hits a reflective object , that light bounces off that object"
obqa,424,,The amount of brush in a park has been decreasing. What could be a cause?,the season has been quite dry,0,the season has been quite dry,There has been a lot of rain,snakes shelter under the brush,People have been walking by the brush on the trails,0.999999,1.000000,0,0,1,1,both_correct,"as available water decreases , the population of plants will decrease"
obqa,425,,"if a pot on the stove is described as hot, what does this mean?",the body of the pot is of high temperature,0,the body of the pot is of high temperature,the body of the pot is cold,all of these,the body of the pot is wet,0.999999,0.999999,0,0,1,1,both_correct,if an object is hot then the surfaces of that object are hot
obqa,426,,What animal is more difficult for predators to see in water?,an octopus,2,a fish,a duck,an octopus,a crab,1.000000,1.000000,2,2,1,1,both_correct,octopuses releasing ink into the water causes predators to have difficulty seeing the octopus
obqa,427,,A wedge requires,mechanical energy,2,electrical energy,chemical energy,mechanical energy,heat energy,1.000000,1.000000,2,2,1,1,both_correct,a simple machine requires mechanical energy to function
obqa,428,,In solid phase matter has a/an,concrete configuration,0,concrete configuration,ambiguous form,shapeless form,radioactive glow,0.999999,1.000000,0,0,1,1,both_correct,Matter in the solid phase has definite shape
obqa,429,,"A school trip is going to study the coral reef for a class. They want to see how strong coral is, and what species of life live in and around it. Therefore, the class",travels to the seaside,2,takes a trip to the desert,climbs a tall mountain,travels to the seaside,visits a remote jungle,1.000000,1.000000,2,2,1,1,both_correct,coral lives in the ocean
obqa,430,,"When ice buildup is on a sidewalk, the ice may be reduced by",adding salt,0,adding salt,adding litter,adding sand,adding water,0.999998,1.000000,0,0,1,1,both_correct,adding salt to a solid decreases the freezing point of that solid
obqa,431,,The appropriate place to put this item is the recycling bin,used soda can,1,used motor oil,used soda can,used Styrofoam plates,left over medicine,0.999962,1.000000,1,1,1,1,both_correct,aluminum is recyclable
obqa,432,,How many times would someone change the page of a calendar in a year?,12,1,13,12,15,14,0.984090,0.999990,1,1,1,1,both_correct,one year is equal to 365 days
obqa,433,,A car has the least speed if it,is turned off,2,is heavy,is large,is turned off,is small,1.000000,1.000000,2,2,1,1,both_correct,stopped means no speed
obqa,434,,Which musical instrument is the same type as a guitar?,cello,1,flute,cello,drum,trumpet,0.561960,0.999999,1,1,1,1,both_correct,An example of playing a musical instrument is strumming a guitar string
obqa,435,,The balance result will be number of,kilograms,2,kilowatts,kilobytes,kilograms,kilometers,0.929902,1.000000,2,2,1,1,both_correct,a balance is used for measuring mass of an object
obqa,436,,Which of these is a place where a human might live?,igloo,0,igloo,cloud,Mars,the Moon,0.998792,1.000000,0,0,1,1,both_correct,some humans live in houses
obqa,437,,Camouflage is when an organism does what?,reconfigure appearance to blend in,0,reconfigure appearance to blend in,hides its young to avoid prey,changes its shape to appear larger,buries itself to disappear momentarily,1.000000,1.000000,0,0,1,1,both_correct,An example of camouflage is when an organism looks like its environment
obqa,438,,Which of these is required for a plant to enjoy the product of a rain storm?,xylem,0,xylem,luck,magic,dirt,0.999713,1.000000,0,0,1,1,both_correct,xylem transports materials through the plant
obqa,439,,How does a microscope make small things appear?,humongous,0,humongous,transparent,discolored,distorted,0.999999,0.999935,0,0,1,1,both_correct,microscope is used to see small things by making them appear bigger
obqa,440,,Water can turn to vapor,when boiling eggs on a stove top,2,when a pot of water is placed on an off stove burner,when placing water in a freezer,when boiling eggs on a stove top,when placed in a room temperature setting,0.999936,0.817574,2,2,1,1,both_correct,evaporation means change from a liquid into a gas by adding heat energy
obqa,441,,"An incandescent bulb's filament produces similar light as an LED bulb, but more",heat,2,white light,conversion,heat,sound,1.000000,1.000000,2,2,1,1,both_correct,an incandescent light bulb converts electricity into light by sending electricity through a filament
obqa,442,,"A boy at school is waiting desperately for the school day to be over so that he can go home and play video games. He watches the time count down on the clock at the head of the class, counting the",seconds,0,seconds,days,weeks,years,1.000000,1.000000,0,0,1,1,both_correct,seconds are used to measure time
obqa,443,,Camouflage can be used by animals for hunting,meals,3,water,trees,air,meals,0.035133,0.999997,0,3,0,1,wrong_to_correct,camouflage can be used for hunting for prey
obqa,444,,"Carbohydrates are made of sugar, which means that a diabetic would need to exhibit care in consuming",toast,3,broccoli,meat,celery,toast,0.999999,0.999998,3,3,1,1,both_correct,carbohydrates are made of sugars
obqa,445,,Hand dryers can also be used to,dry out clothes after coming in from the rain,1,keep cold drinks cool,dry out clothes after coming in from the rain,hydrate your face and hands,make a damp rag damper,0.777636,0.999792,1,1,1,1,both_correct,a hand dryer produces heat
obqa,446,,Polar bears require,a frigid environment,1,a tropical environment,a frigid environment,a tepid environment,a warm environment,1.000000,0.999997,1,1,1,1,both_correct,a polar bear requires a cold environment
obqa,447,,A measurement of time that is less than a minute is a,second,3,day,minute,hour,second,1.000000,1.000000,3,3,1,1,both_correct,seconds are used to measure time
obqa,448,,What will be more available in an area when rainfall increases?,H2O,3,fire,air,dirt,H2O,1.000000,1.000000,3,3,1,1,both_correct,"as the amount of rainfall increases in an area , the amount of available water in that area will increase"
obqa,449,,When does the first quarter phase of the moon occur?,after the first phase of the lunar month,1,when you cannot see the moon in the sky at night,after the first phase of the lunar month,after a blue moon,during the full moon,0.999996,1.000000,1,1,1,1,both_correct,the first quarter phase of the moon occurs after the new moon
obqa,450,,An ice cube placed in sunlight will,shrink,0,shrink,change color,grow,freeze,1.000000,1.000000,0,0,1,1,both_correct,sunlight produces heat
obqa,451,,"If a person loses his job and is low on money, he will have to start cutting back on how much food he consumes or he'd run out, otherwise known as",conserving,1,destroying,conserving,losing,squandering,0.999978,1.000000,1,1,1,1,both_correct,"when available resources decrease in an environment , organisms have to conserve those resources"
obqa,452,,The skeletal system protects which of these?,liver,0,liver,eyelashes,finger nails,blood vessels,0.629774,1.000000,0,0,1,1,both_correct,the skeletal system protects internal organs
obqa,453,,What has more gravity force than Earth but less than the sun?,Jupiter,0,Jupiter,the moon,a space station,a comet,1.000000,1.000000,0,0,1,1,both_correct,"as mass of a celestial body increases , the force of gravity on that planet will increase"
obqa,454,,The dam was put under much more stress after the,huge rain storm,1,party,huge rain storm,drought,breakup.,1.000000,1.000000,1,1,1,1,both_correct,"as the amount of water in a body of water increases , the water levels will increase"
obqa,455,,If photosynthesis was a recipe it would require these ingredients,"CO2, H20, and sun rays",3,"CO2, water, and argon","sunlight, oxygen, and fertilizer","CO2, H20, and cloudy skies","CO2, H20, and sun rays",1.000000,1.000000,3,3,1,1,both_correct,"photosynthesis means green plants convert from carbon dioxide, water, and solar energy into oxygen for themselves"
obqa,456,,"If a nail is Fe, that nail is",atomic 26,1,foreign,atomic 26,nickel,atomic 12,0.831141,0.622136,1,1,1,1,both_correct,iron nails are made of iron
obqa,457,,when a circle is torn it is,changed,1,doubled,changed,a smaller circle,a square,0.999996,1.000000,1,1,1,1,both_correct,tearing an object changes that object 's shape
obqa,458,,Wind can cause,dunes at the beach to be depleted,2,leaves to remain on branches,trees to stand perfectly still,dunes at the beach to be depleted,still waters on the ocean,0.839556,1.000000,2,2,1,1,both_correct,wind causes erosion
obqa,459,,What happens as water levels rise?,beaches shrink,3,fish swim more,homes are built,land is taller,beaches shrink,1.000000,1.000000,3,3,1,1,both_correct,"as the level of water rises , the amount of available land will decrease"
obqa,460,,An increase in an object's temperature occurs when,a steak is removed from the freezer to defrost,1,an orange is placed in a refrigerator,a steak is removed from the freezer to defrost,a glass of water is moved from counter top to dinner table,an ice tray is placed in a freezer,0.999835,0.953963,1,1,1,1,both_correct,moving an object from a cool place to a warm place causes the object 's temperature to increase
obqa,461,,A sousaphone,makes deep noises,2,is ancient,is a frog,makes deep noises,is a smartphone,1.000000,1.000000,2,2,1,1,both_correct,musical instruments make sound when they are played
obqa,462,,A cooked lobster is,dead,2,inedible,cold,dead,green,1.000000,1.000000,2,2,1,1,both_correct,if a living thing dies then that living thing is dead
obqa,463,,An animal might pant,on a sunny day,0,on a sunny day,during a rain storm,when it is snowing,during the night time,1.000000,1.000000,0,0,1,1,both_correct,panting is when an animal hangs its tongue out of its mouth to adjust to hot temperatures
obqa,464,,Carnivores,require prey to survive,2,eat foliage and vegetables exclusively,are the bottom of the food chain,require prey to survive,require carbon dioxide to survive,1.000000,1.000000,2,2,1,1,both_correct,carnivores are predators
obqa,465,,The light that appears dimmest is,a star outside the window,2,the light in the hall,a light in the room,a star outside the window,a streetlight outside the window,0.999999,1.000000,2,2,1,1,both_correct,"as distance from a source of light increases , that source of light will appear dimmer"
obqa,466,,A plant will grow strong if it has,earth,2,love,heat,earth,sand,1.000000,1.000000,2,2,1,1,both_correct,a plant requires soil for to grow
obqa,467,,loose soil can be caused by one of these,a worm burrowing through the earth,2,a koala sitting on a tree,none of these,a worm burrowing through the earth,a bird flying through the air,0.999979,1.000000,2,2,1,1,both_correct,tunnels in soil loosen that soil
obqa,468,,An instinctual behavior is,frogs returning to the ponds were they hatched to lay eggs,1,dogs rolling over on command,frogs returning to the ponds were they hatched to lay eggs,birds mimicking human speech,seals clapping for treats from trainers,1.000000,1.000000,1,1,1,1,both_correct,migration is an instinctive behavior
obqa,469,,How do plants reproduce?,seeds,0,seeds,stem,flowers,leaves,0.998585,0.999636,0,0,1,1,both_correct,reproduction is a stage in the life cycle process
obqa,470,,What produce pollen and seeds?,things you give a loved one in a bouquet,1,lakes that are frozen over,things you give a loved one in a bouquet,various types of animals,a person that is healthy,0.999998,1.000000,1,1,1,1,both_correct,a flower produces pollen and seeds
obqa,471,,which of these would be most ideal for plant root growth?,soil with worms burrowing around,1,a sticky clay soil,soil with worms burrowing around,an arid soil with little looseness,all of these,0.999999,1.000000,1,1,1,1,both_correct,the looseness of soil has a positive impact on a plant 's roots' growth in that soil
obqa,472,,Having a sense of touch means,I am an Ant,2,I am the water,I am a tree,I am an Ant,I am the Air,0.114607,1.000000,0,2,0,1,wrong_to_correct,feeling is when an living thing senses through touch
obqa,473,,Live birth is exemplified in,a calf emerging from a mother giraffe,1,snakes slithering out of eggs,a calf emerging from a mother giraffe,owlets pecking out of their encasement,sea turtles emerging from their shells,1.000000,1.000000,1,1,1,1,both_correct,live birth means developing inside the mother instead of an egg
obqa,474,,Cooking peas requires,turning on a stove top,3,fresh briny sea water,an unheated stove top,salt and cayenne pepper,turning on a stove top,1.000000,1.000000,3,3,1,1,both_correct,cooking food requires adding heat energy
obqa,475,,Earth revolves around,an energy source,3,the moon,outer space,another planet,an energy source,0.300665,0.971176,0,3,0,1,wrong_to_correct,the Earth revolves around the sun
obqa,476,,A satellite orbits a,terrestrial body,2,empty space,ocean,terrestrial body,air pocket,1.000000,1.000000,2,2,1,1,both_correct,a satellite orbits a planet
obqa,477,,Will happen to the number of islands if the planet's temperature rises?,they will shrink,2,they will increase,nothing will happen,they will shrink,they will double,0.182425,1.000000,1,2,0,1,wrong_to_correct,"as the level of water rises , the amount of available land will decrease"
obqa,478,,There is a heightened threat of landslide in,The Andes,1,the desert,The Andes,the ocean,Indiana,0.999998,1.000000,1,1,1,1,both_correct,landslides often occur on mountains
obqa,479,,An example of water being an electrical conductor would be what?,lightening hitting water and organisms inside dying,0,lightening hitting water and organisms inside dying,standing in a puddle and avoiding being struck by lightening,standing in a field and getting struck by lightening,grabbing a fence and being shocked,1.000000,1.000000,0,0,1,1,both_correct,water is an electrical conductor
obqa,480,,What would Occur once between January 1st and December 31st,A Solar Year on earth,3,The moons orbit around the year,One rotation on mercury,The distance between earth and Jupiter when traveling at light speed,A Solar Year on earth,0.999995,1.000000,3,3,1,1,both_correct,a complete revolution of the Earth around the sun takes one solar year
obqa,481,,Burning something that reproduces usually will:,impair its well being in some way,0,impair its well being in some way,weed out weaker members of the species,speed up its biological functions,increase its population growth,0.998715,1.000000,0,0,1,1,both_correct,burning a living thing usually causes harm to that living thing
obqa,482,,what does a chipmunk do with acorns,transfer them to the stomach,3,throw them at other chipmunks,leave them where they're found,use them to build shelter,transfer them to the stomach,0.988366,0.999996,3,3,1,1,both_correct,a chipmunk eats acorns
obqa,483,,"A pot of pasta is boiling on the stove, and the lid on top of the pot is shaking as the water boils more rapidly. A person goes to the stove and removes the pot, releasing steam into the air above, and so the steam is",water vapor,1,cold air,water vapor,very dry,boiling water,1.000000,1.000000,1,1,1,1,both_correct,"water is in the gas state , called water vapor , for temperatures between 100 and 100000000000 F"
obqa,484,,A plant that gets extra minerals such as zinc are probably,placed in good soil,2,planted in zinc pills,plated in the sea,placed in good soil,made out of soil,1.000000,1.000000,2,2,1,1,both_correct,plants absorb nutrients from soil into themselves through their roots
obqa,485,,Which item has a higher altitude?,A 6'' Man,2,Tile Floor,Cars,A 6'' Man,A Picture Book,0.863651,0.987939,2,2,1,1,both_correct,high means great in altitude
obqa,486,,"if a student wants an orange, he would have to get it from which of these?",from a live plant,1,from a live cow,from a live plant,from a volcano cave,from a wild dog,1.000000,1.000000,1,1,1,1,both_correct,plants are the source of fruit
obqa,487,,What could have covered an organism in order to create a trilobite?,Sand,3,Grass,Water,Snow,Sand,0.998132,0.999481,3,3,1,1,both_correct,fossils are formed when layers of sediment cover the remains of organisms over time
obqa,488,,A dog is more likely to shiver at,5 am,1,1 pm,5 am,9 am,6 pm,1.000000,1.000000,1,1,1,1,both_correct,cool temperatures cause animals to shiver
obqa,489,,"Photosynthesis does what by converting carbon dioxide, water, and sunlight into carbohydrates?",providing nourishment which enables some growth to vegetation,1,nourishes small protein bits that need to eat with tiny shakes,providing nourishment which enables some growth to vegetation,mixes carbs into soluble plant matter,makes good vegetable protein,0.999966,1.000000,1,1,1,1,both_correct,"photosynthesis makes food for the plant by converting carbon dioxide, water, and sunlight into carbohydrates"
obqa,490,,where might a bunny live?,a thicket,0,a thicket,atop palm trees,a sewer system,a deserted island,0.999962,1.000000,0,0,1,1,both_correct,some rabbits live in forests
obqa,491,,"A shark will be unable to survive on eating algae and moss, because",it is a predator,0,it is a predator,it is a vegetarian,it is a freshwater fish,it is a producer,0.999999,0.999891,0,0,1,1,both_correct,if an animal eats another animal then that animal is a carnivore or omnivore or predator
obqa,492,,"A meadow vole just gave birth, and needs to feed herself so that she can produce milk for her babies. She searches for food in a field, and happily munches down on some",bugs,2,oil,deer,bugs,recycled plastic fruit,1.000000,1.000000,2,2,1,1,both_correct,meadow voles eat insects
obqa,493,,The Grand Canyon was formed by,a river named after the 38th state to join the union flowing over time,2,a volcano erupting in 1782,a river named after the 20th state to join the union flowing over time,a river named after the 38th state to join the union flowing over time,the Great Lakes drying up,0.956634,0.998352,2,2,1,1,both_correct,the Grand Canyon was formed by the Colorado River flowing over long periods of time
obqa,494,,"A woman, with a pale complexion, wants to spend the bright, sunny day at the beach. She makes sure that she stops at the store to pick up some sunblock before she begins to enjoy her day filled with sand and surf. She applies the sunblock carefully and thoroughly, because she knows that",UV rays are harmful,0,UV rays are harmful,sunlight will be fun,the sun is close,the sun is in space,1.000000,1.000000,0,0,1,1,both_correct,sunlight contains ultraviolet light
obqa,495,,A person is heating water in order to cook pasta. He spills the pot of water on his leg and finds that the water,scalds,0,scalds,cools,toasts,freezes,1.000000,1.000000,0,0,1,1,both_correct,if liquid is boiling then that liquid is hot
obqa,496,,Pasta may be cooked in water when,water is bubbling from applied warmth,2,the water is warm,the water is on the stove,water is bubbling from applied warmth,the pasta is very fresh,1.000000,1.000000,2,2,1,1,both_correct,boiling is when liquids are heated above their boiling point
obqa,497,,A decrease in diseases,leads to less sick people,2,has no impact on a population,leads to more sick people,leads to less sick people,leads to an uptick in emergency room visits,1.000000,1.000000,2,2,1,1,both_correct,decreasing something negative has a positive impact on a thing
obqa,498,,"When soil is viewed in a scientific way, what is seen and viewed is actually",tiny lifeforms in dirt,1,insects like big beetles,tiny lifeforms in dirt,small mammals living there,a lot of tiny pebbles,1.000000,1.000000,1,1,1,1,both_correct,studying a soil sample means studying the microorganisms in that soil
obqa,499,,Some animals use a liquid coming from their skin to adjust to,heat,2,cold,water,heat,humidity,0.000478,1.000000,1,2,0,1,wrong_to_correct,sweat is used for adjusting to hot temperatures by some animals
sciq,0,,"Compounds that are capable of accepting electrons, such as o 2 or f2, are called what?",oxidants,3,Oxygen,antioxidants,residues,oxidants,1.000000,1.000000,3,3,1,1,both_correct,"Oxidants and Reductants Compounds that are capable of accepting electrons, such as O 2 or F2, are calledoxidants (or oxidizing agents) because they can oxidize other compounds. In the process of accepting electrons, an oxidant is reduced. Compounds that are capable of donating electrons, such as sodium metal or cyclohexane (C6H12), are calledreductants (or reducing agents) because they can cause the reduction of another compound. In the process of donating electrons, a reductant is oxidized. These relationships are summarized in Equation 3.30: Equation 3.30 Saylor URL: http://www. saylor. org/books."
sciq,1,,What term in biotechnology means a genetically exact copy of an organism?,clone,2,phenotype,male,clone,adult,1.000000,1.000000,2,2,1,1,both_correct,"But transgenic animals just have one novel gene. What about an animal with a whole new genome? Could a clone , a genetically exact copy of an organism, be developed using techniques associated with biotechnology? It could be argued that human cloning is one of the inevitable outcomes of modern biotechnology. It ""simply"" involves the removal of the nucleus from a somatic cell and its placement into an unfertilized egg cell whose nucleus has either been deactivated or removed. This new cell would mimic the zygote, the first diploid cell of a new organism. This new zygote is allowed to become established, and a few days later is placed into the uterus of a surrogate mother. Theoretically this would result in an individual genetically identical to the donor. Obviously, there are many ethical and legal issues associated with human cloning, and of course, it is not a ""simple"" procedure. But animal cloning is arguably a different story."
sciq,2,,Vertebrata are characterized by the presence of what?,backbone,3,Bones,Thumbs,Muscles,backbone,1.000000,1.000000,3,3,1,1,both_correct,"Figure 29.7 Vertebrata are characterized by the presence of a backbone, such as the one that runs through the middle of this fish. All vertebrates are in the Craniata clade and have a cranium. (credit: Ernest V. More; taken at Smithsonian Museum of Natural History, Washington, D."
sciq,3,,What is the height above or below sea level called?,elevation,2,depth,latitude,elevation,variation,1.000000,1.000000,2,2,1,1,both_correct,"As you know, the surface of Earth is not flat. Some places are high, and some places are low. For example, mountain ranges like the Sierra Nevada in California or the Andes in South America are high above the surrounding areas. An accurate location must take into account the third dimension. Elevation is the height above or below sea level. Sea level refers to the height of the ocean’s surface. This is the midpoint between high and low tide. Sea level can vary from place to place, but scientists base their elevation measurements on the average, or mean, sea level to make sure they have a standard reference point."
sciq,4,,"Ice cores, varves and what else indicate the environmental conditions at the time of their creation?",tree rings,3,mountain ranges,fossils,magma,tree rings,1.000000,1.000000,3,3,1,1,both_correct,"Tree rings, ice cores, and varves indicate the environmental conditions at the time they were made."
sciq,5,,What chemical signals in plants control different processes?,plant hormones,3,produce hormones,Human Hormones,nitrogen hormones,plant hormones,0.999993,1.000000,3,3,1,1,both_correct,Plant hormones are chemical signals that control different processes in plants.
sciq,6,,"Meiosis is part of the process of gametogenesis, which is the production of what?",sperm and eggs,2,egg only,chromosomes,sperm and eggs,sperm only,1.000000,1.000000,2,2,1,1,both_correct,"Gametogenesis (Spermatogenesis and Oogenesis) Gametogenesis, the production of sperm and eggs, involves the process of meiosis. During meiosis, two nuclear divisions separate the paired chromosomes in the nucleus and then separate the chromatids that were made during an earlier stage of the cell’s life cycle. Meiosis and its associated cell divisions produces haploid cells with half of each pair of chromosomes normally found in diploid cells. The production of sperm is called spermatogenesis and the production of eggs is called oogenesis. Spermatogenesis Spermatogenesis occurs in the wall of the seminiferous tubules, with the most primitive cells at the periphery of the tube and the most mature sperm at the lumen of the tube (Figure 18.14). Immediately under the capsule of the tubule are diploid, undifferentiated cells. These stem cells, each called a spermatogonium (pl. spermatogonia), go through mitosis to produce one cell that remains as a stem cell and a second cell called a primary spermatocyte that will undergo meiosis to produce sperm. The diploid primary spermatocyte goes through meiosis I to produce two haploid cells called secondary spermatocytes. Each secondary spermatocyte divides after meiosis II to produce two cells called spermatids. The spermatids eventually reach the lumen of the tubule and grow a flagellum, becoming sperm cells. Four sperm result from each primary spermatocyte that goes through meiosis."
sciq,7,,Which type of tree is dominant in temperate forests?,deciduous,2,vines,shrubs,deciduous,fungus,1.000000,1.000000,2,2,1,1,both_correct,Figure 44.18 Deciduous trees are the dominant plant in the temperate forest. (credit: Oliver Herold).
sciq,8,,What kind of viscosity is found in long-chain hydrocarbons?,highly viscous,0,highly viscous,low viscosity,increased viscosity,intense viscosity,0.999998,0.999974,0,0,1,1,both_correct,"There is also a correlation between viscosity and molecular shape. Liquids consisting of long, flexible molecules tend to have higher viscosities than those composed of more spherical or shorter-chain molecules. The longer the molecules, the easier it is for them to become “tangled” with one another, making it more difficult for them to move past one another. London dispersion forces also increase with chain length. Due to a combination of these two effects, long-chain hydrocarbons (such as motor oils) are highly viscous."
sciq,9,,Ionic compounds have strong electrostatic attractions between oppositely charged ions in this?,regular array,2,normal array,occasional array,regular array,incorrect array,1.000000,1.000000,2,2,1,1,both_correct,"Ionic compounds have strong electrostatic attractions between oppositely charged ions in a regular array. The lattice energy (U) of an ionic substance is defined as the energy required to dissociate the solid into gaseous ions; U can be calculated from the charges on the ions, the arrangement of the ions in the solid, and the internuclear distance. Because U depends on the product of the ionic charges, substances with dior tripositive cations and/or di- or trinegative anions tend to have higher lattice energies than their singly charged counterparts. Higher lattice energies typically result in higher melting points and increased hardnessbecause more thermal energy is needed to overcome the forces that hold the ions together. Lattice energies cannot be measured directly but are obtained from a thermochemical cycle called the Born–Haber cycle, in which Hess’s law is used to calculate the lattice energy from the measured enthalpy of formation of the ionic compound, along with other thermochemical data. The Born–Haber cycle can be used to predict which ionic compounds are likely to form. Sublimation, the conversion of a solid directly to a gas, has an accompanying enthalpy change called the enthalpy of sublimation."
sciq,10,,About how tall can mid-ocean ridges be?,about 2 km,3,about 2 feet,about 2 meters,2 inches,about 2 km,1.000000,1.000000,3,3,1,1,both_correct,"Besides seamounts, there are long, very tall (about 2 km) mountain ranges. These ranges are connected so that they form huge ridge systems called mid-ocean ridges ( Figure below ). The mid-ocean ridges form from volcanic eruptions. Lava from inside Earth breaks through the crust and creates the mountains."
sciq,11,,What are by far the most common type of invertebrate?,insects,3,corals,crustaceans,spiders,insects,1.000000,1.000000,3,3,1,1,both_correct,"This Monarch caterpillar is an invertebrate. It is also an insect and an arthropod. Of all the animal species, it is estimated that well over 90% are invertebrates. Of all invertebrates, the insects are by far the most numerous. There are so many species of insects that scientists have yet to discover them all, let alone name or count them. Estimates of the total number of insect species fall in the range of 1 to 30 million. So, it helps if there are methods to classify not just the insects, but all invertebrates."
sciq,12,,What do waves deposit to form sandbars and barrier islands?,sediments,2,glaciers,magma,sediments,organisms,1.000000,1.000000,2,2,1,1,both_correct,Waves may also deposit sediments to form sandbars and barrier islands . You can see examples of these landforms in Figure below .
sciq,13,,"Penis, testes, and epididymis are organs in what system?",male reproductive system,3,plant reproductive system​,female reproductive system​,virus reproductive system​,male reproductive system,1.000000,1.000000,3,3,1,1,both_correct,"Male reproductive organs include the penis, testes, and epididymis."
sciq,14,,"Only about one percent of plants have lost what ability, turning them into consumers and even predators, instead of producers?",photosynthesis,0,photosynthesis,flowering,growth,rooting,1.000000,1.000000,0,0,1,1,both_correct,"Almost all plants make food by photosynthesis . Only about 1 percent of the estimated 300,000 species of plants have lost the ability to photosynthesize. These other species are consumers, many of them predators. How do plants prey on other organisms? The Venus fly trap in Figure below shows one way this occurs."
sciq,15,,How does a neon light produce visible light?,electroluminescence,1,mitosis,electroluminescence,radiation,luminescence,0.999987,1.000000,1,1,1,1,both_correct,"A neon light produces visible light by electroluminescence. The bulb is a glass tube that contains the noble gas neon. When electricity passes through the gas, it excites electrons of neon atoms, causing them to give off visible light. Neon produces red light. Other noble gases are also used in lights, and they produce light of different colors. For example, krypton produces violet light, and argon produces blue light."
sciq,16,,The bird ancestor that lived in trees developed what feature commonly associated with birds?,wings,3,tails,beaks,webbed feet,wings,0.999985,1.000000,3,3,1,1,both_correct,"Wings evolved in a bird ancestor that lived in trees. Thus, wings are modified arms that helped the animal glide from branch to branch."
sciq,17,,What do most living things use to make atp from glucose?,oxygen,2,enzymes,nitrogen,oxygen,carbon,0.005911,1.000000,0,2,0,1,wrong_to_correct,"Today, most living things use oxygen to make ATP from glucose. However, many living things can also make ATP without oxygen. This is true of some plants and fungi and also of many bacteria. These organisms use aerobic respiration when oxygen is present, but when oxygen is in short supply, they use anaerobic respiration instead. Certain bacteria can only use anaerobic respiration. In fact, they may not be able to survive at all in the presence of oxygen."
sciq,18,,What are the two most common silicates?,feldspar and quartz,3,Micas	 and quartz,Micas	 and feldspar,Olivine and quartz,feldspar and quartz,0.986776,1.000000,3,3,1,1,both_correct,"Feldspar and quartz are the two most common silicates. In beryl, the silicate pyramids join together as rings. Biotite is mica. It can be broken apart into thin, flexible sheets. Compare the beryl and the biotite shown in Figure below ."
sciq,19,,What term means the amount of water vapor in the air?,humidity,0,humidity,temperature,pressure,ambient,1.000000,1.000000,0,0,1,1,both_correct,Humidity is the amount of water vapor in the air. High humidity increases the chances of clouds and precipitation.
sciq,20,,Paracrine signals move by what method through the extracellular matrix?,diffusion,0,diffusion,deposition,transfusion,osmosis,1.000000,1.000000,0,0,1,1,both_correct,"Paracrine Signaling Signals that act locally between cells that are close together are called paracrine signals. Paracrine signals move by diffusion through the extracellular matrix. These types of signals usually elicit quick responses that last only a short amount of time. In order to keep the response localized, paracrine ligand molecules are normally quickly degraded by enzymes or removed by neighboring cells. Removing the signals will reestablish the concentration gradient for the signal, allowing them to quickly diffuse through the intracellular space if released again. One example of paracrine signaling is the transfer of signals across synapses between nerve cells. A nerve cell consists of a cell body, several short, branched extensions called dendrites that receive stimuli, and a long extension called an axon, which transmits signals to other nerve cells or muscle cells. The junction between nerve cells where signal transmission occurs is called a synapse. A synaptic signal is a chemical signal that travels between nerve cells. Signals within the nerve cells are propagated by fast-moving electrical impulses. When these impulses reach the end of the axon, the signal continues on to a dendrite of the next cell by the release of chemical ligands called neurotransmitters by the presynaptic cell (the cell emitting the signal). The neurotransmitters are transported across the very small distances between nerve cells, which are called chemical synapses (Figure 9.3). The small distance between nerve cells allows the signal to travel quickly; this enables an immediate response, such as, Take your hand off the stove! When the neurotransmitter binds the receptor on the surface of the postsynaptic cell, the electrochemical potential of the target cell changes, and the next electrical impulse is launched. The neurotransmitters that are released into the chemical synapse are degraded quickly or get reabsorbed by the presynaptic cell so that the recipient nerve cell can recover quickly and be prepared to respond rapidly to the next synaptic signal."
sciq,21,,"Presence of a cell wall, large central vacuole, and organelles called plastids distinguish what type of cell?",plant,0,plant,heterotroph,reproductive,animal,1.000000,1.000000,0,0,1,1,both_correct,"All but one of the structures described above are found in plant cells as well as animal cells. The only exception is centrioles, which are not found in plant cells. Plant cells have three additional structures that are not found in animals cells. These include a cell wall, large central vacuole, and organelles called plastids. You can see these structures in the model of a plant cell in Figure below . You can also see them in the interactive plant cell at this link:."
sciq,22,,What happens when mammals raise their hair with tiny muscles in the skin?,goosebumps,3,bleeding,bruising,balding,goosebumps,1.000000,1.000000,3,3,1,1,both_correct,"Mammals raise their hair with tiny muscles in the skin. Even humans automatically contract these muscles when they are cold. They cause “goosebumps,” as shown here."
sciq,23,,What are people with osteoporosis at increased risk of?,bone fractures,2,senility,growth spurt,bone fractures,epilepsy,1.000000,1.000000,2,2,1,1,both_correct,"For a long time, scientists considered fungi to be members of the plant kingdom because they have obvious similarities with plants. Both fungi and plants are immobile, have cell walls, and grow in soil. Some fungi, such as lichens , even look like plants (see Figure below )."
sciq,24,,Where is energy stored in a chemical substance?,between atoms,1,in molecules,between atoms,on the surface,inside atoms,0.000008,1.000000,0,1,0,1,wrong_to_correct,energy that is stored in the connections between atoms in a chemical substance.
sciq,25,,"By the year 2050, 25 percent of the population of the united states will be 60 years of age or older. the cdc estimates that 80 percent of those 60 years and older have one or more chronic disease associated with deficiencies of this?",immune system,2,respiratory system,blood vessels,immune system,cardiovascular system,0.000006,1.000000,3,2,0,1,wrong_to_correct,"Immune System By the year 2050, 25 percent of the population of the United States will be 60 years of age or older. The CDC estimates that 80 percent of those 60 years and older have one or more chronic disease associated with deficiencies of the immune systems. This loss of immune function with age is called immunosenescence. To treat this growing population, medical professionals must better understand the aging process. One major cause of age-related immune deficiencies is thymic involution, the shrinking of the thymus gland that begins at birth, at a rate of about three percent tissue loss per year, and continues until 35–45 years of age, when the rate declines to about one percent loss per year for the rest of one’s life. At that pace, the total loss of thymic epithelial tissue and thymocytes would occur at about 120 years of age. Thus, this age is a theoretical limit to a healthy human lifespan. Thymic involution has been observed in all vertebrate species that have a thymus gland. Animal studies have shown that transplanted thymic grafts between inbred strains of mice involuted according to the age of the donor and not of the recipient, implying the process is genetically programmed. There is evidence that the thymic microenvironment, so vital to the development of naïve T cells, loses thymic epithelial cells according to the decreasing expression of the FOXN1 gene with age. It is also known that thymic involution can be altered by hormone levels. Sex hormones such as estrogen and testosterone enhance involution, and the hormonal changes in pregnant women cause a temporary thymic involution that reverses itself, when the size of the thymus and its hormone levels return to normal, usually after lactation ceases. What does all this tell us? Can we reverse immunosenescence, or at least slow it down? The potential is there for using thymic transplants from younger donors to keep thymic output of naïve T cells high. Gene therapies that target gene expression are also seen as future possibilities. The more we learn through immunosenescence research, the more opportunities there will be to develop therapies, even though these therapies will likely take decades to develop. The ultimate goal is for everyone to live and be healthy longer, but there may be limits to immortality imposed by our genes and hormones."
sciq,26,,"Upon death of an organism, during composition, what returns to the soil as ammonium ions?",nitrogen,3,hydrogen,calcium,potasium,nitrogen,1.000000,1.000000,3,3,1,1,both_correct,"When organisms die and decompose, their nitrogen is returned to the soil as ammonium ions. Nitrifying bacteria change some of the ammonium ions into nitrates."
sciq,27,,Most insects reproduce quickly and through what type of reproduction?,sexual reproduction,2,spores,asexual reproduction,sexual reproduction,photosynthesis,0.999995,1.000000,2,2,1,1,both_correct,"Most insects can reproduce very quickly within a short period of time. With a short generation time, they evolve faster and can quickly adjust to environmental changes. Most insects reproduce by sexual reproduction . The female produces eggs, which are fertilized by the male, and then the eggs are usually placed near the required food. In some insects, there is asexual reproduction during which the offspring come from a single parent. In this type of reproduction, the offspring are almost identical to the mother. This is most often seen in aphids and scale insects."
sciq,28,,Digestion of proteins begins with acids in what organ?,stomach,2,brain,colon,stomach,liver,1.000000,1.000000,2,2,1,1,both_correct,"24.4 Protein Metabolism Digestion of proteins begins in the stomach, where HCl and pepsin begin the process of breaking down proteins into their constituent amino acids. As the chyme enters the small intestine, it mixes with bicarbonate and digestive enzymes. The bicarbonate neutralizes the acidic HCl, and the digestive enzymes break down the proteins into smaller peptides and amino acids. Digestive hormones secretin and CCK are released from the small intestine to aid in digestive processes, and digestive proenzymes are released from the pancreas (trypsinogen and chymotrypsinogen). Enterokinase, an enzyme located in the wall of the small intestine, activates trypsin, which in turn activates chymotrypsin. These enzymes liberate the individual amino acids that are then transported via sodium-amino acid transporters across the intestinal wall into the cell. The amino acids are then transported into the bloodstream for dispersal to the liver and cells throughout the body to be used to create new proteins. When in excess, the amino acids are processed and stored as glucose or ketones. The nitrogen waste that is liberated in this process is converted to urea in the urea acid cycle and eliminated in the urine. In times of starvation, amino acids can be used as an energy source and processed through the Krebs cycle."
sciq,29,,"Many species of rotifers exhibit haplodiploidy, which is a method of what?",gender determination,0,gender determination,circulation,digestion,respiration,1.000000,1.000000,0,0,1,1,both_correct,"Watch this video (http://openstaxcollege. org/l/rotifers) to see rotifers feeding. Rotifers are pseudocoelomates commonly found in fresh water and some salt water environments throughout the world. Figure 28.17 shows the anatomy of a rotifer belonging to class Bdelloidea. About 2,200 species of rotifers have been identified. Rotifers are dioecious organisms (having either male or female genitalia) and exhibit sexual dimorphism (males and females have different forms). Many species are parthenogenic and exhibit haplodiploidy, a method of gender determination in which a fertilized egg develops into a female and an unfertilized egg develops into a male. In many dioecious species, males are short-lived and smaller with no digestive system and a single testis. Females can produce eggs that are capable of dormancy for protection during harsh environmental conditions."
sciq,30,,What is the most abundant metal of the earth's crust?,aluminum,1,copper,aluminum,magnetite,calcium,0.999988,1.000000,1,1,1,1,both_correct,"Metals represent approximately 25% of the elemental makeup of the Earth's crust. The bulk of these metals, primarily aluminum, iron, calcium, sodium, potassium, and magnesium, are typically found in combined form. The most abundant metal is aluminum, which occurs almost exclusively as the ionic mineral bauxite. The other most common metals, including iron, sodium, potassium, magnesium, and calcium, are also found primarily as the cationic portion of an ionic compound. Very few metals actually occur naturally as pure substances. The ones that do are often referred to as precious or semi-precious metals."
sciq,31,,What is the term for the total kinetic energy of moving particles of matter?,thermal energy,0,thermal energy,Newton's energy,mechanical energy,heavy energy,1.000000,1.000000,0,0,1,1,both_correct,The total kinetic energy of moving particles of matter is called thermal energy.
sciq,32,,What part of the eye allows light to enter?,pupil,0,pupil,eyelid,retina,iris,1.000000,1.000000,0,0,1,1,both_correct,"Take-Home Experiment: The Pupil Look at the central transparent area of someone’s eye, the pupil, in normal room light. Estimate the diameter of the pupil. Now turn off the lights and darken the room. After a few minutes turn on the lights and promptly estimate the diameter of the pupil. What happens to the pupil as the eye adjusts to the room light? Explain your observations. The eye can detect an impressive amount of detail, considering how small the image is on the retina. To get some idea of how small the image can be, consider the following example."
sciq,33,,"The body cannot sustain for very long the bursts of energy mediated by epinephrine and norepinephrine, hormones associated with what stress response?",fight-or-flight,2,do-or-die,sink-or-swim,fight-or-flight,fainting,1.000000,1.000000,2,2,1,1,both_correct,"Watch this Discovery Channel animation (http://openstaxcollege. org/l/adrenaline) describing the flight-or-flight response. Long-term Stress Response Long-term stress response differs from short-term stress response. The body cannot sustain the bursts of energy mediated by epinephrine and norepinephrine for long times. Instead, other hormones come into play. In a long-term stress response, the hypothalamus triggers the release of ACTH from the anterior pituitary gland. The adrenal cortex is stimulated by ACTH to release steroid hormones called corticosteroids. Corticosteroids turn on transcription of certain genes in the nuclei of target cells. They change enzyme concentrations in the cytoplasm and affect cellular metabolism. There are two main corticosteroids: glucocorticoids such as cortisol, and mineralocorticoids such as aldosterone. These hormones target the breakdown of fat into fatty acids in the adipose tissue. The fatty acids are released into the bloodstream for other tissues to use for ATP production. The glucocorticoids primarily affect glucose metabolism by stimulating glucose synthesis. Glucocorticoids also have anti-inflammatory properties through inhibition of the immune system. For example, cortisone is used as an anti-inflammatory medication; however, it cannot be used long term as it increases susceptibility to disease due to its immune-suppressing effects. Mineralocorticoids function to regulate ion and water balance of the body. The hormone aldosterone stimulates the reabsorption of water and sodium ions in the kidney, which results in increased blood pressure and volume. Hypersecretion of glucocorticoids can cause a condition known as Cushing’s disease, characterized by a shifting of fat storage areas of the body. This can cause the accumulation of adipose tissue in the face and neck, and excessive glucose in the blood. Hyposecretion of the corticosteroids can cause Addison’s disease, which may result in bronzing of the skin, hypoglycemia, and low electrolyte levels in the blood."
sciq,34,,"What system enters the brain stem and influences activity in the cerebellum, spinal cord, and cerebral cortex?",vestibular system,2,vasculature system,ventrical system,vestibular system,lipids system,0.999968,1.000000,2,2,1,1,both_correct,"14.2 Central Processing Sensory input to the brain enters through pathways that travel through either the spinal cord (for somatosensory input from the body) or the brain stem (for everything else, except the visual and olfactory systems) to reach the diencephalon. In the diencephalon, sensory pathways reach the thalamus. This is necessary for all sensory systems to reach the cerebral cortex, except for the olfactory system that is directly connected to the frontal and temporal lobes. The two major tracts in the spinal cord, originating from sensory neurons in the dorsal root ganglia, are the dorsal column system and the spinothalamic tract. The major differences between the two are in the type of information that is relayed to the brain and where the tracts decussate. The dorsal column system primarily carries information about touch and proprioception and crosses the midline in the medulla. The spinothalamic tract is primarily responsible for pain and temperature sensation and crosses the midline in the spinal cord at the level at which it enters. The trigeminal nerve adds similar sensation information from the head to these pathways. The auditory pathway passes through multiple nuclei in the brain stem in which additional information is extracted from the basic frequency stimuli processed by the cochlea. Sound localization is made possible through the activity of these brain stem structures. The vestibular system enters the brain stem and influences activity in the cerebellum, spinal cord, and cerebral cortex. The visual pathway segregates information from the two eyes so that one half of the visual field projects to the other side of the brain. Within visual cortical areas, the perception of the stimuli and their location is passed along two streams, one ventral and one dorsal. The ventral visual stream connects to structures in the temporal lobe that are important for long-term memory formation. The dorsal visual stream interacts with the somatosensory cortex in the parietal lobe, and together they can influence the activity in the frontal lobe to generate movements of the body in relation to visual information."
sciq,35,,Chemical reactions involve a transfer of heat energy. measured in what?,joules,3,amps,amperes,thermals,joules,1.000000,1.000000,3,3,1,1,both_correct,Chemical reactions involve a transfer of heat energy. Measured in joules.
sciq,36,,"The products of what process are needed for cellular respiration, and vice versa?",photosynthesis,1,digestion,photosynthesis,spermatogenesis,circulation,1.000000,1.000000,1,1,1,1,both_correct,"Cellular respiration and photosynthesis are like two sides of the same coin. This is clear from the diagram in Figure below . The products of photosynthesis are needed for cellular respiration. The products of cellular respiration are needed for photosynthesis. Together, the two processes store and release energy in virtually all living things."
sciq,37,,Most fungi get organic compounds from what?,dead organisms,0,dead organisms,living organisms,inorganic material,carnivorous organisms,0.651354,1.000000,0,0,1,1,both_correct,"Most fungi get organic compounds from dead organisms. They are decomposers called saprotrophs. A saprotroph feeds on any remaining organic matter after other decomposers do their work. Fungi use enzymes to digest organic remains and then absorb the resulting organic compounds. As decomposers, fungi are vital for the health of ecosystems. They break down nonliving organic matter and release the nutrients into the soil. Plants can then use the nutrients and pass them on to herbivores and other consumers."
sciq,38,,How do very massive stars end their lives?,become red supergiants,1,become super novas,become red supergiants,consumed by black hole,explode,0.000000,0.018527,0,0,0,0,both_wrong,"A more massive star ends its life in a more dramatic way. Very massive stars become red supergiants . Unlike a red giant, when all the helium in a red supergiant is gone, fusion continues. Lighter atoms fuse into heavier atoms up to iron atoms. Creating elements heavier than iron through fusion uses more energy than it produces. For this reason, stars do not ordinarily form any heavier elements. When there are no more elements for the star to fuse, the core succumbs to gravity and collapses."
sciq,39,,The strength of a base depends on the concentration of _______ it produces when dissolved in water?,hydroxide ions,3,monoxide ions,combustion ions,calcium ions,hydroxide ions,1.000000,1.000000,3,3,1,1,both_correct,"The strength of a base depends on the concentration of hydroxide ions it produces when dissolved in water. For example, sodium hydroxide completely breaks down into ions in water, so it is a strong base. However, only a fraction of ammonia breaks down into ions, so it is a weak base."
sciq,40,,The overall voltage of the battery is therefore the sum of ________ of the individual cells.,voltages,2,weights,currents,voltages,resistances,1.000000,1.000000,2,2,1,1,both_correct,"Batteries There are two basic kinds of batteries: disposable, or primary, batteries, in which the electrode reactions are effectively irreversible and which cannot be recharged; andrechargeable, or secondary, batteries, which form an insoluble product that adheres to the electrodes. These batteries can be recharged by applying an electrical potential in the reverse direction. The recharging process temporarily converts a rechargeable battery from a galvanic cell to an electrolytic cell. Batteries are cleverly engineered devices that are based on the same fundamental laws as galvanic cells. The major difference between batteries and the galvanic cells we have previously described is that commercial batteries use solids or pastes rather than solutions as reactants to maximize the electrical output per unit mass. The use of highly concentrated or solid reactants has another beneficial effect: the concentrations of the reactants and the products do not change greatly as the battery is discharged; consequently, the output voltage remains remarkably constant during the discharge process. This behavior is in contrast to that of the Zn/Cu cell, whose output decreases logarithmically as the reaction proceeds (Figure 19.11 ""The Variation of ""). When a battery consists of more than one galvanic cell, the cells are usually connected in series—that is, with the positive (+) terminal of one cell connected to the negative (−) terminal of the next, and so forth. The overall voltage of the battery is therefore the sum of the voltages of the individual cells."
sciq,41,,Organisms that live deep in the ocean must be able to withstand what?,extreme water pressure,2,significant water pressure,the sun,extreme water pressure,tsunamis,1.000000,1.000000,2,2,1,1,both_correct,"Organisms that live deep in the ocean must be able to withstand extreme water pressure, very cold water, and complete darkness. However, even here, thriving communities of living things can be found. Organisms cluster around hydrothermal vents in the ocean floor. The vents release hot water containing chemicals that would be toxic to most other living things. The producers among them are single-celled chemoautotrophs. They make food using energy stored in the chemicals. The tube worms in this chapter's opening photo depend on these chemoautotrophs for food."
sciq,42,,Which system are the brain and spinal cord apart of?,central nervous system,3,limbic system,large nervous system,cerebral cortex,central nervous system,1.000000,1.000000,3,3,1,1,both_correct,"The central nervous system includes the brain and spinal cord. The brain serves as the control center of the nervous system and the body as a whole. It consists of three major parts: the cerebrum, cerebellum, and brain stem. The spinal cord carries nerve impulses back and forth between the body and brain."
sciq,43,,What are biochemical catalysts that speed up biochemical reactions?,enzymes,1,polymers,enzymes,metabolites,inhibitor,1.000000,1.000000,1,1,1,1,both_correct,"Enzymes are biochemical catalysts that speed up biochemical reactions. Without enzymes, most chemical reactions in living things would occur too slowly to keep organisms alive."
sciq,44,,"What instrument is used to make very sensitive mass measurements in a laboratory, usually in grams?",analytical balance,1,speedometer,analytical balance,scale,thermometer,1.000000,1.000000,1,1,1,1,both_correct,"An analytical balance makes very sensitive mass measurements in a laboratory, usually in grams."
sciq,45,,What is the purpose of bright colors on a flower's petals?,to attract pollinators,1,to absorb light,to attract pollinators,to attract a mate,to distract predators,1.000000,1.000000,1,1,1,1,both_correct,"Flowers Flowers are modified leaves, or sporophylls, organized around a central stalk. Although they vary greatly in appearance, all flowers contain the same structures: sepals, petals, carpels, and stamens. The peduncle attaches the flower to the plant. A whorl of sepals (collectively called the calyx) is located at the base of the peduncle and encloses the unopened floral bud. Sepals are usually photosynthetic organs, although there are some exceptions. For example, the corolla in lilies and tulips consists of three sepals and three petals that look virtually identical. Petals, collectively the corolla, are located inside the whorl of sepals and often display vivid colors to attract pollinators. Flowers pollinated by wind are usually small, feathery, and visually inconspicuous. Sepals and petals together form the perianth. The sexual organs (carpels and stamens) are located at the center of the flower. As illustrated in Figure 26.14, styles, stigmas, and ovules constitute the female organ: the gynoecium or carpel. Flower structure is very diverse, and carpels may be singular, multiple, or fused. Multiple fused carpels comprise a pistil. The megaspores and the female gametophytes are produced and protected by the thick tissues of the carpel. A long, thin structure called a style leads from the sticky stigma, where pollen is deposited, to the ovary, enclosed in the carpel. The ovary houses one or more ovules, each of which will develop into a seed upon fertilization. The male reproductive organs, the stamens (collectively called the androecium), surround the central carpel. Stamens are composed of a thin stalk called a filament and a sac-like structure called the anther. The filament supports the anther, where the microspores are produced by meiosis and develop into pollen grains."
sciq,46,,Collateral ganglia controls organs in which cavity in the body?,abdominal,3,cardiac,cranial,pelvic,abdominal,0.000004,0.999981,2,3,0,1,wrong_to_correct,"To continue with the analogy of the circuit diagram, there are three different types of “junctions” that operate within the sympathetic system (Figure 15.3). The first type is most direct: the sympathetic nerve projects to the chain ganglion at the same level as the target effector (the organ, tissue, or gland to be innervated). An example of this type is spinal nerve T1 that synapses with the T1 chain ganglion to innervate the trachea. The fibers of this branch are called white rami communicantes (singular = ramus communicans); they are myelinated and therefore referred to as white (see Figure 15.3a). The axon from the central neuron (the preganglionic fiber shown as a solid line) synapses with the ganglionic neuron (with the postganglionic fiber shown as a dashed line). This neuron then projects to a target effector—in this case, the trachea—via gray rami communicantes, which are unmyelinated axons. In some cases, the target effectors are located superior or inferior to the spinal segment at which the preganglionic fiber emerges. With respect to the “wiring” involved, the synapse with the ganglionic neuron occurs at chain ganglia superior or inferior to the location of the central neuron. An example of this is spinal nerve T1 that innervates the eye. The spinal nerve tracks up through the chain until it reaches the superior cervical ganglion, where it synapses with the postganglionic neuron (see Figure 15.3b). The cervical ganglia are referred to as paravertebral ganglia, given their location adjacent to prevertebral ganglia in the sympathetic chain. Not all axons from the central neurons terminate in the chain ganglia. Additional branches from the ventral nerve root continue through the chain and on to one of the collateral ganglia as the greater splanchnic nerve or lesser splanchnic nerve. For example, the greater splanchnic nerve at the level of T5 synapses with a collateral ganglion outside the chain before making the connection to the postganglionic nerves that innervate the stomach (see Figure 15.3c). Collateral ganglia, also called prevertebral ganglia, are situated anterior to the vertebral column and receive inputs from splanchnic nerves as well as central sympathetic neurons. They are associated with controlling organs in the abdominal cavity, and are also considered part of the enteric nervous system. The three collateral ganglia are the celiac ganglion, the superior mesenteric ganglion, and the inferior mesenteric ganglion (see Figure 15.2). The word celiac is derived from the Latin word “coelom,” which refers to a body cavity (in this case, the abdominal cavity), and the word mesenteric refers to the digestive system."
sciq,47,,A bee will sometimes do a dance to tell other bees in the hive where to find what?,food,2,enemies,water,food,honey,1.000000,1.000000,2,2,1,1,both_correct,"There are many other examples of innate behaviors. For example, did you know that honeybees dance? The honeybee pictured below has found a source of food ( Figure below ). When the bee returns to its hive, it will do a dance. This dance is called the waggle dance . The way the bee moves during its dance tells other bees in the hive where to find the food. Honeybees can do the waggle dance without learning it from other bees, so it is an innate behavior."
sciq,48,,"The lens focuses light on the retina , which covers the back of the inside of the eye. the retina has light-sensing photoreceptor cells called?",rods and cones,1,tubes and rods,rods and cones,cones and tubes,holes and cones,1.000000,1.000000,1,1,1,1,both_correct,"The lens focuses light on the retina , which covers the back of the inside of the eye. The retina has light-sensing photoreceptor cells called rods and cones. Rods let us see in dim light. Cones let us detect light of different colors."
sciq,49,,"Temperature, water, soil, and air are examples of nonliving factors of an ecosystem, also termed what?",abiotic factors,3,nucleic factors,conditional factors,diverse factors,abiotic factors,1.000000,1.000000,3,3,1,1,both_correct,"Ecology is the study of ecosystems. That is, ecology is the study of how living organisms interact with each other and with the nonliving part of their environment. An ecosystem consists of all the nonliving factors and living organisms interacting in the same habitat . Recall that living organisms are biotic factors . The biotic factors of an ecosystem include all the populations in a habitat, such as all the species of plants, animals, and fungi, as well as all the micro-organisms. Also recall that the nonliving factors are called abiotic factors . Abiotic factors include temperature, water, soil, and air."
sciq,50,,"Although magma once filled our moon's craters, what is thought to have ended there over a billion years ago?",volcanic activity,3,deserts activity,mineral activity,oceanic activity,volcanic activity,1.000000,1.000000,3,3,1,1,both_correct,"When you look at the Moon from Earth, you notice dark and light areas. The maria are dark, solid, flat areas of lava (mostly basalt). Maria covers around 16% of the Moon’s surface, mostly on the near side. The maria formed about 3.0 to 4.0 billion years ago, when the Moon was continually bombarded by meteoroids ( Figure below ). Large meteorites broke through the Moon’s newly formed surface. This eventually caused magma to flow out and fill the craters. Scientists estimate volcanic activity on the Moon ended about 1.2 billion years ago."
sciq,51,,Sensory nerves carry nerve impulses from sensory receptors to what system?,central nervous,3,MUSCULAR SYSTEM,IRCULATORY SYSTEM,ENDOCRINE SYSTEM,central nervous,1.000000,1.000000,3,3,1,1,both_correct,"Human senses include sight, hearing, balance, taste, smell, and touch. Sensory organs such as the eyes contain cells called sensory receptors that respond to particular sensory stimuli. Sensory nerves carry nerve impulses from sensory receptors to the central nervous system. The brain interprets the nerve impulses to form a response."
sciq,52,,Which kind of muscle regulates air flow in lungs?,smooth,0,smooth,alveoli,striated,vascular,0.999199,1.000000,0,0,1,1,both_correct,Smooth muscle regulates air flow in lungs.
sciq,53,,What type of bonds are formed by the side-to-side overlap of p orbitals?,pi bonds,0,pi bonds,omega bonds,theta bonds,sigma bonds,1.000000,1.000000,0,0,1,1,both_correct,Sigma bonds are formed by the end-to-end overlap of bonding orbitals. Pi bonds are formed by the side-to-side overlap of p orbitals. Single bonds are normally sigma bonds. A double or triple bond consists of one sigma bond and either one or two pi bonds.
sciq,54,,On what day of the cycle does ovulation usually occur?,14th,1,1st,14th,7th,17th,1.000000,1.000000,1,1,1,1,both_correct,"After menstruation, the endometrium begins to build up again. At the same time, a follicle starts maturing in an ovary. Ovulation occurs around day 14 of the cycle. After it occurs, the endometrium continues to build up in preparation for a fertilized egg. What happens next depends on whether the egg is fertilized."
sciq,55,,"The majority of animals belong to what category, characterized by the lack of a backbone?",invertebrate,0,invertebrate,arthropod,vertebrate,nematode,1.000000,1.000000,0,0,1,1,both_correct,The majority of living animals are invertebrates. Invertebrates lack a backbone.
sciq,56,,What is another name for the vertebral column?,backbone,0,backbone,nerve column,pillar,brain stem,1.000000,0.999948,0,0,1,1,both_correct,"animal in Phylum Chordata that has a vertebral column, or backbone."
sciq,57,,The temperature at which a substance melts is called its what point?,melting,3,boiling,change,freezing,melting,1.000000,1.000000,3,3,1,1,both_correct,"The temperature at which a substance melts is called its melting point. Melting point is a physical property of matter. The gold pictured in the Figure above , for example, has a melting point of 1064°C. This is a high melting point, and most other metals also have high melting points. The melting point of ice, in comparison, is much lower at 0°C. Many substances have even lower melting points. For example, the melting point of oxygen is -222°C."
sciq,58,,"Oogenesis, which is gametogenesis in females, begins with what type of ste cells?",ovarian,3,digestive,uterian,secretion,ovarian,1.000000,1.000000,3,3,1,1,both_correct,"Oogenesis Gametogenesis in females is called oogenesis. The process begins with the ovarian stem cells, or oogonia (Figure 27.11). Oogonia are formed during fetal development, and divide via mitosis, much like spermatogonia in the testis. Unlike spermatogonia, however, oogonia form primary oocytes in the fetal ovary prior to birth. These primary oocytes are then arrested in this stage of meiosis I, only to resume it years later, beginning at puberty and continuing until the woman is near menopause (the cessation of a woman’s reproductive functions). The number of primary oocytes present in the ovaries declines from one to two million in an infant, to approximately 400,000 at puberty, to zero by the end of menopause. The initiation of ovulation—the release of an oocyte from the ovary—marks the transition from puberty into reproductive maturity for women. From then on, throughout a woman’s reproductive years, ovulation occurs approximately once every 28 days. Just prior to ovulation, a surge of luteinizing hormone triggers the resumption of meiosis in a primary oocyte. This initiates the transition from primary to secondary oocyte. However, as you can see in Figure 27.11, this cell division does not result in two identical cells. Instead, the cytoplasm is divided unequally, and one daughter cell is much larger than the other. This larger cell, the secondary oocyte, eventually leaves the ovary during ovulation. The smaller cell, called the first polar body, may or may not complete meiosis and produce second polar bodies; in either case, it eventually disintegrates. Therefore, even though oogenesis produces up to four cells, only one survives."
sciq,59,,"Newton’s second law of what is more than a definition; it is a relationship among acceleration, force, and mass?",motion,1,interference,motion,change,gravity,1.000000,1.000000,1,1,1,1,both_correct,"9.80 m/s 2 . When we say that an acceleration is 45 g 's, it is 45×9.80 m/s 2 , which is approximately 440 m/s 2 . ) While living subjects are not used any more, land speeds of 10,000 km/h have been obtained with rocket sleds. In this example, as in the preceding one, the system of interest is obvious. We will see in later examples that choosing the system of interest is crucial—and the choice is not always obvious. Newton’s second law of motion is more than a definition; it is a relationship among acceleration, force, and mass. It can help us make predictions. Each of those physical quantities can be defined independently, so the second law tells us something basic and universal about nature. The next section introduces the third and final law of motion."
sciq,60,,What is the physical transformation of an insect moving through stages of life?,metamorphosis,3,Transition,Growth and Development,parthenogenesis,metamorphosis,1.000000,1.000000,3,3,1,1,both_correct,"With a few exceptions, all insect life begins as an egg. After leaving the egg, insects must grow and transform until reaching adulthood. Only the adult insect can mate and reproduce. The physical transformation of an insect from one stage of its life cycle to another is known as metamorphosis ."
sciq,61,,"When equal amounts of a strong acid such as hydrochloric acid are mixed with a strong base such as sodium hydroxide, the result is what kind of solution?",a neutral one,2,a thermodynamic one,a lateral one,a neutral one,a economical one,1.000000,1.000000,2,2,1,1,both_correct,"When equal amounts of a strong acid such as hydrochloric acid are mixed with a strong base such as sodium hydroxide, the result is a neutral solution. The products of the reaction do not have the characteristics of either an acid or a base. Here is the balanced molecular equation."
sciq,62,,What are fast moving rivers of air that are going in opposite directions called?,jet streams,2,air streams,burst streams,jet streams,cause streams,1.000000,1.000000,2,2,1,1,both_correct,Jet streams are fast moving rivers of air going in opposite directions.
sciq,63,,"Nephrons, renal tubules and the loop of henle are part of the process of blood filtration by what organs?",kidneys,0,kidneys,bladder,liver,lungs,1.000000,1.000000,0,0,1,1,both_correct,"Kidney Function and Physiology Kidneys filter blood in a three-step process. First, the nephrons filter blood that runs through the capillary network in the glomerulus. Almost all solutes, except for proteins, are filtered out into the glomerulus by a process called glomerular filtration. Second, the filtrate is collected in the renal tubules. Most of the solutes get reabsorbed in the PCT by a process called tubular reabsorption. In the loop of Henle, the filtrate continues to exchange solutes and water with the renal medulla and the peritubular capillary network. Water is also reabsorbed during this step. Then, additional solutes and wastes are secreted into the kidney tubules during tubular secretion, which is, in essence, the opposite process to tubular reabsorption. The collecting ducts collect filtrate coming from the nephrons and fuse in the medullary papillae. From here, the papillae deliver the filtrate, now called urine, into the minor calyces that eventually connect to the ureters through the renal pelvis. This entire process is illustrated in Figure 41.7."
sciq,64,,"Fungi, such as black bread mold (rhizopus nigricans), have haploid-dominant what?",life cycles,1,mutations,life cycles,gene pools,birth cycles,1.000000,1.000000,1,1,1,1,both_correct,"Figure 11.9 Fungi, such as black bread mold (Rhizopus nigricans), have haploid-dominant life cycles. The haploid multicellular stage produces specialized haploid cells by mitosis that fuse to form a diploid zygote. The zygote undergoes meiosis to produce haploid spores. Each spore gives rise to a multicellular haploid organism by mitosis. (credit “zygomycota” micrograph: modification of work by “Fanaberka”/Wikimedia Commons)."
sciq,65,,The electrode at which oxidation occurs is called?,the anode,2,cathode,diode,the anode,calomel,1.000000,1.000000,2,2,1,1,both_correct,"The electrode at which oxidation occurs is called the anode . The zinc anode gradually diminishes as the cell operates due to the loss of zinc metal. The zinc ion concentration in the half-cell increases. Because of the production of electrons at the anode, it is labeled as the negative electrode."
sciq,66,,The lens and other parts of the eye work together to focus a real image on what eye structure?,retina,2,iris,pupil,retina,cornea,1.000000,1.000000,2,2,1,1,both_correct,"As just described, the eyes collect and focus visible light. The lens and other structures of the eye work together to focus a real image on the retina. The image is upside-down and reduced in size, as you can see in Figure below . The image reaches the brain as electrical signals that travel through the optic nerve. The brain interprets the signals as shape, color, and brightness. It also interprets the image as though it were right-side up. The brain does this automatically, so what we see is always right-side up. The brain also “tells” us what we are seeing."
sciq,67,,What is required to move or change matter from one state to another?,energy,3,evolution,food,gravity,energy,1.000000,1.000000,3,3,1,1,both_correct,"Energy provides the ability to move or change matter from one state to another (for example, from solid to liquid). Every living thing needs energy to live and grow. Your body gets its energy from food, but that is only a small part of the energy you use every day. Cooking your food takes energy, and so does keeping it cold in the refrigerator or the freezer. The same is true for heating or cooling your home. Whether you are turning on a light in the kitchen or riding in a car to school, you are using energy. Billions of people all around the world use energy, so there is a huge demand for resources to provide all of this energy. Why do we need so much energy? The main reason is that almost everything that happens on Earth involves energy."
sciq,68,,What living species of bird is considered the  largest of the raptors?,golden eagles,0,golden eagles,pteradactyl,California condor,peregrine falcon,0.000779,1.000000,2,0,0,1,wrong_to_correct,"Although not as famous as its bald cousin, Golden Eagles are much easier to find in Northern California - one of the largest breeding populations for Golden Eagles. The largest of the raptors, Golden Eagles weigh typically between 8 and 12 pounds, and their wing span is around 6 to 7 feet. These eagles dive towards earth to catch prey, and can reach speeds of up to 200 mph! Meet one of the largest birds of prey at http://www. kqed. org/quest/television/cool-critters-the-golden-eagle ."
sciq,69,,What contains positive protons and neutral neutrons?,nucleus,1,electrons,nucleus,ions,epidermis,1.000000,1.000000,1,1,1,1,both_correct,The nucleus is at the center of the atom. It contains positive protons and neutral neutrons. Negative electrons constantly move about the nucleus.
sciq,70,,"Horny ridges on the jaws serve the same function as what, for turtles?",teeth,3,taste buds,skin,hairs,teeth,0.999060,0.989203,3,3,1,1,both_correct,"Turtles may appear slow and harmless when they are out of the water, but in the water is another story. Turtles can be either herbivores or carnivores, with most sea turtles carnivorous . Turtles have a rigid beak and use their jaws to cut and chew food. Instead of teeth, the upper and lower jaws of the turtle are covered by horny ridges. Carnivorous, or animal-eating turtles usually have knife-sharp ridges for slicing through their prey. But as the turtle is not a very fast animal, and it cannot quickly turn its head to snap at prey, it does have some limitations. Sea turtles typically feed on jellyfish, sponges and other soft-bodied organisms. Some species of sea turtle with stronger jaws eat shellfish, while other species, such as the green sea turtle, do not eat any meat at all. Herbivorous turtles have serrated ridges that help them cut through tough plants."
sciq,71,,Natural gas is the predominately made up of?,methane,2,hydrogen,sulfur,methane,carbon,1.000000,1.000000,2,2,1,1,both_correct,Natural gas is mostly methane. Natural gas is usually found with petroleum. People prefer to burn natural gas when possible because it is relatively clean.
sciq,72,,"Which  organs control the amount of water, ions, and other substances in the blood by excreting more or less of them in urine?",kidneys,2,tongue,ears,kidneys,lungs,1.000000,1.000000,2,2,1,1,both_correct,"The kidneys play many vital roles in homeostasis. They filter all the blood in the body many times each day and produce a total of about 1.5 liters of urine. The kidneys control the amount of water, ions, and other substances in the blood by excreting more or less of them in urine. The kidneys also secrete hormones that help maintain homeostasis. Erythropoietin, for example, is a kidney hormone that stimulates bone marrow to produce red blood cells when more are needed. The kidneys themselves are also regulated by hormones. For example, antidiuretic hormone from the hypothalamus stimulates the kidneys to produce more concentrated urine when the body is low on water."
sciq,73,,What unit of measurement is defined to be the number of atoms in 12g of carbon-12?,one mole,1,one joule,one mole,one ohm,one quark,1.000000,1.000000,1,1,1,1,both_correct,"The relative scale of atomic masses in amu is also a relative scale of masses in grams. We said before that the mole is officially equal to the number of carbon atoms in exactly 12 g of carbon-12. In other words, one carbon-12 atom has a mass of exactly 12 amu, and one mole of carbon atoms has a mass of exactly 12 grams. This relationship is true for all substances. If one atom of helium has a mass of 4.00 amu, one mole of helium atoms has a mass of 4.00 g. One molecule of water has a mass of 18.0 amu, so one mole of water molecules has a mass of 18.0 grams. Molar mass is defined as the mass of one mole of representative particles of a substance. It is expressed in units of grams per mole (g/mol)."
sciq,74,,What involves sensing and focusing light from people and objects?,vision,1,projection,vision,echolocation,sensory perception,1.000000,1.000000,1,1,1,1,both_correct,Vision involves sensing and focusing light from people and objects. The steps involved are as follows:.
sciq,75,,"What is a therian mammal in which the embryo is born at an early, immature stage?",a marsupial,3,bat,carnivore,rodent,a marsupial,1.000000,1.000000,3,3,1,1,both_correct,"Marsupials have a different way of reproducing that reduces the mother’s risks. A marsupial is a therian mammal in which the embryo is born at an early, immature stage. The embryo completes its development outside the mother’s body in a pouch on her belly. Only a minority of therian mammals are marsupials. They live mainly in Australia. Examples of marsupials are pictured in Figure below ."
sciq,76,,What are fungi which feed on living cells called?,parasitic,3,static,symbiotic,predatory,parasitic,1.000000,1.000000,3,3,1,1,both_correct,"23.24 Nutrition Fungi are saprophytes. When they find a source of food (e. dead wood, orange peel) , they decompose it and digest it. The enzymes break down larger organic molecules in the substrate into smaller molecules. These smaller molecules diffuse into the fungus, where they are used to allow growth and repair. Fungi which feed on living cells are parasitic. For example, athlete's foot grows on the human foot. These kinds of fungi produce hyphae called haustoria, which can penetrate host cells without immediately killing them. However, they are friendlier species of fungi. Many fungi live symbiotically with plants or animals. For example, most trees have fungi living in close contact with their roots. In this relationship, known as a mycorrhiza, there are many benefits: • Growing around the plant roots and often entering plant cells, the hyphae absorb minerals from the soil and release them in the roots. The fungi gets its source of food (organic nutrients) while delivering food to the plant. • The mycelium here would increase the surface area, thus the absorptive surface, of the plant roots. • The fungal cells help to maintain air and water flow in the soil around the roots. • The fungi may prevent other potentially pathogenic fungi to attack the tree."
sciq,77,,What is the diffusion of water through a semipermeable membrane down its concentration gradient,osmosis,3,nutrients,mirrors,Permable,osmosis,1.000000,1.000000,3,3,1,1,both_correct,"Figure 3.7 Osmosis Osmosis is the diffusion of water through a semipermeable membrane down its concentration gradient. If a membrane is permeable to water, though not to a solute, water will equalize its own concentration by diffusing to the side of lower water concentration (and thus the side of higher solute concentration). In the beaker on the left, the solution on the right side of the membrane is hypertonic."
sciq,78,,Isotopes are named for their number of protons plus what?,neutrons,0,neutrons,electrons,isomers,nuclei,1.000000,1.000000,0,0,1,1,both_correct,"Isotopes are named for their number of protons plus neutrons. If a carbon atom had seven neutrons, what would it be named?."
sciq,79,,"In phyisics, what is considered to be the rotational version of force?",torque,1,energy,torque,pressure,work,1.000000,1.000000,1,1,1,1,both_correct,"Torque is equal to the cross product as stated above. In general, one can simplify by saying that the torque is equal to the force acting on the object multiplied by the perpendicular distance from the application of the force to the rotational axis. Say you had a seesaw. It is easier to exert torque, get the seesaw to move, if you pushed on the board near the end rather than near the middle. It is the rotational version of Force."
sciq,80,,Skeletal muscles are attached to the skeleton by tough connective tissues called what?,tendons,1,veins,tendons,cords,fibers,1.000000,1.000000,1,1,1,1,both_correct,"Skeletal muscles are attached to the skeleton by tough connective tissues called tendons (see Figure above ). Many skeletal muscles are attached to the ends of bones that meet at a joint . The muscles span the joint and connect the bones. When the muscles contract, they pull on the bones, causing them to move."
sciq,81,,What is the ability to see called?,vision,0,vision,smell,thought,hearing,1.000000,1.000000,0,0,1,1,both_correct,"The ability to see is called vision . This ability depends on more than healthy eyes. It also depends on certain parts of the brain, because the brain and eyes work together to allow us to see. The eyes collect and focus visible light. The lens and other structures of the eye work together to focus an image on the retina. The image is upside-down and reduced in size, as you can see in the Figure below . Cells in the retina change the image to electrical signals that travel to the brain through the optic nerve. The brain interprets the electrical signals as shape, color, and brightness. It also interprets the image as though it were right-side up. The brain does this automatically, so what we see always appears right-side up. The brain also interprets what we are seeing."
sciq,82,,Which two major innovations allowed seed plants to reproduce in the absence of water?,seed and pollen,0,seed and pollen,salt and pollen,bee and pollen,root and pollen,0.999998,1.000000,0,0,1,1,both_correct,"CHAPTER SUMMARY 26.1 Evolution of Seed Plants Seed plants appeared about one million years ago, during the Carboniferous period. Two major innovations—seed and pollen—allowed seed plants to reproduce in the absence of water. The gametophytes of seed plants shrank, while the sporophytes became prominent structures and the diploid stage became the longest phase of the lifecycle. Gymnosperms became the dominant group during the Triassic. In these, pollen grains and seeds protect against desiccation. The seed, unlike a spore, is a diploid embryo surrounded by storage tissue and protective layers. It is equipped to delay germination until growth conditions are optimal. Angiosperms bear both flowers and fruit. The structures protect the gametes and the embryo during its development. Angiosperms appeared during the Mesozoic era and have become the dominant plant life in terrestrial habitats."
sciq,83,,Water can be broken down into hydrogen and oxygen gases by the addition of what?,energy,2,mineral,demand,energy,motion,1.000000,1.000000,2,2,1,1,both_correct,"Chemistry in Everyday Life Decomposition of Water / Production of Hydrogen Water consists of the elements hydrogen and oxygen combined in a 2 to 1 ratio. Water can be broken down into hydrogen and oxygen gases by the addition of energy. One way to do this is with a battery or power supply, as shown in (Figure 1.15)."
sciq,84,,What anatomical feature is shared by all chordates?,notochord,2,laxchord,botachord,notochord,isochord,1.000000,1.000000,2,2,1,1,both_correct,"Did you know that fish, amphibians, reptiles, birds, and mammals are all related? They are all chordates. Chordates are a group of animals that includes vertebrates, as well as several closely related invertebrates. Chordates (phylum Chordata ) are named after a feature they all share, a notochord. A notochord is a hollow nerve cord along the back."
sciq,85,,"With wavelengths from 400-700 nm, what kind of light represents only a very small portion of the spectrum?",visible light,2,invisible light,ultraviolet light,visible light,sunlight,1.000000,1.000000,2,2,1,1,both_correct,The electromagnetic spectrum encompasses a very wide range of wavelengths and frequencies. Visible light is only a very small portion of the spectrum with wavelengths from 400-700 nm.
sciq,86,,"In humans, the only haploid cells are what reproductive cells?",sperm and egg,1,dna and egg,sperm and egg,sperm and dna,uteral and sperm,1.000000,1.000000,1,1,1,1,both_correct,"The life cycle of a plant is very different from the life cycle of an animal. Humans are made entirely of diploid cells (cells with two sets of chromosomes, referred to as ''2n''). Our only cells that are haploid cells (cells with one set of chromosomes, ''n'') are sperm and egg cells. Plants, however, can live when they are are at the stage of having haploid cells or diploid cells. If a plant has a haploid chromosome number of 20, what is the diploid chromosome number? If the diploid chromosome number is 20, what is the haploid number?."
sciq,87,,The lithosphere is divided into a dozen major and several minor what?,plates,3,zones,faults,crystals,plates,1.000000,1.000000,3,3,1,1,both_correct,The lithosphere is divided into a dozen major and several minor plates. Each plate is named for the continent or ocean basin it contains. Some plates are made of all oceanic lithosphere. A few are all continental lithosphere. But most plates are made of a combination of both.
sciq,88,,"During the first year after birth, what is a baby called?",infant,2,fetus,newborn,infant,toddler,0.999996,1.000000,2,2,1,1,both_correct,"For the first year after birth, a baby is called an infant. Childhood begins at age two and continues until adolescence. Adolescence is the last stage of life before adulthood."
sciq,89,,What are used to indicate the number of atoms of an element that are in the compound?,prefixes,1,suffixes,prefixes,digits,indices,0.000001,1.000000,2,1,0,1,wrong_to_correct,Prefixes are used to indicate the number of atoms of an element that are in the compound.
sciq,90,,"Area, volume, and speed are all examples of what type of units?",derived units,1,known units,derived units,calculated measure,fundamental units,0.294214,1.000000,3,1,0,1,wrong_to_correct,"Derived units can be expressed as some combination of base units. Examples of derived units are area, volume, and speed."
sciq,91,,Anything moving has what type of energy?,kinetic,3,thermal,potential,magnetic,kinetic,1.000000,1.000000,3,3,1,1,both_correct,"Why do the air and sand of Death Valley feel so hot? It’s because their particles are moving very rapidly. Anything that is moving has kinetic energy, and the faster it is moving, the more kinetic energy it has. The total kinetic energy of moving particles of matter is called thermal energy . It’s not just hot things such as the air and sand of Death Valley that have thermal energy. All matter has thermal energy, even matter that feels cold. That’s because the particles of all matter are in constant motion and have kinetic energy."
sciq,92,,A skydiver will reach what when the air drag equals their weight?,terminal velocity,2,ending velocity,constant velocity,terminal velocity,building velocity,1.000000,1.000000,2,2,1,1,both_correct,"viscosity. Using the equation of the previous problem, find the viscosity of motor oil in which a steel ball of radius 0.8 mm falls with a terminal speed of 4.32 cm/s. The densities of the ball and the oil are 7.86 and 0.88 g/mL, respectively. A skydiver will reach a terminal velocity when the air drag equals their weight. For a skydiver with high speed and a large body, turbulence is a factor. The drag force then is approximately proportional to the square of the velocity. Taking the drag force to be F D = 1 ρAv 2 and setting this 2 equal to the person’s weight, find the terminal speed for a person falling “spread eagle. ” Find both a formula and a number for v t , with assumptions as to size. A layer of oil 1.50 mm thick is placed between two microscope slides. Researchers find that a force of 5.50×10 −4 N is required to glide one over the other at a speed of 1.00 cm/s when their contact area is 6.00 cm 2 . What is the oil’s viscosity? What type of oil might it be? 42. (a) Verify that a 19.0% decrease in laminar flow through a tube is caused by a 5.00% decrease in radius, assuming that all other factors remain constant, as stated in the text. (b) What increase in flow is obtained from a 5.00% increase in radius, again assuming all other factors remain constant? 43. Example 12.8 dealt with the flow of saline solution in an IV system. (a) Verify that a pressure of 1.62×10 4 N/m 2 is created at a depth of 1.61 m in a saline solution, assuming its density to be that of sea water. (b) Calculate the new flow rate if the height of the saline solution is decreased to 1.50 m. (c) At what height would the direction of flow be reversed? (This reversal can be a problem when patients stand up. ) 44. When physicians diagnose arterial blockages, they quote the reduction in flow rate. If the flow rate in an artery has been reduced to 10.0% of its normal value by a blood clot and the."
sciq,93,,What organs are considered the female gonads?,ovaries,0,ovaries,uterus,fallopian tubes,testes,1.000000,1.000000,0,0,1,1,both_correct,"27.2 | Anatomy and Physiology of the Female Reproductive System By the end of this section, you will be able to: • Describe the structure and function of the organs of the female reproductive system • List the steps of oogenesis • Describe the hormonal changes that occur during the ovarian and menstrual cycles • Trace the path of an oocyte from ovary to fertilization The female reproductive system functions to produce gametes and reproductive hormones, just like the male reproductive system; however, it also has the additional task of supporting the developing fetus and delivering it to the outside world. Unlike its male counterpart, the female reproductive system is located primarily inside the pelvic cavity (Figure 27.9). Recall that the ovaries are the female gonads. The gamete they produce is called an oocyte. We’ll discuss the production of oocytes in detail shortly. First, let’s look at some of the structures of the female reproductive system."
sciq,94,,What is the adaptation that certain animals use to become less visible to predators and prey?,camouflage,0,camouflage,insulation,speed,skeletons,1.000000,1.000000,0,0,1,1,both_correct,"Camouflage by the dead leaf mantis makes it less visible to both its predators and prey. If alarmed, it lies motionless on the rainforest floor of Madagascar, Africa, camouflaged among the actual dead leaves. It eats other animals up to the size of small lizards."
sciq,95,,What is another term for blood clotting?,coagulation,1,oxidation,coagulation,adulation,differentiation,1.000000,1.000000,1,1,1,1,both_correct,"Positive Feedback Loop A positive feedback loop maintains the direction of the stimulus, possibly accelerating it. Few examples of positive feedback loops exist in animal bodies, but one is found in the cascade of chemical reactions that result in blood clotting, or coagulation. As one clotting factor is activated, it activates the next factor in sequence until a fibrin clot is achieved. The direction is maintained, not changed, so this is positive feedback. Another example of positive feedback is uterine contractions during childbirth, as illustrated in Figure 33.21. The hormone oxytocin, made by the endocrine system, stimulates the contraction of the uterus. This produces pain sensed by the nervous system. Instead of lowering the oxytocin and causing the pain to subside, more oxytocin is produced until the contractions are powerful enough to produce childbirth."
sciq,96,,What do you call the study of how organisms interact with their environment and each other?,ecology,3,biochemistry,climatology,biology,ecology,1.000000,1.000000,3,3,1,1,both_correct,"Most biological sciences are specialized areas of study. Biology includes biochemistry, cell biology, microbiology, immunology, genetics, physiology, zoology, ecology, evolutionary biology, and botany. Biochemistry is the study of the chemicals that make up life. Cell biology is the study of life at the level of the cell. Microbiology is the study of microscopic organisms. Immunology is the study of an organism's resistance to disease. Genetics is the study of how organisms pass traits to their offspring. The study of how the human body works is called physiology. Zoology is the study of animals. The study of how organisms interact with their environment and each other is called ecology. Evolutionary biology is the study of how populations and species change over time. Botany is the study of plants. The four unifying principles are important foundations for each and every field of biology. Applied fields of biology such as medicine and genetic research involve many specialized areas of study."
sciq,97,,Childbirth usually starts when which sac breaks?,amniotic,3,umbilical,protein,uterine,amniotic,1.000000,1.000000,3,3,1,1,both_correct,"During childbirth , a baby passes from the uterus, through the vagina, and out of the mother’s body. Childbirth usually starts when the amniotic sac breaks."
sciq,98,,"What phenomenon, which is most important in small populations, occurs because the alleles in an offspring generation are a random sample of the alleles in the parent generation?",genetic drift,2,genetic code,genetic DNA,genetic drift,genetic mutation,1.000000,1.000000,2,2,1,1,both_correct,"Genetic Drift Another way a population’s allele frequencies can change is genetic drift (Figure 11.7), which is simply the effect of chance. Genetic drift is most important in small populations. Drift would be completely absent in a population with infinite individuals, but, of course, no population is this large. Genetic drift occurs because the alleles in an offspring generation are a random sample of the alleles in the parent generation. Alleles may or may not make it into the next generation due to chance events including mortality of an individual, events affecting finding a mate, and even the events affecting which gametes end up in fertilizations. If one individual in a population of ten individuals happens to die before it leaves any offspring to the next generation, all of its genes—a tenth of the population’s gene pool—will be suddenly lost. In a population of 100, that 1 individual represents only 1 percent of the overall gene pool; therefore, it has much less impact on the population’s genetic structure and is unlikely to remove all copies of even a relatively rare allele. Imagine a population of ten individuals, half with allele A and half with allele a (the individuals are haploid). In a stable population, the next generation will also have ten individuals. Choose that generation randomly by flipping a coin ten times and let heads be A and tails be a. It is unlikely that the next generation will have exactly half of each allele. There might be six of one and four of the other, or some different set of frequencies. Thus, the allele frequencies have changed and evolution has occurred. A coin will no longer work to choose the next generation (because the odds are no longer one half for each allele). The frequency in each generation will drift up and down on what is known as a random walk until at one point either all A or all a are chosen and that allele is fixed from that point on. This could take a very long time for a large population. This simplification is not very biological, but it can be shown that real populations behave this way. The effect of drift on frequencies is greater the smaller a population is. Its effect is also greater on an allele with a frequency far from one half. Drift will influence every allele, even those that are being naturally selected."
sciq,99,,What is the term for when an embryo fixes itself to the side of the uterus?,implantation,3,parasite,bacterial,exploration,implantation,1.000000,1.000000,3,3,1,1,both_correct,Implantation occurs when the developing embryo fixes itself to the side of the uterus.
sciq,100,,"When exposed to ultraviolet, some substances, such as minerals, glow in characteristic visible wavelengths, a process called this?",fluorescence,2,pigment,plasma,fluorescence,chemical reaction,1.000000,1.000000,2,2,1,1,both_correct,"When exposed to ultraviolet, some substances, such as minerals, glow in characteristic visible wavelengths, a process called fluorescence. So-called black lights emit ultraviolet to cause posters and clothing to fluoresce in the visible. Ultraviolet is also used in special microscopes to detect details smaller than those observable with longer-wavelength visible-light microscopes. Things Great and Small: A Submicroscopic View of X-Ray Production X-rays can be created in a high-voltage discharge. They are emitted in the material struck by electrons in the discharge current. There are two mechanisms by which the electrons create X-rays. The first method is illustrated in Figure 24.18. An electron is accelerated in an evacuated tube by a high positive voltage. The electron strikes a metal plate (e. , copper) and produces X-rays. Since this is a high-voltage discharge, the electron gains sufficient energy to ionize the atom."
sciq,101,,What disease occurs when the cell cycle is no longer regulated?,cancer,1,allergy,cancer,malnutrition,schizophrenia,1.000000,1.000000,1,1,1,1,both_correct,Cancer is a disease that occurs when the cell cycle is no longer regulated. Cancer cells grow rapidly and may form a mass of abnormal cells called a tumor.
sciq,102,,"If a lump of clay is dropped into water, what will occur?",it will sink,1,Will float,it will sink,Will break up,Will dissolve,1.000000,1.000000,1,1,1,1,both_correct,"Floating and Sinking Drop a lump of clay in water. It will sink. Then mold the lump of clay into the shape of a boat, and it will float. Because of its shape, the boat displaces more water than the lump and experiences a greater buoyant force. The same is true of steel ships."
sciq,103,,Nerve cells that sense touch are found mainly where?,skin,1,brain,skin,lungs,stomach,1.000000,1.000000,1,1,1,1,both_correct,"Touch is the ability to sense pain, pressure, or temperature. Nerve cells that sense touch are found mainly in the skin. The skin on the palms, soles, face, and lips has the most neurons. Neurons that sense pain are also found inside the body inside the body in the tongue, joints, muscles, and other organs."
sciq,104,,What do concentric circles on a topographic map indicate?,a hill,3,a forest,a crater,a lake,a hill,0.977682,1.000000,3,3,1,1,both_correct,Courtesy of the US Geological Survey. Concentric circles on a topographic map indicate a hill . Public Domain.
sciq,105,,What are the little sacs at the end of the bronchioles called?,alveoli,1,ganglion,alveoli,lung,respiratory sacs,1.000000,1.000000,1,1,1,1,both_correct,"The bronchioles lead to the alveoli. Alveoli are the little sacs at the end of the bronchioles ( Figure below ). They look like little bunches of grapes. Oxygen is exchanged for carbon dioxide in the alveoli. That means oxygen enters the blood, and carbon dioxide moves out of the blood. The gases are exchanged between the blood and alveoli by simple diffusion."
sciq,106,,How often should women perform a breast self-exam?,monthly,2,quarterly,yearly,monthly,weekly,0.999999,1.000000,2,2,1,1,both_correct,"If you are a young woman, getting in the habit of performing a monthly breast self-exam is a good idea. Lumps or other subtle changes in the breasts may indicate breast cancer. The outcome is typically better if breast cancer is caught and treated early."
sciq,107,,"The spokes of what structures that distinguish saturn appear seasonally, with an origin as yet unknown?",rings,1,craters,rings,moons,satellites,1.000000,1.000000,1,1,1,1,both_correct,An animation of dark spokes in Saturn’s rings is seen here: http://en. wikipedia. org/wiki/File:Saturn_ring_spokes_PIA11144_300px_secs15.5to23_20080926. ogv . The spokes appear seasonally and their origin is as yet unknown.
sciq,108,,What is a fiber that is found only in mammals?,hair,3,feathers,muscle,muscle,hair,1.000000,1.000000,3,3,1,1,both_correct,"Hair is a fiber that is found only in mammals. Its main component is keratin. A hair shaft consists of dead, keratin-filled cells that overlap each other like the shingles on a roof (see Figure below ). Like roof shingles, the overlapping cells help shed water from the hair."
sciq,109,,The sternocleidomastoid is the major muscle that laterally flexes and rotates what?,head,2,tongue,knee,head,eye,1.000000,1.000000,2,2,1,1,both_correct,"Muscles That Move the Head The head, attached to the top of the vertebral column, is balanced, moved, and rotated by the neck muscles (Table 11.5). When these muscles act unilaterally, the head rotates. When they contract bilaterally, the head flexes or extends. The major muscle that laterally flexes and rotates the head is the sternocleidomastoid. In addition, both muscles working together are the flexors of the head. Place your fingers on both sides of the neck and turn your head to the left and to the right. You will feel the movement originate there. This muscle divides the neck into anterior and posterior triangles when viewed from the side (Figure 11.14)."
sciq,110,,What type of plants does human welfare depend greatly on?,seed plants,2,fertilizer plants,mosses,seed plants,ferns,1.000000,1.000000,2,2,1,1,both_correct,30.4 Human welfare depends greatly on seed plants.
sciq,111,,What forms when secondary alcohols oxidize?,ketones,0,ketones,electrons,ions,chromosomes,1.000000,1.000000,0,0,1,1,both_correct,Secondary alcohols are oxidized to form ketones.
sciq,112,,What are cells without a nucleus called?,prokaryotic cells,1,Monocyte Cells,prokaryotic cells,heterogeneous cells,crustal cells,1.000000,1.000000,1,1,1,1,both_correct,Prokaryotic cells are cells without a nucleus. They are found in single-celled organisms. Eukaryotic cells are cells with a nucleus and other organelles. They are found mainly in multicellular organisms.
sciq,113,,"Bones, cartilage, and what other thing make up the skeletal system?",ligaments,3,muscles,organs,lungs,ligaments,0.994615,1.000000,3,3,1,1,both_correct,"Bones, cartilage, and ligaments make up the skeletal system."
sciq,114,,"The hypothalamus is actually part of the brain, but it also secretes what?",hormones,3,acids,electrolytes,enzymes,hormones,1.000000,1.000000,3,3,1,1,both_correct,"The hypothalamus is actually part of the brain, but it also secretes hormones. Some of its hormones go directly to the pituitary gland in the endocrine system. These hypothalamus hormones tell the pituitary to either secrete or stop secreting its hormones. In this way, the hypothalamus provides a link between the nervous and endocrine systems."
sciq,115,,What disease characterized by the extreme swelling of the limbs is caused by infection with a type of roundworm?,elephantiasis,2,pulmonary edema,gigantism,elephantiasis,fibrosis,1.000000,1.000000,2,2,1,1,both_correct,"Roundworms can be free-living organisms, but they are probably best known for their role as significant plant and animal parasites. Most Nematodes are parasitic, with over 16,000 parasitic species described. Heartworms, which cause serious disease in dogs while living in the heart and blood vessels, are a type of roundworm. Roundworms can also cause disease in humans. Elephantiasis, a disease characterized by the extreme swelling of the limbs ( Figure below ), is caused by infection with a type of roundworm."
sciq,116,,"What is the study of water movement, including waves and ocean currents?",physical oceanography,1,thermal oceanography,physical oceanography,theoretical oceanography,experimental oceanography,1.000000,1.000000,1,1,1,1,both_correct,"There are many branches of oceanography. Physical oceanography is the study of water movement, like waves and ocean currents. Physical oceanographers ask when or if a tsunami will hit a shoreline. Marine geologists look at rocks and structures in the ocean basins. These scientists ask how new ocean crust forms. Chemical oceanographers study the natural elements in ocean water. Chemical oceanographers might be concerned with where carbon dioxide goes in the oceans. Marine biologists look at marine life. There are lots of questions to ask about marine life!."
sciq,117,,What part of the sperm contains the nucleus?,head,2,body,nucleus,head,tail,1.000000,1.000000,2,2,1,1,both_correct,The head of the sperm contains the nucleus. The nucleus holds the DNA of the cell. The head also contains enzymes that help the sperm break through the cell membrane of an egg.
sciq,118,,There are many types of asexual spores. conidiospores are unicellular or multicellular spores that are released directly from the tip or side of this?,hypha,3,goychay,idioma,ganglion,hypha,1.000000,1.000000,3,3,1,1,both_correct,There are many types of asexual spores. Conidiospores are unicellular or multicellular spores that are released directly from the tip or side of the hypha. Other asexual spores originate in the fragmentation of a hypha to form single cells that are released as spores; some of these have a thick wall surrounding the fragment. Yet others bud off the vegetative parent cell. Sporangiospores are produced in a sporangium (Figure 24.9).
sciq,119,,What forms when nitrogen and sulfur oxides in air dissolve in rain?,acid rain,2,acid snow,dioxide rain,acid rain,carbon rain,1.000000,1.000000,2,2,1,1,both_correct,Acid rain forms when nitrogen and sulfur oxides in air dissolve in rain ( Figure below ). This forms nitric and sulfuric acids. Both are strong acids. Acid rain with a pH as low as 4.0 is now common in many areas. Acid fog may be even more acidic than acid rain. Fog with a pH as low as 1.7 has been recorded. That’s the same pH as toilet bowl cleaner!.
sciq,120,,Where do mushrooms get their energy?,decomposing dead organisms,1,accumulating dead organisms,decomposing dead organisms,producing dead organisms,killing organisms,0.999973,1.000000,1,1,1,1,both_correct,Mushrooms gain their energy from decomposing dead organisms. Explain why a mushroom is not a plant.
sciq,121,,What are the hormones that cause a plant to grow?,gibberellins,0,gibberellins,pistills,pores,sporozoans,1.000000,1.000000,0,0,1,1,both_correct,"Gibberellins are hormones that cause the plant to grow. When gibberellins are applied to plants by scientists, the stems grow longer. Some gardeners or horticulture scientists add gibberellins to increase the growth of plants. Dwarf plants (small plants), on the other hand, have low levels of gibberellins ( Figure below ). Another function of gibberellins is to stop dormancy (resting time) of seeds and buds. Gibberellins signal that it’s time for a seed to germinate (sprout) or for a bud to open."
sciq,122,,The ileum is the last part of what digestive system organ?,small intestine,1,stomach,small intestine,esophagus,large intestine,1.000000,1.000000,1,1,1,1,both_correct,"The ileum is the last part of the small intestine. It is covered with villi like the jejunum. A few remaining nutrients are absorbed in the ileum. From the ileum, any remaining food waste passes into the large intestine."
sciq,123,,What are the smallest structural and functional unit of all living organisms?,cells,2,neutrons,proteins,cells,lipids,1.000000,1.000000,2,2,1,1,both_correct,"If you zoom in very close on a leaf of a plant, or on the skin on your hand, or a drop of blood, you will find cells, you will find cells ( Figure below ). Cells are the smallest structural and functional unit of all living organisms. Most cells are so small that they are usually visible only through a microscope. Some organisms, like bacteria, plankton that live in the ocean, or the Paramecium, shown in Figure below , are unicellular, made of just one cell. Other organisms have millions, billions, or trillions of cells."
sciq,124,,"Clubfoot, also known as talipes, is a congenital (present at birth) disorder of unknown cause and is the most common deformity of what?",lower limb,2,genitals,upper limb,lower limb,cranium,1.000000,1.000000,2,2,1,1,both_correct,"Appendicular System: Congenital Clubfoot Clubfoot, also known as talipes, is a congenital (present at birth) disorder of unknown cause and is the most common deformity of the lower limb. It affects the foot and ankle, causing the foot to be twisted inward at a sharp angle, like the head of a golf club (Figure 8.21). Clubfoot has a frequency of about 1 out of every 1,000 births, and is twice as likely to occur in a male child as in a female child. In 50 percent of cases, both feet are affected."
sciq,125,,"Somatic cells come from the body and are not what, like sperm or eggs are?",gametes,2,toxins,organic,gametes,spores,1.000000,1.000000,2,2,1,1,both_correct,"In the case of Dolly, cells from the mammary glands were taken from the adult that was to be cloned. But other somatic cells can be used. Somatic cells come from the body and are not gametes like sperm or egg."
sciq,126,,What forms when nitrogen and oxygen combine at high temperatures?,nitrogen oxides,1,calcium oxides,nitrogen oxides,hydrocarbons,nitric acid,1.000000,1.000000,1,1,1,1,both_correct,"Nitrogen oxides include nitric oxide (NO) and nitrogen dioxide (NO 2 ). Nitrogen oxides form when nitrogen and oxygen combine at high temperatures. This occurs in hot exhausts from vehicles, factories, and power plants."
sciq,127,,A diagram in which the numerical values of variables are represented by the height or length of lines or rectangles of equal width is called?,bar graph,2,circle graph,venn diagram,bar graph,pie chart,1.000000,1.000000,2,2,1,1,both_correct,Bar graphs are especially useful for comparing values for different types of things. The bar graph in Figure below shows the number of vehicles of each type that passed the checkpoint.
sciq,128,,What opens two strands of dna?,helicase,0,helicase,adenylate,replication,chromosome,1.000000,1.000000,0,0,1,1,both_correct,"DNA replication. The two DNA strands are opened by helicase. The strands are held open by a single strand of binding proteins, preventing premature reannealing. Topoisomerase solves the problem caused by tension generated by winding/unwinding of DNA. This enzyme wraps around DNA and makes a cut permitting the helix to spin and relax. Once DNA is relaxed, topoisomerase reconnects broken strands. DNA primase synthesizes a short RNA primer which initiates the Okazaki fragment. Okazaki fragments are attached by DNA ligase."
sciq,129,,What come together to create continents and supercontinents?,microcontinents,3,mountains,volcanic sediment,islands,microcontinents,0.996313,1.000000,3,3,1,1,both_correct,Microcontinents come together to create continents and supercontinents.
sciq,130,,"Vultures, raccoons and blowflies are examples of what?",scavengers,0,scavengers,producer,predator,consumer,1.000000,1.000000,0,0,1,1,both_correct,"Scavengers consume the soft tissues of dead animals. Examples of scavengers include vultures, raccoons, and blowflies."
sciq,131,,What are classified by climatic factors and types of primary producers?,terrestrial biomes,3,old biomes,equivalent biomes,fossil biomes,terrestrial biomes,1.000000,1.000000,3,3,1,1,both_correct,Terrestrial biomes are classified by climatic factors and types of primary producers. The world map in Figure below shows where 13 major terrestrial biomes are found.
sciq,132,,All organisms can be classified into one of three of this least specific grouping?,domains,0,domains,species,phlylum,aspects,1.000000,1.000000,0,0,1,1,both_correct,"Modern taxonomists have reordered many groups of organisms since Linnaeus. The main categories that biologists use are listed here from the most specific to the least specific category ( Figure below ). All organisms can be classified into one of three domains , the least specific grouping. The three domains are Bacteria, Archaea, and Eukarya. The Kingdom is the next category after the Domain. All life is divided among six kingdoms: Kingdom Bacteria, Kingdom Archaea, Kingdom Protista, Kingdom Plantae, Kingdom Fungi, and Kingdom Animalia."
sciq,133,,What artery takes blood to the brain?,carotid,3,pulmonary,veins,coronary,carotid,1.000000,1.000000,3,3,1,1,both_correct,"Arteries, Veins, and Capillaries The blood from the heart is carried through the body by a complex network of blood vessels (Figure 40.15). Arteries take blood away from the heart. The main artery is the aorta that branches into major arteries that take blood to different limbs and organs. These major arteries include the carotid artery that takes blood to the brain, the brachial arteries that take blood to the arms, and the thoracic artery that takes blood to the thorax and then into the hepatic, renal, and gastric arteries for the liver, kidney, and stomach, respectively. The iliac artery takes blood to the lower limbs. The major arteries diverge into minor arteries, and then smaller vessels called arterioles, to reach more deeply into the muscles and organs of the body."
sciq,134,,The bohr model works only for which atom?,hydrogen,0,hydrogen,helium,boron,carbon,1.000000,1.000000,0,0,1,1,both_correct,The Bohr model works only for the hydrogen atom.
sciq,135,,What holds together adenine and thymine?,hydrogen bonds,1,covalent bonds,hydrogen bonds,potassium bonds,helium bonds,1.000000,1.000000,1,1,1,1,both_correct,"The base-pairing nature of DNA. Adenine always pairs with thymine, and they are held together with two hydrogen bonds. The guanine-cytosine base pair is held together with three hydrogen bonds. Note that one sugar-phosphate backbone is in the 5’ → 3’ direction, with the other strand in the opposite 3’ → 5’ orientation. Notice that the 5'-end begins with a free (not attached to the sugar of another nucleotide) phosphate group, while the 3'-end has a free (not attached to the phosphate group of another nucleotide) deoxyribose sugar."
sciq,136,,Approximately 20% of the atmosphere is made of which element?,oxygen,1,hydrogen,oxygen,carbon,nitrogen,0.999963,1.000000,1,1,1,1,both_correct,"Approximately 20% of the atmosphere is oxygen. This gas is essential for life. In environments where oxygen is in low supply, it can be provided from a tank. Since gases are very compressible, a large amount of oxygen can be stored in a relatively small container. When it is released, the volume expands and the pressure decreases. The gas is then available for breathing under normal pressure."
sciq,137,,Compound forms when atoms of nonmetals form molecules that are held together by what?,covalent bonds,2,dissonance bonds,phenotype bonds,covalent bonds,magnetic bonds,1.000000,1.000000,2,2,1,1,both_correct,Compound forms when atoms of nonmetals form molecules that are held together by covalent bonds.
sciq,138,,Which property of diamond makes it so hard?,chemical bonds,3,non-covalent bonds,carbon bonds,metal-metal bonds,chemical bonds,0.000588,0.943348,1,3,0,1,wrong_to_correct,"Diamond is the hardest natural material known on Earth. Yet diamond is just pure carbon. What is special about this element that makes diamond so hard? Bonds. Chemical bonds. In a perfect diamond crystal, each C atom makes four connections—bonds—to four other C atoms in a three-dimensional matrix. Four is the greatest number of bonds that is commonly made by atoms, so C atoms maximize their interactions with other atoms. This threedimensional array of connections extends throughout the diamond crystal, making it essentially one large molecule. Breaking a diamond means breaking every bond at once. Also, the bonds are moderately strong. There are stronger interactions known, but the carboncarbon connection is fairly strong itself. Not only does a person have to break many connections at once, but also the bonds are strong connections from the start. There are other substances that have similar bonding arrangements as diamond does. Silicon dioxide and boron nitride have some similarities, but neither of them comes close to the ultimate hardness of diamond. How do atoms make compounds? Typically they join together in such a way that they lose their identities as elements and adopt a new identity as a compound. These joins are called chemical bonds. But how do atoms join together? Ultimately, it all comes down to electrons. Before we discuss how electrons interact, we need to introduce a tool to simply illustrate electrons in an atom."
sciq,139,,"Which has a higher metabolic rate, a mouse or an elephant?",mouse,1,elephant,mouse,rat,rabbit,1.000000,1.000000,1,1,1,1,both_correct,Figure 33.4 The mouse has a much higher metabolic rate than the elephant. (credit “mouse”: modification of work by Magnus Kjaergaard; credit “elephant”: modification of work by “TheLizardQueen”/Flickr).
sciq,140,,The bony socket that houses the eyeball and associated muscles is called?,orbit,0,orbit,cavity,acetabulum,glenoid fossa,1.000000,1.000000,0,0,1,1,both_correct,"The Orbit The orbit is the bony socket that houses the eyeball and contains the muscles that move the eyeball or open the upper eyelid. Each orbit is cone-shaped, with a narrow posterior region that widens toward the large anterior opening. To help protect the eye, the bony margins of the anterior opening are thickened and somewhat constricted. The medial walls of the two orbits are parallel to each other but each lateral wall diverges away from the midline at a 45° angle. This divergence provides greater lateral peripheral vision. The walls of each orbit include contributions from seven skull bones (Figure 7.16). The frontal bone forms the roof and the zygomatic bone forms the lateral wall and lateral floor. The medial floor is primarily formed by the maxilla, with a small contribution from the palatine bone. The ethmoid bone and lacrimal bone make up much of the medial wall and the sphenoid bone forms the posterior orbit. At the posterior apex of the orbit is the opening of the optic canal, which allows for passage of the optic nerve from the retina to the brain. Lateral to this is the elongated and irregularly shaped superior orbital fissure, which provides passage for the artery that supplies the eyeball, sensory nerves, and the nerves that supply the muscles involved in eye movements."
sciq,141,,Where does the energy produced by plants come from?,sunlight,3,evaporation,groundwater,animals,sunlight,1.000000,1.000000,3,3,1,1,both_correct,"They are full of energy. Energy in the form of glucose. Fruit and vegetable plants, like all plants, are autotrophs and producers, producing energy from sunlight. The energy from sunlight is briefly held in NADPH and ATP, which is needed to drive the formation of sugars such as glucose. And this all happens in the Calvin Cycle."
sciq,142,,"Humans cannot digest what primary structural material of plants, which is one of the most abundant organic substances on earth?",cellulose,0,cellulose,sulfur,zinc,carbonate,1.000000,1.000000,0,0,1,1,both_correct,"Starches (a) and cellulose (b) differ in the connection between glucose units and the amount of branching in the molecule. Starches can be coiled or branched, whereas cellulose, the primary structural material of plants, has long, unbranched chains held together by hydrogen bonds. Cellulose is the primary structural material of plants and one of the most abundant organic substances on Earth. Because our enzymes are not able to hydrolyze the bonds between the glucose units in cellulose, we are unable to digest it. A recently marketed product containing a high percentage of cellulose was sold as a dietetic substance for rapid weight loss, but those who consumed it experienced severe intestinal discomfort because the cellulose could not be digested. The product was quickly removed from the market."
sciq,143,,What three parts is the earth divided into?,"crust, mantle, core",0,"crust, mantle, core","troposphere, atomosphere, xerosphere","crust, core, magma","oceans, land, air",1.000000,1.000000,0,0,1,1,both_correct,"From outside to inside, Earth is divided into crust, mantle, and core. Each has a different chemical makeup. Earth can also be divided into layers with different properties. The two most important are lithosphere and asthenosphere."
sciq,144,,Ac is better than dc for doing what?,transporting electrcal energy,2,storing electrical energy,stopping electrical ebergy,transporting electrcal energy,cooking electrcal energy,0.967899,1.000000,2,2,1,1,both_correct,"Alternating Current (AC): Voltage pushes (so current flows) in alternate directions, back and forth. In the US they reverse direction 60 times a second (60 Hz). AC is more convenient than DC for transporting electrical energy. Below is a plot of voltage vs. time for a standard circuit in the USA."
sciq,145,,"What arises due to crossing over, independent assortment, and the random union of gametes?",genetic variation,1,susceptible variation,genetic variation,recessive variation,alternative variation,1.000000,1.000000,1,1,1,1,both_correct,"Asexual reproduction has the advantage of occurring quickly. Sexual reproduction has the advantage of creating genetic variation. This can help a species adapt to environmental change. The genetic variation arises due to crossing over, independent assortment, and the random union of gametes."
sciq,146,,Myofibrils are long cylindrical structures that lie parallel to and run the entire length of what fibers?,skeletal muscle fibers,1,heart muscle fibers,skeletal muscle fibers,uplift muscle fibers,luminous muscle fibers,1.000000,1.000000,1,1,1,1,both_correct,"Skeletal Muscle Fiber Structure and Function Each skeletal muscle fiber is a skeletal muscle cell. Within each muscle fiber are myofibrils, long cylindrical structures that lie parallel to the muscle fiber. Myofibrils run the entire length of the muscle fiber. They attach to the plasma membrane, called the sarcolemma, at their ends, so that as myofibrils shorten, the entire muscle cell contracts (Figure 16.18)."
sciq,147,,Hydrogen atoms form only one covalent bond because they have only one have one of what to pair with it?,valence electron,1,Water electron,valence electron,loops electron,modular electron,1.000000,1.000000,1,1,1,1,both_correct,Hydrogen atoms form only one covalent bond because they have only one valence electron to pair.
sciq,148,,The ionic end of a detergent can either be a sulfate or what?,sulfonate,0,sulfonate,molecule,calcite,phosphate,0.939912,1.000000,0,0,1,1,both_correct,Figure 11.33 Detergents contain a nonpolar hydrocarbon end (blue) and an ionic end (red). The ionic end can be either a sulfate or a sulfonate. The length of the hydrocarbon end can vary from detergent to detergent.
sciq,149,,"The inside of the small intestine has many folds, called villi. microvilli are lined with blood vessels as well as lymphatic vessels. the inside of the small intestine is called this?",lumen,0,lumen,porous,reticular,osmotic,1.000000,1.000000,0,0,1,1,both_correct,"The inside of the small intestine has many folds, called villi. Microvilli are lined with blood vessels as well as lymphatic vessels. The inside of the small intestine is called the lumen. Figure 34.19 Which of the following statements about digestive processes is true? a. Amylase, maltase and lactase in the mouth digest carbohydrates. Trypsin and lipase in the stomach digest protein. Bile emulsifies lipids in the small intestine. No food is absorbed until the small intestine."
sciq,150,,What broad animal group is thought to have evolved from theropod dinosaurs around 150 million years ago?,birds,0,birds,reptiles,mammals,insects,1.000000,1.000000,0,0,1,1,both_correct,"Birds are thought to have evolved from theropod dinosaurs around 150 million years ago. Their ancestor may have been similar to the extinct theropod Deinonychus, whose fossils convinced most scientists that birds evolved from dinosaurs. Scientist still don’t know how or why wings and flight evolved, but they continue to search for answers."
sciq,151,,"During evolution, something happened to increase the size of what organ in humans, relative to that of the chimpanzee?",brain,1,liver,brain,lung,stomach,1.000000,1.000000,1,1,1,1,both_correct,"Compared with the nearest evolutionary relative, the chimpanzee, the human has a brain that is huge. At a point in the past, a common ancestor gave rise to the two species of humans and chimpanzees. That evolutionary history is long and is still an area of intense study. But something happened to increase the size of the human brain relative to the chimpanzee. Read this article (http://openstaxcollege. org/l/hugebrain) in which the author explores the current understanding of why this happened. According to one hypothesis about the expansion of brain size, what tissue might have been sacrificed so energy was available to grow our larger brain? Based on what you know about that tissue and nervous tissue, why would there be a trade-off between them in terms of energy use?."
sciq,152,,What is the protein in red blood cells which transports oxygen around the body?,hemoglobin,0,hemoglobin,plasma,hematocrit,hydrogen,1.000000,1.000000,0,0,1,1,both_correct,What do you see when you look at this picture? Is it just a mass of tangled ribbons? Look closely. It’s actually a complex pattern of three-dimensional shapes. It represents the structure of a common chemical found inside living cells. The chemical is a protein called hemoglobin. It is the protein in red blood cells which transports oxygen around the body.
sciq,153,,The glass hydrometer is filled with air and weighted with lead at the bottom. it floats highest in the densest fluids and has been calibrated and labeled so that you can read this from it?,specific gravity,3,mass,volume,density,specific gravity,0.974821,0.217338,3,2,1,0,correct_to_wrong,"CHAPTER SUMMARY 12.1 Mendel’s Experiments and the Laws of Probability Working with garden pea plants, Mendel found that crosses between parents that differed by one trait produced F1 offspring that all expressed the traits of one parent. Observable traits are referred to as dominant, and non-expressed traits are described as recessive. When the offspring in Mendel’s experiment were self-crossed, the F2 offspring exhibited the dominant trait or the recessive trait in a 3:1 ratio, confirming that the recessive trait had been transmitted faithfully from the original P0 parent. Reciprocal crosses generated identical F1 and F2 offspring ratios. By examining sample sizes, Mendel showed that his crosses behaved reproducibly according to the laws of probability, and that the traits were inherited as independent events. Two rules in probability can be used to find the expected proportions of offspring of different traits from different crosses. To find the probability of two or more independent events occurring together, apply the product rule and multiply the probabilities of the individual events. The use of the word “and” suggests the appropriate application of the product rule. To find the probability of two or more events occurring in combination, apply the sum rule and add their individual probabilities together. The use of the word “or” suggests the appropriate application of the sum rule."
sciq,154,,Organs involved in digestion that do not have food pass through them are called?,accessory organs,2,bypass organs,layer organs,accessory organs,vestigial organs,1.000000,1.000000,2,2,1,1,both_correct,"Other organs involved in digestion include the liver, gall bladder, and pancreas. They are called accessory organs because food does not pass through them. Instead, they secrete or store substances needed for digestion."
sciq,155,,"At a synapse, what objects are released to carry a nerve impulse from one neuron to the next?",neurotransmitters,3,viruses,receptors,microorganisms,neurotransmitters,1.000000,1.000000,3,3,1,1,both_correct,"Laura Guerin. At a synapse, neurotransmitters are released to carry a nerve impulse from one neuron to the next . CC BY-NC 3.0."
sciq,156,,"In physics, when one subtracts the frictional force from the applied force what is the result?",net force,1,rolled force,net force,quarter force,kinetic force,1.000000,1.000000,1,1,1,1,both_correct,The net force is found by subtracting the frictional force from the applied force.
sciq,157,,"Skyscrapers and other large structures built on soft ground must be anchored to what, located below the ground surface?",bedrock,1,groundwater,bedrock,ocean floor,water table,1.000000,1.000000,1,1,1,1,both_correct,Skyscrapers and other large structures built on soft ground must be anchored to bedrock. Sometimes the bedrock lies hundreds of meters below the ground surface.
sciq,158,,"When your brain senses that your body temperature is increasing, it sends messages to the blood vessels in the skin to increase in what?",diameter,0,diameter,height,surface,weight,0.999998,0.999999,0,0,1,1,both_correct,"The cardiovascular system also plays a role in maintaining body temperature. It helps to keep you warm by moving warm blood around your body. Your blood vessels also control your body temperature to keep you from getting too hot or too cold. When your brain senses that your body temperature is increasing, it sends messages to the blood vessels in the skin to increase in diameter. Increasing the diameter of the blood vessels increases the amount of blood and heat that moves near the skin's surface. The heat is then released from the skin. This helps you cool down. What do you think your blood vessels do when your body temperature is decreasing?."
sciq,159,,Ingestion and propulsion are the first two steps in which process that describes how humans process and consume food?,digestion,2,respiration,regeneration,digestion,absorption,1.000000,1.000000,2,2,1,1,both_correct,"Digestive Processes The processes of digestion include six activities: ingestion, propulsion, mechanical or physical digestion, chemical digestion, absorption, and defecation. The first of these processes, ingestion, refers to the entry of food into the alimentary canal through the mouth. There, the food is chewed and mixed with saliva, which contains enzymes that begin breaking down the carbohydrates in the food plus some lipid digestion via lingual lipase. Chewing increases the surface area of the food and allows an appropriately sized bolus to be produced. Food leaves the mouth when the tongue and pharyngeal muscles propel it into the esophagus. This act of swallowing, the last voluntary act until defecation, is an example of propulsion, which refers to the movement of food through the digestive tract. It includes both the voluntary process of swallowing and the involuntary process of peristalsis. Peristalsis consists of sequential, alternating waves of contraction and relaxation of alimentary wall smooth muscles, which act to propel food along (Figure 23.5). These waves also play a role in mixing food with digestive juices. Peristalsis is so powerful that foods and liquids you swallow enter your stomach even if you are standing on your head."
sciq,160,,Which fish has a round sucker used to suck the blood of other fish?,lamprey,3,abalone,moray,shark,lamprey,1.000000,1.000000,3,3,1,1,both_correct,Lampreys Lampreys lack scales but have fins and a partial backbone. Their mouth is surrounded by a large round sucker with teeth. They use the sucker to suck the blood of other fish. lampreys.
sciq,161,,What type of change is undergone when the physical properties of a substance are changed?,physical,0,physical,atmospheric,genetic,thermal,1.000000,1.000000,0,0,1,1,both_correct,"Any time the physical properties of a substance are changed, we can say the substance has undergone a physical change . All substances undergo physical changes where there is a change in the form of the substance but not in its chemical composition. For instance, the grinding of granular sugar into powdered sugar is a physical change. Similarly, dissolving sugar in water is a physical change. We can also use physical changes to separate mixtures into their components. There are a variety of methods used, and the best procedure depends largely on the nature of the mixture. Depending on the states of matter involved, the relative sizes of the mixtures components, and whether the mixture is homogeneous or heterogeneous will determine the necessary separation technique."
sciq,162,,"Digestive enzymes are released, or secreted, by the organs of which body system?",digestive system,3,nervous system,endocrine system,urinary system,digestive system,1.000000,1.000000,3,3,1,1,both_correct,"Digestive enzymes are released, or secreted, by the organs of the digestive system. These enzymes include proteases that digest proteins, and nucleases that digest nucleic acids. Examples of digestive enzymes are:."
sciq,163,,Where on a jellyfish is the mouth opening located?,underside,3,right side,top,left side,underside,0.999998,1.000000,3,3,1,1,both_correct,"In the jellyfish, a mouth opening is present on the underside of the animal, surrounded by tentacles bearing nematocysts. Scyphozoans live most of their life cycle as free-swimming, solitary carnivores. The mouth leads to the gastrovascular cavity, which may be sectioned into four interconnected sacs, called diverticuli. In some species, the digestive system may be further branched into radial canals. Like the septa in anthozoans, the branched gastrovascular cells serve two functions: to increase the surface area for nutrient absorption and diffusion; thus, more cells are in direct contact with the nutrients in the gastrovascular cavity. In scyphozoans, nerve cells are scattered all over the body. Neurons may even be present in clusters called rhopalia. These animals possess a ring of muscles lining the dome of the body, which provides the contractile force required to swim through water. Scyphozoans are dioecious animals, that is, the sexes are separate. The gonads are formed from the gastrodermis and gametes are expelled through the mouth. Planula larvae are formed by external fertilization; they settle on a substratum in a polypoid form known as scyphistoma. These forms may produce additional polyps by budding or may transform into the medusoid form. The life cycle (Figure 28.10) of these animals can be described as polymorphic, because they exhibit both a medusal and polypoid body plan at some point in their life cycle."
sciq,164,,Calcium ion is an example of what kind of messenger?,second,0,second,third,fourth,first,0.999993,1.000000,0,0,1,1,both_correct,"Second Messengers Second messengers are small molecules that propagate a signal after it has been initiated by the binding of the signaling molecule to the receptor. These molecules help to spread a signal through the cytoplasm by altering the behavior of certain cellular proteins. Calcium ion is a widely used second messenger. The free concentration of calcium ions (Ca2+) within a cell is very low because ion pumps in the plasma membrane continuously use adenosine-5'-triphosphate (ATP) to remove it. For signaling purposes, Ca2+ is stored in cytoplasmic vesicles, such as the endoplasmic reticulum, or accessed from outside the cell. When signaling occurs, ligand-gated calcium ion channels allow the higher levels of Ca2+ that are present outside the cell (or in intracellular storage compartments) to flow into the cytoplasm, which raises the concentration of cytoplasmic Ca2+. The response to the increase in Ca2+ varies, depending on the cell type involved. For example, in the β-cells of the pancreas, Ca2+ signaling leads to the release of insulin, and in muscle cells, an increase in Ca 2+ leads to muscle contractions. Another second messenger utilized in many different cell types is cyclic AMP (cAMP). Cyclic AMP is synthesized by the enzyme adenylyl cyclase from ATP (Figure 9.12). The main role of cAMP in cells is to bind to and activate an enzyme called cAMP-dependent kinase (A-kinase). A-kinase regulates many vital metabolic pathways: It phosphorylates serine and threonine residues of its target proteins, activating them in the process. A-kinase is found in many different types of cells, and the target proteins in each kind of cell are different. Differences give rise to the variation of the responses to cAMP in different cells."
sciq,165,,What unit do astronomers use to describe distances in space?,light years,0,light years,quantum years,light months,gravity years,1.000000,1.000000,0,0,1,1,both_correct,Astronomers use light years as the unit to describe distances in space. Remember that a light year is the distance light travels in one year.
sciq,166,,What is the process by which water moves through semi-permeable membranes from one part of the body to another?,osmosis,2,electrolysis,diffusion,osmosis,mitosis,1.000000,1.000000,2,2,1,1,both_correct,"26.1 | Body Fluids and Fluid Compartments By the end of this section, you will be able to: • Explain the importance of water in the body • Contrast the composition of the intracellular fluid with that of the extracellular fluid • Explain the importance of protein channels in the movement of solutes • Identify the causes and symptoms of edema The chemical reactions of life take place in aqueous solutions. The dissolved substances in a solution are called solutes. In the human body, solutes vary in different parts of the body, but may include proteins—including those that transport lipids, carbohydrates, and, very importantly, electrolytes. Often in medicine, a mineral dissociated from a salt that carries an electrical charge (an ion) is called and electrolyte. For instance, sodium ions (Na+) and chloride ions (Cl-) are often referred to as electrolytes. In the body, water moves through semi-permeable membranes of cells and from one compartment of the body to another by a process called osmosis. Osmosis is basically the diffusion of water from regions of higher concentration to regions of lower concentration, along an osmotic gradient across a semi-permeable membrane. As a result, water will move into and out of cells and tissues, depending on the relative concentrations of the water and solutes found there. An appropriate balance of solutes inside and outside of cells must be maintained to ensure normal function."
sciq,167,,What cells are the basis of nervous tissue?,neurons,1,lipocytes,neurons,erythrocytes,osteoclasts,1.000000,1.000000,1,1,1,1,both_correct,"Neurons Neurons are the cells considered to be the basis of nervous tissue. They are responsible for the electrical signals that communicate information about sensations, and that produce movements in response to those stimuli, along with inducing thought processes within the brain. An important part of the function of neurons is in their structure, or shape. The threedimensional shape of these cells makes the immense numbers of connections within the nervous system possible."
sciq,168,,"Pure carbon can exist in different forms, depending on how its atoms are arranged. the forms include diamond, graphite, and what else?",fullerenes,0,fullerenes,calcites,ligands,lead,1.000000,1.000000,0,0,1,1,both_correct,"Pure carbon can exist in different forms, depending on how its atoms are arranged. The forms include diamond, graphite, and fullerenes. All three forms exist as crystals, but they have different structures. Their different structures, in turn, give them different properties. You can learn more about them in Table below ."
sciq,169,,"Which cavity, filled with lubricating serous fluid, lies between the epicardium and the pericardium?",pericardial cavity,0,pericardial cavity,oral cavity,thoracic cavity,cranial cavity,1.000000,1.000000,0,0,1,1,both_correct,"and is part of the heart wall. The pericardial cavity, filled with lubricating serous fluid, lies between the epicardium and the pericardium. In most organs within the body, visceral serous membranes such as the epicardium are microscopic. However, in the case of the heart, it is not a microscopic layer but rather a macroscopic layer, consisting of a simple squamous epithelium called a mesothelium, reinforced with loose, irregular, or areolar connective tissue that attaches to the pericardium. This mesothelium secretes the lubricating serous fluid that fills the pericardial cavity and reduces friction as the heart contracts. Figure 19.5 illustrates the pericardial membrane and the layers of the heart."
sciq,170,,What part of the male reproductive system is involved with the most common disorders?,the testes,3,the glans,the ureter,the penis,the testes,0.000000,1.000000,2,3,0,1,wrong_to_correct,Most common disorders of the male reproductive system involve the testes. They include injuries and cancer.
sciq,171,,Layers of what create a volcano?,lava,0,lava,limestone,crust,rock,0.000003,1.000000,2,0,0,1,wrong_to_correct,Magma beneath a volcano erupts onto the volcano’s surface. Layer upon layer of lava creates a volcano.
sciq,172,,"In amphibians, reptiles, birds, and mammals, blood flow is directed in two circuits: one through the lungs and back to the heart, which is called what?",pulmonary circulation,1,systemic circulation,pulmonary circulation,metabolic circulation,sensory circulation,1.000000,1.000000,1,1,1,1,both_correct,"In amphibians, reptiles, birds, and mammals, blood flow is directed in two circuits: one through the lungs and back to the heart, which is called pulmonary circulation, and the other throughout the rest of the body and its organs including the brain (systemic circulation). In amphibians, gas exchange also occurs through the skin during pulmonary circulation and is referred to as pulmocutaneous circulation. As shown in Figure 40.4b, amphibians have a three-chambered heart that has two atria and one ventricle rather than the two-chambered heart of fish. The two atria (superior heart chambers) receive blood from the two different circuits (the lungs and the systems), and then there is some mixing of the blood in the heart’s ventricle (inferior heart chamber), which reduces the efficiency of oxygenation. The advantage to this arrangement is that high pressure in the vessels pushes blood to the lungs and body. The mixing is mitigated by a ridge within the ventricle that diverts oxygen-rich blood through the systemic circulatory system and deoxygenated blood to the pulmocutaneous circuit. For this reason, amphibians are often described as having double circulation. Most reptiles also have a three-chambered heart similar to the amphibian heart that directs blood to the pulmonary and systemic circuits, as shown in Figure 40.4c. The ventricle is divided more effectively by a partial septum, which results in less mixing of oxygenated and deoxygenated blood. Some reptiles (alligators and crocodiles) are the most primitive animals to exhibit a four-chambered heart. Crocodilians have a unique circulatory mechanism where the heart shunts blood from the lungs toward the stomach and other organs during long periods of submergence, for instance, while the animal waits for prey or stays underwater waiting for prey to rot. One adaptation includes two main arteries that leave the same part of the heart: one takes blood to the lungs and the other provides an alternate route to the stomach and other parts of the body. Two other adaptations include a hole in the heart between the two ventricles, called the foramen of Panizza, which allows blood to move from one side of the heart to the other, and specialized connective tissue that slows the blood flow to the lungs. Together these adaptations have made crocodiles and alligators one of the most evolutionarily successful animal groups on earth. In mammals and birds, the heart is also divided into four chambers: two atria and two ventricles, as illustrated in Figure 40.4d. The oxygenated blood is separated from the deoxygenated blood, which improves the efficiency of double circulation and is probably required for the warm-blooded lifestyle of mammals and birds. The four-chambered heart of birds and mammals evolved independently from a three-chambered heart. The independent evolution of the same or a similar biological trait is referred to as convergent evolution."
sciq,173,,"In the microbiology lab, what technique refers to the procedures that are carried out under sterile conditions?",aseptic,2,ionization,experimental control,aseptic,personal hygiene,1.000000,1.000000,2,2,1,1,both_correct,"In the microbiology lab, aseptic technique refers to the procedures that are carried out under sterile conditions. Scientists who study microbes are called microbiologists. Microbiologists must carry out their lab work using the aseptic technique to prevent microbial contamination of themselves, contamination of the environment they are working in, including work surfaces or equipment, and contamination of the sample they are working on. Bacteria live on just about every surface on Earth, so if a scientist wants to grow a particular type of bacterium in the lab, he or she needs to be able to sterilize their equipment to prevent contamination by other bacteria or microorganisms. The aseptic technique is also used in medicine, where it is important to keep the human body free of contamination."
sciq,174,,"Connecting a magnesium rod to an underground steel pipeline protects the pipeline from corrosion. because magnesium (e° = −2.37 v) is much more easily oxidized than iron (e° = −0.45 v), the mg rod acts as the anode in a what?",galvanic cell,1,anode cell,galvanic cell,stimulation cell,voltaic cell,1.000000,1.000000,1,1,1,1,both_correct,"Connecting a magnesium rod to an underground steel pipeline protects the pipeline from corrosion. Because magnesium (E° = −2.37 V) is much more easily oxidized than iron (E° = −0.45 V), the Mg rod acts as the anode in a galvanic cell. The pipeline is therefore forced to act as the cathode at which oxygen is reduced. The soil between the anode and the cathode acts as a salt bridge that completes the electrical circuit and maintains electrical neutrality. As Mg(s) is oxidized to Mg2+ at the anode, anions in the soil, such as nitrate, diffuse toward the anode to neutralize the positive charge. Simultaneously, cations in the soil, such as H+ or NH4+, diffuse toward the cathode, where they replenish the protons that are consumed as oxygen is reduced. A similar strategy uses many miles of somewhat less reactive zinc wire to protect the Alaska oil pipeline."
sciq,175,,"Matrix is the term for the fluid-filled interior of what structure, where most of the cell’s atp is made?",mitochondria,2,Golgi apparatus,enzyme,mitochondria,nucleus,1.000000,1.000000,2,2,1,1,both_correct,"As the Figure below (a) and (b) shows, a mitochondrion has two phospholipids membranes. The smooth outer membrane separates the mitochondrion from the cytosol. The inner membrane has many folds, called cristae . These cristae greatly increase the membrane surface area for integral proteins. Many proteins involved in cellular respiration are embedded in this inner membrane. The greater surface area allows more proteins to be located there, resulting in more cellular respiration reactions, and more ATP synthesis. ATP is produced by the enzyme ATP synthase, which is a membrane protein of the mitochondria inner membrane. The fluid-filled inside of the mitochondrian, called matrix , is where most of the cell’s ATP is made."
sciq,176,,"Chitin, also found in the exoskeleton of insects, gives structural strength to the cell walls of fungi. the cell wall protects the cell from what?",desiccation and predators,0,desiccation and predators,entrainment and predators,fermentation and predators,starvation and predators,1.000000,1.000000,0,0,1,1,both_correct,"Like plant cells, fungal cells are surrounded by a thick cell wall; however, the rigid layers contain the complex polysaccharides chitin and glucan and not cellulose that is used by plants. Chitin, also found in the exoskeleton of insects, gives structural strength to the cell walls of fungi. The cell wall protects the cell from desiccation and predators. Fungi have plasma membranes similar to other eukaryotes, except that the structure is stabilized by ergosterol, a steroid molecule that functions like the cholesterol found in animal cell membranes. Most members of the kingdom Fungi are nonmotile. Flagella are produced only by the gametes in the primitive division Chytridiomycota. Growth and Reproduction The vegetative body of a fungus is called a thallus and can be unicellular or multicellular. Some fungi are dimorphic because they can go from being unicellular to multicellular depending on environmental conditions. Unicellular fungi are generally referred to as yeasts. Saccharomyces cerevisiae (baker’s yeast) and Candida species (the agents of thrush, a common fungal infection) are examples of unicellular fungi. Most fungi are multicellular organisms. They display two distinct morphological stages: vegetative and reproductive. The vegetative stage is characterized by a tangle of slender thread-like structures called hyphae (singular, hypha), whereas the reproductive stage can be more conspicuous. A mass of hyphae is called a mycelium (Figure 13.22). It can grow on a surface, in soil or decaying material, in a liquid, or even in or on living tissue. Although individual hypha must be observed under a microscope, the mycelium of a fungus can be very large with some species truly being “the fungus humongous. ” The giant Armillaria ostoyae (honey mushroom) is considered the largest organism on Earth, spreading across over 2,000 acres of underground soil in eastern Oregon; it is estimated to be at least 2,400 years old."
sciq,177,,What is the term for air moving over earth’s surface?,wind,2,humidity,spin cycle,wind,tidal,1.000000,1.000000,2,2,1,1,both_correct,"Wind is only air moving over Earth’s surface, but it can cause a lot of erosion. Look at Figure below . It will give you an idea of just how much erosion wind can cause. The dust storm in the photo occurred in Arizona. All that dust in the air was picked up and carried by the wind. The wind may carry the dust for hundreds of kilometers before depositing it."
sciq,178,,Each of what paired organs is enclosed within a cavity surrounded by the pleura?,lungs,1,ovaries,lungs,bones,heart,0.999989,1.000000,1,1,1,1,both_correct,"Pleura of the Lungs Each lung is enclosed within a cavity that is surrounded by the pleura. The pleura (plural = pleurae) is a serous membrane that surrounds the lung. The right and left pleurae, which enclose the right and left lungs, respectively, are separated by the mediastinum. The pleurae consist of two layers. The visceral pleura is the layer that is superficial to the lungs, and extends into and lines the lung fissures (Figure 22.14). In contrast, the parietal pleura is the outer layer that connects to the thoracic wall, the mediastinum, and the diaphragm. The visceral and parietal pleurae connect to each other at the hilum. The pleural cavity is the space between the visceral and parietal layers."
sciq,179,,What are the best-known extinct vertebrates?,dinosaurs,1,trees,dinosaurs,snakes,trilobites,0.996406,1.000000,1,1,1,1,both_correct,"Introduction Vertebrates are among the most recognizable organisms of the animal kingdom. More than 62,000 vertebrate species have been identified. The vertebrate species now living represent only a small portion of the vertebrates that have existed. The best-known extinct vertebrates are the dinosaurs, a unique group of reptiles, which reached sizes not seen before or after in terrestrial animals. They were the dominant terrestrial animals for 150 million years, until they died out in a mass extinction near the end of the Cretaceous period. Although it is not known with certainty what caused their extinction, a great deal is known about the anatomy of the dinosaurs, given the preservation of skeletal elements in the fossil record. Currently, a number of vertebrate species face extinction primarily due to habitat loss and pollution. According to the International Union for the Conservation of Nature, more than 6,000 vertebrate species are classified as threatened. Amphibians and mammals are the classes with the greatest percentage of threatened species, with 29 percent of all amphibians and 21 percent of all mammals classified as threatened. Attempts are being made around the world to prevent the extinction of threatened species. For example, the Biodiversity Action Plan is an international program, ratified by 188 countries, which is designed to protect species and habitats."
sciq,180,,Centrioles help organize the chromosomes before cell division so that each daughter cell has the correct number of what?,chromosomes,0,chromosomes,receptors,ribosomes,cells,1.000000,1.000000,0,0,1,1,both_correct,Centrioles are organelles involved in cell division. They help organize the chromosomes before cell division so that each daughter cell has the correct number of chromosomes after the cell divides. Centrioles are found only in animal cells and are located near the nucleus (see Figure above ).
sciq,181,,What development is less risky for the mother?,marsupial,1,gastrointestinal,marsupial,atypical,mutation,0.990283,1.000000,1,1,1,1,both_correct,"Marsupial development is less risky for the mother. However, the embryo is fragile, so it may be less likely to survive than the fetus of a placental mammal."
sciq,182,,What does the term decay in chemistry refer to with regards to atoms?,changes in nuclei,2,destruction of nuclei,pressures in nuclei,changes in nuclei,separation of nuclei,0.999999,1.000000,2,2,1,1,both_correct,"You probably associate the term decay with images like the one above. But when it comes to atoms, decay has a different meaning. Decay in chemistry refers to changes in the nuclei of certain atoms."
sciq,183,,How does increasing the temperature of reactants affect the rate of their reaction?,it increases it,1,it is unchanged,it increases it,it patterns it,it decreases it,1.000000,1.000000,1,1,1,1,both_correct,"When the temperature of reactants is higher, the rate of the reaction is faster. At higher temperatures, particles of reactants have more energy, so they move faster. As a result, they are more likely to bump into one another and to collide with greater force. For example, food spoils because of chemical reactions, and these reactions occur faster at higher temperatures (see the bread on the left in the Figure below ). This is why we store foods in the refrigerator or freezer (like the bread on the right in the Figure below ). The lower temperature slows the rate of spoilage."
sciq,184,,What type of eclipse happens when a full moon moves through earth's shadow?,lunar,0,lunar,solar,cycle,planetary,1.000000,1.000000,0,0,1,1,both_correct,"Sometimes a full moon moves through Earth's shadow. This is a lunar eclipse ( Figure below ). During a total lunar eclipse, the Moon travels completely in Earth’s umbra. During a partial lunar eclipse, only a portion of the Moon enters Earth’s umbra. When the Moon passes through Earth’s penumbra, it is a penumbral eclipse. Since Earth’s shadow is large, a lunar eclipse lasts for hours. Anyone with a view of the Moon can see a lunar eclipse."
sciq,185,,Dynamite is an example of what type of potential energy?,chemical,1,mineral,chemical,thermal,carbon,1.000000,1.000000,1,1,1,1,both_correct,"Dynamite is another example of chemical potential energy. The major component of dynamite is nitroglycerin, a very unstable material. By mixing it with diatomaceous earth, the stability is increased and it is less likely to explode if it receives a physical shock. When ignited, the nitroglycerin explodes rapidly, releasing large amounts of nitrogen and other gases along with a massive amount of heat."
sciq,186,,All the atoms of a given element have the same number what?,protons and electrons,3,cells and electrons,neutrons and protons,neutrons and electrons,protons and electrons,0.999073,1.000000,3,3,1,1,both_correct,"All the atoms of a given element have the same number of protons and electrons, but they may vary in their numbers of neutrons. Atoms of the same element that differ in their numbers of neutrons are called isotopes."
sciq,187,,What structures located on chromosomes control characteristics of life and are passed from parents to offspring?,genes,3,cells,eggs,axons,genes,1.000000,1.000000,3,3,1,1,both_correct,"Characteristics of life are controlled by genes, which are passed from parents to offspring, and are located on chromosomes, like the one shown here, that are found in every cell. The gene theory is one of the unifying principles of biology."
sciq,188,,The lattice energy is usually the most important energy factor in determining the stability of what?,ionic compound,1,magnetic compound,ionic compound,saline compound,harmonic compound,1.000000,1.000000,1,1,1,1,both_correct,The lattice energy is usually the most important energy factor in determining the stability of an ionic compound.
sciq,189,,What kind of organisms helps hold soil in place to slow erosion?,plants,3,animals,bacteria,flowers,plants,1.000000,1.000000,3,3,1,1,both_correct,"People remove a lot of vegetation. They log forests or prepare the land for farming or construction. Even just walking or riding your bike over the same place can kill the grass. But plants help to hold the soil in place ( Figure below ). Without plants to protect it, soil may be carried away by wind or running water. In many areas, soil is eroding faster than it is forming. In these locations, soil is a non-renewable resource."
sciq,190,,Which planet is named after the roman goddess of love?,venus,2,Jupiter,Neptune,venus,Mercury,1.000000,1.000000,2,2,1,1,both_correct,"Named after the Roman goddess of love, Venus is the only planet named after a female. Venus is sometimes called Earth’s “sister planet. ” But just how similar is Venus to Earth? Venus is our nearest neighbor. Venus is most like Earth in size."
sciq,191,,"In astronomy, what are so dense that not even light can escape their gravity?",black holes,0,black holes,red holes,black rods,dwarf stars,1.000000,1.000000,0,0,1,1,both_correct,"If the core remaining after a supernova is more than about 5 times the mass of the Sun, the core collapses to become a black hole . Black holes are so dense that not even light can escape their gravity. For that reason, we can't see black holes. How can we know something exists if radiation can't escape it? We know a black hole is there by the effect that it has on objects around it. Also, some radiation leaks out around its edges. A black hole isn't a hole at all. It is the tremendously dense core of a supermassive star."
sciq,192,,What are the simplest organic compounds?,hydrocarbons,0,hydrocarbons,carbohydrates,proteins,enzymes,1.000000,1.000000,0,0,1,1,both_correct,"Summary Covalent inorganic compounds are named by a procedure similar to that used for ionic compounds, using prefixes to indicate the numbers of atoms in the molecular formula. The simplest organic compounds are the hydrocarbons, which containonly carbon and hydrogen. Alkanes contain only carbon–hydrogen and carbon–carbon single bonds, alkenes contain at least one carbon–carbon double bond, and alkynes contain one or more carbon–carbon triple bonds. Hydrocarbons can also be cyclic, with the."
sciq,193,,"Animals are classified according to morphological and developmental characteristics, such as a body plan. with the exception of sponges, the animal body plan is symmetrical. this means that their distribution of body parts is balanced along this?",axis,3,radius,ulna,skull,axis,0.999997,1.000000,3,3,1,1,both_correct,"Classification Features of Animals Animals are classified according to morphological and developmental characteristics, such as a body plan. With the exception of sponges, the animal body plan is symmetrical. This means that their distribution of body parts is balanced along an axis. Additional characteristics that contribute to animal classification include the number of tissue layers formed during development, the presence or absence of an internal body cavity, and other features of embryological development."
sciq,194,,"Competition that occurs between members of the same species, which improves the species’ adaptations, is called what?",intraspecific competition,3,commensalism,adaptive behavior,interspecies competition,intraspecific competition,1.000000,1.000000,3,3,1,1,both_correct,Intraspecific competition occurs between members of the same species. It improves the species’ adaptations.
sciq,195,,"When we were dealing with electrical effects, it was very useful to speak of an electric field that surrounded what?",electrical charge,3,liquid charge,sunlight charge,stellar charge,electrical charge,1.000000,1.000000,3,3,1,1,both_correct,"When we were dealing with electrical effects, it was very useful to speak of an electric field that surrounded an electric charge. In the same way, we can imagine a magnetic field surrounding a magnetic pole. The force that one magnet exerts on another can be described as the interaction between one magnet and the magnetic field of the other magnet. Magnetic field lines go from the north magnetic pole to the south magnetic pole. We define the magnetic field at any point as a vector (represented by the letter B ) whose direction is from north to south magnetic poles."
sciq,196,,"Exothermic reactions, like all chemical reactions, require what to get started?",activation energy,3,surface energy,membrane energy,specific energy,activation energy,1.000000,1.000000,3,3,1,1,both_correct,"All chemical reactions, including exothermic reactions, need activation energy to get started."
sciq,197,,"What broad group of animals are the first true tetrapods, vertebrates with four limbs?",amphibians,3,fish,mammals,reptiles,amphibians,1.000000,1.000000,3,3,1,1,both_correct,"Amphibians are the first true tetrapods , or vertebrates with four limbs. Amphibians have less variation in size than fish, ranging in length from 1 centimeter (2.5 inches) to 1.5 meters (about 5 feet). They generally have moist skin without scales. Their skin contains keratin , a tough, fibrous protein found in the skin, scales, feathers, hair, and nails of tetrapod vertebrates, from amphibians to humans. Some forms of keratin are tougher than others. The form in amphibian skin is not very tough, and it allows gases and water to pass through their skin."
sciq,198,,What is telomere shortening associated with?,aging,2,reducing,changing,aging,sleeping,1.000000,1.000000,2,2,1,1,both_correct,"Telomerase is not active in adult somatic cells. Adult somatic cells that undergo cell division continue to have their telomeres shortened. This essentially means that telomere shortening is associated with aging. In 2010, scientists found [1] that telomerase can reverse some age-related conditions in mice, and this may have potential in regenerative medicine. Mariella Jaskelioff, et al. , “Telomerase reactivation reverses tissue degeneration in aged telomerase-deficient mice,” Nature, 469 (2011):102–7."
sciq,199,,What gas is released when dead organisms and other organic materials decompose?,carbon dioxide,3,hydrogen peroxide,nitrous oxide,carbon monoxide,carbon dioxide,1.000000,1.000000,3,3,1,1,both_correct,Carbon dioxide is given off when dead organisms and other organic materials decompose.
sciq,200,,What type of lens is thicker at the edges than it is in the middle?,concave lens,0,concave lens,convex lens,surface lens,glass lens,0.000488,1.000000,1,0,0,1,wrong_to_correct,A concave lens is thicker at the edges than it is in the middle. This causes rays of light to diverge. The light forms a virtual image that is right-side up and smaller than the object.
sciq,201,,A collapsing nebula leads to what process?,nuclear fusion,2,nuclear reaction,chemical reaction,nuclear fusion,destructive fusion,0.793010,1.000000,2,2,1,1,both_correct,Stars form from clouds of gas and dust called nebulas. Nebulas collapse until nuclear fusion starts.
sciq,202,,Lenses that focus light are called what?,converging lenses,1,powering lenses,converging lenses,sensing lenses,active lenses,1.000000,1.000000,1,1,1,1,both_correct,"Lenses , made from curved pieces of glass, focus or de-focus light as it passes through. Lenses that focus light are called converging lenses, and these are the ones used to make telescopes and cameras. Lenses that de-focus light are called diverging lenses."
sciq,203,,What happens to the pressure when more gas is added to a rigid container?,increases,3,Higher,changes,occurs,increases,0.965900,0.991422,3,3,1,1,both_correct,The acceleration of the car is in the same direction as the velocity.
sciq,204,,"Often represented by an arrow, a vector is a measurement that has both size and what?",direction,1,pressure,direction,location,reason,1.000000,1.000000,1,1,1,1,both_correct,"When both distance and direction are considered, motion can be represented by a vector. A vector is a measurement that has both size and direction. It may be represented by an arrow. If you are representing motion with an arrow, the length of the arrow represents distance, and the way the arrow points represents direction. The red arrows on the map in the Figure above are vectors for Jordan’s route from his house to the school and from the school to the post office. If you want to learn more about vectors, watch the video at this URL:."
sciq,205,,A solenoid wrapped around a bar of iron or other ferromagnetic material forms what?,electromagnet,3,impoundment,compress,compass,electromagnet,1.000000,1.000000,3,3,1,1,both_correct,"Solenoids are the basis of electromagnets. An electromagnet is a solenoid wrapped around a bar of iron or other ferromagnetic material (see Figure below ). The electromagnetic field of the solenoid magnetizes the iron bar by aligning its magnetic domains. The combined magnetic force of the magnetized iron bar and the wire coil makes an electromagnet very strong. In fact, electromagnets are the strongest magnets made. Some of them are strong enough to lift a train. The maglev train described earlier, in the lesson ""Electricity and Magnetism,"" contains permanent magnets. Strong electromagnets in the track repel the train magnets, causing the train to levitate above the track."
sciq,206,,Enzymes can catalyze up to several million reactions per what?,second,3,day,minute,hour,second,0.999030,1.000000,3,3,1,1,both_correct,"Enzymes are extremely efficient in speeding up biochemical reactions. They can catalyze up to several million reactions per second. As a result, the difference in rates of biochemical reactions with and without enzymes may be enormous. A typical biochemical reaction might take hours or even days to occur under normal cellular conditions without an enzyme, but less than a second with the enzyme."
sciq,207,,"Unipolar, bipolar, multipolar, and pseudounipolar are the four basic types of what?",neurons,3,ions,electrons,protons,neurons,1.000000,1.000000,3,3,1,1,both_correct,"While there are many defined neuron cell subtypes, neurons are broadly divided into four basic types: unipolar, bipolar, multipolar, and pseudounipolar. Figure 35.5 illustrates these four basic neuron types. Unipolar neurons have only one structure that extends away from the soma. These neurons are not found in vertebrates but are found in insects where they stimulate muscles or glands. A bipolar neuron has one axon and one dendrite extending from the soma. An example of a bipolar neuron is a retinal bipolar cell, which receives signals from photoreceptor cells that are sensitive to light and transmits these signals to ganglion cells that carry the signal to the brain. Multipolar neurons are the most common type of neuron. Each multipolar neuron contains one axon and multiple dendrites. Multipolar neurons can be found in the central nervous system (brain and spinal cord). An example of a multipolar neuron is a Purkinje cell in the cerebellum, which has many branching dendrites but only one axon. Pseudounipolar cells share characteristics with both unipolar and bipolar cells. A pseudounipolar cell has a single process that extends from the soma, like a unipolar cell, but this process later branches into two distinct structures, like a bipolar cell. Most sensory neurons are pseudounipolar and have an axon that branches into two extensions: one connected to dendrites that receive sensory information and another that transmits this information to the spinal cord."
sciq,208,,How many families are known quarks divided into?,three,0,three,two,four,five,1.000000,1.000000,0,0,1,1,both_correct,"The known quarks are divided into three families, low energy, medium energy, and high energy."
sciq,209,,"The nervous system has two main parts, called the central nervous system and the what?",peripheral nervous system,2,obsolete nervous system,functional nervious system,peripheral nervous system,useful nervous system,1.000000,1.000000,2,2,1,1,both_correct,"The nervous system has two main parts, called the central nervous system and the peripheral nervous system. The peripheral nervous system is described later in this lesson. The central nervous system is shown in Figure below . It includes the brain and spinal cord."
sciq,210,,What makes up the dense outer layer of bones?,compact bone,3,plasma,ligaments,adipose tissue,compact bone,1.000000,1.000000,3,3,1,1,both_correct,Compact bone makes up the dense outer layer of bone. It is very hard and strong.
sciq,211,,"What type of behaviors are rigid and predictable, and usually involve basic life functions?",innate behaviors,3,impulsive behaviors,protective behaviors,diverse behaviors,innate behaviors,1.000000,1.000000,3,3,1,1,both_correct,"Innate behaviors are rigid and predictable. All members of the species perform the behaviors in the same way. Innate behaviors usually involve basic life functions, such as finding food or caring for offspring. Several examples are shown in Figure below . If an animal were to perform such important behaviors incorrectly, it would be less likely to survive or reproduce."
sciq,212,,"Yeasts, molds, and mushrooms are all different kinds of what?",fungi,1,pollen,fungi,bacteria,fossil,1.000000,1.000000,1,1,1,1,both_correct,"Yeasts, molds, and mushrooms are all different kinds of fungi. There may be as many as 1.5 million species of fungi ( Figure below ). You can easily see bread mold and mushrooms without a microscope, but most fungi you cannot see. Fungi are either too small to be seen without a microscope, or they live where you cannot see them easily—deep in the soil, under decaying logs, or inside plants or animals. Some fungi even live in, or on top of, other fungi."
sciq,213,,What is the term for the preserved remains or traces of organisms that lived in the past?,fossils,2,bones,corals,fossils,detritis,1.000000,1.000000,2,2,1,1,both_correct,"Fossils are the preserved remains or traces of organisms that lived in the past. The soft parts of organisms almost always decompose quickly after death. On occasion, the hard parts—mainly bones, teeth, or shells—remain long enough to mineralize and form fossils. An example of a complete fossil skeleton is shown in Figure below . The fossil record is the record of life that unfolded over four billion years and pieced back together through the analysis of fossils."
sciq,214,,"What process, which is analogous to mitosis, is a series of events that arrange and separate chromosomes and chromatids into daughter cells?",meiosis,0,meiosis,inhibition,apoptosis,digestion,0.999857,0.999988,0,0,1,1,both_correct,"CHAPTER SUMMARY 11.1 The Process of Meiosis Sexual reproduction requires that diploid organisms produce haploid cells that can fuse during fertilization to form diploid offspring. As with mitosis, DNA replication occurs prior to meiosis during the S-phase of the cell cycle. Meiosis is a series of events that arrange and separate chromosomes and chromatids into daughter cells. During the interphases of meiosis, each chromosome is duplicated. In meiosis, there are two rounds of nuclear division resulting in four nuclei and usually four daughter cells, each with half the number of chromosomes as the parent cell. The first separates homologs, and the second—like mitosis—separates chromatids into individual chromosomes. During meiosis, variation in the daughter."
sciq,215,,All of the elements in group 9 have nine of which electrons?,valence,1,gradient,valence,shell,ionic,0.999986,1.000000,1,1,1,1,both_correct,All of the elements in group 9 have nine valence electrons.
sciq,216,,The force of attraction between a positively charged metal ion and the valence electrons it shares with other ions of the metal is called?,metallic bond,3,temporal bond,metallic yield,ionic bond,metallic bond,1.000000,1.000000,3,3,1,1,both_correct,"A metallic bond is the force of attraction between a positively charged metal ion and the valence electrons it shares with other ions of the metal. The electrons move freely around the positive ions, which form a lattice-like structure."
sciq,217,,"When a car is brought to a stop by friction on level ground, it loses what?",kinetic energy,0,kinetic energy,exhibit energy,mass energy,residual energy,1.000000,1.000000,0,0,1,1,both_correct,"How Nonconservative Forces Affect Mechanical Energy Mechanical energy may not be conserved when nonconservative forces act. For example, when a car is brought to a stop by friction on level ground, it loses kinetic energy, which is dissipated as thermal energy, reducing its mechanical energy. Figure 7.15 compares the effects of conservative and nonconservative forces. We often choose to understand simpler systems such as that described in Figure 7.15(a) first before studying more complicated systems as in Figure 7.15(b)."
sciq,218,,"What system of the body is responsible for transmitting, processing, and responding to most of the sensory information that is created by various stimuli?",nervous system,2,attentive system,respiratory system,nervous system,circulatory system,1.000000,1.000000,2,2,1,1,both_correct,"Animals can detect environmental stimuli, such as light, sound, and touch. Stimuli are detected by sensory nerve cells. The information is transmitted and processed by the nervous system. The nervous system, in turn, may direct the body to respond. Animal Eyes at http://www. surenmanvelyan. com/eyes/animal-eyes/ has 26 images of the eyes of various animals."
sciq,219,,"When the earth is between the moon and the sun, what type of moon shows?",a full moon,2,crescent moon,waning moon,a full moon,half moon,0.999757,1.000000,2,2,1,1,both_correct,"A full moon occurs when the whole side facing Earth is lit. This happens when Earth is between the Moon and the Sun. About one week later, the Moon enters the quarter-moon phase. Only half of the Moon’s lit surface is visible from Earth, so it appears as a half circle. When the Moon moves between Earth and the Sun, the side facing Earth is completely dark. This is called the new moon phase. Sometimes you can just barely make out the outline of the new moon in the sky. This is because some sunlight reflects off the Earth and hits the Moon. Before and after the quarter-moon phases are the gibbous and crescent phases. During the crescent moon phase, the Moon is less than half lit. It is seen as only a sliver or crescent shape. During the gibbous moon phase, the Moon is more than half lit. It is not full. The Moon undergoes a complete cycle of phases about every 29.5 days."
sciq,220,,The stored chemical energy of trees and other plants is called what?,biomass energy,0,biomass energy,biocomposte energy,byproduct energy,decomposition energy,1.000000,1.000000,0,0,1,1,both_correct,"The stored chemical energy of trees and other plants is called biomass energy. When plant materials are burned, they produce thermal energy that can be used for heating, cooking, or generating electricity. Biomass—especially wood—is an important energy source in countries where most people can’t afford fossil fuels. Some plants can also be used to make ethanol, a fuel that is added to gasoline. Ethanol produces less pollution than gasoline, but large areas of land are needed to grow the plants needed to make it."
sciq,221,,What is the star nearest the earth named?,proxima centauri,0,proxima centauri,alpha centauri,apollinaris centauri,andromeda centauri,0.999964,1.000000,0,0,1,1,both_correct,"Astronomers are used to really big numbers. While the moon is only 406,697 km from earth at its maximum distance, the sun is much further away (150 million km). Proxima Centauri, the star nearest the earth, is 39, 900, 000, 000, 000 km away and we have just started on long distances. On the other end of the scale, some biologists deal with very small numbers: a typical fungus could be as small as 30 μmeters (0.000030 meters) in length and a virus might only be 0.03 μmeters (0.00000003 meters) long."
sciq,222,,What are the majority of solution properties dependent upon?,chemical state of solute,3,similar state of solute,acid state of solute,gas state of solute,chemical state of solute,0.965899,1.000000,3,3,1,1,both_correct,"The properties of a solution are different from those of either the pure solute(s) or solvent. Many solution properties are dependent upon the chemical identity of the solute. Compared to pure water, a solution of hydrogen chloride is more acidic, a solution of ammonia is more basic, a solution of sodium chloride is more dense, and a solution of sucrose is more viscous. There are a few solution properties, however, that depend only upon the total concentration of solute species, regardless of their identities. These colligative properties include vapor pressure lowering, boiling point elevation, freezing point depression, and osmotic pressure. This small set of properties is of central importance to many natural phenomena and technological applications, as will be described in this module."
sciq,223,,What must be combined with a halogen to give it a positive oxidation number?,oxygen,3,calcium,nitrogen,carbon,oxygen,0.997676,1.000000,3,3,1,1,both_correct,"Halogens (Cl, Br, I) have negative oxidation numbers when they form halide compounds. When combined with oxygen, they have positive numbers. In the chlorate ion (ClO 3 - ), the oxidation number of Cl +5, and the oxidation number of O is -2."
sciq,224,,Surging hormones will cause adolescents to have what?,mood swings,1,blackouts,mood swings,growth spurts,bulging muscles,0.125923,1.000000,2,1,0,1,wrong_to_correct,Adolescents may have mood swings because of surging hormones .
sciq,225,,What is the term for the force that a magnet exerts on certain materials?,magnetic force,0,magnetic force,positive force,gravitational force,potential force,1.000000,1.000000,0,0,1,1,both_correct,"The force that a magnet exerts on certain materials is called magnetic force . Like electric force, magnetic force is exerted over a distance and includes forces of attraction and repulsion. North and south poles of two magnets attract each other, while two north poles or two south poles repel each other."
sciq,226,,What cells does the skeletal system make?,blood cells,2,Osteoclast,Dendritic cells,blood cells,brain cells,0.999777,1.000000,2,2,1,1,both_correct,The skeletal system makes blood cells. Most blood cells are produced inside certain types of bones.
sciq,227,,"When a stream or river slows down, it starts dropping its what?",sediments,2,pollutants,fragments,sediments,organisms,1.000000,1.000000,2,2,1,1,both_correct,"When a stream or river slows down, it starts dropping its sediments. Larger sediments are dropped in steep areas, but smaller sediments can still be carried. Smaller sediments are dropped as the slope becomes less steep."
sciq,228,,"What process, which is in many ways the opposite of photosynthesis, shows the interdependence of producers and consumers?",cellular respiration,0,cellular respiration,decomposition,osmosis,primarily respiration,1.000000,1.000000,0,0,1,1,both_correct,"Cellular respiration, in many ways the opposite of photosynthesis, shows the interdependence of producers and consumers. Combined, the two equations demonstrate how energy flows and the carbon and oxygen cycle between organisms and environment."
sciq,229,,Which membranous organelles in a cell sequence enzyme and electron molecules for efficient cellular respiration?,mitochondria,0,mitochondria,glucose,protons,bacterial,1.000000,1.000000,0,0,1,1,both_correct,"Mitochondria, shown here as the green ovals in this animal cell, are membranous organelles which sequence enzyme and electron carrier molecules to make cellular respiration highly efficient. Mitochondria have both an inner and outer membrane, with a matrix inside the inner membrane. The inner membrane has many internal folds, increasing the surface area for proteins and molecules involved in cellular respiration."
sciq,230,,What forms when one substances dissolves in another?,a solution,0,a solution,a transition,concentrate,complex,1.000000,1.000000,0,0,1,1,both_correct,A solution forms when one substance dissolves in another. The substance that dissolves is called the solute. The substance that dissolves it is called the solvent.
sciq,231,,What are thought to have evolved at least 200 million years ago from gymnosperms like gnetae?,flowering plants,0,flowering plants,yeasts,deciduous trees,cone-bearing plants,1.000000,1.000000,0,0,1,1,both_correct,Flowering plants are thought to have evolved at least 200 million years ago from gymnosperms like Gnetae. The earliest known fossils of flowering plants are about 125 million years old. The fossil flowers have male and female reproductive organs but no petals or sepals.
sciq,232,,The chemical and/or physical agents that cause mutations are called what?,mutagens,0,mutagens,genes,dioxins,organelles,1.000000,1.000000,0,0,1,1,both_correct,"mutation. The chemical and/or physical agents that cause mutations are called mutagens. Diseases that occur due to mutations in critical DNA sequences are referred to as genetic diseases. Viruses are infectious agents composed of a tightly packed central core of nucleic acids enclosed by a protective shell of proteins. Viruses contain either DNA or RNA as their genetic material but not both. Some RNA viruses, calledretroviruses, synthesize DNA in the host cell from their RNA genome. The human immunodeficiency virus (HIV) causes acquired immunodeficiency syndrome (AIDS)."
sciq,233,,What is the force that opposes motion between two surfaces that are touching?,friction,2,gravity,vibration,friction,tension,1.000000,1.000000,2,2,1,1,both_correct,Friction is a force that opposes motion between two surfaces that are touching. Friction occurs because no surface is perfectly smooth. Friction is greater when objects have rougher surfaces or are heavier so they press together with greater force.
sciq,234,,"Skeletal, cardiac, and smooth are all types of what?",muscle,2,Nervous,Connective,muscle,Epithelial,1.000000,1.000000,2,2,1,1,both_correct,"There are three different types of muscle tissue in the human body: cardiac, smooth, and skeletal muscle tissues. All three types consist mainly of muscle fibers, but the fibers have different arrangements. You can see how each type of muscle tissue looks in Figure below ."
sciq,235,,"The speed of a wave through connected harmonic oscillators depends on the distance between them, the spring constant, and the what?",mass,2,concentrations,temperature,mass,density,0.999969,1.000000,2,2,1,1,both_correct,"Most wave media act like a series of connected oscillators. For instance, a rope can be thought of as a large number of masses (molecules) connected by springs (intermolecular forces). The speed of a wave through connected harmonic oscillators depends on the distance between them, the spring constant, and the mass. In this way, we can model wave media using the principles of simple harmonic motion."
sciq,236,,Traits may also be controlled by multiple alleles or multiple what?,genes,0,genes,chromosomes,eggs,lesions,0.999999,1.000000,0,0,1,1,both_correct,Inheritance is more complex for traits in which there is codominance or incomplete dominance. Traits may also be controlled by multiple alleles or multiple genes. Many traits are influenced by the environment as well.
sciq,237,,How many atoms does water contain?,3,3,6,4,9,3,0.999999,1.000000,3,3,1,1,both_correct,"Water, like carbon, has a special role in living things. It is needed by all known forms of life. Water is a simple molecule, containing just three atoms. Nonetheless, water’s structure gives it unique properties that help explain why it is vital to all living organisms."
sciq,238,,What is the only light that people can see?,visible light,1,infrared light,visible light,UV light,spectrum light,1.000000,1.000000,1,1,1,1,both_correct,Visible light consists of a very narrow range of wavelengths that falls between infrared light and ultraviolet light. It is the only light that people can see. Different wavelengths of visible light appear as different colors.
sciq,239,,"What is the name of the system that consists of a hierarchy of taxa, from the kingdom to the species?",linnaean system,2,Bohr's law,zoology,linnaean system,Mendelian system,1.000000,1.000000,2,2,1,1,both_correct,"The Linnaean system is based on similarities in obvious physical traits. It consists of a hierarchy of taxa, from the kingdom to the species."
sciq,240,,"If the dna from all 46 chromosomes in a human cell nucleus was laid out end to end, it would measure approximately how long?",two meters,2,three meters,one meter,two meters,four meters,0.000855,1.000000,0,2,0,1,wrong_to_correct,"Eukaryotic Chromosomal Structure and Compaction If the DNA from all 46 chromosomes in a human cell nucleus was laid out end to end, it would measure approximately two meters; however, its diameter would be only 2 nm. Considering that the size of a typical human cell is about 10 µm (100,000 cells lined up to equal one meter), DNA must be tightly packaged to fit in the cell’s nucleus. At the same time, it must also be readily accessible for the genes to be expressed. During some stages of the cell cycle, the long strands of DNA are condensed into compact chromosomes. There are a number of ways that chromosomes are compacted. In the first level of compaction, short stretches of the DNA double helix wrap around a core of eight histone proteins at regular intervals along the entire length of the chromosome (Figure 10.4). The DNA-histone complex is called chromatin. The beadlike, histone DNA complex is called a nucleosome, and DNA connecting the nucleosomes is called linker DNA. A DNA molecule in this form is about seven times shorter than the double helix without the histones, and the beads are about 10 nm in diameter, in contrast with the 2-nm diameter of a DNA double helix. The next level of compaction occurs as the nucleosomes and the linker DNA between them are coiled into a 30-nm chromatin fiber. This coiling further shortens the chromosome so that it is now about 50 times shorter than the extended form. In the third level of packing, a variety of fibrous proteins is used to pack the chromatin. These fibrous proteins also ensure that each chromosome in a non-dividing cell occupies a particular area of the nucleus that does not overlap with that of any other chromosome (see the top image in Figure 10.3)."
sciq,241,,What is a mixture of a solute in a solvent called?,solution,1,link,solution,transition,structure,1.000000,1.000000,1,1,1,1,both_correct,"Imagine you have a cup that has 100ml water, and you add 15g of table sugar to the water. The sugar dissolves and the mixture that is now in the cup is made up of a solute (the sugar) that is dissolved in the solvent (the water). The mixture of a solute in a solvent is called a solution ."
sciq,242,,Silver is an example of a mineral containing only one kind of what?,element,2,matter,mass,element,chemical,1.000000,1.000000,2,2,1,1,both_correct,All minerals have a definite chemical makeup. A few minerals are made of only one kind of element. Silver is a mineral made only of silver atoms. Diamond and graphite are both made only of the element carbon.
sciq,243,,What particles ancient greeks propose that matter consists of ?,atoms,0,atoms,ether,ions,molecules,1.000000,1.000000,0,0,1,1,both_correct,"Summary 2.1 Early Ideas in Atomic Theory The ancient Greeks proposed that matter consists of extremely small particles called atoms. Dalton postulated that each element has a characteristic type of atom that differs in properties from atoms of all other elements, and that atoms of different elements can combine in fixed, small, whole-number ratios to form compounds. Samples of a particular compound all have the same elemental proportions by mass. When two elements form different compounds, a given mass of one element will combine with masses of the other element in a small, whole-number ratio. During any chemical change, atoms are neither created nor destroyed. 2.2 Evolution of Atomic Theory Although no one has actually seen the inside of an atom, experiments have demonstrated much about atomic structure. Thomson’s cathode ray tube showed that atoms contain small, negatively charged particles called electrons. Millikan discovered that there is a fundamental electric charge—the charge of an electron. Rutherford’s gold foil experiment showed that atoms have a small, dense, positively charged nucleus; the positively charged particles within the nucleus are called protons. Chadwick discovered that the nucleus also contains neutral particles called neutrons. Soddy demonstrated that atoms of the same element can differ in mass; these are called isotopes. 2.3 Atomic Structure and Symbolism An atom consists of a small, positively charged nucleus surrounded by electrons. The nucleus contains protons and neutrons; its diameter is about 100,000 times smaller than that of the atom. The mass of one atom is usually expressed in atomic mass units (amu), which is referred to as the atomic mass. An amu is defined as exactly 1 of the mass of 12 a carbon-12 atom and is equal to 1.6605 × 10−24 g. Protons are relatively heavy particles with a charge of 1+ and a mass of 1.0073 amu. Neutrons are relatively heavy particles with no charge and a mass of 1.0087 amu. Electrons are light particles with a charge of 1− and a mass of 0.00055 amu. The number of protons in the nucleus is called the atomic number (Z) and is the property that defines an atom’s elemental identity. The sum of the numbers of protons and neutrons in the nucleus is called the mass number."
sciq,244,,Repolarization occurs when the membrane potential begins to move back toward its resting what?,voltage,1,resistance,voltage,charge,tension,1.000000,1.000000,1,1,1,1,both_correct,"As the membrane potential reaches +30 mV, other voltage-gated channels are opening in the membrane. These channels are specific for the potassium ion. A concentration gradient acts on K+, as well. As K+ starts to leave the cell, taking a positive charge with it, the membrane potential begins to move back toward its resting voltage. This is called repolarization, meaning that the membrane voltage moves back toward the -70 mV value of the resting membrane potential. Repolarization returns the membrane potential to the -70 mV value that indicates the resting potential, but it actually overshoots that value. Potassium ions reach equilibrium when the membrane voltage is below -70 mV, so a period of hyperpolarization occurs while the K+ channels are open. Those K+ channels are slightly delayed in closing, accounting for this short overshoot. What has been described here is the action potential, which is presented as a graph of voltage over time in Figure 12.23. It is the electrical signal that nervous tissue generates for communication. The change in the membrane voltage from -70 mV at rest to +30 mV at the end of depolarization is a 100-mV change. That can also be written as a 0.1-V change. To put that value in perspective, think about a battery. An AA battery that you might find in a television remote has a voltage of 1.5 V, or a 9-V battery (the rectangular battery with two posts on one end) is, obviously, 9 V. The change seen in the action potential is one or two orders of magnitude less than the charge in these batteries. In fact, the membrane potential can be described as a battery. A charge is stored across the membrane that can be released under the correct conditions. A battery in your remote has stored a charge that is “released” when you push a button."
sciq,245,,Mollusks have a true coelom and a complete what?,digestive system,3,tissues system,nerve system,skeletal system,digestive system,0.000626,1.000000,1,3,0,1,wrong_to_correct,"Mollusks have a true coelom and complete digestive system. They also have circulatory and excretory systems. They have a heart that pumps blood, and organs that filter out wastes from the blood."
sciq,246,,"Which organelles, made of protein and ribosomal rna, build cellular proteins in the cytoplasm?",ribosomes,3,dna,chloroplasts,chromosomes,ribosomes,1.000000,1.000000,3,3,1,1,both_correct,"The nucleus of many cells also contains an organelle called a nucleolus , shown in Figure below . The nucleolus is mainly involved in the assembly of ribosomes. Ribosomes are organelles made of protein and ribosomal RNA (rRNA), and they build cellular proteins in the cytoplasm. The function of the rRNA is to provide a way of decoding the genetic messages within another type of RNA, called mRNA for messenger RNA, into amino acids. After being made in the nucleolus, ribosomes are exported to the cytoplasm where they direct protein synthesis."
sciq,247,,What type of matter makes up most of the universe?,plasma,2,carbon,liquid,plasma,gas,0.999995,1.000000,2,2,1,1,both_correct,"Can you guess what this picture shows? The purple and blue ""flames"" are matter in a particular state. You’re probably familiar with the states of matter most common on Earth — solids, liquids, and gases. But these ""flames"" are a state of matter called plasma. This plasma ball was made by humans. Plasma also occurs in nature. In fact, plasma makes up most of the matter in the universe."
sciq,248,,"Most mammals are viviparous, which refers to what reproductive result?",live birth,2,spawning,laying eggs,live birth,identical twins,1.000000,1.000000,2,2,1,1,both_correct,"Most mammals are viviparous. Their young are born live. They are born either as relatively large, well-developed fetuses or as tiny, immature embryos. Mammals that are viviparous are called therian mammals . Only a few mammals lay eggs instead of giving birth to an infant or embryo."
sciq,249,,Proteins are polymers of what kind of acids?,amino,3,lipids,lactic,acetic,amino,1.000000,1.000000,3,3,1,1,both_correct,"Proteins are polymers of amino acids, which act as the monomers."
sciq,250,,What is the official name for the study of life?,biology,1,chemistry,biology,geology,botany,1.000000,1.000000,1,1,1,1,both_correct,"The study of biology is the study of life. Concept Biology Advanced is the CK-12 Foundation's most extensive material describing the study of life. Concept Biology Advanced presents biology as a set of 18 concepts, with each concept centered around a specific category, such as cell biology or plants. Each concept is comprised of a series of lessons, with each lesson focusing on one specific topic. The complete Concept Biology Advanced is comprised of over 550 lessons. This material has been developed to complement the most advanced secondary-level biology course."
sciq,251,,"What does an invertebrate, like a snail, not have?",backbone,0,backbone,eyes,reproductive organs,a heart,1.000000,1.000000,0,0,1,1,both_correct,"Snails are an example of invertebrates, animals without a backbone."
sciq,252,,What is the dinosaur genus that's closest to modern birds?,deinonychus,0,deinonychus,sauropods,Rapter,diplodocus,0.998998,1.000000,0,0,1,1,both_correct,"Deinonychus is the genus name of an extinct dinosaur that is considered to be one of the closest non-bird relatives of modern birds. It lived about 110 million years ago in what is now North America. Deinonychus was a predatory carnivore with many bird-like features. For example, it had feathers and wings. It also had strong legs with clawed feet, similar to modern raptors. Its respiratory, circulatory, and digestive systems were similar to those of birds as well. The location of fossilized eggs near Deinonychus fossils suggests that it may have brooded its eggs. This would mean that it was endothermic. (Can you explain why?) On the other hand, Deinonychus retained a number of reptile-like traits, such as jaws with teeth and hands with claws at the tips of its wings."
sciq,253,,In what type of organisms are daughter cells individuals?,unicellular organisms,1,multicellular organisms,unicellular organisms,hematopoietic organisms,macroscopic organisms,1.000000,1.000000,1,1,1,1,both_correct,"6.4 | Prokaryotic Cell Division By the end of this section, you will be able to: • Describe the process of binary fission in prokaryotes • Explain how FtsZ and tubulin proteins are examples of homology Prokaryotes such as bacteria propagate by binary fission. For unicellular organisms, cell division is the only method to produce new individuals. In both prokaryotic and eukaryotic cells, the outcome of cell reproduction is a pair of daughter cells that are genetically identical to the parent cell. In unicellular organisms, daughter cells are individuals. To achieve the outcome of identical daughter cells, some steps are essential. The genomic DNA must be replicated and then allocated into the daughter cells; the cytoplasmic contents must also be divided to give both new cells the machinery to sustain life. In bacterial cells, the genome consists of a single, circular DNA chromosome; therefore, the process of cell division is simplified. Mitosis is unnecessary because there is no nucleus or multiple chromosomes. This type of cell division is called binary fission."
sciq,254,,"What group was long considered part of the plant kingdom because of obvious similarities; both are immobile, have cell walls, and grow in soil?",fungi,3,mosses,coral,bacteria,fungi,0.002713,1.000000,0,3,0,1,wrong_to_correct,"For a long time, scientists considered fungi to be members of the plant kingdom because they have obvious similarities with plants. Both fungi and plants are immobile, have cell walls, and grow in soil. Some fungi, such as lichens, even look like plants (see Figure below )."
sciq,255,,What type of waves transmit the energy of an earthquake?,seismic waves,1,tectonic waves,seismic waves,volcanic waves,sonic waves,1.000000,1.000000,1,1,1,1,both_correct,"An earthquake is sudden ground movement. This movement is caused by the sudden release of the energy stored in rocks. An earthquake happens when so much stress builds up in the rocks that the rocks break. An earthquake’s energy is transmitted by seismic waves. Each year, there are more than 150,000 earthquakes strong enough to be felt by people. An amazing 900,000 are recorded by seismometers."
sciq,256,,"In our bodies, the chest cavity is a clear example of a system at what?",resonance,2,default,scale,resonance,rest,0.998899,1.000000,2,2,1,1,both_correct,"It is interesting that the widths of the resonance curves shown in Figure 16.27 depend on damping: the less the damping, the narrower the resonance. The message is that if you want a driven oscillator to resonate at a very specific frequency, you need as little damping as possible. Little damping is the case for piano strings and many other musical instruments. Conversely, if you want small-amplitude oscillations, such as in a car’s suspension system, then you want heavy damping. Heavy damping reduces the amplitude, but the tradeoff is that the system responds at more frequencies. These features of driven harmonic oscillators apply to a huge variety of systems. When you tune a radio, for example, you are adjusting its resonant frequency so that it only oscillates to the desired station’s broadcast (driving) frequency. The more selective the radio is in discriminating between stations, the smaller its damping. Magnetic resonance imaging (MRI) is a widely used medical diagnostic tool in which atomic nuclei (mostly hydrogen nuclei) are made to resonate by incoming radio waves (on the order of 100 MHz). A child on a swing is driven by a parent at the swing’s natural frequency to achieve maximum amplitude. In all of these cases, the efficiency of energy transfer from the driving force into the oscillator is best at resonance. Speed bumps and gravel roads prove that even a car’s suspension system is not immune to resonance. In spite of finely engineered shock absorbers, which ordinarily convert mechanical energy to thermal energy almost as fast as it comes in, speed bumps still cause a large-amplitude oscillation. On gravel roads that are corrugated, you may have noticed that if you travel at the “wrong” speed, the bumps are very noticeable whereas at other speeds you may hardly feel the bumps at all. Figure 16.28 shows a photograph of a famous example (the Tacoma Narrows Bridge) of the destructive effects of a driven harmonic oscillation. The Millennium Bridge in London was closed for a short period of time for the same reason while inspections were carried out. In our bodies, the chest cavity is a clear example of a system at resonance. The diaphragm and chest wall drive the oscillations of the chest cavity which result in the lungs inflating and deflating. The system is critically damped and the muscular diaphragm oscillates at the resonant value for the system, making it highly efficient."
sciq,257,,How do prokaryotic cells divide?,binary fission,3,Fusion,function fission,multiple fission,binary fission,0.999999,1.000000,3,3,1,1,both_correct,Prokaryotic cells grow to a certain size. Then they divide by binary fission. This is a type of asexual reproduction. It produces genetically identical offspring. Genetic transfer increases genetic variation in prokaryotes.
sciq,258,,What is the term for a series of biochemical reactions by which an organism converts a given reactant to a specific end product?,metabolic pathway,0,metabolic pathway,direct pathway,internal pathway,hydrogen pathway,1.000000,1.000000,0,0,1,1,both_correct,"A metabolic pathway is a series of biochemical reactions by which an organism converts a given reactant to a specific end product. As you will learn in Section 20.5 ""Stage II of Carbohydrate Catabolism"" through Section 20.7 ""Stage II of Protein Catabolism"", there are specific metabolic pathways—which are different for carbohydrates, triglycerides, and proteins—that break down the products of stage I of catabolism (monosaccharides, fatty acids, and amino acids) to produce a common end product, acetyl-coenzyme A (acetyl-CoA) in stage II of catabolism. Acetyl-CoA is shown in Figure 20.10 ""The Structure of Acetyl-Coenzyme A (AcetylCoA)"". The acetyl unit, derived (as we will see) from the breakdown of carbohydrates, lipids, and proteins, is attached to coenzyme A, making the acetyl unit more reactive. Acetyl-CoA is used in a myriad of biochemical pathways. For example, it may be used as the starting material for the biosynthesis of lipids (such as triglycerides, phospholipids, or cholesterol and other steroids). Most importantly for energy generation, it may enter the citric acid cycle and be oxidized to produce energy, if energy is needed and oxygen is available. The various fates or uses of acetyl-CoA are summarized in Figure 20.11 ""Cell Chemistry"". Figure 20.10 The Structure of Acetyl-Coenzyme A (Acetyl-CoA)."
sciq,259,,"Exemplified by sea stars and sand dollars, echinoderms have a calcareous structure developed by pigment cells and made of ossicles, which is called what?",endoskeleton,2,hydrostatic skeleton,thorax,endoskeleton,exoskeleton,0.000020,1.000000,3,2,0,1,wrong_to_correct,"Phylum Echinodermata Echinodermata are so named owing to their spiny skin (from the Greek “echinos” meaning “spiny” and “dermos” meaning “skin”), and this phylum is a collection of about 7,000 described living species. Echinodermata are exclusively marine organisms. Sea stars (Figure 28.44), sea cucumbers, sea urchins, sand dollars, and brittle stars are all examples of echinoderms. To date, no freshwater or terrestrial echinoderms are known. Morphology and Anatomy Adult echinoderms exhibit pentaradial symmetry and have a calcareous endoskeleton made of ossicles, although the early larval stages of all echinoderms have bilateral symmetry. The endoskeleton is developed by epidermal cells and may possess pigment cells, giving vivid colors to these animals, as well as cells laden with toxins. Gonads are present in each arm. In echinoderms like sea stars, every arm bears two rows of tube feet on the oral side. These tube feet help in attachment to the substratum. These animals possess a true coelom that is modified into a unique circulatory system called a water vascular system. An interesting feature of these animals is their power to regenerate, even when over 75 percent of their body mass is lost."
sciq,260,,What phase does the nuclear envelope begin to break down?,prophase i,0,prophase i,nitrogenase i,interphase,pasiphaë i,0.999972,1.000000,0,0,1,1,both_correct,"Prophase I: The nuclear envelope begins to break down, and the chromosomes condense. Centrioles start moving to opposite poles of the cell, and a spindle begins to form. Importantly, homologous chromosomes pair up, which is unique to prophase I. In prophase of mitosis and meiosis II, homologous chromosomes do not form pairs in this way. During prophase I, crossing-over occurs (see below)."
sciq,261,,What is released to lubricate the vagina to facilitate intercourse?,vaginal secretions,2,urine,blood,vaginal secretions,semen,1.000000,1.000000,2,2,1,1,both_correct,"The vagina is a muscular tube that serves several purposes. It allows menstrual flow to leave the body. It is the receptacle for the penis during intercourse and the vessel for the delivery of offspring. It is lined by stratified squamous epithelial cells to protect the underlying tissue. Sexual Response during Intercourse The sexual response in humans is both psychological and physiological. Both sexes experience sexual arousal through psychological and physical stimulation. There are four phases of the sexual response. During phase one, called excitement, vasodilation leads to vasocongestion in erectile tissues in both men and women. The nipples, clitoris, labia, and penis engorge with blood and become enlarged. Vaginal secretions are released to lubricate the vagina to facilitate intercourse. During the second phase, called the plateau, stimulation continues, the outer third of the vaginal wall enlarges with blood, and breathing and heart rate increase. During phase three, or orgasm, rhythmic, involuntary contractions of muscles occur in both sexes. In the male, the reproductive accessory glands and tubules constrict placing semen in the urethra, then the urethra contracts expelling the semen through the penis. In women, the uterus and vaginal muscles contract in waves that may last slightly less than a second each. During phase four, or resolution, the processes described in the first three phases reverse themselves and return to their normal state. Men experience a refractory period in which they cannot maintain an erection or ejaculate for a period of time ranging from minutes to hours."
sciq,262,,"Cnidarians are an example of organisms that possess a simple type of what system, used for sensing touch?",nervous system,1,circulatory system,nervous system,bacterial system,lymphatic system,0.999993,1.000000,1,1,1,1,both_correct,"Cnidarians have a simple nervous system. It consists of a net of nerves that can sense touch. You can see a sketch of the nerve net in a hydra in Figure below . Some cnidarians also have other sensory structures. For example, jellyfish have light-sensing structures and gravity-sensing structures."
sciq,263,,What can we learn about a wave by finding the product of the wavelength and frequency?,speed,2,decibels,volume,speed,type,1.000000,1.000000,2,2,1,1,both_correct,"The speed of a wave is a product of its wavelength and frequency. Because all electromagnetic waves travel at the same speed through space, a wave with a shorter wavelength must have a higher frequency, and vice versa. This relationship is represented by the equation:."
sciq,264,,Where are liverworts most often found?,along stream beds,1,on mountains,along stream beds,in deserts,in the ocean,1.000000,1.000000,1,1,1,1,both_correct,"Liverworts have two distinct appearances: they can either be leafy like mosses or flattened and ribbon-like. Liverworts get their name from the type with the flattened bodies, which can resemble a liver ( Figure below ). Liverworts can often be found along stream beds."
sciq,265,,What does a continuous string of earthquakes indicate about a volcano?,eruption is close,3,extinction is close,it is cooling down,it is heating up,eruption is close,0.999998,1.000000,3,3,1,1,both_correct,"Earthquakes may take place every day near a volcano. But before an eruption, the number and size of earthquakes increases. This is the result of magma pushing upward into the magma chamber. This motion causes stresses on neighboring rock to build up. Eventually the ground shakes. A continuous string of earthquakes may indicate that a volcano is about to erupt. Scientists use seismographs to record the length and strength of each earthquake."
sciq,266,,"What term is used to describe  the variety of life and its processes, including the variety of living organisms, the genetic differences among them, and the communities and ecosystems in which they occur?",biodiversity,0,biodiversity,biosphere,evolution,habitat,1.000000,1.000000,0,0,1,1,both_correct,"Biodiversity refers to the variety of life and its processes, including the variety of living organisms, the genetic differences among them, and the communities and ecosystems in which they occur. Scientists have identified about 1.9 million species alive today. They are divided into the six kingdoms of life shown in Figure below . Scientists are still discovering new species. Thus, they do not know for sure how many species really exist today. Most estimates range from 5 to 30 million species."
sciq,267,,"A rock that contains important minerals is called what, a term associated with mining?",ore,2,coal,jewel,ore,gem,1.000000,1.000000,2,2,1,1,both_correct,An ore is a rock that contains important minerals.
sciq,268,,"Besides the size of their crystals, how are igneous rocks grouped?",minerals they contain,0,minerals they contain,by shapes,by color,impurities they contain,1.000000,1.000000,0,0,1,1,both_correct,"Igneous rocks are grouped by the size of their crystals and the minerals they contain. The minerals in igneous rocks are grouped into families. Some contain mostly lighter colored minerals, some have a combination of light and dark minerals, and some have mostly darker minerals. The combination of minerals is determined by the composition of the magma. Magmas that produce lighter colored minerals are higher in silica. These create rocks such as granite and rhyolite. Darker colored minerals are found in rocks such as gabbro and basalt."
sciq,269,,Convection is the heat transfer by the macroscopic movement of a what?,fluid,0,fluid,gravity,tissue,gases,1.000000,1.000000,0,0,1,1,both_correct,"14.4 Heat Transfer Methods Equally as interesting as the effects of heat transfer on a system are the methods by which this occurs. Whenever there is a temperature difference, heat transfer occurs. Heat transfer may occur rapidly, such as through a cooking pan, or slowly, such as through the walls of a picnic ice chest. We can control rates of heat transfer by choosing materials (such as thick wool clothing for the winter), controlling air movement (such as the use of weather stripping around doors), or by choice of color (such as a white roof to reflect summer sunlight). So many processes involve heat transfer, so that it is hard to imagine a situation where no heat transfer occurs. Yet every process involving heat transfer takes place by only three methods: 1. Conduction is heat transfer through stationary matter by physical contact. (The matter is stationary on a macroscopic scale—we know there is thermal motion of the atoms and molecules at any temperature above absolute zero. ) Heat transferred between the electric burner of a stove and the bottom of a pan is transferred by conduction. Convection is the heat transfer by the macroscopic movement of a fluid. This type of transfer takes place in a forced-air furnace and in weather systems, for example. Heat transfer by radiation occurs when microwaves, infrared radiation, visible light, or another form of electromagnetic radiation is emitted or absorbed. An obvious example is the warming of the Earth by the Sun. A less obvious example is thermal radiation from the human body."
sciq,270,,Hypersection by an endocrine gland is often caused by what?,tumor,2,calcium,inflammation,tumor,viruses,0.999999,1.000000,2,2,1,1,both_correct,"Hypersecretion by an endocrine gland is often caused by a tumor. For example, a tumor of the pituitary gland can cause hypersecretion of growth hormone. If this occurs in childhood, it results in very long arms and legs and abnormally tall stature by adulthood. The condition is commonly known as gigantism (see Figure below ). See Giants - Part 1 - Pituitary Gigantism and Acromegaly at http://www. youtube. com/watch?v=Ebhf1qKVA9A for information about pituitary giants."
sciq,271,,What gland secretes growth hormones?,pituitary,0,pituitary,pineal,adrenal,thyroid,1.000000,1.000000,0,0,1,1,both_correct,"Hormones That Influence Osteoblasts and/or Maintain the Matrix Several hormones are necessary for controlling bone growth and maintaining the bone matrix. The pituitary gland secretes growth hormone (GH), which, as its name implies, controls bone growth in several ways. It triggers chondrocyte proliferation in epiphyseal plates, resulting in the increasing length of long bones. GH also increases calcium retention, which enhances mineralization, and stimulates osteoblastic activity, which improves bone density. GH is not alone in stimulating bone growth and maintaining osseous tissue. Thyroxine, a hormone secreted by the thyroid gland promotes osteoblastic activity and the synthesis of bone matrix. During puberty, the sex hormones (estrogen in girls, testosterone in boys) also come into play. They too promote osteoblastic activity and production of bone matrix, and in addition, are responsible for the growth spurt that often occurs during adolescence. They also promote the conversion of the epiphyseal plate to the epiphyseal line (i. , cartilage to its bony remnant), thus bringing an end to the longitudinal growth of bones. Additionally, calcitriol, the active form of vitamin D, is produced by the kidneys and stimulates the absorption of calcium and phosphate from the digestive tract."
sciq,272,,We must remember that the formal charge calculated for an atom is not the actual charge of the atom in the molecule. formal charge is only a useful bookkeeping procedure; it does not indicate the presence of these?,actual charges,2,isotopes,electron bonds,actual charges,negative charges,1.000000,1.000000,2,2,1,1,both_correct,"Calculating Formal Charge The formal charge of an atom in a molecule is the hypothetical charge the atom would have if we could redistribute the electrons in the bonds evenly between the atoms. Another way of saying this is that formal charge results when we take the number of valence electrons of a neutral atom, subtract the nonbonding electrons, and then subtract the number of bonds connected to that atom in the Lewis structure. Thus, we calculate formal charge as follows: formal charge = # valence shell electrons (free atom) − # lone pair electrons − 1 # bonding electrons 2 We can double-check formal charge calculations by determining the sum of the formal charges for the whole structure. The sum of the formal charges of all atoms in a molecule must be zero; the sum of the formal charges in an ion should equal the charge of the ion. We must remember that the formal charge calculated for an atom is not the actual charge of the atom in the molecule. Formal charge is only a useful bookkeeping procedure; it does not indicate the presence of actual charges."
sciq,273,,What kind of rock layer makes up the bottom of an aquifer?,impermeable,1,crystalline,impermeable,porous,invisible,0.966908,1.000000,1,1,1,1,both_correct,A rock layer must be porous and permeable to be a good aquifer. An impermeable layer makes up the bottom of an aquifer.
sciq,274,,The amniotic egg is a shared ancestral character for which clade?,amniota,1,trichina,amniota,avian,xerophyte,1.000000,1.000000,1,1,1,1,both_correct,"What is the largest clade in this diagram? Shared Characteristics Organisms evolve from common ancestors and then diversify. Scientists use the phrase “descent with modification” because even though related organisms have many of the same characteristics and genetic codes, changes occur. This pattern repeats over and over as one goes through the phylogenetic tree of life: 1. A change in the genetic makeup of an organism leads to a new trait which becomes prevalent in the group. Many organisms descend from this point and have this trait. New variations continue to arise: some are adaptive and persist, leading to new traits. With new traits, a new branch point is determined (go back to step 1 and repeat). If a characteristic is found in the ancestor of a group, it is considered a shared ancestral character because all of the organisms in the taxon or clade have that trait. The vertebrate in Figure 20.10 is a shared ancestral character. Now consider the amniotic egg characteristic in the same figure. Only some of the organisms in Figure 20.10 have this trait, and to those that do, it is called a shared derived character because this trait derived at some point but does not include all of the ancestors in the tree. The tricky aspect to shared ancestral and shared derived characters is the fact that these terms are relative. The same trait can be considered one or the other depending on the particular diagram being used. Returning to Figure 20.10, note that the amniotic egg is a shared ancestral character for the Amniota clade, while having hair is a shared derived character for some organisms in this group. These terms help scientists distinguish between clades in the building of phylogenetic trees."
sciq,275,,Lyme disease is caused by what kind of organim?,bacteria,0,bacteria,bacterium,algae,Virus,0.919642,0.999991,0,0,1,1,both_correct,"Humans have literally walked into some new bacterial diseases. When people come into contact with wild populations, they may become part of natural cycles of disease transmission. Consider Lyme disease. It’s caused by bacteria that normally infect small, wild mammals, such as mice. A tick bites a mouse and picks up the bacteria. The tick may then bite a human who invades the natural habitat. Through the bite, the bacteria are transmitted to the human host."
sciq,276,,What is the side to side movement of the mandible called?,excursion,2,shifting,twitching,excursion,cycling,1.000000,1.000000,2,2,1,1,both_correct,"Excursion Excursion is the side to side movement of the mandible. Lateral excursion moves the mandible away from the midline, toward either the right or left side. Medial excursion returns the mandible to its resting position at the midline."
sciq,277,,A moraine is sediment deposited by what?,glacier,2,river erosion,human-caused scarring,glacier,wind,1.000000,1.000000,2,2,1,1,both_correct,A moraine is sediment deposited by a glacier. A ground moraine is a thick layer of sediments left behind by a retreating glacier. An end moraine is a low ridge of sediments deposited at the end of the glacier. It marks the greatest distance the glacier advanced.
sciq,278,,The development of the respiratory system in the fetus begins at about?,4 weeks,0,4 weeks,4 days,2 weeks,4 months,0.999546,1.000000,0,0,1,1,both_correct,"22.7 Embryonic Development of the Respiratory System The development of the respiratory system in the fetus begins at about 4 weeks and continues into childhood. Ectodermal tissue in the anterior portion of the head region invaginates posteriorly, forming olfactory pits, which ultimately fuse with endodermal tissue of the early pharynx. At about this same time, an protrusion of endodermal tissue extends anteriorly from the foregut, producing a lung bud, which continues to elongate until it forms the laryngotracheal bud. The proximal portion of this structure will mature into the trachea, whereas the bulbous end will branch to form two bronchial buds. These buds then branch repeatedly, so that at about week 16, all major airway structures are present. Development progresses after week 16 as respiratory bronchioles and alveolar ducts form, and extensive vascularization occurs. Alveolar type I cells also begin to take shape. Type II pulmonary cells develop and begin to produce small amounts of surfactant. As the fetus grows, the respiratory system continues to expand as more alveoli develop and more surfactant is produced. Beginning at about week 36 and lasting into childhood, alveolar precursors mature to become fully functional alveoli. At birth, compression of the thoracic cavity forces much of the fluid in the lungs to be expelled. The first inhalation inflates the lungs. Fetal breathing movements begin around week 20 or 21, and occur when contractions of the respiratory muscles cause the fetus."
sciq,279,,What are plants that grow on other plants called?,epiphytes,1,fungi,epiphytes,bryophytes,parasites,1.000000,1.000000,1,1,1,1,both_correct,"Plants called epiphytes grow on other plants. They obtain moisture from the air instead of the soil. Most epiphytes are ferns or orchids that live in rainforests. Host trees provide support for the plants. They allow epiphytes to get air and sunlight high above the forest floor. This lets the plants get out of the shadows on the forest floor so they can get enough light for photosynthesis. Being elevated may also reduce the risk of being eaten by herbivores. In addition, it may increase the chances of pollination by wind."
sciq,280,,An object attached to a spring sliding on a frictionless surface is an uncomplicated type of what device?,simple harmonic oscillator,0,simple harmonic oscillator,pendulum,atomic watch,wheel and axle,1.000000,1.000000,0,0,1,1,both_correct,"Figure 16.9 An object attached to a spring sliding on a frictionless surface is an uncomplicated simple harmonic oscillator. When displaced from equilibrium, the object performs simple harmonic motion that has an amplitude X and a period T . The object’s maximum speed occurs as it passes through equilibrium. The stiffer the spring is, the smaller the period."
sciq,281,,"The components of a mixture keep their own identity when they combine, so they retain what type of properties, such as boiling point and ability to dissolve?",physical,0,physical,internal,thermal,thermal,1.000000,1.000000,0,0,1,1,both_correct,"The components of a mixture keep their own identity when they combine, so they retain their physical properties. Examples of physical properties include boiling point, ability to dissolve, and particle size. When components of mixtures vary in physical properties such as these, processes such as boiling, dissolving, or filtering can be used to separate them."
sciq,282,,"A thermite reaction is thermodynamically spontaneous, and because it is associated with a significant release of heat, it is regarded as what?",exothermic,3,endotropic,endothermic,biochemical,exothermic,1.000000,1.000000,3,3,1,1,both_correct,"Thermodynamic spontaneity. The highly exothermic and dramatic thermite reaction is thermodynamically spontaneous. Reactants of aluminum and a metal oxide, usually iron, which are stable at room temperature, are ignited either in the presence of heat or by the reaction of potassium permanganate and glycerin. The resulting products are aluminum oxide, free and molten elemental metal, and a great deal of heat, which makes this an excellent method for on-site welding. Because this reaction has its own oxygen supply, it can be used for underwater welding as well."
sciq,283,,What do nectar-feeding bats do to flowers?,pollinate,0,pollinate,consume,defecate,illuminate,1.000000,1.000000,0,0,1,1,both_correct,"Mammals also interact with other species in many symbiotic relationships. For example, bats have established mutually beneficial relationships with plants. Nectar-feeding bats receive a tasty treat from each flower, and, in return, they pollinate the flowers. That means they transfer pollen from one flower to another, allowing the plant to reproduce. Non-flying mammalian pollinators include marsupials, primates, and rodents. In most cases, these animals visit flowers to eat their nectar, and end up with pollen stuck to their bodies. When the animal visits another flower to eat the nectar, the pollen is transferred to that flower."
sciq,284,,Ecological succession refers to the change in the numbers and types of species that live in what groups?,communities,3,colonies,biomes,movements,communities,1.000000,1.000000,3,3,1,1,both_correct,Communities are not usually static. The numbers and types of species that live in them generally change over time. This is called ecological succession . Important cases of succession are primary and secondary succession.
sciq,285,,"What broad group of organisms is characterized by sensory organs, the ability to move, internal digestion and sexual reproduction?",animals,1,plants,animals,protists,fungi,1.000000,1.000000,1,1,1,1,both_correct,"Animals are multicellular eukaryotes that lack cell walls. All animals are heterotrophs. They have sensory organs, the ability to move, and internal digestion. They also have sexual reproduction."
sciq,286,,"Foodborne illness, food allergies, or a food intolerance cause symptoms in what system?",digestive,0,digestive,skeletal,circulatory,respiratory,1.000000,1.000000,0,0,1,1,both_correct,"Most of the time, you probably aren’t aware of your digestive system. It works well without causing any problems. But most people have problems with their digestive system at least once in a while. Did you ever eat something that didn’t “agree” with you? Maybe you had a stomachache or felt sick to your stomach? Maybe you had diarrhea? These could be symptoms of foodborne illness, food allergies, or a food intolerance."
sciq,287,,The number of what subatomic particles determines an element’s atomic number and is used to distinguish one element from another?,protons,0,protons,neutrons,quarks,electrons,1.000000,1.000000,0,0,1,1,both_correct,"Atomic Number and Mass Atoms of each element contain a characteristic number of protons and electrons. The number of protons determines an element’s atomic number and is used to distinguish one element from another. The number of neutrons is variable, resulting in isotopes, which are different forms of the same atom that vary only in the number of neutrons they possess. Together, the number of protons and the number of neutrons determine an element’s mass number, as illustrated in Figure 2.3. Note that the small contribution of mass from electrons is disregarded in calculating the mass number. This approximation of mass can be used to easily calculate how many neutrons an element has by simply subtracting the number of protons from the mass number. Since an element’s isotopes will have slightly different mass numbers, scientists also determine the atomic mass, which is the calculated mean of the mass number for its naturally occurring isotopes. Often, the resulting number contains a fraction. For example, the atomic mass of chlorine (Cl) is 35.45 because chlorine is composed of several isotopes, some (the majority) with atomic mass 35 (17 protons and 18 neutrons) and some with atomic mass 37 (17 protons and 20 neutrons)."
sciq,288,,"What occurs not only as organisms grow, but as they reproduce.",cell division,3,experimental division,proteins division,flight division,cell division,1.000000,1.000000,3,3,1,1,both_correct,Cell division occurs not only as organisms grow. It also occurs when they reproduce.
sciq,289,,"What useful tool helps scientists work with, understand and make predictions about extremely complex systems?",models,0,models,assumptions,speculation,guesses,1.000000,1.000000,0,0,1,1,both_correct,Scientific models are useful tools for scientists. Most of Earth's systems are extremely complex. Models allow scientists to work with systems that are nearly impossible to study as a whole. Models help scientists to understand these systems. They can analyze and make predictions about them using the models. There are different types of models.
sciq,290,,A dilute solution is one that has a relatively small amount of what?,dissolved solute,2,density,saturated fat,dissolved solute,pH level,1.000000,1.000000,2,2,1,1,both_correct,"There are cultures that have no numbers above three. Anything greater than that is simply referred to as “much” or “many”. We recognize how limited this form of calculation is, but we do some of the same thing. There are several ways to express the amount of solute in a solution in a quantitative manner. The concentration of a solution is a measure of the amount of solute that has been dissolved in a given amount of solvent or solution. A concentrated solution is one that has a relatively large amount of dissolved solute. A dilute solution is one that has a relatively small amount of dissolved solute. However, those terms are vague and we need to be able to express concentration with numbers."
sciq,291,,Each bond includes a sharing of electrons between atoms. two electrons are shared in a single bond; four electrons are shared in a double bond; and six electrons are shared in this?,triple bond,1,magnetic bond,triple bond,quadruple bond,ionic bond,0.999992,0.999999,1,1,1,1,both_correct,Each bond includes a sharing of electrons between atoms. Two electrons are shared in a single bond; four electrons are shared in a double bond; and six electrons are shared in a triple bond.
sciq,292,,What is the process of breaking an individual into parts followed by regeneration called?,fragmentation,1,minimization,fragmentation,destruction,erosion,0.999999,1.000000,1,1,1,1,both_correct,"View this video (http://openstaxcollege. org/l/budding_hydra2) to see a hydra budding. Fragmentation Fragmentation is the breaking of an individual into parts followed by regeneration. If the animal is capable of fragmentation, and the parts are big enough, a separate individual will regrow from each part. Fragmentation may occur through accidental damage, damage from predators, or as a natural form of reproduction. Reproduction through."
sciq,293,,The left atrium receives oxygen-rich blood from which organs?,lungs,2,pancreas,brain,lungs,liver,1.000000,1.000000,2,2,1,1,both_correct,The left atrium receives oxygen-rich blood from the lungs.
sciq,294,,"If the water vapor condenses in liquid droplets as clouds form, what is released in the atmosphere?",heat,3,hydrogen,electricity,oxygen,heat,1.000000,1.000000,3,3,1,1,both_correct,"Another important example of the combination of phase change and convection occurs when water evaporates from the oceans. Heat is removed from the ocean when water evaporates. If the water vapor condenses in liquid droplets as clouds form, heat is released in the atmosphere. Thus, there is an overall transfer of heat from the ocean to the atmosphere. This process is the driving power behind thunderheads, those great cumulus clouds that rise as much as 20.0 km into the stratosphere. Water vapor carried in by convection condenses, releasing tremendous amounts of energy. This energy causes the air to expand and rise, where it is colder. More condensation occurs in these colder regions, which in turn drives the cloud even higher. Such a mechanism is called positive feedback, since the process reinforces and accelerates itself. These systems sometimes produce violent storms, with lightning and hail, and constitute the mechanism driving hurricanes."
sciq,295,,An increase in the number of gas molecules in the same volume container causes what to increase?,pressure,0,pressure,energy,power,friction,1.000000,1.000000,0,0,1,1,both_correct,An increase in the number of gas molecules in the same volume container increases pressure.
sciq,296,,What do induction cooktops have under their surface?,electromagnets,0,electromagnets,screws,Chambers,clumps,1.000000,1.000000,0,0,1,1,both_correct,"Induction cooktops have electromagnets under their surface. The magnetic field is varied rapidly producing eddy currents in the base of the pot, causing the pot and its contents to increase in temperature. Induction cooktops have high efficiencies and good response times but the base of the pot needs to be ferromagnetic, iron or steel for induction to work."
sciq,297,,How many types of molecular orbitals can form from the overlap of two atomic s orbitals on adjacent atoms?,two,2,six,three,two,ten,0.899121,1.000000,2,2,1,1,both_correct,"There are two types of molecular orbitals that can form from the overlap of two atomic s orbitals on adjacent atoms. The two types are illustrated in Figure 8.29. The in-phase combination produces a lower energy σs molecular orbital (read as ""sigma-s"") in which most of the electron density is directly between the nuclei. The out-of-phase addition (which can also be thought of as subtracting the wave functions) produces a higher energy molecular orbital (read as ""sigma-s-star"") molecular orbital in which there is a node between the nuclei. The asterisk signifies that the orbital is an antibonding orbital. Electrons in a σs orbital are attracted by both nuclei at the same time and are more stable (of lower energy) than they would be in the isolated atoms. Adding electrons to these orbitals creates a force that holds the two nuclei together, so we call these orbitals bonding orbitals. Electrons in the σ*s orbitals are located well away from the region between the two nuclei. The attractive force between the nuclei and these electrons pulls the two nuclei apart. Hence, these orbitals are called antibonding orbitals. Electrons fill the lower-energy bonding orbital before the higher-energy antibonding orbital, just as they fill lower-energy atomic orbitals before they fill higher-energy atomic orbitals."
sciq,298,,"Salicylic acid is used in the synthesis of acetylsalicylic acid, or more commonly called?",aspirin,1,antacid,aspirin,Tylenol,smelling salts,1.000000,1.000000,1,1,1,1,both_correct,"Salicylic acid is used in the synthesis of acetylsalicylic acid, or aspirin. One gram dissolves in 460 mL of water to create a saturated solution with a pH of 2.40."
sciq,299,,What kind of weather do psychrophiles need to grow and reproduce?,cold temperatures,2,Hot temperatures,water temperatures,cold temperatures,mixed temperatures,1.000000,1.000000,2,2,1,1,both_correct,"Psychrophiles grow and reproduce in cold temperatures. The optimal growth temperature of some psychrophiles is 15°C or lower; they cannot grow in temperatures above 20°C. The environments that psychrophiles inhabit are found all over Earth. Psychrophiles live in such places as permafrost soils, deep-ocean waters, Arctic and Antarctic glaciers and snowfields."
sciq,300,,What creates new seafloor in the rift valleys?,seafloor spreading,0,seafloor spreading,crust spreading,sedimentation,continental drift,1.000000,1.000000,0,0,1,1,both_correct,"Volcanoes erupt at mid-ocean ridges, such as the Mid-Atlantic ridge. Seafloor spreading creates new seafloor in the rift valleys. This type of volcanism makes all of the ocean floor! Where a hotspot is located along the ridge, such as at Iceland, volcanoes grow high enough to create islands ( Figure below )."
sciq,301,,The building blocks of proteins are called what?,amino acids,3,protein acids,mutation acids,boric acids,amino acids,1.000000,1.000000,3,3,1,1,both_correct,"2.3 Biological Molecules Living things are carbon-based because carbon plays such a prominent role in the chemistry of living things. The four covalent bonding positions of the carbon atom can give rise to a wide diversity of compounds with many functions, accounting for the importance of carbon in living things. Carbohydrates are a group of macromolecules that are a vital energy source for the cell, provide structural support to many organisms, and can be found on the surface of the cell as receptors or for cell recognition. Carbohydrates are classified as monosaccharides, disaccharides, and polysaccharides, depending on the number of monomers in the molecule. Lipids are a class of macromolecules that are nonpolar and hydrophobic in nature. Major types include fats and oils, waxes, phospholipids, and steroids. Fats and oils are a stored form of energy and can include triglycerides. Fats and oils are usually made up of fatty acids and glycerol. Proteins are a class of macromolecules that can perform a diverse range of functions for the cell. They help in metabolism by providing structural support and by acting as enzymes, carriers or as hormones. The building blocks of proteins are amino acids. Proteins are organized at four levels: primary, secondary, tertiary, and quaternary. Protein shape and function are intricately linked; any change in shape caused by changes in temperature, pH, or chemical exposure may lead to protein denaturation and a loss of function."
sciq,302,,Type 1 diabetes and gigantism are examples of what type of disorder?,endocrine diseases,2,respiratory diseases,cardiac diseases,endocrine diseases,inborn errors of metabolism,1.000000,1.000000,2,2,1,1,both_correct,Endocrine system diseases are fairly common. An endocrine disease usually involves the secretion of too much or not enough hormone by an endocrine hormone. Examples of endocrine diseases are gigantism and Type 1 diabetes.
sciq,303,,"In photosynthesis, what process involving carbon dioxide and oxygen occurs through small, regulated openings called stomata?",gas exchange,0,gas exchange,fertilization,osmosis,transpiration,1.000000,1.000000,0,0,1,1,both_correct,"Although the equation looks simple, the many steps that take place during photosynthesis are actually quite complex. Before learning the details of how photoautotrophs turn sunlight into food, it is important to become familiar with the structures involved. In plants, photosynthesis generally takes place in leaves, which consist of several layers of cells. The process of photosynthesis occurs in a middle layer called the mesophyll. The gas exchange of carbon dioxide and oxygen occurs through small, regulated openings called stomata (singular: stoma), which also play roles in the regulation of gas exchange and water balance. The stomata are typically located on the underside of the leaf, which helps to minimize water loss. Each stoma is flanked by guard cells that regulate the opening and closing of the stomata by swelling or shrinking in response to osmotic changes. In all autotrophic eukaryotes, photosynthesis takes place inside an organelle called a chloroplast. For plants, chloroplastcontaining cells exist in the mesophyll. Chloroplasts have a double membrane envelope (composed of an outer membrane and an inner membrane). Within the chloroplast are stacked, disc-shaped structures called thylakoids. Embedded in the thylakoid membrane is chlorophyll, a pigment (molecule that absorbs light) responsible for the initial interaction between light and plant material, and numerous proteins that make up the electron transport chain. The thylakoid membrane encloses an internal space called the thylakoid lumen. As shown in Figure 8.6, a stack of thylakoids is called a granum, and the liquid-filled space surrounding the granum is called stroma or “bed” (not to be confused with stoma or “mouth,” an opening on the leaf epidermis)."
sciq,304,,Which molecules are made of one carbon and four hydrogen atoms?,hydrocarbons,0,hydrocarbons,proteins,fats,particles,0.999989,1.000000,0,0,1,1,both_correct,Hydrocarbons are molecules made of one carbon and four hydrogen atoms.
sciq,305,,Atoms of different elements have different numbers of what?,protons,1,nucleus,protons,neutrons,electrons,0.999999,1.000000,1,1,1,1,both_correct,"All protons are identical. For example, hydrogen protons are exactly the same as protons of helium and all other elements, or pure substances. However, atoms of different elements have different numbers of protons. In fact, atoms of any given element have a unique number of protons that is different from the numbers of protons of all other elements. For example, a hydrogen atom has just one proton, whereas a helium atom has two protons. The number of protons in an atom determines the electrical charge of the nucleus. The nucleus also contains neutrons, but they are neutral in charge. The one proton in a hydrogen nucleus, for example, gives it a charge of +1, and the two protons in a helium nucleus give it a charge of +2. To learn more about the relationship between protons and elements, go to this URL:."
sciq,306,,What is a reptiles skin covered in to protect them from drying out?,scales,2,oil,bacteria,scales,dye,1.000000,1.000000,2,2,1,1,both_correct,"The cell cycle is a repeating series of events that cells go through. It includes growth, DNA synthesis, and cell division. In eukaryotic cells, there are two growth phases, and cell division includes mitosis."
sciq,307,,Gabbro is a dark dense rock that can be found in what?,oceanic crust,3,soil,mantle,surface crust,oceanic crust,0.999268,1.000000,3,3,1,1,both_correct,"Mark A. Wilson (Department of Geology, The College of Wooster). Gabbro is a dark dense rock that can be found in oceanic crust . Public Domain."
sciq,308,,What provides clear evidence of evolution?,fossils,1,extinction,fossils,biologists,mutations,1.000000,1.000000,1,1,1,1,both_correct,"Fossils are a window into the past. They provide clear evidence that evolution has occurred. Scientists who find and study fossils are called paleontologists . How do they use fossils to understand the past? Consider the example of the horse, shown in the Figure below . The fossil record shows how the horse evolved."
sciq,309,,What begins with a diploid cell and ends with four haploid cells?,meiosis,2,electrolysis,mitosis,meiosis,urinalysis,0.985043,1.000000,2,2,1,1,both_correct,"Fertilization joins haploid gametes into a diploid zygote. How do gametes end up with half the amount, a haploid amount, of DNA? The mechanism that produces haploid cells is meiosis. Meiosis is a type of cell division that halves the number of chromosomes. Meiosis is specific to gamete producing cells in the gonads. Meiosis begins with a diploid cell and ends with four haploid cells. These cells eventually differentiate into mature sperm or egg cells. During meiosis the pairs of homologous chromosomes separate and segregate randomly to produce gametes with one chromosome from each pair. Only germ cells like spermatocytes and oocytes, can undergo meiosis."
sciq,310,,"Two smaller isotopes, more neutrons, and heat energy are the products of what type of reaction?",fission,2,fusion,Reaction,fission,diffusion,1.000000,1.000000,2,2,1,1,both_correct,"Nuclear fission reactions involve collision of a slow neuron with an element, usually uranium. The products of a fission reaction are two smaller isotopes, more neutrons, and heat energy."
sciq,311,,Traits controlled by genes on the sex chromosomes are called what?,sex-linked traits,3,chromosome-linked traits,male-related traits,gender-linked traits,sex-linked traits,1.000000,1.000000,3,3,1,1,both_correct,"Traits controlled by genes on the sex chromosomes are called sex-linked traits . One gene on the Y chromosome determines male sex. There are very few other genes on the Y chromosome, which is the smallest human chromosome. There are hundreds of genes on the much larger X chromosome. None is related to sex. Traits controlled by genes on the X chromosome are called X-linked traits."
sciq,312,,What structures are at the end of the long air passages in the lungs?,alveoli,3,Oral Cavity,Larynx,chloride,alveoli,1.000000,1.000000,3,3,1,1,both_correct,"During respiration, oxygen gets pulled into the lungs and enters the blood by passing across the thin alveoli membranes and into the capillaries. The alveoli are at the end of the long air passages."
sciq,313,,What is a disease caused by the same virus that causes chicken pox?,shingles,1,gout,shingles,diabetes,hepatitis,1.000000,1.000000,1,1,1,1,both_correct,Shingles. Shingles is a disease caused by the same virus that causes chicken pox.
sciq,314,,In a solution what is the substance a solute dissolves in is called?,solvent,3,atoms,gas,particles,solvent,1.000000,1.000000,3,3,1,1,both_correct,"A solution forms when one substance dissolves in another. The substance that dissolves is called the solute . The substance it dissolves in is called the solvent . For example, ocean water is a solution in which the solute is salt and the solvent is water. In this example, a solid (salt) is dissolved in a liquid (water). However, matter in any state can be the solute or solvent in a solution. Solutions may be gases, liquids, or solids. In Table below and the video at the URL below, you can learn about solutions involving other states of matter."
sciq,315,,Acidic hydrogen atoms are those which will be transferred to what?,a base,0,a base,water,another atom,a cup,0.999999,1.000000,0,0,1,1,both_correct,"Acids can further be categorized based on how many acidic hydrogen atoms they contain. Acidic hydrogen atoms are those which will be transferred to a base. A monoprotic acid has only one acidic hydrogen that would be transferred to a strong base, whereas a polyprotic acid has two or more. Common monoprotic acids include HCl, HBr, and HNO 3 . A common diprotic acid is sulfuric acid (H 2 SO 4 ), and phosphoric acid (H 3 PO 4 ) provides an example of a triprotic acid. In each case, all hydrogens are available to participate in acid-base reactions. However, that is not the case for all acidic molecules. For example, in acetic acid (CH 3 COOH), only the hydrogen bonded to the oxygen atom is acidic. The other three hydrogens are covalently bonded to carbon and cannot be removed by any of the bases that we will consider in this chapter."
sciq,316,,"In an ecosystem, what do you call organisms like lions that capture and kill other animals for food?",predators,3,leaders,alphas,hunters,predators,1.000000,1.000000,3,3,1,1,both_correct,"Consumers get their food in different ways Figure below . Grazers feed on living organisms without killing them. A rabbit nibbles on leaves and a mosquito sucks a drop of blood. Predators , like lions, capture and kill animals for food. The animals they eat are called prey . Even some plants are consumers. Pitcher plants trap insects in their sticky fluid in their “pitchers. ” The insects are their prey. Scavengers eat animals that are already dead. This hyena is eating the remains of a lion’s prey. Decomposers break down dead organisms and the wastes of living things. This dung beetle is rolling a ball of dung (animal waste) back to its nest. The beetle will use the dung to feed its young. The mushrooms pictured are growing on a dead log. They will slowly break it down. This releases its nutrients to the soil."
sciq,317,,What type of diseases occur when the immune system attacks normal body cells?,autoimmune,0,autoimmune,gastrointestinal,inflammatory,liver,1.000000,1.000000,0,0,1,1,both_correct,Autoimmune diseases occur when the immune system attacks normal body cells.
sciq,318,,"Most modern seed plants are angiosperms, which produce seeds in the ovaries of what basic structure?",flowers,3,stems,leaves,cells,flowers,1.000000,1.000000,3,3,1,1,both_correct,"Most modern seed plants are angiosperms that produce seeds in the ovaries of flowers. Ovaries may develop into fruits. Flowers attract pollinators, and fruits are eaten by animals, which help disperse the seeds."
sciq,319,,What is produced by the end of meiosis?,four haploid cells,0,four haploid cells,three haploid cells,eight haploid cells,sixteen haploid cells,1.000000,1.000000,0,0,1,1,both_correct,"At the end of meiosis, four haploid cells have been produced, but the cells are not yet gametes. The cells need to develop before they become mature gametes capable of fertilization. The development of haploid cells into gametes is called gametogenesis ."
sciq,320,,"In the u. s. , the majority of electricity is produced by burning coal or what else?",fossil fuels,1,wind power,fossil fuels,solar,hydroelectic,0.999987,1.000000,1,1,1,1,both_correct,"In the U. S. , the majority of electricity is produced by burning coal or other fossil fuels. This causes air pollution that harms the health of living things. The air pollution also causes acid rain and contributes to global warming. In addition, fossil fuels are nonrenewable resources, so if we keep using them, they will eventually run out. The main advantage of nuclear energy is that it doesn’t release air pollution or cause the other environmental problems associated with the burning of fossil fuels. On the other other hand, radioactive elements are nonrenewable like fossil fuels and could eventually be used up."
sciq,321,,Farming practices leave some soil exposed and vulnerable to what natural process?,erosion,2,migration,rust,erosion,sediment,1.000000,1.000000,2,2,1,1,both_correct,Farming leaves some soil exposed to erosion.
sciq,322,,Matter is made up of a mixture of things called what?,elements,2,compounds,segments,elements,structures,0.999997,1.000000,2,2,1,1,both_correct,"Matter is made up of a mixture of things called elements. Elements are substances that cannot be broken down into simpler substances. There are more than 100 known elements, and 92 occur naturally around us. The others have been made only in the laboratory."
sciq,323,,Water seeps into the ground through permeable material and stops when it reaches what?,impermeable rock,3,Lava,Bed Rock,Coral,impermeable rock,1.000000,1.000000,3,3,1,1,both_correct,Water seeps into the ground through permeable material and stops when it reaches an impermeable rock. Predict the purpose of the well in the diagram.
sciq,324,,"Vertebrate animals have two major body cavities, the dorsal and what is the other?",spinal cavity,3,functional cavity,proximal cavity,anterior cavity,spinal cavity,0.539586,0.999995,3,3,1,1,both_correct,"Figure 33.6 Vertebrate animals have two major body cavities. The dorsal cavity, indicated in green, contains the cranial and the spinal cavity. The ventral cavity, indicated in yellow, contains the thoracic cavity and the abdominopelvic cavity. The thoracic cavity is separated from the abdominopelvic cavity by the diaphragm. The thoracic cavity is separated into the abdominal cavity and the pelvic cavity by an imaginary line parallel to the pelvis bones. (credit: modification of work by NCI)."
sciq,325,,There are 20 different common amino acids needed to make what organic compound?,proteins,1,cells,proteins,lipids,nutron,1.000000,1.000000,1,1,1,1,both_correct,"Proteins are organic compounds that contain carbon, hydrogen, oxygen, nitrogen, and, in some cases, sulfur. These compounds may many essential functions within the cell (see below). Proteins are made of smaller units called amino acids . There are 20 different common amino acids needed to make proteins. All amino acids have the same basic structure, which is shown in Figure below . Only the side chain (labeled R in the figure) differs from one amino acid to another. These side chains can vary in size from just one hydrogen atom in glycine to a large heterocyclic group in tryptophan. The variable side chain gives each amino acid unique properties. The side chains can also characterize the amino acid as (1) nonpolar or hydrophobic, (2) neutral (uncharged) but polar, (3) acidic, with a net negative charge, and (4) basic, with a net positive charge at neutral pH."
sciq,326,,"Sponges exemplify what type of arrangement, where different cells are specialized for different functions, but each cell works alone?",cell-level organization,0,cell-level organization,organ-level organization,commensalism,independent organization,0.000022,1.000000,1,0,0,1,wrong_to_correct,"Sponges have cell-level organization, in which different cells are specialized for different functions, but each cell works alone. For example, some cells digest food, while other cells let water pass through the sponge."
sciq,327,,What type of chemical reactions release energy?,exothermic reactions,2,biochemical reactions,endothermic reactions,exothermic reactions,sulfuric reactions,1.000000,1.000000,2,2,1,1,both_correct,"Some chemical reactions are exothermic, which means they release energy. Other chemical reactions are endothermic, which means they consume energy."
sciq,328,,Some types of minerals form balls called what?,nodules,3,fistulas,cancers,microbes,nodules,1.000000,1.000000,3,3,1,1,both_correct,"Some types of minerals form balls called nodules. Nodules may be tiny or as big as basketballs. They contain manganese, iron, copper, and other useful minerals. As many as 500 billion tons of nodules lie on the ocean floor! However, mining them would be very costly and could be harmful to the ocean environment."
sciq,329,,"According to the special theory of relativity, no physical object can equal or exceed the speed of what?",light,1,energy,light,weight,air,1.000000,1.000000,1,1,1,1,both_correct,"A result of the special theory of relativity is that no physical object can equal or exceed the speed of light. From the equation for relativistic mass, it can be seen that as the object is accelerated faster and faster, its mass becomes greater and greater. The greater mass would require an even greater force to accelerate it. If the velocity of the mass ever reached the speed of light, the denominator of the equation would become zero and the mass would become infinite. The energy required to accelerate an infinite mass would also be infinite. The fact that light itself travels at the speed , implies that light has a zero rest mass. Of course, light is never at rest."
sciq,330,,What is another word for cellular drinking?,pinocytosis,0,pinocytosis,cellular hydration,altostratus,hypothalamus,1.000000,1.000000,0,0,1,1,both_correct,"Pinocytosis , or cellular drinking, occurs when the plasma membrane folds inward to form a channel allowing dissolved substances to enter the cell, as shown in Figure below . When the channel is closed, the liquid is encircled within a pinocytic vesicle."
sciq,331,,What do you call water that flows out of the ground where an aquifer meets the surface?,spring,1,waterfall,spring,oasis,stream,1.000000,1.000000,1,1,1,1,both_correct,Water that flows out of the ground where an aquifer meets the surface is called a spring. Spring water may contain dissolved minerals. It may also be heated by magma in the crust. Heated groundwater that erupts from the ground under pressure is called a geyser.
sciq,332,,What do you call the basic units of the structure and function of living things?,cells,1,enzymes,cells,molecules,proteins,1.000000,1.000000,1,1,1,1,both_correct,"If you look at living matter with a microscope—even a simple light microscope—you will see that it consists of cells. Cells are the basic units of the structure and function of living things. They are the smallest units that can carry out the processes of life. All organisms are made up of one or more cells, and all cells have many of the same structures and carry out the same basic life processes. Knowing the structures of cells and the processes they carry out is necessary to understanding life itself."
sciq,333,,What is the conversion of a solid to a gas called?,sublimation,3,education,amplification,speciation,sublimation,1.000000,1.000000,3,3,1,1,both_correct,"(a) Sublimation is the conversion of a solid (relatively high density) to a gas (much lesser density). This process yields a much greater dispersal of matter, since the molecules will occupy a much greater volume after the solid-to-gas transition. (b) Condensation is the conversion of a gas (relatively low density) to a liquid (much greater density). This process yields a much lesser dispersal of matter, since the molecules will occupy a much lesser volume after the solid-to-gas transition. (c) The process in question is dilution. The food dye molecules initially occupy a much smaller volume (the drop of dye solution) than they occupy once the process is complete (in the full glass of water). The process therefore entails a greater dispersal of matter. The process may also yield a more uniform dispersal of matter, since the initial state of the system involves two regions of different dye concentrations (high in the drop, zero in the water), and the final state of the system contains a single dye concentration throughout."
sciq,334,,Which form of dialysis has a patient’s blood pass through a length of tubing that travels through an artificial kidney machine?,hemodialysis,0,hemodialysis,peritoneal dialysis,arterial dialysis,limbic dialysis,1.000000,1.000000,0,0,1,1,both_correct,"In one form of dialysis, called hemodialysis, a patient’s blood is passed though a length of tubing that travels through an artificial kidney machine (also called adialysis machine). A section of tubing composed of a semipermeable membrane is immersed in a solution of sterile water, glucose, amino acids, and certain electrolytes. The osmotic pressure of the blood forces waste molecules and excess water through the membrane into the sterile solution. Red and white blood cells are too large to pass through the membrane, so they remain in the blood. After being cleansed in this way, the blood is returned to the body. Dialysis is a continuous process, as the osmosis of waste materials and excess water takes time. Typically, 5–10 lb of waste-containing fluid is removed in each dialysis session, which can last 2–8 hours and must be performed several times a week. Although some patients have been on dialysis for 30 or more years, dialysis is always a temporary solution because waste materials are constantly building up in the bloodstream. A more permanent solution is a kidney transplant. Cell walls are semipermeable membranes, so the osmotic pressures of the body’s fluids have important biological consequences. If solutions of different osmolarity exist on either side of the cells, solvent (water) may pass into or out of the cells, sometimes with disastrous results. Consider what happens if red blood cells are placed in a hypotonic solution, meaning a solution of lower osmolarity than the liquid inside the cells. The cells swell up as water enters them, disrupting cellular activity and eventually causing the cells to burst. This process is called hemolysis. If red blood cells are placed in ahypertonic solution, meaning one having a higher osmolarity than exists inside the cells, water leaves the cells to dilute the external solution, and the red blood cells shrivel and die. This process is called crenation. Only if red blood cells are placed inisotonic solutions that have the same osmolarity as exists inside the cells are they unaffected by negative effects of osmotic pressure. Glucose solutions of about 0.31 M, or sodium chloride solutions of about 0.16 M, are isotonic with blood plasma."
sciq,335,,What are the only type of elements capable of changing into different elements?,radioactive elements,0,radioactive elements,adjacent elements,noble gases,metalloids,1.000000,1.000000,0,0,1,1,both_correct,"Some elements naturally change into different elements. To understand how this happens, first recall what an element is. An element is a unique substance, with a unique number of protons in the nucleus of its atoms. No two elements have the same number of protons. For example, carbon atoms always have six protons. If an atom has a different number of protons, it isn’t carbon. For an element to change into a different element, then, it must change the number of protons in the nucleus of its atoms. This happens only in radioactive elements."
sciq,336,,What does the inside of all cells also contain?,cytosol,0,cytosol,protein,chromosomes,chloroplasm,1.000000,1.000000,0,0,1,1,both_correct,"The inside of all cells also contain a jelly-like substance called cytosol . Cytosol is composed of water and other molecules, including enzymes , which are proteins that speed up the cell’s chemical reactions. Everything in the cell sits in the cytosol, like fruit in a jello mold. The term cytoplasm refers to the cytosol and all of the organelles, the specialized compartments of the cell. The cytoplasm does not include the nucleus. As a prokaryotic cell does not have a nucleus, the DNA is in the cytoplasm."
sciq,337,,"What anatomical structures insulate, protect and provide sensory input?",hair,3,fingernails,teeth,salivary glands,hair,0.999770,1.000000,3,3,1,1,both_correct,"Hair helps to insulate and protect the body. Head hair is especially important in preventing heat loss from the body. Eyelashes and eyebrows protect the eyes from water, dirt, and other irritants. Hairs in the nose trap dust particles and microorganisms in the air and prevent them from reaching the lungs. Hair also provides sensory input when objects brush against it or it sways in moving air."
sciq,338,,"Known for its beautiful rings, what is the second largest planet in the solar system?",saturn,0,saturn,Mars,Venus,jupiter,1.000000,0.998716,0,0,1,1,both_correct,"Saturn, shown in Figure below , is famous for its beautiful rings. Saturn is the second largest planet in the solar system. Saturn’s mass is about 95 times Earth's mass. The gas giant is 755 times Earth’s volume. Despite its large size, Saturn is the least dense planet in our solar system. Saturn is actually less dense than water. This means that if there were a bathtub big enough, Saturn would float! In Roman mythology, Saturn was the father of Jupiter. Saturn orbits the Sun once about every 30 Earth years."
sciq,339,,What kind of waves are used in radar guns?,microwaves,2,radio waves,x-rays,microwaves,WIFI,0.000005,1.000000,0,2,0,1,wrong_to_correct,Electromagnetic waves carry energy through matter or space as vibrating electric and magnetic fields. Electromagnetic waves have a wide range of wavelengths and frequencies. The complete range is called the electromagnetic spectrum. The Figure below shows all the waves of the spectrum. The waves used in radar guns are microwaves.
sciq,340,,On what lobe of the liver is the gallbladder near?,right lobe,2,left lobe,internal lobe,right lobe,central lobe,1.000000,1.000000,2,2,1,1,both_correct,"The Gallbladder The gallbladder is 8–10 cm (~3–4 in) long and is nested in a shallow area on the posterior aspect of the right lobe of the liver. This muscular sac stores, concentrates, and, when stimulated, propels the bile into the duodenum via the common bile duct. It is divided into three regions. The fundus is the widest portion and tapers medially into the body, which in turn narrows to become the neck. The neck angles slightly superiorly as it approaches the hepatic duct. The cystic duct is 1–2 cm (less than 1 in) long and turns inferiorly as it bridges the neck and hepatic duct. The simple columnar epithelium of the gallbladder mucosa is organized in rugae, similar to those of the stomach. There is no submucosa in the gallbladder wall. The wall’s middle, muscular coat is made of smooth muscle fibers. When these fibers contract, the gallbladder’s contents are ejected through the cystic duct and into the bile duct (Figure 23.27). Visceral peritoneum reflected from the liver capsule holds the gallbladder against the liver and forms the outer coat of the gallbladder. The gallbladder's mucosa absorbs water and ions from bile, concentrating it by up to 10-fold."
sciq,341,,"What process is used for cell growth, repair of cuts and replacement of worn out cells?",cell division,1,binary fission,cell division,reproduction,pollination,1.000000,1.000000,1,1,1,1,both_correct,"Yes, just like this car, cells cannot last forever. Cells do eventually wear out. At that point, they need to be replaced. This is one reason that your cells divide. New cells that result after cells divide are also used for growth and to repair cuts."
sciq,342,,What do astronomers term the stretching of space that causes the distance between galaxies to increase?,expanding universe,2,maintaining universe,contracting universe,expanding universe,draining universe,1.000000,1.000000,2,2,1,1,both_correct,"An inflating balloon is not exactly like the expanding Universe. The surface of a balloon has only two dimensions, while space has three dimensions. But it is true that space itself is stretching out between galaxies like the rubber stretches when a balloon is inflated. This stretching of space, which causes the distance between galaxies to increase, is what astronomers mean by the expansion of the Universe."
sciq,343,,What are the two types of digestive systems invertebrates may have?,complete and incomplete,1,complete and simple,complete and incomplete,gastric and monogastric,complete and fluid,0.999997,1.000000,1,1,1,1,both_correct,Invertebrates have one of two types of digestive system. They are called incomplete and complete digestive systems. Both are shown in Figure below . An incomplete digestive system consists of a digestive cavity with one opening. The single opening serves as both mouth and anus. A complete digestive system consists of a digestive tract with two openings. One opening is the mouth. The other is the anus.
sciq,344,,What term is used to describe a cancer that has spread?,metastasized,3,destabilized,ostracized,galvanized,metastasized,1.000000,1.000000,3,3,1,1,both_correct,"Isotopes can be very useful in scans to locate cancer cells. This patient has multiple tumors that have spread (metastasized) from the main tumor. A radioisotope has been attached to antibodies that bind to specific cancer cells. The very dark spots in the armpits, neck, and groin represent areas where tumor cells exist."
sciq,345,,"What is the most abundant of all vertebrate classes, and the most recent to evolve?",birds,1,mammals,birds,bony fishes,reptiles,0.000034,1.000000,2,1,0,1,wrong_to_correct,"Of all vertebrate classes, birds are the most numerous, even though they evolved most recently. Why have birds been so successful? The answer is flight. Being able to fly opened up a whole new world to birds: the world of the air above the land and water."
sciq,346,,How many calories of energy does one gram of protein provide?,4,1,2,4,5,1,1.000000,1.000000,1,1,1,1,both_correct,"If you eat more protein than you need for these functions, the extra protein is used for energy. One gram of protein provides 4 Calories of energy, the same as carbohydrates. A 13-year-old needs to eat about 34 grams of protein a day. Figure below shows good food sources of protein."
sciq,347,,What is the cure of cancer known as?,remission,3,regeneration,rejuvenation,metabolism,remission,1.000000,1.000000,3,3,1,1,both_correct,"If leukemia is treated early, it usually can be cured. In fact, many cancers can be cured, which is known as remission, if treated early. Treatment of cancer often involves removing a tumor with surgery. This may be followed by other types of treatments. These treatments may include drugs (known as chemotherapy) and radiation therapy, which kill cancer cells."
sciq,348,,What is the outer layer of the exoskeleton called?,cuticle,2,bristle,epidermis,cuticle,epithelium,0.999979,1.000000,2,2,1,1,both_correct,"Segmented bodies with an exoskeleton . The outer layer of the exoskeleton is called the cuticle . It is made up of two layers. The outer layer, or exocuticle , is thin, waxy, and water-resistant. The inner layer is much thicker. The exocuticle is extremely thin in many soft-bodied insects, such as caterpillars."
sciq,349,,In what stage of their life cycle do insects begin developing their wings?,pupa,0,pupa,pupal,larva,crystalline,0.760611,0.712232,0,0,1,1,both_correct,"During pupa stage, wing development begins, after which the adult emerges."
sciq,350,,The speed of sound depends on what?,medium,2,temperature,light,medium,volume,0.090093,1.000000,0,2,0,1,wrong_to_correct,The speed of sound depends on the medium. Medium (20°C) Speed of Sound Waves (m/s).
sciq,351,,Why is the life cycle of plants so complex?,alternation of generation,0,alternation of generation,pollination process,metamorphosis,asexual reproduction,1.000000,1.000000,0,0,1,1,both_correct,"The life cycle of all plants is complex because it is characterized by alternation of generations. Plants alternate between diploid sporophyte and haploid gametophyte generations, and between sexual and asexual reproduction. The ability to reproduce both sexually and asexually gives plants the flexibility to adapt to changing environments. Their complex life cycle allows for great variation."
sciq,352,,"While elements are represented by chemical symbols, chemical formulas represent what?",compounds,3,pollutants,solutions,extracts,compounds,1.000000,1.000000,3,3,1,1,both_correct,"Elements are represented by chemical symbols. Examples are H for hydrogen and O for oxygen. Compounds are represented by chemical formulas . You’ve already seen the chemical formula for water. It’s H 2 O. The subscript 2 after the H shows that there are two atoms of hydrogen in a molecule of water. The O for oxygen has no subscript. When there is just one atom of an element in a molecule, no subscript is used. Table below shows some other examples of compounds and their chemical formulas."
sciq,353,,What is a form of cell division in prokaryotic organisms that produces identical offspring?,binary fission,2,germination,mitosis,binary fission,nuclear fission,1.000000,1.000000,2,2,1,1,both_correct,Binary fission is a form of cell division in prokaryotic organisms that produces identical offspring.
sciq,354,,What system consists of organs that break down food and absorb nutrients such as glucose?,digestive system,2,skeletal system,cardiovascular system,digestive system,physical system,1.000000,1.000000,2,2,1,1,both_correct,The digestive system consists of organs that break down food and absorb nutrients such as glucose. Organs of the digestive system are shown in Figure below . Most of the organs make up the gastrointestinal tract . The rest of the organs are called accessory organs .
sciq,355,,What is the transition from solid to vapor is called?,sublimation,3,deposition,ionization,vaporization,sublimation,1.000000,1.000000,3,3,1,1,both_correct,"Sublimation is the transition from solid to vapor phase. You may have noticed that snow can disappear into thin air without a trace of liquid water, or the disappearance of ice cubes in a freezer. The reverse is also true: Frost can form on very cold windows without going through the liquid stage. A popular effect is the making of “smoke” from dry ice, which is solid carbon dioxide. Sublimation occurs because the equilibrium vapor pressure of solids is not zero. Certain air fresheners use the sublimation of a solid to inject a perfume into the room. Moth balls are a slightly toxic example of a phenol (an organic compound) that sublimates, while some solids, such as osmium tetroxide, are so toxic that they must be kept in sealed containers to prevent human exposure to their sublimation-produced vapors."
sciq,356,,"In contrast with cnidarians, nematodes show a tubular morphology and circular cross-section. these animals are pseudocoelomates and show the presence of a complete digestive system with a distinct mouth and this?",anus,0,anus,hairs,mucus,stomach,1.000000,1.000000,0,0,1,1,both_correct,"present in all habitats with a large number of individuals of each species present in each. The free-living nematode, Caenorhabditis elegans has been extensively used as a model system in laboratories all over the world. Morphology In contrast with cnidarians, nematodes show a tubular morphology and circular cross-section. These animals are pseudocoelomates and show the presence of a complete digestive system with a distinct mouth and anus. This is in contrast with the cnidarians, where only one opening is present (an incomplete digestive system). The cuticle of Nematodes is rich in collagen and a carbohydrate-protein polymer called chitin, and forms an external “skeleton” outside the epidermis. The cuticle also lines many of the organs internally, including the pharynx and rectum. The epidermis can be either a single layer of cells or a syncytium, which is a multinucleated cell formed from the fusion of uninucleated cells. The overall morphology of these worms is cylindrical, as seen in Figure 28.31. The head is radially symmetrical. A mouth opening is present at the anterior end with three or six lips as well as teeth in some species in the form of cuticle extensions. Some nematodes may present other external modifications like rings, head shields, or warts. Rings, however, do not reflect true internal body segmentation. The mouth leads to a muscular pharynx and intestine, which leads to a rectum and anal opening at the posterior end. The muscles of nematodes differ from those of most animals: They have a longitudinal layer only, which accounts for the whip-like motion of their movement."
sciq,357,,The amount of heat required to raise a single mass unit of a substance by a single temperature unit is known as what?,specific heat,0,specific heat,temperature variation,specific gravity,solitary heat,1.000000,1.000000,0,0,1,1,both_correct,"When heat flows into an object, its thermal energy increases and so does its temperature. The amount of temperature increase depends on three things: 1) how much heat was added, 2) the size of the object, and 3) the material of which the object is made. When you add the same amount of heat to the same mass of different substances, the amount of temperature increase is different. Each substance has a specific heat, which is the amount of heat necessary to raise one mass unit of that substance by one temperature unit."
sciq,358,,What is the most important source of electromagnetic radiation on earth?,the sun,3,the moon,the oceans,volcanos,the sun,1.000000,1.000000,3,3,1,1,both_correct,"The most important source of electromagnetic radiation on Earth is the sun. Electromagnetic waves travel from the sun to Earth across space and provide virtually all the energy that supports life on our planet. Many other sources of electromagnetic waves that people use depend on technology. Radio waves, microwaves, and X rays are examples. We use these electromagnetic waves for communications, cooking, medicine, and many other purposes. You’ll learn about all these types of electromagnetic waves in this chapter’s lesson on ""The Electromagnetic Spectrum. ""."
sciq,359,,What kind of drugs are formulated to help deal with hiv and herpes as well as influenza and two types of hepatitis?,antiviral drugs,2,steroid drugs,antibacterial drugs,antiviral drugs,herbal remedies,1.000000,1.000000,2,2,1,1,both_correct,"Like antibiotics, specific antivirals are used for specific viruses. They are relatively harmless to the host, and therefore can be used to treat infections. Most of the antiviral drugs now available are designed to help deal with HIV and herpes viruses. Antivirals are also available for the influenza viruses and the Hepatitis B and C viruses, which can cause liver cancer."
sciq,360,,"Trees, which can be planted and harvested, are an example of what type of resource?",renewable,1,geothermal,renewable,fossil,electric,1.000000,1.000000,1,1,1,1,both_correct,"Trees are renewable resources. Trees can be planted, grown up, and harvested for timber. Forests are a different thing, however. A forest is a mature ecosystem. It has trees of different sizes and ages, many other plants, and lots of animals. A forest is a renewable resource but it takes much more time to grow a forest than to grow a stand of trees."
sciq,361,,"After a supernova, what part of a star remains?",core,0,core,large,outer,superficial,1.000000,1.000000,0,0,1,1,both_correct,"After a supernova explosion, the star's core is left over. This material is extremely dense. What happens next depends on the core's mass. The core might be less than about four times the mass of the sun. In this case, the star will become a neutron star. A neutron star ( Figure below ) is made almost entirely of neutrons. A neutron star has more mass than the sun; yet, it is only a few kilometers in diameter."
sciq,362,,What is usually the most visible part of the flower?,petals,2,cells,seeds,petals,roots,1.000000,1.000000,2,2,1,1,both_correct,Petals are usually the most visible parts of a flower. They may be large and showy and are often brightly colored. Leaf-like green sepals protect the flower while it is still a bud.
sciq,363,,What do ionic bonds form between?,metals and nonmetals,3,metals and freshwaters,metals and carbonates,metals and organisms,metals and nonmetals,1.000000,1.000000,3,3,1,1,both_correct,"Ionic bonds form only between metals and nonmetals. That’s because metals “want” to give up electrons, and nonmetals “want” to gain electrons."
sciq,364,,The interaction between atomic orbitals is greatest when they have the same what?,energy,2,temperature,mass,energy,fuel,1.000000,1.000000,2,2,1,1,both_correct,"The number of molecular orbitals produced is the same as the number of atomic orbitals used to create them (the law of conservation of orbitals). As the overlap between two atomic orbitals increases, the difference in energy between the resulting bonding and antibonding molecular orbitals increases. When two atomic orbitals combine to form a pair of molecular orbitals, the bonding molecular orbital is stabilized about as much as the antibonding molecular orbital is destabilized. The interaction between atomic orbitals is greatest when they have the same energy."
sciq,365,,What occurs when competing species evolve different adaptations?,specialization,1,Rate Adaption,specialization,urbanization,evolution,0.999999,1.000000,1,1,1,1,both_correct,"Instead of extinction, interspecific competition may lead to greater specialization. Specialization occurs when competing species evolve different adaptations. For example, they may evolve adaptations that allow them to use different food sources. Figure below describes an example."
sciq,366,,Haversian canals contain blood vessels and what else?,nerve fibers,0,nerve fibers,synovial fluid,muscle fibers,collagen fibers,0.999999,0.999990,0,0,1,1,both_correct,"Compact bone tissue is made of cylindrical osteons that are aligned such that they travel the length of the bone. Haversian canals contain blood vessels only. Haversian canals contain blood vessels and nerve fibers. Spongy tissue is found on the interior of the bone, and compact bone tissue is found on the exterior. Figure 38.37 Which of the following statements about muscle contraction is true?."
sciq,367,,What type of telescopes collect and focus radio waves from distant objects?,radio telescopes,1,reflecting telescopes,radio telescopes,refracting telescopes,space telescopes,1.000000,1.000000,1,1,1,1,both_correct,Radio telescopes collect and focus radio waves from distant objects.
sciq,368,,Cells have multiple repair mechanisms to fix mutations in what?,dna,1,amino acid chains,dna,organ systems,RNA,1.000000,1.000000,1,1,1,1,both_correct,"Many other mutations have no effect on the organism because they are repaired before protein synthesis occurs. Cells have multiple repair mechanisms to fix mutations in DNA. One way DNA can be repaired is illustrated in Figure below . If a cell’s DNA is permanently damaged and cannot be repaired, the cell is likely to be prevented from dividing."
sciq,369,,What are different versions of a gene known as?,alleles,0,alleles,modes,ion,genomes,1.000000,1.000000,0,0,1,1,both_correct,The gene for a characteristic may have different versions. These different versions of a gene are known as alleles.
sciq,370,,All chemical reactions involve both reactants and what else?,products,2,energy,consumers,products,catalysts,1.000000,1.000000,2,2,1,1,both_correct,"All chemical reactions involve both reactants and products. Reactants are substances that start a chemical reaction, and products are substances that are produced in the reaction."
sciq,371,,Potassium hydroxide in soap is an example of what?,base,0,base,catalyst,acid,enzyme,1.000000,1.000000,0,0,1,1,both_correct,"Bases are used for a variety of purposes. For example, soaps contain bases such as potassium hydroxide (KOH). Other uses of bases can be seen in the Figure below ."
sciq,372,,What is the process by which organisms give rise to offspring?,reproduction,1,evolution,reproduction,photosynthesis,differentiation,1.000000,1.000000,1,1,1,1,both_correct,Reproduction is the process by which organisms give rise to offspring. It is one of the defining characteristics of living things. There are two basic types of reproduction: asexual reproduction and sexual reproduction.
sciq,373,,Photosynthesis is an endothermic reaction that gets its energy from what?,light,0,light,wind,air,electricity,1.000000,1.000000,0,0,1,1,both_correct,One of the most important series of endothermic reactions is photosynthesis. The energy needed for photosynthesis comes from light.
sciq,374,,Paramecium possess tiny hair-like cilia that help them do what?,move,3,breed,look,fight,move,1.000000,1.000000,3,3,1,1,both_correct,"Some protists, like these Paramecium , act much like animals. Notice the tiny hair-like cilia that help them move. The food vacuoles, where they digest their prey, are colored in orange."
sciq,375,,What is a complex machine that burns fuel to produce thermal energy and then uses the thermal energy to do work?,combustion engine,2,convection oven,battery,combustion engine,vapor engine,1.000000,1.000000,2,2,1,1,both_correct,"A combustion engine is a complex machine that burns fuel to produce thermal energy and then uses the thermal energy to do work. Combustion engines may by external or internal combustion engines, depending on where the fuel is burned."
sciq,376,,"In both eukaryotes and prokaryotes, ribosomes are the non-membrane bound organelles where what main product of the cell is made?",proteins,3,lipids,sugars,protons,proteins,1.000000,1.000000,3,3,1,1,both_correct,"In both eukaryotes and prokaryotes, ribosomes are the non-membrane bound organelles where proteins are made. Ribosomes are like the machines in the factory that produce the factory's main product. Proteins are the main product of the cell."
sciq,377,,Biological features from a common evolutionary origin are known as what?,homologous,3,heterologous,monologous,analogous,homologous,1.000000,1.000000,3,3,1,1,both_correct,"Classification of Living Things be that different. Biological features from a common evolutionary origin are known as homologous. • Development • Biochemistry: Biochemical analysis of animals similar in appearance have yielded surprising results. For example, although guinea pigs were once considered to be rodents, like mice, biochemistry led them to be in their taxon of their own."
sciq,378,,Salts that are neither acidic nor basic do not affect what property of the solution when dissolved in water?,ph,2,density,saturation,ph,homeostasis,0.998174,1.000000,2,2,1,1,both_correct,"The simplest situation is a salt formed by combining a strong acid and a strong base. These salts are neither acidic nor basic, so they do not affect the pH of the solution when dissolved in water. For example, the ionic compound NaNO 3 could be prepared by combining the strong acid HNO 3 and the strong base NaOH. If we were to dissolve NaNO 3 in water, it would dissociate into Na + and NO 3 - ions. Neither ion is a strong enough acid or base to cause any noticeable proton transfers, so the pH of the pure water is not altered."
sciq,379,,What protects the pollen of seed plants and spores of seedless plants?,sporopollenin,3,cystosol,chlorophyll,cocklebur,sporopollenin,1.000000,1.000000,3,3,1,1,both_correct,"The spores of seedless plants and the pollen of seed plants are surrounded by thick cell walls containing a tough polymer known as sporopollenin. This substance is characterized by long chains of organic molecules related to fatty acids and carotenoids, and gives most pollen its yellow color. Sporopollenin is unusually resistant to chemical and biological degradation. Its toughness explains the existence of well-preserved fossils of pollen. Sporopollenin was once thought to be an innovation of land plants; however, the green algae Coleochaetes is now known to form spores that contain sporopollenin. Protection of the embryo is a major requirement for land plants. The vulnerable embryo must be sheltered from desiccation and other environmental hazards. In both seedless and seed plants, the female gametophyte provides nutrition, and in seed plants, the embryo is also protected as it develops into the new generation of sporophyte."
sciq,380,,Cells that have a nucleus and other organelles which are membrane-bound are generally called what kinds of cells?,eukaryotic,2,Megakaryocyte,Erythrocyte,eukaryotic,Monocyte,1.000000,1.000000,2,2,1,1,both_correct,Eukaryotic cells have a nucleus and other membrane-bound organelles. This allows these cells to have complex functions.
sciq,381,,What is first stage of cellular respiration?,glycolsis,1,metabolism,glycolsis,hydrolisis,electrolysis,1.000000,1.000000,1,1,1,1,both_correct,"The first stage of cellular respiration is glycolysis . It does not require oxygen, and it does not take place in the mitochondrion - it takes place in the cytosol of the cytoplasm."
sciq,382,,What are groups of stars called that are smaller than a galaxy?,star clusters,2,Milky Way,constellations,star clusters,nebuli,1.000000,1.000000,2,2,1,1,both_correct,"Star clusters are groups of stars smaller than a galaxy. There are two main types, open clusters and globular clusters. Open clusters are groups of up to a few thousand stars held together by gravity. The Jewel Box, shown in Figure below , is an open cluster. Open clusters tend to be blue in color, and often contain glowing gas and dust. The stars in an open cluster are young stars that all formed from the same nebula."
sciq,383,,"Expansion of a gas into a vacuum is irreversible because the external pressure is measurably less than the internal pressure of the gas, and no states of what exist?",equilibrium,2,balance,composition,equilibrium,liquid,1.000000,1.000000,2,2,1,1,both_correct,"can continue indefinitely. In contrast, the expansion of a gas into a vacuum (Pext = 0) is irreversible because the external pressure is measurably less than the internal pressure of the gas. No equilibrium states exist, and the gas expands irreversibly. When gas escapes from a microscopic hole in a balloon into a vacuum, for example, the process is irreversible; the direction of airflow cannot change. Because work done during the expansion of a gas depends on the opposing external pressure (w = PextΔV), work done in a reversible process is always equal to or greater than work done in a corresponding irreversible process: wrev ≥ wirrev. Whether a process is reversible or irreversible, ΔE = q + w. Because E is a state function, the magnitude of ΔE does not depend on reversibility and is independent of the path taken. So Equation 18.14."
sciq,384,,"One important phenomenon related to the relative strength of cohesive and adhesive forces is capillary action—the tendency of a fluid to be raised or suppressed in a narrow tube, or called this?",capillary tube,3,melting tube,cohesive tube,pressure tube,capillary tube,1.000000,1.000000,3,3,1,1,both_correct,"One important phenomenon related to the relative strength of cohesive and adhesive forces is capillary action—the tendency of a fluid to be raised or suppressed in a narrow tube, or capillary tube. This action causes blood to be drawn into a small-diameter tube when the tube touches a drop. Capillary Action The tendency of a fluid to be raised or suppressed in a narrow tube, or capillary tube, is called capillary action. If a capillary tube is placed vertically into a liquid, as shown in Figure 11.34, capillary action will raise or suppress the liquid inside the tube depending on the combination of substances. The actual effect depends on the relative strength of the cohesive and adhesive forces and, thus, the contact angle θ given in the table. If θ is less than 90º , then the fluid will be raised; if θ is greater than 90º , it will be suppressed. Mercury, for example, has a very large surface tension and a large contact angle with glass. When placed in a tube, the surface of a column of mercury curves downward, somewhat like a drop. The curved surface of a fluid in a tube is called a meniscus. The tendency of surface tension is always to reduce the surface area. Surface tension thus flattens the curved liquid surface in a capillary tube. This results in a downward force in mercury and an upward force in water, as seen in Figure 11.34."
sciq,385,,What happens to air density and pressure when gas molecules are warm?,they are lower,2,they are greater,they are unchanged,they are lower,they are equal,0.999991,1.000000,2,2,1,1,both_correct,"When gas molecules are warm, they move vigorously. They take up more space. Air density and air pressure are lower."
sciq,386,,"Can nematodes be a parasite of plants, animals, or both?",both,3,animals,neither,plants,both,1.000000,1.000000,3,3,1,1,both_correct,Nematodes can be parasites of plants and animals.
sciq,387,,What kind of weather can you expect if a center of low pressure is moving your way?,stormy,3,rough,rain,sunny,stormy,0.000062,1.000000,1,3,0,1,wrong_to_correct,"Weather is very difficult to predict. That’s because it’s very complex and many factors are involved. Slight changes in even one factor can cause a big change in the weather. Still, certain “rules of thumb” generally apply. These “rules” help meteorologists forecast the weather. For example, low pressure is likely to bring stormy weather. So if a center of low pressure is moving your way, you can expect a storm."
sciq,388,,What is a thin membrane stretched tight across the end of the ear canal that vibrates when sound waves strike it?,eardrum,3,earlobe,auricle,cerebrum,eardrum,1.000000,1.000000,3,3,1,1,both_correct,"The eardrum is like the head of a drum. It’s a thin membrane stretched tight across the end of the ear canal. The eardrum vibrates when sound waves strike it, and it sends the vibrations on to the middle ear."
sciq,389,,Icy objects that have very elliptical orbits around the sun are called?,comets,0,comets,asteroids,meteors,craters,1.000000,1.000000,0,0,1,1,both_correct,Comets are icy objects that have very elliptical orbits around the Sun.
sciq,390,,What geologic era is also known as the age of mammals?,cenozoic era,3,paleozoic era,cretaceous period,mesozoic era,cenozoic era,1.000000,1.000000,3,3,1,1,both_correct,The Cenozoic Era literally means the era of “modern life. ” It is also called the age of mammals. Mammals took advantage of the extinction of the dinosaurs. They flourished and soon became the dominant animals on Earth. You can learn more about the evolution of mammals during the Cenozoic at the link below. The Cenozoic began 65 million years ago and continues to the present. It may be divided into the two periods described in Figure below . http://www. youtube. com/watch?v=H0uTGkCWXwQ.
sciq,391,,"Radioactive atoms, nuclear explosions, and stars produce what types of rays.",gamma,3,beta,plasma,neutron,gamma,1.000000,1.000000,3,3,1,1,both_correct,"Sources of gamma rays include radioactive atoms, nuclear explosions, and stars. Gamma rays from space are absorbed by Earth’s atmosphere."
sciq,392,,The similarities and differences between the genomes confirm patterns of what?,evolution,1,phylum,evolution,fossils,variation,1.000000,1.000000,1,1,1,1,both_correct,The similarities and differences between the genomes confirm patterns of evolution.
sciq,393,,What are the two components of all solutions?,solute and solvent,3,concentration and solvent,solute and cytosol,sodium and solvent,solute and solvent,1.000000,1.000000,3,3,1,1,both_correct,"All solutions have two parts: the solute and the solvent. The solute is the substance that dissolves, and the solvent is the substance that dissolves the solute. Particles of solvent pull apart particles of solute, and the solute particles spread throughout the solvent. Salt water, such as the ocean water in the Figure below , is an example of a solution. In a saltwater solution, salt is the solute and water is the solvent."
sciq,394,,On how many of the continents do birds live and breed?,seven,1,three,seven,four,eight,0.000782,1.000000,0,1,0,1,wrong_to_correct,"Birds live and breed in most terrestrial habitats on all seven continents. They occupy a wide range of ecological positions. Raptors are carnivores; aquatic birds eat fish or water plants; and perching birds may eat insects, fruit, honey, or nectar. Some birds are pollinators that co-evolved with plants. Human actions have caused the extinction of hundreds of species of birds, and some 1,200 species are threatened with extinction today."
sciq,395,,The hydrogen is oxidized because it undergoes a partial loss of what?,electrons,0,electrons,density,protons,ions,1.000000,1.000000,0,0,1,1,both_correct,"In the course of this reaction, electrons are shifted away from each hydrogen atom and towards the oxygen atom. The hydrogen is oxidized because it undergoes a partial loss of electrons. Even though the loss is not complete enough to form ions, the hydrogen atoms in water have less electron density near them than they did in the H 2 molecule. The oxygen is reduced because it undergoes a partial gain of electrons. The oxygen atom in water has greater electron density near it than they did in the O 2 molecule."
sciq,396,,"What is land with permafrost, no trees, and small hardy plants?",tundra,3,taiga,subtropics,desert,tundra,1.000000,1.000000,3,3,1,1,both_correct,"Tundra is land with permafrost, no trees, and small hardy plants."
sciq,397,,Viruses replicate only in where?,host cells,2,weak cells,compromised cells,host cells,traitor cells,1.000000,1.000000,2,2,1,1,both_correct,19.2 Viruses replicate only in host cells.
sciq,398,,Matter undergoing chemical reactions and physical changes can release or absorb heat. a change that releases heat is called what?,exothermic process,0,exothermic process,magnetic process,biochemical process,oxidized process,1.000000,1.000000,0,0,1,1,both_correct,"Matter undergoing chemical reactions and physical changes can release or absorb heat. A change that releases heat is called an exothermic process. For example, the combustion reaction that occurs when using an oxyacetylene torch is an exothermic process—this process also releases energy in the form of light as evidenced by the torch’s flame (Figure 5.7). A reaction or change that absorbs heat is an endothermic process. A cold pack used to treat muscle strains provides an example of an endothermic process. When the substances in the cold pack (water and a salt like ammonium nitrate) are brought together, the resulting process absorbs heat, leading to the sensation of cold."
sciq,399,,What hormone secreted by the pineal gland controls sleep-wake cycles and several other processes?,melatonin,0,melatonin,testosterone,t3,estrogen,1.000000,1.000000,0,0,1,1,both_correct,The pineal gland is a tiny gland located at the base of the brain. It secretes the hormone melatonin . This hormone controls sleep-wake cycles and several other processes.
sciq,400,,What is defined as the ability to do work?,energy,0,energy,fuel,heating,momentum,1.000000,1.000000,0,0,1,1,both_correct,Energy is the ability to do work. Fuel stores energy and can be released to do work. Heat is given off when fuel is burned.
sciq,401,,What two types of tissue compose most of the non-pregnant and non-lactating female breast?,adipose and collagenous,3,intestine and collagenous,scar and collagenous,silicone and collagenous,adipose and collagenous,1.000000,1.000000,3,3,1,1,both_correct,"Structure of the Lactating Breast Mammary glands are modified sweat glands. The non-pregnant and non-lactating female breast is composed primarily of adipose and collagenous tissue, with mammary glands making up a very minor proportion of breast volume. The mammary gland is composed of milk-transporting lactiferous ducts, which expand and branch extensively during pregnancy in response to estrogen, growth hormone, cortisol, and prolactin. Moreover, in response to progesterone, clusters of breast alveoli bud from the ducts and expand outward toward the chest wall. Breast alveoli are balloon-like structures lined with milk-secreting cuboidal cells, or lactocytes, that are surrounded by a net of contractile myoepithelial cells. Milk is secreted from the lactocytes, fills the alveoli, and is squeezed into the ducts. Clusters of alveoli that drain to a common duct are called lobules; the lactating female has 12–20 lobules organized radially around the nipple. Milk drains from lactiferous ducts into lactiferous sinuses that meet at 4 to 18 perforations in the nipple, called nipple pores. The small bumps of the areola (the darkened skin around the nipple) are called Montgomery glands. They secrete oil to cleanse the nipple opening and prevent chapping and cracking of the nipple during breastfeeding."
sciq,402,,"Control of the body can be somatic or autonomic, offering one way to divide what organ system by function?",nervous system,0,nervous system,circulatory system,central system,cardiovascular system,1.000000,1.000000,0,0,1,1,both_correct,"Functional Divisions of the Nervous System The nervous system can also be divided on the basis of its functions, but anatomical divisions and functional divisions are different. The CNS and the PNS both contribute to the same functions, but those functions can be attributed to different regions of the brain (such as the cerebral cortex or the hypothalamus) or to different ganglia in the periphery. The problem with trying to fit functional differences into anatomical divisions is that sometimes the same structure can be part of several functions. For example, the optic nerve carries signals from the retina that are either used for the conscious perception of visual stimuli, which takes place in the cerebral cortex, or for the reflexive responses of smooth muscle tissue that are processed through the hypothalamus. There are two ways to consider how the nervous system is divided functionally. First, the basic functions of the nervous system are sensation, integration, and response. Secondly, control of the body can be somatic or autonomic—divisions that are largely defined by the structures that are involved in the response. There is also a region of the peripheral nervous system that is called the enteric nervous system that is responsible for a specific set of the functions within the realm of autonomic control related to gastrointestinal functions."
sciq,403,,What is the female reproductive structure of a flower?,the pistil,0,the pistil,the seed,the flower,the stamen,1.000000,1.000000,0,0,1,1,both_correct,"The pistil is the female reproductive structure of a flower. It consists of a stigma, style , and ovary . The stigma is raised and sticky to help it catch pollen. The style supports the stigma and connects it to the ovary, which contains the egg. Petals attract pollinators to the flower. Petals are often brightly colored so pollinators will notice them."
sciq,404,,Cysteine is a type of what fundamental building block of protein?,amino acid,0,amino acid,proteins acid,atoms acid,salts acid,1.000000,1.000000,0,0,1,1,both_correct,"Food and Drink App: Amino Acids—Essential and Otherwise The text mentioned cysteine, an amino acid. Amino acids are the fundamental building blocks of proteins, a major biological component. Proteins are a necessary part of the diet; meat, eggs, and certain vegetables such as beans and soy are good sources of protein and amino acids. All life on Earth—from the lowliest single-celled organism to humans to blue whales—relies on proteins for life, so all life on Earth is dependent on amino acids. The human body contains 20 different amino acids (curiously, other organisms may have a different number of amino acids). However, not all of them must be obtained from the diet. The body can synthesize 12 amino acids. The other 8 mustbe obtained from the diet. These 8 amino acids are called the essential amino acids. Daily requirements range from 4 mg per kilogram of body weight for tryptophan to 40 mg per kilogram of body weight for leucine. Infants and children need a greater mass per kg of body weight to support their growing bodies; also, the number of amino acids that are considered essential for infants and children is greater than for adults due to the greater protein synthesis associated with growth. Because of the existence of essential amino acids, a diet that is properly balanced in protein is necessary. Rice and beans, a very popular food dish Saylor URL: http://www. saylor. org/books."
sciq,405,,"The leaves of what plant genus are the source of the compound ephedrine, which is used in medicine as a potent decongestant and is similar to amphetamines?",ephedra,3,additive,dietary,Stimulant,ephedra,1.000000,1.000000,3,3,1,1,both_correct,"years. The genus Ephedra is represented in North America in dry areas of the southwestern United States and Mexico (Figure 14.23). Ephedra’s small, scale-like leaves are the source of the compound ephedrine, which is used in medicine as a potent decongestant. Because ephedrine is similar to amphetamines, both in chemical structure and neurological effects, its use is restricted to prescription drugs. Like angiosperms, but unlike other gymnosperms, all gnetophytes possess vessel elements in their xylem."
sciq,406,,The simplest organic compounds are known as what?,hydrocarbons,0,hydrocarbons,amino acids,nucleotides,carbohydrates,1.000000,1.000000,0,0,1,1,both_correct,"Opening Essay Hydrocarbons are the simplest organic compounds, but they have interesting physiological effects. These effects depend on the size of the hydrocarbon molecules and where on or in the body they are applied. Alkanes of low molar mass—those with from 1 to approximately 10 or so carbon atoms—are gases or light liquids that act as anesthetics. Inhaling (“sniffing”) these hydrocarbons in gasoline or aerosol propellants for their intoxicating effect is a major health problem that can lead to liver, kidney, or brain damage or to immediate death by asphyxiation by excluding oxygen. Swallowed, liquid alkanes do little harm while in the stomach. In the lungs, however, they cause “chemical” pneumonia by dissolving fatlike molecules from cell membranes in the tiny air sacs (alveoli). The lungs become unable to expel fluids, just as in pneumonia caused by bacteria or viruses. People who swallow gasoline or other liquid alkane mixtures should not be made to vomit, as this would increase the chance of getting alkanes into the lungs. (There is no home-treatment antidote for gasoline poisoning; call a poison control center. ) Liquid alkanes with approximately 5–16 carbon atoms per molecule wash away natural skin oils and cause drying and chapping of the skin, while heavier liquid alkanes (those with approximately 17 or more carbon atoms per molecule) act as emollients (skin softeners). Such alkane mixtures as mineral oil and petroleum jelly can be applied as a protective film. Water and aqueous solutions such as urine will not dissolve such a film, which explains why petroleum jelly protects a baby’s tender skin from diaper rash."
sciq,407,,"Who developed a classification system that divided living things into several groups that we still use today, including mammals, insects, and reptiles?",aristotle,2,harrold,jung,aristotle,darwin,0.999818,1.000000,2,2,1,1,both_correct,"People have been concerned with classifying organisms for thousands of years. Over 2,000 years ago, the Greek philosopher Aristotle developed a classification system that divided living things into several groups that we still use today, including mammals, insects, and reptiles."
sciq,408,,"All biochemical molecules have oxygen, carbon, and what other element?",hydrogen,3,helium,nitrogen,calcium,hydrogen,0.999992,0.999998,3,3,1,1,both_correct,"All biochemical molecules contain hydrogen and oxygen as well as carbon. They may also contain nitrogen, phosphorus, and/or sulfur. Almost all biochemical compounds are polymers. Polymers are large molecules that consist of many smaller, repeating molecules, called monomers. Glucose is a monomer of biochemical compounds called starches. In starches and all other biochemical polymers, monomers are joined together by covalent bonds, in which atoms share pairs of valence electrons."
sciq,409,,What is a structure that is composed of one or more types of tissues?,organ,3,muscle,node,system,organ,1.000000,1.000000,3,3,1,1,both_correct,"Organ : Structure composed of one or more types of tissues. The tissues of an organ work together to perfume a specific function. Human organs include the brain, stomach, kidney, and liver. Plant organs include roots, stems, and leaves."
sciq,410,,"If the buoyant force is greater than the force of gravity acting on a ship, what will happen to the ship?",it will float,2,it will sink,it will explode,it will float,it will bobble,1.000000,1.000000,2,2,1,1,both_correct,"Now look at the ship’s hull in the Figure above . Its shape causes the ship to displace much more water than the ball. In fact, the weight of the displaced water is greater than the weight of the ship. As a result, the buoyant force is greater than the force of gravity acting on the ship, so the ship floats."
sciq,411,,"Practitioners of what thought all matter was composed of different proportions of four basic elements, and that if you changed the proportions of these elements, you could change the substance itself?",alchemy,1,chemistry,alchemy,phrenology,biology,1.000000,1.000000,1,1,1,1,both_correct,"Alchemy was a somewhat mystical and secretive approach to learning how to manipulate matter. Practitioners, called alchemists, thought that all matter was composed of different proportions of the four basic elements—fire, water, earth, and air—and believed that if you changed the relative proportions of these elements in a substance, you could change the substance. The long-standing attempts to “transmute” common metals into gold represented one goal of alchemy. Alchemy’s other major goal was to synthesize the philosopher’s stone, a material that could impart long life—even immortality. Alchemists used symbols to represent substances, some of which are shown in the accompanying figure. This was not done to better communicate ideas, as chemists do today, but to maintain the secrecy of alchemical knowledge, keeping others from sharing in it."
sciq,412,,What are atoms of the same element that differ in their numbers of neutrons called?,isotopes,0,isotopes,organisms,reactions,opposites,1.000000,1.000000,0,0,1,1,both_correct,"The first plants were probably similar to the stoneworts in Figure below . Stoneworts are green algae. Like stoneworts, the first plants were aquatic. They may have had stalks but not stems. They also may have had hair-like structures called rhizoids but not roots. The first plants probably had male and female reproductive organs and needed water to reproduce. In stoneworts, sperm need at least a thin film of moisture to swim to eggs."
sciq,413,,What is added to a measured portion of a more concentrated stock solution to achieve a particular concentration?,solvent,3,pigment,yeast,water,solvent,0.095349,0.999990,2,3,0,1,wrong_to_correct,"Dilution is also a common means of preparing solutions of a desired concentration. By adding solvent to a measured portion of a more concentrated stock solution, we can achieve a particular concentration. For example, commercial pesticides are typically sold as solutions in which the active ingredients are far more concentrated than is appropriate for their application. Before they can be used on crops, the pesticides must be diluted. This is also a very common practice for the preparation of a number of common laboratory reagents (Figure 3.17)."
sciq,414,,What do humans and bats have physically in common?,body hair,2,wing size,body oder,body hair,gland hair,1.000000,1.000000,2,2,1,1,both_correct,"Both humans and bats have body hair, and both humans and bats can nurse their young. These are both characteristics of mammals, the class that both bats and humans belong to."
sciq,415,,"Because optics fibers are thin, entering light may strike the inside surface at greater than the critical angle, requiring attention to what?",refractive index,0,refractive index,wavelength,electromagnetic index,reflective point,0.997600,1.000000,0,0,1,1,both_correct,"Fiber Optics: Endoscopes to Telephones Fiber optics is one application of total internal reflection that is in wide use. In communications, it is used to transmit telephone, internet, and cable TV signals. Fiber optics employs the transmission of light down fibers of plastic or glass. Because the fibers are thin, light entering one is likely to strike the inside surface at an angle greater than the critical angle and, thus, be totally reflected (See Figure 25.14. ) The index of refraction outside the fiber must be smaller than inside, a condition that is easily satisfied by coating the outside of the fiber with a material having an appropriate refractive index. In fact, most fibers have a varying refractive index to allow more light to be guided along the fiber through total internal refraction. Rays are reflected around corners as shown, making the fibers into tiny light pipes."
sciq,416,,What is a vector quantity with the same direction as the force called?,impulse,2,inverted,simple,impulse,accelerated,0.999980,1.000000,2,2,1,1,both_correct,Impulse is a vector quantity that has the same direction as the force.
sciq,417,,"Club mosses, horsetails, ferns, and whisk ferns are examples of what type of plants?",seedless vascular plants,2,angiosperms,cycads,seedless vascular plants,gymnosperms,1.000000,1.000000,2,2,1,1,both_correct,"Seedless Vascular Plants By the Late Devonian period (385 million years ago), plants had evolved vascular tissue, well-defined leaves, and root systems. With these advantages, plants increased in height and size. During the Carboniferous period (359–299 million years ago), swamp forests of club mosses and horsetails, with some specimens reaching more than 30 meters tall, covered most of the land. These forests gave rise to the extensive coal deposits that gave the Carboniferous its name. In seedless vascular plants, the sporophyte became the dominant phase of the lifecycle. Water is still required for fertilization of seedless vascular plants, and most favor a moist environment. Modern-day seedless vascular plants include club mosses, horsetails, ferns, and whisk ferns. Club Mosses The club mosses, or Lycophyta, are the earliest group of seedless vascular plants. They dominated the landscape of the Carboniferous period, growing into tall trees and forming large swamp forests. Today’s club mosses are diminutive, evergreen plants consisting of a stem (which may be branched) and small leaves called microphylls (Figure 14.13). The division Lycophyta consists of close to 1,000 species, including quillworts (Isoetales), club mosses (Lycopodiales), and spike mosses (Selaginellales): none of which is a true moss."
sciq,418,,A vector is an organism that carries what disease-causing microorganisms from one person or animal to another?,pathogen,1,microbe,pathogen,genome,microbe,0.046653,1.000000,0,1,0,1,wrong_to_correct,"Still other pathogens are spread by vectors . A vector is an organism that carries pathogens from one person or animal to another. Most vectors are insects, such as ticks and mosquitoes. These insects tend to transfer protozoan or viral parasites. When an insect bites an infected person or animal, it picks up the pathogen. Then the pathogen travels to the next person or animal it bites. Ticks carry the bacteria that cause Lyme disease. Mosquitoes ( Figure below ) carry West Nile virus. Both pathogens cause fever, headache, and tiredness. If the diseases are not treated, more serious symptoms may develop. Other diseases spread by mosquitoes include Dengue Fever and Yellow Fever."
sciq,419,,"When explosion of gases creates pressure resulting in motion of a rocket, the force pushing the rocket is called what?",thrust,2,friction,temperature,thrust,stasis,1.000000,1.000000,2,2,1,1,both_correct,"For a long time, many people believed that a rocket wouldn’t work in space. There would be nothing for the rocket to push against. But they do work! Fuel is ignited in a chamber. The gases in the chamber explode. The explosion creates pressure that forces the gases out of one side of the rocket. The rocket moves in the opposite direction ( Figure below ). The force pushing the rocket is called thrust ."
sciq,420,,What once most common bird in north america became extinct in the 1800s?,the passenger piegon,0,the passenger piegon,the dodo,the rock penguin,the homing piegon,1.000000,1.000000,0,0,1,1,both_correct,"Hundreds of species of birds have gone extinct as a result of human actions. A well-known example is the passenger pigeon. It was once the most common bird in North America, but overhunting and habitat destruction led to its extinction in the 1800s. Habitat destruction and use of the pesticide DDT explain the recent extinction of the dusky seaside sparrow. This native Florida bird was declared extinct in 1990."
sciq,421,,What is the process called where nitrogen is repeatedly recycled through the biosphere?,nitrogen cycle,1,nitrogen path,nitrogen cycle,ammonia cycle,water cycle,1.000000,1.000000,1,1,1,1,both_correct,"Like water and carbon, nitrogen is also repeatedly recycled through the biosphere. This process is called the nitrogen cycle . Nitrogen is one of the most common elements in living organisms. It is important for creating both proteins and nucleic acids, like DNA. The air that we breathe is mostly nitrogen gas (N 2 ), but, unfortunately, animals and plants cannot use the nitrogen when it is a gas. In fact, plants often die from a lack of nitrogen even through they are surrounded by plenty of nitrogen gas. Nitrogen gas (N 2 ) has two nitrogen atoms connected by a very strong triple bond. Most plants and animals cannot use the nitrogen in nitrogen gas because they cannot break that triple bond."
sciq,422,,What does pepsin help break down into amino acids?,proteins,2,carbohydrates,fats,proteins,glucose,1.000000,1.000000,2,2,1,1,both_correct,"Pepsin, produced in the stomach. Pepsin helps break down proteins into amino acids."
sciq,423,,What are the most successful phylum of plants?,angiosperms,3,spores,gymnosperms,ferns,angiosperms,1.000000,1.000000,3,3,1,1,both_correct,"Angiosperms , in the phylum Anthophyta , are the most successful phylum of plants. This category also contains the largest number of individual plants ( Figure below ). Angiosperms evolved the structure of the flower, so they are also called the flowering plants. Angiosperms live in a variety of different environments. A water lily, an oak tree, and a barrel cactus, although different, are all angiosperms."
sciq,424,,The muscular layer is much thicker in which ventricle of the heart?,left,3,middle,right,upper,left,1.000000,1.000000,3,3,1,1,both_correct,"Left Ventricle Recall that, although both sides of the heart will pump the same amount of blood, the muscular layer is much thicker in the left ventricle compared to the right (see Figure 19.8). Like the right ventricle, the left also has trabeculae carneae, but there is no moderator band. The mitral valve is connected to papillary muscles via chordae tendineae. There are two papillary muscles on the left—the anterior and posterior—as opposed to three on the right. The left ventricle is the major pumping chamber for the systemic circuit; it ejects blood into the aorta through the aortic semilunar valve."
sciq,425,,"In many places, small hills rise above the ocean floor. these hills are undersea volcanoes, called what?",seamounts,0,seamounts,corals,reefs,ridges,1.000000,1.000000,0,0,1,1,both_correct,"The ocean floor is not totally flat. In many places, small hills rise above the ocean floor. These hills are undersea volcanoes, called seamounts ( Figure above ). Some rise more than 1000 m above the seafloor."
sciq,426,,"Ants, termites, bees, and wasps live in what type of social structure that may include millions of individual insects?",colony,2,community,family,colony,habitat,1.000000,1.000000,2,2,1,1,both_correct,"Many species of insects have evolved complex social behaviors. They live together in large, organized colonies (see Figure below ). This is true of ants, termites, bees, and wasps. Colonies may include millions of individual insects. Colony members divide up the labor of the colony. Different insects are specialized for different jobs. Some reproduce, while others care for the young. Still others get food or defend the nest."
sciq,427,,"Schrödinger’s approach uses three quantum numbers (n, l, and ml) to specify any of what type of function, associated with a particular energy?",wave function,0,wave function,shift function,rush function,green function,1.000000,1.000000,0,0,1,1,both_correct,"Each wave function is associated with a particular energy. As in Bohr’s model, the energy of an electron in an atom is quantized; it can have only certain allowed values. The major difference between Bohr’s model and Schrödinger’s approach is that Bohr had to impose the idea of quantization arbitrarily, whereas in Schrödinger’s approach, quantization is a natural consequence of describing an electron as a standing wave. Quantum Numbers Schrödinger’s approach uses three quantum numbers (n, l, and ml) to specify any wave function. The quantum numbers provide information about the spatial distribution of an electron. Although n can be any positive integer, only certain values of l and ml are allowed for a given value of n. The Principal Quantum Number The principal quantum number (n) tells the average relative distance of an electron from the nucleus:."
sciq,428,,"What is the term for the ability of an atom to emit, or give off, charged particles and energy from its nucleus?",radioactivity,3,magnetism,electrical attraction,conductivity,radioactivity,1.000000,1.000000,3,3,1,1,both_correct,"Radioactivity is the ability of an atom to emit, or give off, charged particles and energy from its nucleus. The charged particles and energy are called by the general term radiation . Only unstable nuclei emit radiation. They are unstable because they have too much energy, too many protons, or an unstable ratio of protons to neutrons. For example, all elements with more than 83 protons—such as uranium, radium, and polonium—have unstable nuclei. They are called radioactive elements. The nuclei of these elements must lose protons to become more stable. When they do, they become different elements."
sciq,429,,What type of fluid cushions the fetus and helps protect it from injury?,amniotic,1,aqueous,amniotic,epithelial,plasmid,1.000000,1.000000,1,1,1,1,both_correct,"Another structure that supports the fetus is the amniotic sac. This is a membrane that surrounds and protects the fetus. It contains amniotic fluid, which consists of water and dissolved substances. The fluid allows the fetus to move freely until it grows to fill most of the available space. The fluid also cushions the fetus and helps protect it from injury."
sciq,430,,How can you prevent diseases such as whooping cough and flu?,preventive vaccinations,3,vacuuming,exercise,nutrition,preventive vaccinations,1.000000,1.000000,3,3,1,1,both_correct,"Getting the recommended vaccinations can help prevent diseases, such as whooping cough and flu. In fact, a yearly flu vaccine is recommended for everyone who is at least 6 months of age. The flu vaccine is especially important for people who are at high risk of developing serious complications (like pneumonia) if they get sick with the flu. People who have certain medical conditions including asthma, diabetes, and chronic lung disease, pregnant women, and people younger than 5 years (and especially those younger than 2), and people 65 years and older should also make sure they get the yearly flu vaccine."
sciq,431,,Why do snakes have venomous bites?,to kill prey,0,to kill prey,to kill rival snakes,to clean themselves,to scare humans,1.000000,1.000000,0,0,1,1,both_correct,"Some snakes have a venomous bite, which they use to kill their prey before eating it. Other snakes kill their prey by strangling them, and still others swallow their prey whole and alive. After eating, snakes enter a resting stage, while the process of digestion takes place. The process is highly efficient, with the snake’s digestive enzymes dissolving and absorbing everything but the prey’s hair and claws!."
sciq,432,,Chelicerae in spiders are often modified into fangs that perform what function?,inject venom,1,chewing,inject venom,courtship display,tearing flesh,1.000000,1.000000,1,1,1,1,both_correct,"Chelicerae are mostly used for feeding, but in spiders, these are often modified into fangs that inject venom into their prey before feeding (Figure 28.43). Members of this subphylum have an open circulatory system with a heart that pumps blood into the hemocoel. Aquatic species have gills, whereas terrestrial species have either trachea or book lungs for gaseous exchange."
sciq,433,,What results from uncontrolled cell division?,cancers,3,diabetes,obesity,high blood pressure,cancers,1.000000,1.000000,3,3,1,1,both_correct,"Many cancers result from uncontrolled cell division, when the regulation of the cycle is lost ( Figure below ). Recall that the cell cycle is the normal life of a cell. During this cycle, the cell performs its necessary functions, replicates its DNA and organelles, and divides through mitosis and cytokinesis, such that two genetically identical cells result. The cycle is highly regulated so that no phase proceeds before it is ready to do so."
sciq,434,,Where do angiosperms form seeds?,ovaries,3,cones,testes,stamen,ovaries,1.000000,1.000000,3,3,1,1,both_correct,"Angiosperms, or flowering seed plants, form seeds in ovaries. As the seeds develop, the ovaries may develop into fruits. Flowers attract pollinators, and fruits encourage animals to disperse the seeds."
sciq,435,,What term is used to describe the development of new technology?,technological design,2,mechanical engineering,industrial design,technological design,technological expansion,0.000090,1.000000,3,2,0,1,wrong_to_correct,Technological design is the development of new technology. The design process is based on evidence and logic.
sciq,436,,"All of the populations that live in the same area make up what type of group, which includes populations of different organisms?",community,1,environment,community,colony,hive,1.000000,1.000000,1,1,1,1,both_correct,"All of the populations that live in the same area make up a community . The community that includes the goldfish population also includes the populations of other fish, coral, and other organisms."
sciq,437,,What model describing atomic structure is often referred to as a planetary model?,bohr model,3,kinetic model,Newton's model,Pascal model,bohr model,1.000000,1.000000,3,3,1,1,both_correct,"According to the Bohr model, often referred to as a planetary model , the electrons encircle the nucleus of the atom in specific allowable paths called orbits. When the electron is in one of these orbits, its energy is fixed. The ground state of the hydrogen atom, where its energy is lowest, is when the electron is in the orbit that is closest to the nucleus. The orbits that are further from the nucleus are all of successively greater energy. The electron is not allowed to occupy any of the spaces in between the orbits. An everyday analogy to the Bohr model is the rungs of a ladder. As you move up or down a ladder, you can only occupy specific rungs and cannot be in the spaces in between rungs. Moving up the ladder increases your potential energy, while moving down the ladder decreases your energy."
sciq,438,,The medium moves back and forth in the same direction as the wave in what type of wave?,longitudinal wave,2,kinetic wave,latitudinal wave,longitudinal wave,variable wave,1.000000,1.000000,2,2,1,1,both_correct,"In a longitudinal wave, the medium moves back and forth in the same direction as the wave."
sciq,439,,A ramp is a type of simple machine called what?,inclined plane,1,rough plane,inclined plane,extension plane,allow plane,1.000000,1.000000,1,1,1,1,both_correct,"Look at the ramp in the Figure below . A ramp is a type of simple machine called an inclined plane. It can be used to raise an object off the ground. The input distance is the length of the sloped surface of the ramp. This is the distance over which the input force is applied. The output distance is the height of the ramp, or the vertical distance the object is raised. For this ramp, the input distance is 6 m and the output distance is 2 meters. Therefore, the ideal mechanical advantage of this ramp is:."
sciq,440,,"Under the right conditions, what energy source can be used to eject electrons from a solid material?",light,3,gravity,weight,force,light,1.000000,1.000000,3,3,1,1,both_correct,"Under the right conditions, light can be used to eject electrons from a solid material."
sciq,441,,The type of bond that forms between molecules is called what?,hydrogen bond,2,covalent bond,helium bond,hydrogen bond,fission bond,1.000000,1.000000,2,2,1,1,both_correct,"Opposites attract when it comes to charged molecules. In the case of water, the positive (hydrogen) end of one water molecule is attracted to the negative (oxygen) end of a nearby water molecule. Because of this attraction, weak bonds form between adjacent water molecules, as shown in Figure below . The type of bond that forms between molecules is called a hydrogen bond . Bonds between molecules are not as strong as bonds within molecules, but in water they are strong enough to hold together nearby molecules."
sciq,442,,"Radiation, chemicals, and infectious agents are examples of what?",mutagens,0,mutagens,pathogens,catalysts,inhibitors,1.000000,1.000000,0,0,1,1,both_correct,"Examples of Mutagens. Types of mutagens include radiation, chemicals, and infectious agents. Do you know of other examples of each type of mutagen shown here?."
sciq,443,,What is the name for a tool commonly used by molecular biologists to place genetic material into cells?,a viral vector,3,an rna vector,a dna vector,a embryonic vector,a viral vector,0.996719,1.000000,3,3,1,1,both_correct,"Geneticists often use viruses as vectors to introduce genes into cells that they are studying. A viral vector is a tool commonly used by molecular biologists to place genetic material into cells. To be a useful viral vector, the virus is modified so that it will not cause disease, and it will infect only certain types of cells. Phages are often used as vectors to genetically modify bacteria."
sciq,444,,What is the study of how forces affect the motion of objects?,dynamics,2,acceleration,behaviors,dynamics,kinematics,1.000000,1.000000,2,2,1,1,both_correct,"Section Summary 4.1 Development of Force Concept • Dynamics is the study of how forces affect the motion of objects. • Force is a push or pull that can be defined in terms of various standards, and it is a vector having both magnitude and direction. • External forces are any outside forces that act on a body. A free-body diagram is a drawing of all external forces acting on a body."
sciq,445,,Compounds containing which element are the basis of all known life?,carbon,3,hydrogen,helium,oxygen,carbon,1.000000,1.000000,3,3,1,1,both_correct,"Carbon has the ability to form very long chains of interconnecting C-C bonds. This property allows carbon to form the backbone of organic compounds , carbon-containing compounds, which are the basis of all known organic life. Nearly 10 million carbon-containing organic compounds are known. Types of carbon compounds in organisms include carbohydrates, lipids, proteins, and nucleic acids. The elements found in each type are listed in the table below. Elements other than carbon and hydrogen usually occur within organic compounds in smaller groups of elements called functional groups . When organic compounds react with other compounds, generally just the functional groups are involved. Therefore, functional groups generally determine the nature and functions of organic compounds."
sciq,446,,What type of rocks form when an existing rock is changed by heat or pressure?,metamorphic,0,metamorphic,Molten,igneous,sediments,1.000000,1.000000,0,0,1,1,both_correct,3. Metamorphic rocks form when an existing rock is changed by heat or pressure. The minerals in the rock change but do not melt ( Figure below ). The rock experiences these changes within the Earth.
sciq,447,,What does jupiter reflect a lot of due to its size?,sunlight,2,moisture,carbon,sunlight,molecules,1.000000,1.000000,2,2,1,1,both_correct,"Jupiter is truly a giant! The planet has 318 times the mass of Earth, and over 1,300 times Earth’s volume. So Jupiter is much less dense than Earth. Because Jupiter is so large, it reflects a lot of sunlight. When it is visible, it is the brightest object in the night sky besides the Moon and Venus. Jupiter is quite far from Earth. The planet is more than five times as far from Earth as the Sun. It takes Jupiter about 12 Earth years to orbit once around the Sun."
sciq,448,,Invertebrates (and higher animals) can also be placed in one of two groups based on how they develop as what?,embryos,3,hormones,cells,chromosomes,embryos,1.000000,1.000000,3,3,1,1,both_correct,Eight invertebrate phyla contain most invertebrate species. Invertebrates (and higher animals) can also be placed in one of two groups based on how they develop as embryos.
sciq,449,,Which chemist developed a process to remove carbon and dust particles in smoke?,frederick cottrell,0,frederick cottrell,james carpenter,roger granger,harold black,1.000000,1.000000,0,0,1,1,both_correct,"The carbon and dust particles in smoke are often colloidally dispersed and electrically charged. Frederick Cottrell, an American chemist, developed a process to remove these particles."
sciq,450,,What are gases called that absorb heat in the atmosphere?,greenhouse gases,3,ozone gases,carbonate gases,microwave gases,greenhouse gases,1.000000,1.000000,3,3,1,1,both_correct,Gases that absorb heat in the atmosphere are called greenhouse gases . They include carbon dioxide and water vapor. Human actions have increased the levels of greenhouse gases in the atmosphere ( Figure below ). The added gases have caused a greater greenhouse effect. How do you think this affects Earth’s temperature?.
sciq,451,,What are the specialized cells that sponges have?,collar cells,0,collar cells,magnet cells,blood cells,tune cells,0.996945,1.000000,0,0,1,1,both_correct,Sponges have specialized cells called collar cells. Describe how collar cells are specialized for the functions they serve.
sciq,452,,What shape are the muscles that control the anus?,circular,3,triangular,irregular,elliptical,circular,1.000000,0.999999,3,3,1,1,both_correct,"Circular muscles control the anus. They relax to let the feces pass out of the body through the anus. After feces pass out of the body, they are called stool. Releasing the stool from the body is referred to as a bowel movement."
sciq,453,,What are the small molecules or proteins produced by bacteria that regulate gene expression?,autoinducers,2,sporozoans,fluxes,autoinducers,protazoas,1.000000,1.000000,2,2,1,1,both_correct,Figure 9.17 Autoinducers are small molecules or proteins produced by bacteria that regulate gene expression.
sciq,454,,Channel proteins form what in the membrane?,pores,2,atoms,fibers,pores,walls,1.000000,1.000000,2,2,1,1,both_correct,"Channel proteins form pores, or tiny holes, in the membrane. This allows water molecules and small ions to pass through the membrane without coming into contact with the hydrophobic tails of the lipid molecules in the interior of the membrane."
sciq,455,,The sun gives off energy in tiny packets called what?,photons,0,photons,electrons,atoms,ions,1.000000,1.000000,0,0,1,1,both_correct,The Sun gives off energy in tiny packets called photons . Photons travel in waves. These waves make up electromagnetic radiation . The image below models a wave of light ( Figure below ). Notice the wavelength in the figure. Waves with shorter wavelengths have more energy.
sciq,456,,What is a rock that contains important minerals called?,ore,2,copper,steel,ore,carbonic,1.000000,1.000000,2,2,1,1,both_correct,A rock that contains important minerals is called an ore . The concentration of valuable minerals in an ore may be high or low.
sciq,457,,A high metabolic rate and hair are ways mammals generate and conserve what?,heat,1,energy,heat,water,resources,1.000000,1.000000,1,1,1,1,both_correct,"Mammals have several ways of generating and conserving heat, such as a high metabolic rate and hair to trap heat. They also have several ways to stay cool, including sweating or panting. Mammals may be herbivores, carnivores, or omnivores. They have four types of teeth, so they can eat a wide range of foods. Traits of the heart and lungs keep the cells of mammals well supplied with oxygen and nutrients."
sciq,458,,"What is made of molecules of many different gases, and is something we usually can’t see, taste, or smell; we can only feel it when it moves?",air,1,sound,air,light,water,1.000000,1.000000,1,1,1,1,both_correct,"Air is easy to forget about. We usually can’t see it, taste it, or smell it. We can only feel it when it moves. But air is actually made of molecules of many different gases. It also contains tiny particles of solid matter."
sciq,459,,What navigation technology works on the same principle as echolocation?,sonar,3,GPS,radar,topography,sonar,1.000000,1.000000,3,3,1,1,both_correct,Sonar works on the same principle as echolocation.
sciq,460,,A reaction producing heat is what type of reaction?,chemical,0,chemical,chemistry,carbon,physical,1.000000,0.999995,0,0,1,1,both_correct,"In the last lesson, we began investigating how a chemical equation can represent a given chemical reaction. In this lesson, we are going to study the ways in which chemical reactions are classified. There are literally thousands of chemical reactions that take place every day in our lives. Some reactions take place in the atmosphere, such as the combustion of fossil fuels. Others occur in solution, like the reactions responsible for photosynthesis or the reactions that break down our food to give us energy. Chemical reactions can take place in a variety of environments. Reactions happen on the sea floor, in our cells, and in the upper atmosphere. As we look at chemical reactions, we notice some commonalities and trends. When we studied the elements, we saw characteristics that allowed us to categorize them by family. There are also various ways to categorize chemical reactions. Some reactions produce heat, while others consume it. Some reactions are spontaneous, while others are not. Some reactions happen in nanoseconds, while others happen over longer spans of time. Some produce electricity, some emit light, and some release gaseous products. The products of chemical reactions tell us a lot about the chemistry of the process. In the above video, we see mercury(II) oxide decomposing into elemental mercury and oxygen gas. Decomposition was one of the first reaction types to be identified by chemists. Decomposition is one type of reaction you'll learn about in this lesson."
sciq,461,,Some bacteria cannot be cultured because they are obligate intracellular parasites and cannot be grown outside what?,host cell,0,host cell,sponsor cell,brain cell,anchor cell,1.000000,1.000000,0,0,1,1,both_correct,"Some prokaryotes, however, cannot grow in a laboratory setting. In fact, over 99 percent of bacteria and archaea are unculturable. For the most part, this is due to a lack of knowledge as to what to feed these organisms and how to grow them; they have special requirements for growth that remain unknown to scientists, such as needing specific micronutrients, pH, temperature, pressure, co-factors, or co-metabolites. Some bacteria cannot be cultured because they are obligate intracellular parasites and cannot be grown outside a host cell. In other cases, culturable organisms become unculturable under stressful conditions, even though the same organism could be cultured previously. Those organisms that cannot be cultured but are not dead are in a viable-but-non-culturable (VBNC) state. The VBNC state occurs when prokaryotes respond to environmental stressors by entering a dormant state that allows their survival. The criteria for entering into the VBNC state are not completely understood. In a process called resuscitation, the prokaryote can go back to “normal” life when environmental conditions improve. Is the VBNC state an unusual way of living for prokaryotes? In fact, most of the prokaryotes living in the soil or in oceanic waters are non-culturable. It has been said that only a small fraction, perhaps one percent, of prokaryotes can be cultured under laboratory conditions. If these organisms are non-culturable, then how is it known whether they are present and alive? Microbiologists use molecular techniques, such as the polymerase chain reaction (PCR), to amplify selected portions of DNA of prokaryotes, demonstrating their existence. Recall that PCR can make billions of copies of a DNA segment in a process called amplification."
sciq,462,,What are living things that produce food for themselves and other organisms called?,producers,1,harvesters,producers,refiners,growers,1.000000,1.000000,1,1,1,1,both_correct,Producers are living things that produce food for themselves and other organisms. They use energy and simple inorganic molecules to make organic compounds. Producers are vital to all ecosystems because all organisms need organic compounds for energy.
sciq,463,,What is the second largest class of elements?,nonmetals,0,nonmetals,silicates,carbonates,metalloids,0.566150,1.000000,0,0,1,1,both_correct,"Nonmetals are elements that do not conduct electricity. They are the second largest class of elements. Find the nonmetals in Figure above . They are all the elements on the right side of the table that are color-coded green. Examples of nonmetals include helium (He), carbon (C), and oxygen (O)."
sciq,464,,The process in which a gas changes to a liquid is called what?,condensation,1,diffusion,condensation,vaporing,fermentation,1.000000,1.000000,1,1,1,1,both_correct,The process in which a gas changes to a liquid is called condensation . Other examples of condensation are shown in Figure below . A gas condenses when it is cooled below its boiling point. At what temperature does water vapor condense?.
sciq,465,,What are solids with high melting and boiling points?,ionic compounds,1,magnetic compounds,ionic compounds,metal alloys,superheated compounds,1.000000,1.000000,1,1,1,1,both_correct,Ionic compounds are solids with high melting and boiling points. They are good conductors of electricity but only when dissolved in water. Their crystals are rigid and brittle.
sciq,466,,Which gland is controlled by a negative feedback loop that includes the hypothalamus and pituitary gland?,thyroid,0,thyroid,pituitary,stomach,adrenal,1.000000,1.000000,0,0,1,1,both_correct,The thyroid gland is controlled by a negative feedback loop that includes the hypothalamus and pituitary gland.
sciq,467,,What term means the set of processes by which metals are extracted from their ores and converted to more useful forms?,metallurgy,3,introversion,metamorphisis,ceramics,metallurgy,1.000000,1.000000,3,3,1,1,both_correct,"Very few of the transition metals are found in nature as free metals. Consequently, almost all metallic elements must be isolated from metal oxide or metal sulfide ores. Metallurgy is the set of processes by which metals are extracted from their ores and converted to more useful forms. Metallurgy consists of three general steps: (1) mining the ore, (2) separating and concentrating the metal or the metal-containing compound, and (3) reducing the ore to the metal. Additional processes are sometimes required to improve the mechanical properties of the metal or increase its purity. Many ores contain relatively low concentrations of the desired metal; for example, copper ores that contain even 1% Cu by mass are considered commercially useful. After an ore has been mined, the first step in processing is usually to crush it because the rate of chemical reactions increases dramatically with increased surface area. Next, one of three general strategies is used to separate and concentrate the compound(s) of interest: settling and flotation, which are based on differences in density between the desired compound and impurities; pyrometallurgy, which uses chemical reduction at high temperatures; and hydrometallurgy, which employs chemical or electrochemical reduction of an aqueous solution of the metal. Other methods that take advantage of unusual physical or chemical properties of a particular compound may also be used. For example, crystals of magnetite (Fe3O4) are tiny but rather powerful magnets; in fact, magnetite (also known as lodestone) was used to make the first compasses in China during the first century BC. If a crushed ore that contains magnetite is passed through a powerful magnet, the Fe3O4 particles are attracted to the poles of the magnet, allowing them to be easily separated from other minerals."
sciq,468,,What type of components of the biosphere do chemical elements and water pass through during ecosystem recycle?,biotic and abiotic,2,photic and aphotic,water and air,biotic and abiotic,tropic and subtropic,1.000000,1.000000,2,2,1,1,both_correct,"The chemical elements and water that are needed by organisms continuously recycle in ecosystems. They pass through biotic and abiotic components of the biosphere. That’s why their cycles are called biogeochemical cycles . For example, a chemical might move from organisms ( bio ) to the atmosphere or ocean ( geo ) and back to organisms again. Elements or water may be held for various periods of time in different parts of a cycle."
sciq,469,,The relationship between a nucleotide codon and its corresponding amino acid is called what?,genetic code,1,dna,genetic code,rna,protein,1.000000,1.000000,1,1,1,1,both_correct,"The Genetic Code To summarize what we know to this point, the cellular process of transcription generates messenger RNA (mRNA), a mobile molecular copy of one or more genes with an alphabet of A, C, G, and uracil (U). Translation of the mRNA template converts nucleotide-based genetic information into a protein product. Protein sequences consist of 20 commonly occurring amino acids; therefore, it can be said that the protein alphabet consists of 20 letters. Each amino acid is defined by a threenucleotide sequence called the triplet codon. The relationship between a nucleotide codon and its corresponding amino acid is called the genetic code. Given the different numbers of “letters” in the mRNA and protein “alphabets,” combinations of nucleotides corresponded to single amino acids. Using a three-nucleotide code means that there are a total of 64 (4 × 4 × 4) possible combinations; therefore, a given amino acid is encoded by more than one nucleotide triplet (Figure 9.20)."
sciq,470,,"Traditionally, what preventative measure used weakened or inactive forms of microorganisms or viruses to stimulate the immune system?",vaccine,1,infection,vaccine,assimilation,pathogen,1.000000,1.000000,1,1,1,1,both_correct,"Production of Vaccines, Antibiotics, and Hormones Traditional vaccination strategies use weakened or inactive forms of microorganisms or viruses to stimulate the immune system. Modern techniques use specific genes of microorganisms cloned into vectors and mass-produced in bacteria to make large quantities of specific substances to stimulate the immune system. The substance is then used as a vaccine. In some cases, such as the H1N1 flu vaccine, genes cloned from the virus have been used to combat the constantly changing strains of this virus. Antibiotics kill bacteria and are naturally produced by microorganisms such as fungi; penicillin is perhaps the most wellknown example. Antibiotics are produced on a large scale by cultivating and manipulating fungal cells. The fungal cells have typically been genetically modified to improve the yields of the antibiotic compound. Recombinant DNA technology was used to produce large-scale quantities of the human hormone insulin in E. coli as early as 1978. Previously, it was only possible to treat diabetes with pig insulin, which caused allergic reactions in many humans because of differences in the insulin molecule. In addition, human growth hormone (HGH) is used to treat growth disorders."
sciq,471,,What is the measurement of something along it's greatest dimension called?,length,0,length,stretch,height,stretch,0.999992,1.000000,0,0,1,1,both_correct,Length is the measurement of the extent of something along its greatest dimension.
sciq,472,,What term describes the process of vesicles fusing with the plasma membrane and releasing their contents to the outside of the cell?,exocytosis,2,plasmosis,endocytosis,exocytosis,biosynthesis,1.000000,1.000000,2,2,1,1,both_correct,"Exocytosis describes the process of vesicles fusing with the plasma membrane and releasing their contents to the outside of the cell, as shown in Figure below . Exocytosis occurs when a cell produces substances for export, such as a protein, or when the cell is getting rid of a waste product or a toxin. Newly made membrane proteins and membrane lipids are moved on top the plasma membrane by exocytosis. For a detailed animation of cellular secretion, see http://vcell. ndsu. edu/animations/constitutivesecretion/first. htm ."
sciq,473,,"A sealed, vacuum-insulated reaction flask approximates what condition, in which neither matter nor heat can be exchanged between system and surroundings?",isolated system,3,changing system,sure system,shared system,isolated system,1.000000,1.000000,3,3,1,1,both_correct,"Depending on the specific setup, a few different types of systems can be described. In an open system , both matter and heat can be freely exchanged between the reaction container (the system) and the surroundings. An example would be an open beaker, where any gaseous materials or vaporized molecules are free to leave the system and float off into the atmosphere. In a closed system , matter cannot enter or leave, but heat can flow between the system and surroundings. A stoppered reaction flask would be an example of a closed system. Finally, a situation in which neither matter nor heat can be exchanged between system and surroundings is referred to as an isolated system . Although truly isolated systems are not really possible, a sealed, vacuum-insulated reaction flask would come very close."
sciq,474,,A metarteriole is a type of vessel that has structural characteristics of both an arteriole and this?,capillary,2,layer,electron,capillary,tendon,1.000000,1.000000,2,2,1,1,both_correct,"Metarterioles and Capillary Beds A metarteriole is a type of vessel that has structural characteristics of both an arteriole and a capillary. Slightly larger than the typical capillary, the smooth muscle of the tunica media of the metarteriole is not continuous but forms rings of smooth muscle (sphincters) prior to the entrance to the capillaries. Each metarteriole arises from a terminal arteriole and branches to supply blood to a capillary bed that may consist of 10–100 capillaries. The precapillary sphincters, circular smooth muscle cells that surround the capillary at its origin with the metarteriole, tightly regulate the flow of blood from a metarteriole to the capillaries it supplies. Their function is critical: If all of the capillary beds in the body were to open simultaneously, they would collectively hold every drop of blood in the body and there would be none in the arteries, arterioles, venules, veins, or the heart itself. Normally, the precapillary sphincters are closed. When the surrounding tissues need oxygen and have excess waste products, the precapillary sphincters open, allowing blood to flow through and exchange to occur before closing once more (Figure 20.6). If all of the precapillary sphincters in a capillary bed are closed, blood will flow from the metarteriole directly into a thoroughfare channel and then into the venous circulation, bypassing the capillary bed entirely. This creates what is known as a vascular shunt. In addition, an arteriovenous anastomosis may bypass the capillary bed and lead directly to the venous system. Although you might expect blood flow through a capillary bed to be smooth, in reality, it moves with an irregular, pulsating flow. This pattern is called vasomotion and is regulated by chemical signals that are triggered in response to changes in."
sciq,475,,What sort of walls are helpful for keeping a slope stable?,retaining walls,1,diverting walls,retaining walls,relocating walls,managing walls,1.000000,1.000000,1,1,1,1,both_correct,Help to keep a slope stable by building retaining walls. Installing good drainage in a hillside may keep the soil from getting saturated.
sciq,476,,What is the most direct way of recovering a metal from its ores?,electrolysis,0,electrolysis,osmosis,drilling,molecules,1.000000,1.000000,0,0,1,1,both_correct,"Electrolysis is the most direct way of recovering a metal from its ores. However, the Na (aq)/Na(s), 2+."
sciq,477,,What is the term used to describe the minerals and vitamins that are not needed for providing the body with energy but are still essential for good health?,micronutrients,0,micronutrients,pigments,salts,non-energetic nutrients,0.999999,1.000000,0,0,1,1,both_correct,"Micronutrients are nutrients the body needs in relatively small amounts. They include minerals and vitamins. These nutrients don’t provide the body with energy, but they are still essential for good health."
sciq,478,,What type of map reveals the shape of a landscape?,topographic,3,geographic,meteorological,geologic,topographic,1.000000,1.000000,3,3,1,1,both_correct,Topographic maps reveal the shape of a landscape. Elevations indicate height above sea level.
sciq,479,,Does atmospheric pressure increase or decrease as the altitude increases?,decreases,3,stays the same,depends on other factors,increase,decreases,1.000000,1.000000,3,3,1,1,both_correct,Atmospheric pressure decreases as the altitude increases.
sciq,480,,"What term always refers to acceleration in the direction opposite to the direction of the velocity and always reduces speed, unlike negative acceleration?",deceleration,0,deceleration,extraction,progression,calibration,1.000000,1.000000,0,0,1,1,both_correct,"Misconception Alert: Deceleration vs. Negative Acceleration Deceleration always refers to acceleration in the direction opposite to the direction of the velocity. Deceleration always reduces speed. Negative acceleration, however, is acceleration in the negative direction in the chosen coordinate system. Negative acceleration may or may not be deceleration, and deceleration may or may not be considered negative acceleration. For example, consider Figure 2.14."
sciq,481,,What do you call a quantity of motion that has both size as well as direction?,vector,1,vibration,vector,speed,wave,1.000000,1.000000,1,1,1,1,both_correct,Direction is just as important as distance in describing motion. A vector is a quantity that has both size and direction. It can be used to represent the distance and direction of motion.
sciq,482,,What process done by bacteria makes them important producers in aquatic ecosystems?,photosynthesis,0,photosynthesis,infection,reproduction,maturation,0.999962,1.000000,0,0,1,1,both_correct,type of bacteria that carry out photosynthesis and are important producers in aquatic ecosystems.
sciq,483,,"Monosaccharides, disaccharides, and polysaccharides are types of what kind of macromolecule?",carbohydrate,2,glucose,protein,carbohydrate,nutrients,1.000000,1.000000,2,2,1,1,both_correct,"3.2 Carbohydrates Carbohydrates are a group of macromolecules that are a vital energy source for the cell and provide structural support to plant cells, fungi, and all of the arthropods that include lobsters, crabs, shrimp, insects, and spiders. Carbohydrates are classified as monosaccharides, disaccharides, and polysaccharides depending on the number of monomers in the molecule. Monosaccharides are linked by glycosidic bonds that are formed as a result of dehydration reactions, forming disaccharides and polysaccharides with the elimination of a water molecule for each bond formed. Glucose, galactose, and fructose are common monosaccharides, whereas common disaccharides include lactose, maltose, and sucrose. Starch and glycogen, examples of polysaccharides, are the storage forms of glucose in plants and animals, respectively. The long polysaccharide chains may be branched or unbranched. Cellulose is an example of an unbranched polysaccharide, whereas amylopectin, a constituent of starch, is a highly branched molecule. Storage of glucose, in the form of polymers like starch of glycogen, makes it slightly less accessible for metabolism; however, this prevents it from leaking out of the cell or creating a high osmotic pressure that could cause excessive water uptake by the cell."
sciq,484,,What action do particles of the same charge do to each other?,repel,0,repel,propagate,pull,destroy,1.000000,1.000000,0,0,1,1,both_correct,"Matter and Antimatter The positron was only the first example of antimatter. Every particle in nature has an antimatter counterpart, although some particles, like the photon, are their own antiparticles. Antimatter has charge opposite to that of matter (for example, the positron is positive while the electron is negative) but is nearly identical otherwise, having the same mass, intrinsic spin, half-life, and so on. When a particle and its antimatter counterpart interact, they annihilate one another, usually totally converting their masses to pure energy in the form of photons as seen in Figure 33.13. Neutral particles, such as neutrons, have neutral antimatter counterparts, which also annihilate when they interact. Certain neutral particles are their own antiparticle and live 0 −8 correspondingly short lives. For example, the neutral pion π is its own antiparticle and has a half-life about 10 shorter than + − π and π , which are each other’s antiparticles. Without exception, nature is symmetric—all particles have antimatter counterparts. For example, antiprotons and antineutrons were first created in accelerator experiments in 1956 and the antiproton is negative. Antihydrogen atoms, consisting of an antiproton and antielectron, were observed in 1995 at CERN, too. It is possible to contain large-scale antimatter particles such as antiprotons by using electromagnetic traps that confine the particles within a magnetic field so that they don't annihilate with other particles. However, particles of the same charge repel each other, so the more particles that are contained in a trap, the more energy is needed to power the magnetic field that contains them. It is not currently possible to store a significant quantity of antiprotons. At any rate, we now see that negative charge is associated with both low-mass (electrons) and high-mass particles (antiprotons) and the apparent asymmetry is not there. But this knowledge does raise another question—why is there such a predominance of matter and so little antimatter? Possible explanations emerge later in this and the next chapter."
sciq,485,,A cold front is formed when a cold air mass runs into what?,warm air mass,2,hurricane,dry air mass,warm air mass,cool air mass,1.000000,1.000000,2,2,1,1,both_correct,"A cold front forms when a cold air mass runs into a warm air mass ( Figure below ). The cold air mass moves faster than the warm air mass. So the cold air mass lifts the warm air mass out of its way. As the warm air rises, its water vapor condenses. Clouds form, and precipitation falls. If the warm air is very humid, precipitation can be heavy. Temperature and pressure differences between the two air masses cause winds. Winds may be very strong along a cold front."
sciq,486,,What is the the process by which remains or traces of living things become fossils called?,fossilization,0,fossilization,extirpation,gentrification,fasciculation,1.000000,1.000000,0,0,1,1,both_correct,The process by which remains or traces of living things become fossils is called fossilization ( Figure below ). Most fossils are preserved in sedimentary rocks.
sciq,487,,"When compared to anaerobic respiration, what does aerobic respiration release more of?",energy,3,pressure,carbon dioxide,heat,energy,0.999998,1.000000,3,3,1,1,both_correct,"A major advantage of aerobic respiration is the amount of energy it releases. Without oxygen, organisms can just split glucose into two molecules of pyruvate. This releases only enough energy to make two ATP molecules. With oxygen, organisms can break down glucose all the way to carbon dioxide. This releases enough energy to produce up to 38 ATP molecules. Thus, aerobic respiration releases much more energy than anaerobic respiration."
sciq,488,,"As the telencephalon enlarges and grows into the cranial cavity, it is limited by the space within what bone structure?",skull,2,spine,chest,skull,skeleton,1.000000,1.000000,2,2,1,1,both_correct,"As the telencephalon enlarges and grows into the cranial cavity, it is limited by the space within the skull. The telencephalon is the most anterior region of what was the neural tube, but cannot grow past the limit of the frontal bone of the skull. Because the cerebrum fits into this space, it takes on a C-shaped formation, through the frontal, parietal, occipital, and finally temporal regions. The space within the telencephalon is stretched into this same C-shape. The two ventricles are in the left and right sides, and were at one time referred to as the first and second ventricles. The interventricular foramina connect the frontal region of the lateral ventricles with the third ventricle. The third ventricle is the space bounded by the medial walls of the hypothalamus and thalamus. The two thalami touch in the center in most brains as the massa intermedia, which is surrounded by the third ventricle. The cerebral aqueduct opens just inferior to the epithalamus and passes through the midbrain. The tectum and tegmentum of the midbrain are the roof and floor of the cerebral aqueduct, respectively. The aqueduct opens up into the fourth ventricle. The floor of the fourth ventricle is the dorsal surface of the pons and upper medulla (that gray matter making a continuation of the tegmentum of the midbrain). The fourth ventricle then narrows into the central canal of the spinal cord. The ventricular system opens up to the subarachnoid space from the fourth ventricle. The single median aperture and the pair of lateral apertures connect to the subarachnoid space so that CSF can flow through the ventricles and around the outside of the CNS. Cerebrospinal fluid is produced within the ventricles by a type of specialized membrane called a choroid plexus. Ependymal cells (one of the types of glial cells described in the introduction to the nervous system) surround blood capillaries and filter the blood to make CSF. The fluid is a clear solution with a limited amount of the constituents of blood. It is essentially water, small molecules, and electrolytes. Oxygen and carbon dioxide are dissolved into the CSF, as they are in blood, and can diffuse between the fluid and the nervous tissue."
sciq,489,,What is a relationship where one species benefits and the other is unaffected?,commensalism,2,pollenation,mutualism,commensalism,parasitism,1.000000,1.000000,2,2,1,1,both_correct,Commensalism is a symbiotic relationship in which one species benefits while the other is not affected.
sciq,490,,Quarks are very tiny particles of matter that make up what?,protons and neutrons,2,atoms and neutrons,protons and electrons,protons and neutrons,electrons and neutrons,1.000000,1.000000,2,2,1,1,both_correct,Quarks are even tinier particles of matter that make up protons and neutrons. Scientists have identified six different types of quarks.
sciq,491,,What term is used to describe  is the spontaneous emission of particles and radiation from atomic nuclei?,radioactivity,2,intensity,microscopic,radioactivity,vibration,1.000000,1.000000,2,2,1,1,both_correct,Radioactivity is the spontaneous emission of particles and radiation from atomic nuclei.
sciq,492,,"The right and left hip bones, with the addition of the sacrum and coccyx form what section of the skeleton?",pelvis,1,necklash,pelvis,uterus,tail bone,1.000000,1.000000,1,1,1,1,both_correct,"Figure 8.12 Pelvis The pelvic girdle is formed by a single hip bone. The hip bone attaches the lower limb to the axial skeleton through its articulation with the sacrum. The right and left hip bones, plus the sacrum and the coccyx, together form the pelvis."
sciq,493,,What do metals start out as?,ore,2,Metal molecules,aluminum,ore,nickel,1.000000,1.000000,2,2,1,1,both_correct,"Minerals have to be removed from the ground and made into the products. All the metals we use start out as an ore. Mining the ore is just the first step. Next, the ore must be separated from the rest of the rock that is mined. Then, the minerals need to be separated out of the ore."
sciq,494,,What is the si unit for weight?,newton (n),1,pounds (lbs),newton (n),meters (m),kilograms (kg),1.000000,1.000000,1,1,1,1,both_correct,"Weight measures the force of gravity pulling on an object. Because weight measures force, the SI unit for weight is the newton (N) . On Earth, a mass of 1 kilogram has a weight of about 10 newtons because of the pull of Earth’s gravity On the moon, which has less gravity, the same mass would weigh less. Weight is measured with a scale, like the spring scale in Figure below . The scale measures the force with which gravity pulls an object downward."
sciq,495,,"Recent evidence indicates some of what type of cells remain within the heart, continuing to divide and potentially replace dead cells?",stem cells,2,human cells,osteoclast cells,stem cells,dendritic cells,1.000000,1.000000,2,2,1,1,both_correct,"Repair and Replacement Damaged cardiac muscle cells have extremely limited abilities to repair themselves or to replace dead cells via mitosis. Recent evidence indicates that at least some stem cells remain within the heart that continue to divide and at least potentially replace these dead cells. However, newly formed or repaired cells are rarely as functional as the original cells, and cardiac function is reduced. In the event of a heart attack or MI, dead cells are often replaced by patches of scar tissue. Autopsies performed on individuals who had successfully received heart transplants show some proliferation of original cells. If researchers can unlock the mechanism that generates new cells and restore full mitotic capabilities to heart muscle, the prognosis for heart attack survivors will be greatly enhanced. To date, myocardial cells produced within the patient (in situ) by cardiac stem cells seem to be nonfunctional, although those grown in Petri dishes (in vitro) do beat. Perhaps soon this mystery will be solved, and new advances in treatment will be commonplace."
sciq,496,,About what percentage of the earth's water is fresh water?,three percent,1,two percent,three percent,thirty percent,nine percent,0.007121,1.000000,0,1,0,1,wrong_to_correct,"Of all the water on Earth, about two percent is stored underground in spaces between rocks. A fraction of a percent exists in the air as water vapor, clouds, or precipitation. Another fraction of a percent occurs in the bodies of plants and animals. So where is most of Earth’s water? It’s on the surface of the planet. In fact, water covers about 70 percent of Earth’s surface. Of water on Earth’s surface, 97 percent is salt water, mainly in the ocean. Only 3 percent is fresh water . Most of the fresh water is frozen in glaciers and polar ice caps. The remaining fresh water occurs in rivers, lakes, and other fresh water features."
sciq,497,,"While numerous elements can undergo fission, only a few can be used as fuels in what nuclear devices?",reactors,0,reactors,colliders,laser beams,accelerators,1.000000,1.000000,0,0,1,1,both_correct,"Numerous elements can undergo fission, but only a few can be used as fuels in a reactor. What aspect of nuclear fission allows a nuclear chain reaction to occur?."
sciq,498,,"What is an estimation of all of the organic matter available as food, and involves measuring biomass in terrestrial environments?",net primary productivity,2,food chain,decomposition energy,net primary productivity,trophic level total,1.000000,1.000000,2,2,1,1,both_correct,"Abiotic Factors Influencing Plant Growth Temperature and moisture are important influences on plant production (primary productivity) and the amount of organic matter available as food (net primary productivity). Net primary productivity is an estimation of all of the organic matter available as food; it is calculated as the total amount of carbon fixed per year minus the amount that is oxidized during cellular respiration. In terrestrial environments, net primary productivity is estimated by measuring the aboveground biomass per unit area, which is the total mass of living plants, excluding roots. This means that a large percentage of plant biomass which exists underground is not included in this measurement. Net primary productivity is an important variable when considering differences in biomes. Very productive biomes have a high level of aboveground biomass. Annual biomass production is directly related to the abiotic components of the environment. Environments with the greatest amount of biomass have conditions in which photosynthesis, plant growth, and the resulting net primary productivity are optimized. The climate of these areas is warm and wet. Photosynthesis can proceed at a high rate, enzymes can work most efficiently, and stomata can remain open without the risk of excessive transpiration; together, these factors lead to the maximal amount of carbon dioxide (CO2) moving into the plant, resulting in high biomass production. The aboveground biomass produces several important resources for other living things, including habitat and food. Conversely, dry and cold environments have lower photosynthetic rates and therefore less biomass. The animal communities living there will also be affected by the decrease in available food."
sciq,499,,"Twenty-four hours before fertilization, the egg has finished meiosis and becomes a mature what?",oocyte,1,zygote,oocyte,spermatozoa,fetus,1.000000,1.000000,1,1,1,1,both_correct,"Human Gestation Twenty-four hours before fertilization, the egg has finished meiosis and becomes a mature oocyte. When fertilized (at conception) the egg becomes known as a zygote. The zygote travels through the oviduct to the uterus (Figure 43.18). The developing embryo must implant into the wall of the uterus within seven days, or it will deteriorate and die. The outer layers of the zygote (blastocyst) grow into the endometrium by digesting the endometrial cells, and wound healing of the endometrium closes up the blastocyst into the tissue. Another layer of the blastocyst, the chorion, begins releasing a hormone called human beta chorionic gonadotropin (β-HCG) which makes its way to the corpus luteum and keeps that structure active. This ensures adequate levels of progesterone that will maintain the endometrium of the uterus for the support of the developing embryo. Pregnancy tests determine the level of β-HCG in urine or serum. If the hormone is present, the test is positive."
sciq,500,,Oxygen is combined with what to form water?,hydrogen,0,hydrogen,glucose,carbon,helium,1.000000,1.000000,0,0,1,1,both_correct,"Photosynthesis makes the glucose that is used in cellular respiration to make ATP. The glucose is then turned back into carbon dioxide, which is used in photosynthesis. While water is broken down to form oxygen during photosynthesis, in cellular respiration oxygen is combined with hydrogen to form water. While photosynthesis requires carbon dioxide and releases oxygen, cellular respiration requires oxygen and releases carbon dioxide. It is the released oxygen that is used by us and most other organisms for cellular respiration. We breathe in that oxygen, which is carried through our blood to all our cells. In our cells, oxygen allows cellular respiration to proceed. Cellular respiration works best in the presence of oxygen. Without oxygen, much less ATP would be produced."
sciq,501,,Does lava flow quickly or slowly when thick?,slowly,0,slowly,rapidly,quickly,steadily,0.999994,0.999999,0,0,1,1,both_correct,"When lava is thick, it flows slowly. If thick lava makes it to the surface, it cannot flow far from the vent. It often stays right in the middle of a crater at the top of a volcano. Here the lava creates a large, round lava dome ( Figure below )."
sciq,502,,"Habitat loss caused by human actions is a prime culprit in what phenomenon, which appears to be occurring for a sixth time?",mass extinction,2,spontaneous mutation,mass migrations,mass extinction,Big Bang,1.000000,1.000000,2,2,1,1,both_correct,"Evidence shows that a sixth mass extinction is occurring. The single biggest cause is habitat loss caused by human actions. There are many steps you can take to help protect biodiversity. For example, you can use less energy."
sciq,503,,What patterns in trees can be used to determine its age?,rings,1,colors,rings,veins,bark ridges,1.000000,1.000000,1,1,1,1,both_correct,"The distinctive patterns of tree rings, ice cores, and varves go back thousands of years. They can be used to determine the time they were made."
sciq,504,,All of the petals together are called what?,corolla,1,anthers,corolla,stamen,stalk,1.000000,1.000000,1,1,1,1,both_correct,"All of the petals ( Figure below ) together are called the corolla . They are bright and colorful to attract a particular pollinator , an animal that carries pollen from one flower to another. Examples of pollinators include birds and insects."
sciq,505,,Any nucleus that is unstable and decays spontaneously is said to be what?,radioactive,3,dull,magnetic,neutral,radioactive,1.000000,1.000000,3,3,1,1,both_correct,"-16O817O17oxygen -17O818O18oxygen -18 Because the number of neutrons is equal to A − Z, we see that the first isotope of oxygen has 8 neutrons, the second isotope 9 neutrons, and the third isotope 10 neutrons. Isotopes of all naturally occurring elements on Earth are present in nearly fixed proportions, with each proportion constituting an isotope’s natural abundance. For example, in a typical terrestrial sample of oxygen, 99.76% of the O atoms is oxygen-16, 0.20% is oxygen-18, and 0.04% is oxygen-17. Any nucleus that is unstable and decays spontaneously is said to be radioactive, emitting subatomic particles and electromagnetic radiation. The emissions are collectively called radioactivity and can be measured. Isotopes that emit radiation are called radioisotopes. As you learned in Chapter 14 ""Chemical Kinetics"", the rate at which radioactive decay occurs is characteristic of the isotope and is generally reported as a half-life (t1/2), the amount of time required for half of the initial number of nuclei present to decay in a first-order reaction. (For more information on half-life, seeChapter 14 ""Chemical Kinetics"", Section 14.5 ""Half-Lives and Radioactive Decay Kinetics"". ) An isotope’s half-life can range from fractions of a second to billions of years and, among other applications, can be used to measure the age of ancient objects. Example 1 and its corresponding exercise review the calculations involving radioactive decay rates and half-lives."
sciq,506,,What is the term for viscous magmas that are high in silica and tend to stay below the surface or erupt explosively?,felsic magmas,0,felsic magmas,compacted magmas,combustible magmas,sedimentary magmas,1.000000,1.000000,0,0,1,1,both_correct,"The chemistry of a magma determines the type of igneous rock it forms. The chemistry also determines how the magma moves. The higher the amount of silica in the magma, the higher the viscosity. Viscosity is a liquid's resistance to flow. Viscous magmas tend to stay below the surface or erupt explosively. These are felsic magmas, which are high in silica. When magma is fluid and runny, it is not viscous. This magma often reaches the surface by flowing out in rivers of lava. These are low-silica mafic magmas."
sciq,507,,How many meters deep does the photic zone extend?,200,1,100,200,900,400,0.979665,1.000000,1,1,1,1,both_correct,The photic zone extends to a maximum depth of 200 meters (656 feet) below the surface of the water. This is where enough sunlight penetrates for photosynthesis to occur. Algae and other photosynthetic organisms can make food and support food webs.
sciq,508,,What is the name of the process in which the nuclei of uranium atoms are split?,nuclear fission,0,nuclear fission,atomic fusion,nuclear fusion,critical fission,1.000000,1.000000,0,0,1,1,both_correct,"Like fossil fuels, the radioactive element uranium can be used to generate electrical energy in power plants. In a nuclear power plant, the nuclei of uranium atoms are split in the process of nuclear fission. This process releases a tremendous amount of energy from just a small amount of uranium. The total supply of uranium in the world is quite limited, however, and cannot be replaced once it is used up. This makes nuclear energy a nonrenewable resource. Although using nuclear energy does not release carbon dioxide or cause air pollution, it does produce dangerous radioactive wastes. Accidents at nuclear power plants also have the potential to release large amounts of radioactive material into the environment. Figure below describes the nuclear disaster caused by a Japanese tsunami in 2011. You can learn more about the disaster and its aftermath at the URLs below."
sciq,509,,What type of bonds are formed between atoms sharing electrons?,covalent,3,hydroxyl,ionic,neutron bonds,covalent,1.000000,1.000000,3,3,1,1,both_correct,Covalent bonds are formed between atoms sharing electrons.
sciq,510,,An individual virus is called what?,a virion,0,a virion,a toxin,a polymer,a pathogen,1.000000,1.000000,0,0,1,1,both_correct,"An individual virus is called a virion. It is a tiny particle much smaller than a prokaryotic cell. Because viruses do not consist of cells, they also lack cell membranes, cytoplasm, ribosomes, and other cell organelles. Without these structures, they are unable to make proteins or even reproduce on their own. Instead, they must depend on a host cell to synthesize their proteins and to make copies of themselves. Viruses infect and live inside the cells of living organisms. When viruses infect the cells of their host, they may cause disease. For example, viruses cause AIDS, influenza (flu), chicken pox, and the common cold."
sciq,511,,What type of particle collides with an atom of u-235 during the basic nuclear fission process?,a neutron,1,a nuclei,a neutron,a proton,an electron,1.000000,1.000000,1,1,1,1,both_correct,"The example above illustrates the basic nuclear fission process. A neutron (generally produced by some controlled process, not usually a natural event) collides with an atom of U-235. Momentarily, a U-236 atom forms which then splits into two smaller atoms (Kr-93 and Ba-141) in the diagram. This process results in the release of three new neutrons, which can then initiate fission reactions with more atoms. We will see later how this propagation of neutrons can be employed in a reactor for the generation of electricity."
sciq,512,,What color is phosphate mineral turquoise?,blue,2,white,purple,blue,green,0.999998,1.000000,2,2,1,1,both_correct,Turquoise is a phosphate mineral with a beautiful blue color. The stone is not as rare as some minerals and is commonly used for jewelry.
sciq,513,,"Groups of three bases form codons, and each codon stands for one what?",amino acid,2,sulferic acid,compound acid,amino acid,minimal acid,1.000000,1.000000,2,2,1,1,both_correct,"The genetic code consists of the sequence of bases in DNA or RNA. Groups of three bases form codons, and each codon stands for one amino acid (or start or stop). The codons are read in sequence following the start codon until a stop codon is reached. The genetic code is universal, unambiguous, and redundant."
sciq,514,,"Bees, wasps, ants, butterflies, moths, flies and beetles belong to what animal phylum?",arthropods,2,cephalopods,crustaceans,arthropods,insects,1.000000,1.000000,2,2,1,1,both_correct,"Many arthropods have extremely important roles in ecosystems. Arthropods are of ecological importance because of their sheer numbers and extreme diversity. As mentioned above, bees, wasps, ants, butterflies, moths, flies and beetles are invaluable agents of pollination. Pollens and grains became accidentally attached to their chests and legs and are transferred to other agricultural crops as these animals move about, either by walking or flying. Most plants actually produce scents to send signals to insects that food (in the form of nectar) is available."
sciq,515,,How many ways are there for a species to go extinct?,two,1,Ten,two,four,eight,0.999947,1.000000,1,1,1,1,both_correct,Most of the species that have lived have also gone extinct. There are two ways to go extinct. The most obvious way is to die out completely. The other way a species goes extinct is if it evolves into a different species. Extinction is a normal part of Earth's history. Most of the organisms that have lived have gone extinct.
sciq,516,,"Often generated by molecular cloning, transgenic organisms possess what from a different species?",dna,1,organs,dna,memories,RNA,1.000000,1.000000,1,1,1,1,both_correct,"10.2 Biotechnology in Medicine and Agriculture Genetic testing is performed to identify disease-causing genes, and can be used to benefit affected individuals and their relatives who have not developed disease symptoms yet. Gene therapy—by which functioning genes are incorporated into the genomes of individuals with a non-functioning mutant gene—has the potential to cure heritable diseases. Transgenic organisms possess DNA from a different species, usually generated by molecular cloning techniques. Vaccines, antibiotics, and hormones are examples of products obtained by recombinant DNA technology. Transgenic animals have been created for experimental purposes and some are used to produce some human proteins. Genes are inserted into plants, using plasmids in the bacterium Agrobacterium tumefaciens, which infects plants. Transgenic plants have been created to improve the characteristics of crop plants—for example, by giving them insect resistance by inserting a gene for a bacterial toxin."
sciq,517,,The skin disease impetigo is caused by spread of what type of microorganism?,bacteria,3,tumors,viruses,algae,bacteria,1.000000,1.000000,3,3,1,1,both_correct,"Bacteria that cause the skin disease impetigo, which causes blisters, can spread when people share towels or clothes. The bacteria can also spread through direct skin contact in sports like wrestling."
sciq,518,,Plants go through seasonal changes after detecting differences in what?,day length,2,weather,week length,day length,temperature,1.000000,1.000000,2,2,1,1,both_correct,Plants go through seasonal changes after detecting differences in day length.
sciq,519,,What cycle is part of cellular respiration and makes atp and naph?,krebs,3,water cycle,carbon cycle,vireos,krebs,1.000000,1.000000,3,3,1,1,both_correct,The Calvin cycle is part of the light-independent reactions of photosynthesis. The Calvin cycle uses ATP and NADPH. The Krebs cycle is part of cellular respiration. This cycle makes ATP and NAPH.
sciq,520,,What type of mechanical weathering occurs when one rock bumps against another rock?,abrasion,2,absorption,disintegration,abrasion,refraction,1.000000,1.000000,2,2,1,1,both_correct,"Abrasion is another type of mechanical weathering. With abrasion, one rock bumps against another rock. Gravity causes abrasion as a rock tumbles down a slope. Moving water causes abrasion; it moves rocks so that they bump against one another ( Figure below ). Strong winds cause abrasion by blasting sand against rock surfaces. Finally, the ice in glaciers cause abrasion. Pieces of rock embedded in ice at the bottom of a glacier scrape against the rock below. If you have ever collected beach glass or pebbles from a stream, you have witnessed the work of abrasion."
sciq,521,,"The tissue that will become the scrotum in a male becomes the labia in a female, thus, they are regarded as having what relationship?",homologous,0,homologous,symbiotic,mutual,opposite,1.000000,1.000000,0,0,1,1,both_correct,"produce a penis in males produce a clitoris in females. The tissue that will become the scrotum in a male becomes the labia in a female; that is, they are homologous structures. Male Reproductive Anatomy In the male reproductive system, the scrotum houses the testicles or testes (singular: testis), including providing passage for blood vessels, nerves, and muscles related to testicular function. The testes are a pair of male reproductive organs that produce sperm and some reproductive hormones. Each testis is approximately 2.5 by 3.8 cm (1.5 by 1 in) in size and divided into wedge-shaped lobules by connective tissue called septa. Coiled in each wedge are seminiferous tubules that produce sperm. Sperm are immobile at body temperature; therefore, the scrotum and penis are external to the body, as illustrated in Figure 43.8 so that a proper temperature is maintained for motility. In land mammals, the pair of testes must be suspended outside the body at about 2° C lower than body temperature to produce viable sperm. Infertility can occur in land mammals when the testes do not descend through the abdominal cavity during fetal development."
sciq,522,,How frequently do high tides occur?,every 12 hours,3,Every 24 hours,Every 96 hours,Every 48 hours,every 12 hours,0.983391,0.999644,3,3,1,1,both_correct,"9. If the tidal cycle was actually 12 hours then high tides would occur at the same time every day. In reality, high tides occur about every 12 hours and 25 minutes. Can you think of why this would be the case?."
sciq,523,,What phase does the cell make final preparations to divide?,growth phase 2,3,growth phase 1,dioxide phase 2,carbonate phase 2,growth phase 2,0.999831,1.000000,3,3,1,1,both_correct,"Growth Phase 2 (G2): during this phase, the cell makes final preparations to divide. For example, it makes additional proteins and organelles. This phase is sometimes referred to as Gap 2."
sciq,524,,How do multicellular organisms grow in size?,increase size and number of cells,0,increase size and number of cells,increase number of limbs,increase size and number of genes,reduce size and number of cells,1.000000,1.000000,0,0,1,1,both_correct,"Like plants, all living things have the capacity for growth. The ducklings in Figure below have a lot of growing to do to catch up in size to their mother. Multicellular organisms like ducks grow by increasing the size and number of their cells. Single-celled organisms just grow in size."
sciq,525,,What symbol is used to indicate directionality in chemical reactions?,arrow,3,line,triangle,circle,arrow,1.000000,1.000000,3,3,1,1,both_correct,"The arrow (→) shows the direction in which the reaction occurs. In many reactions, the reaction also occurs in the opposite direction. This is represented with another arrow pointing in the opposite direction (←)."
sciq,526,,Who wrote the book on the origin of species?,darwin,0,darwin,cannon,Sagan,Scopes,1.000000,1.000000,0,0,1,1,both_correct,"In his book On the Origin of Species , Darwin included evidence to show that evolution had taken place. He also made logical arguments to support his theory that evolution occurs by natural selection. Since Darwin’s time, much more evidence has been gathered. The evidence includes a huge number of fossils. It also includes more detailed knowledge of living things, right down to their DNA."
sciq,527,,What is considered a good source of calcium?,milk,1,corn,milk,egg,wheat,1.000000,1.000000,1,1,1,1,both_correct,Milk is naturally a good source of calcium. Vitamin D is also often added to milk. Both these nutrients help build strong bones.
sciq,528,,"What nervous system is divided into two parts, the sensory division and the motor division?",peripheral,2,physiological,central,peripheral,developmental,1.000000,1.000000,2,2,1,1,both_correct,"The peripheral nervous system is divided into two parts, the sensory division and the motor division. How these divisions of the peripheral nervous system are related to the rest of the nervous system is shown below ( Figure below ). Refer to the figure as you read more about the peripheral nervous system in the text that follows."
sciq,529,,What crucial role does beneficial fungi play?,balance of ecosystems,1,cleaning water,balance of ecosystems,cleaning the soil,killing bacteria,0.899119,1.000000,1,1,1,1,both_correct,"Beneficial Fungi Fungi play a crucial role in the balance of ecosystems. They colonize most habitats on Earth, preferring dark, moist conditions. They can thrive in seemingly hostile environments, such as the tundra, thanks to a most successful symbiosis with photosynthetic organisms, like lichens. Fungi are not obvious in the way that large animals or tall trees are. Yet, like bacteria, they are major decomposers of nature. With their versatile metabolism, fungi break down organic matter that is insoluble and would not be recycled otherwise. Importance to Ecosystems Food webs would be incomplete without organisms that decompose organic matter and fungi are key participants in this process. Decomposition allows for cycling of nutrients such as carbon, nitrogen, and phosphorus back into the environment so they are available to living things, rather than being trapped in dead organisms. Fungi are particularly important because they have evolved enzymes to break down cellulose and lignin, components of plant cell walls that few other organisms are able to digest, releasing their carbon content. Fungi are also involved in ecologically important coevolved symbioses, both mutually beneficial and pathogenic with organisms from the other kingdoms. Mycorrhiza, a term combining the Greek roots myco meaning fungus and rhizo."
sciq,530,,"When mendel crossed purple flowered-plants and white flowered-plants, all the offspring had what color flowers?",purple,0,purple,red,blue,yellow,1.000000,1.000000,0,0,1,1,both_correct,Do you remember what happened when Mendel crossed purple flowered-plants and white flowered-plants? All the offspring had purple flowers. There was no blending of traits in any of Mendel's experiments. Mendel had to come up with a theory of inheritance to explain his results. He developed a theory called the law of segregation .
sciq,531,,The goal of this is the understand how and why things happen?,science,3,inquiry,theory,experience,science,0.000000,1.000000,0,3,0,1,wrong_to_correct,The goal of science is to understand how and why things happen.
sciq,532,,"What are the most diverse organisms on earth, which are often classified by shape or how they react to gram stain?",bacteria,2,cultures,algae,bacteria,pathogens,1.000000,1.000000,2,2,1,1,both_correct,Bacteria are the most diverse organisms on Earth. They are often classified by shape or how they react to Gram stain.
sciq,533,,"Breathing involves differences in what, measured in torr, between the inside of the lungs and the air outside?",pressure,2,temperature,resistance,pressure,gravity,1.000000,1.000000,2,2,1,1,both_correct,"Breathing involves pressure differences between the inside of the lungs and the air outside. The pressure differences are only a few torr. A normal breath is about 0.50 L. If room temperature is about 22°C, then the air has a temperature of about 295 K. With normal pressure being 1.0 atm, how many moles of air do we take in for every breath? The ideal gas law gives us an answer:."
sciq,534,,Lymph vessels make up a circulatory system that is similar to the blood vessels of what system?,cardiovascular,0,cardiovascular,nervous,gastrointestinal,cardiac,0.999996,1.000000,0,0,1,1,both_correct,"Lymph vessels make up a circulatory system that is similar to the blood vessels of the cardiovascular system. However, lymph vessels circulate lymph instead of blood, and the heart does not pump lymph through the vessels."
sciq,535,,"In weather terms, what do you call the boundary between two air masses?",front,0,front,cover,mass,cloud,1.000000,1.000000,0,0,1,1,both_correct,"When cold air masses move south from the poles, they run into warm air masses moving north from the tropics. The boundary between two air masses is called a front . Air masses usually don’t mix at a front. The differences in temperature and pressure cause clouds and precipitation. Types of fronts include cold, warm, occluded, and stationary fronts."
sciq,536,,What process takes place when plants release water vapor through pores in their leaves called stomata?,transpiration,1,evaporation,transpiration,expiration,propagation,1.000000,1.000000,1,1,1,1,both_correct,Transpiration takes place when plants release water vapor through pores in their leaves called stomata.
sciq,537,,Most hydrogen atoms have how many protons?,one,2,three,four,one,two,1.000000,1.000000,2,2,1,1,both_correct,Hydrogen is a good example of isotopes because it has the simplest atoms. Three isotopes of hydrogen are modeled in Figure below . Most hydrogen atoms have just one proton and one electron and lack a neutron. They are just called hydrogen. Some hydrogen atoms have one neutron. These atoms are the isotope named deuterium. Other hydrogen atoms have two neutrons. These atoms are the isotope named tritium.
sciq,538,,What is utilized to analyze simple mendelian inheritance?,pedigree,3,dna,trait,origins,pedigree,1.000000,1.000000,3,3,1,1,both_correct,"Inheritance in humans is not as straight-forward as that in the pea plant. Though some traits are inherited in simple Mendelian fashion, many are not. To analyze simple Mendelian inheritance a pedigree is often utilized. This is especially helpful in tracking the inheritance of a specific trait, characteristic or disorder (or allele) through a family."
sciq,539,,What is the only animal phyla that does not consist exclusively of invertebrates?,chordates,3,arthropods,bacteria,eukaryotes,chordates,1.000000,1.000000,3,3,1,1,both_correct,"Except for the chordates, all animal phyla consist only of invertebrates."
sciq,540,,Soap acts as what kind of agent between grease and water?,emulsifying,0,emulsifying,sterilizing,lubricating,codifying,1.000000,1.000000,0,0,1,1,both_correct,"Butter and mayonnaise are examples of a class of colloids called emulsions . An emulsion is a colloidal dispersion of a liquid in either a liquid or a solid. A stable emulsion requires an emulsifying agent to be present. Mayonnaise is made in part of oil and vinegar. Since oil is nonpolar and vinegar is an aqueous solution and polar, the two do not mix and would quickly separate into layers. However, the addition of egg yolk causes the mixture to become stable and not separate. Egg yolk is capable of interacting with both the polar vinegar and the nonpolar oil. The egg yolk is called the emulsifying agent. Soap acts as an emulsifying agent between grease and water. Grease cannot be simply rinsed off your hands or another surface because it is insoluble. However, the soap stabilizes a grease-water mixture because one end of a soap molecule is polar and the other end is nonpolar. This allows the grease to be removed from your hands or your clothing by washing with soapy water."
sciq,541,,What can slow down the increase of viruses in the blood?,medications,1,infections,medications,platelets,androgens,0.999815,1.000000,1,1,1,1,both_correct,"Medications can slow down the increase of viruses in the blood. But the medications cannot remove the viruses from the body. At present, there is no cure for HIV infection. A vaccine against HIV could stop this disease, and such a vaccine is in development, though it could take many years before it can be given to prevent this virus."
sciq,542,,Ions flow through atp synthase from the thylakoid space into the stroma in a process called known as what?,chemiosmosis,0,chemiosmosis,respiration,fertilization,oxidation,1.000000,1.000000,0,0,1,1,both_correct,"5.2 The Light-Dependent Reactions of Photosynthesis In the first part of photosynthesis, the light-dependent reaction, pigment molecules absorb energy from sunlight. The most common and abundant pigment is chlorophyll a. A photon strikes photosystem II to initiate photosynthesis. Energy travels through the electron transport chain, which pumps hydrogen ions into the thylakoid space. This forms an electrochemical gradient. The ions flow through ATP synthase from the thylakoid space into the stroma in a process called chemiosmosis to form molecules of ATP, which are used for the formation of sugar molecules in the second stage of photosynthesis. Photosystem I absorbs a second photon, which results in the formation of an NADPH molecule, another energy carrier for the Calvin cycle reactions."
sciq,543,,What is the name of microscopic channels which traverse the cell walls of plants?,plasmodesmata,3,notochord,chloroplasts,sphenopalatine,plasmodesmata,1.000000,1.000000,3,3,1,1,both_correct,"Plasmodesmata (singular, plasmodesma ) are microscopic channels which traverse the cell walls of plant cells and some algal cells. These junctions enable two cells to transport materials and communication between them. Plasmodesmata are similar to gap junctions of animal cells. Like gap junctions, plasmodesmata enable direct intercellular transport of substances between cells. However, unlike other junctions, plasmodesmata do not seem to be protein based. Rather, they are made from membrane and cell wall material. Plasmodesmata move various types of molecules, including transport proteins (including transcription factors), short interfering RNA, messenger RNA and viral genomes from cell to cell. A typical plant cell may have between 1,000 and 100,000 plasmodesmata connecting it with adjacent cells."
sciq,544,,"Like the platypus, the echnida is a what?",monotreme,2,dugongs,prosauropod,monotreme,Gives Live birth,1.000000,1.000000,2,2,1,1,both_correct,"Echidna. Like the platypus, the echnida is a monotreme. The only living monotreme species inhabit Australia and New Guinea."
sciq,545,,The cell membrane consists of two layers of what?,phospholipids,0,phospholipids,epidermis,chlorophyll,filaments,1.000000,1.000000,0,0,1,1,both_correct,The cell membrane consists of two layers of phospholipids. Transport proteins are embedded in the layers. The movement of substances across the cell membrane may be by passive or active transport.
sciq,546,,What is an adaptation?,favorable trait,1,unfavorable trait,favorable trait,harmful mutation,inherited gene,0.999815,0.999984,1,1,1,1,both_correct,Adaptations are favorable traits that organisms inherit. Adaptations develop from variations within a population and help organisms to survive in their given environment.
sciq,547,,Where fossils of the genus eomaia found?,china,0,china,Japan,Egypt,India,1.000000,1.000000,0,0,1,1,both_correct,The earliest placental mammals may have evolved about 110 million years ago. The ancestor of placental mammals may be the extinct genus Eomaia . Fossils of Eomaia have been found in what is now China. It was only about 10 centimeters (4 inches) long. It was a tree climber and probably ate insects and worms. Eomaia had several traits of placental mammals. Figure below shows an Eomaia fossil.
sciq,548,,By exploding what the space probes get separated from their launchers?,bolts,0,bolts,frames,walls,doors,1.000000,1.000000,0,0,1,1,both_correct,"Space probes may be separated from their launchers by exploding bolts. (They bolt away from one another. ) Suppose a 4800-kg satellite uses this method to separate from the 1500-kg remains of its launcher, and that 5000 J of kinetic energy is supplied to the two parts. What are their subsequent velocities using the frame of reference in which they were at rest before separation?."
sciq,549,,What is the term for the relatively stable state inside the body of an animal?,homeostasis,3,consciousness,metabolism,dormancy,homeostasis,1.000000,1.000000,3,3,1,1,both_correct,"16.1 | Homeostasis and Osmoregulation By the end of this section, you will be able to: • Explain the concept of homeostasis • Describe thermoregulation of endothermic and ectothermic animals • Explain how the kidneys serve as the main osmoregulatory organs in the human body Homeostasis refers to the relatively stable state inside the body of an animal. Animal organs and organ systems constantly adjust to internal and external changes in order to maintain this steady state. Examples of internal conditions maintained homeostatically are the level of blood glucose, body temperature, blood calcium level. These conditions remain stable because of physiologic processes that result in negative feedback relationships. If the blood glucose or calcium rises, this sends a signal to organs responsible for lowering blood glucose or calcium. The signals that restore the normal levels are examples of negative feedback. When homeostatic mechanisms fail, the results can be unfavorable for the animal. Homeostatic mechanisms keep the body in dynamic equilibrium by constantly adjusting to the changes that the body’s systems encounter. Even an animal that is apparently inactive is maintaining this homeostatic equilibrium. Two examples of factors that are regulated homeostatically are temperature and water content. The processes that maintain homeostasis of these two factors are called thermoregulation and osmoregulation."
sciq,550,,What is the middle layer of connective tissue called?,perimysium,3,xerophyte,pollenation,tendon,perimysium,1.000000,1.000000,3,3,1,1,both_correct,"Inside each skeletal muscle, muscle fibers are organized into individual bundles, each called a fascicle, by a middle layer of connective tissue called the perimysium. This fascicular organization is common in muscles of the limbs; it allows the nervous system to trigger a specific movement of a muscle by activating a subset of muscle fibers within a bundle, or fascicle of the muscle. Inside each fascicle, each muscle fiber is encased in a thin connective tissue layer of collagen and reticular fibers called the endomysium. The endomysium contains the extracellular fluid and nutrients to support the muscle fiber. These nutrients are supplied via blood to the muscle tissue. In skeletal muscles that work with tendons to pull on bones, the collagen in the three tissue layers (the mysia) intertwines with the collagen of a tendon. At the other end of the tendon, it fuses with the periosteum coating the bone. The tension created by contraction of the muscle fibers is then transferred though the mysia, to the tendon, and then to the periosteum to pull on the bone for movement of the skeleton. In other places, the mysia may fuse with a broad, tendon-like sheet called an aponeurosis, or to fascia, the connective tissue between skin and bones. The broad sheet of connective tissue in the lower back that the latissimus dorsi muscles (the “lats”) fuse into is an example of an aponeurosis. Every skeletal muscle is also richly supplied by blood vessels for nourishment, oxygen delivery, and waste removal. In addition, every muscle fiber in a skeletal muscle is supplied by the axon branch of a somatic motor neuron, which signals the fiber to contract. Unlike cardiac and smooth muscle, the only way to functionally contract a skeletal muscle is through signaling from the nervous system."
sciq,551,,"Unlike prokaryotic chromosomes, eukaryotic chromosomes are what?",linear,1,expanding,linear,multiple,simple,1.000000,1.000000,1,1,1,1,both_correct,"Telomere replication Unlike prokaryotic chromosomes, eukaryotic chromosomes are linear. As you’ve learned, the enzyme DNA pol can add nucleotides only in the 5' to 3' direction. In the leading strand, synthesis continues until the end of the chromosome is reached. On the lagging strand, DNA is synthesized in short stretches, each of which is initiated by a separate primer. When the replication fork reaches the end of the linear chromosome, there is no place for a primer to be made for the DNA fragment to be copied at the end of the chromosome. These ends thus remain unpaired, and over time these ends may get progressively shorter as cells continue to divide. The ends of the linear chromosomes are known as telomeres, which have repetitive sequences that code for no particular gene. In a way, these telomeres protect the genes from getting deleted as cells continue to divide. In humans, a six base pair sequence, TTAGGG, is repeated 100 to 1000 times. The discovery of the enzyme telomerase (Figure 14.16) helped in the understanding of how chromosome ends are maintained. The telomerase enzyme contains a catalytic part and a built-in RNA template. It attaches to the end of the chromosome, and complementary bases to the RNA template are added on the 3' end of the DNA strand. Once the 3' end of the lagging strand template is sufficiently elongated, DNA polymerase can add the nucleotides complementary to the ends of the chromosomes. Thus, the ends of the chromosomes are replicated."
sciq,552,,Downhill skiiers gain little advantage from a running start because the initial kinetic energy is small compared with the gain in what other energy form?,gravitational potential energy,3,thermal energy,chemical energy,gravitational kinetic energy,gravitational potential energy,1.000000,1.000000,3,3,1,1,both_correct,"In a downhill ski race, surprisingly, little advantage is gained by getting a running start. (This is because the initial kinetic energy is small compared with the gain in gravitational potential energy on even small hills. ) To demonstrate this, find the final speed and the time taken for a skier who skies 70.0 m along a 30º slope neglecting friction: (a) Starting from rest. (b) Starting with an initial speed of 2.50 m/s. (c) Does the answer surprise you? Discuss why it is still advantageous to get a running start in very competitive events."
sciq,553,,Population size is the number of what in a population?,individuals,0,individuals,proteins,humans,subdivisions,1.000000,1.000000,0,0,1,1,both_correct,Population size is the number of individuals in a population.
sciq,554,,What is the cause of common mold allergies?,airborne mold spores,0,airborne mold spores,viruses,bacteria,immobile mold spores,1.000000,1.000000,0,0,1,1,both_correct,"Mold allergies are very common. They are caused by airborne mold spores. When the spores enter the respiratory tract, the immune system responds to them as though they were harmful microbes. Symptoms may include sneezing, coughing, and difficulty breathing. The symptoms are likely to be more severe in people with asthma or other respiratory diseases. Long-term exposure to mold spores may also weaken the immune system."
sciq,555,,Which sphincter is located at the stomach end of the esophagus and opens to allow the bolus to enter the stomach?,gastro-esophageal sphincter,1,urethral sphincter,gastro-esophageal sphincter,pupillary sphincter,pyloric sphincter,1.000000,1.000000,1,1,1,1,both_correct,"A ring-like muscle called a sphincter forms valves in the digestive system. The gastro-esophageal sphincter is located at the stomach end of the esophagus. In response to swallowing and the pressure exerted by the bolus of food, this sphincter opens, and the bolus enters the stomach. When there is no swallowing action, this sphincter is shut and prevents the contents of the stomach from traveling up the esophagus. Many animals have a true sphincter; however, in humans, there is no true."
sciq,556,,What adaptation helps prey hide and predators sneak up on prey?,camouflage,0,camouflage,scent,variation,claws,1.000000,1.000000,0,0,1,1,both_correct,Both predators and prey have adaptations to predation that evolve through natural selection. Predator adaptations help them capture prey. Prey adaptations help them avoid predators. A common adaptation in both predator and prey is camouflage . Several examples are shown in Figure below . Camouflage in prey helps them hide from predators. Camouflage in predators helps them sneak up on prey.
sciq,557,,Bursitis is the inflammation of a bursa near what?,joint,1,brain stem,joint,muscle,lung,1.000000,1.000000,1,1,1,1,both_correct,"Bursitis Bursitis is the inflammation of a bursa near a joint. This will cause pain, swelling, or tenderness of the bursa and surrounding area, and may also result in joint stiffness. Bursitis is most commonly associated with the bursae found at or near the shoulder, hip, knee, or elbow joints. At the shoulder, subacromial bursitis may occur in the bursa that separates the acromion of the scapula from the tendon of a shoulder muscle as it passes deep to the acromion. In the hip region, trochanteric bursitis can occur in the bursa that overlies the greater trochanter of the femur, just below the lateral side of the hip. Ischial bursitis occurs in the bursa that separates the skin from the ischial tuberosity of the pelvis, the bony structure that is weight bearing when sitting. At the knee, inflammation and swelling of the bursa located between the skin and patella bone is prepatellar bursitis (“housemaid’s knee”), a condition more commonly seen today in roofers or floor and carpet installers who do not use knee pads. At the elbow, olecranon bursitis is inflammation of the bursa between the skin and olecranon process of the ulna. The olecranon forms the bony tip of the elbow, and bursitis here is also known as “student’s elbow. ” Bursitis can be either acute (lasting only a few days) or chronic. It can arise from muscle overuse, trauma, excessive or prolonged pressure on the skin, rheumatoid arthritis, gout, or infection of the joint. Repeated acute episodes of bursitis can result in a chronic condition. Treatments for the disorder include antibiotics if the bursitis is caused by an infection, or anti-inflammatory agents, such as nonsteroidal anti-inflammatory drugs (NSAIDs) or corticosteroids if the bursitis is due to trauma or overuse. Chronic bursitis may require that fluid be drained, but additional surgery is usually not required."
sciq,558,,What kind of a process is corrosion?,galvanic,3,electromagnetic,electrolysis,oxidation,galvanic,0.000000,0.577495,2,3,0,1,wrong_to_correct,"Note the Pattern Corrosion is a galvanic process. Under ambient conditions, the oxidation of most metals is thermodynamically spontaneous, with the notable exception of gold and platinum. Hence it is actually somewhat surprising that any metals are useful at all in Earth’s moist, oxygen-rich atmosphere. Some metals, however, are resistant to corrosion for kinetic reasons. For example, aluminum in soft-drink cans and airplanes is protected by a thin coating of metal oxide that forms on the surface of the metal and acts as an impenetrable barrier that prevents further destruction. Aluminum cans also have a thin plastic layer to prevent reaction of the oxide with acid in the soft drink. Chromium, magnesium, and nickel also form protective oxide films. Stainless steels are remarkably resistant to corrosion because they usually contain a significant proportion of chromium, nickel, or both. In contrast to these metals, when iron corrodes, it forms a red-brown hydrated metal oxide (Fe2O3·xH2O), commonly known as rust, that does not provide a tight protective film (Figure 19.17 ""Rust, the Result of Corrosion of."
sciq,559,,What is equal to the angular acceleration multiplied by the radius of the rotating object?,linear acceleration,1,equilibrium,linear acceleration,momentum,peak velocity,1.000000,1.000000,1,1,1,1,both_correct,linear acceleration a is equal to the angular acceleration multiplied by the radius of the rotating object.
sciq,560,,What is the membrane lining the back of the eye called?,retina,3,cornea,lens,aperture,retina,1.000000,1.000000,3,3,1,1,both_correct,The retina is a membrane lining the back of the eye. The retina has nerve cells called rods and cones that change images to electrical signals. Rods are good at sensing dim light but can’t distinguish different colors of light. Cones can sense colors but not in dim light. There are three different types of cones. Each type senses one of the three primary colors of light.
sciq,561,,What group of animals has adapted to live in both water and on land?,amphibians,3,herbivores,reptiles,omnivores,amphibians,1.000000,1.000000,3,3,1,1,both_correct,"What group of animals begins its life in the water, but then spends most of its life on land? Amphibians! Amphibians are a group of vertebrates that has adapted to live in both water and on land. Amphibian larvae are born and live in water, and they breathe using gills. The adults live on land for part of the time and breathe both through their skin and with their lungs as their lungs are not sufficient to provide the necessary amount of oxygen."
sciq,562,,Where are pressure receptors mainly found?,the skin,0,the skin,the muscles,the tissue,the nerves,0.999566,1.000000,0,0,1,1,both_correct,"Touch is the ability to sense pressure. Pressure receptors are found mainly in the skin. They are especially concentrated on the tongue, lips, face, palms of the hands, and soles of the feet. Some touch receptors sense differences in temperature or pain. How do pain receptors help maintain homeostasis? (Hint: What might happen if we couldn’t feel pain?)."
sciq,563,,Monomers of condensation polymers must contain how many functional groups so that each monomer can link up with two other monomers?,two,1,one,two,three,four,0.999992,1.000000,1,1,1,1,both_correct,A condensation polymer is a polymer formed by condensation reactions. Monomers of condensation polymers must contain two functional groups so that each monomer can link up with two other monomers. One type of condensation polymer is called a polyamide. An amide is characterized by the functional group shown below wherein the carbon of a carbonyl group is bonded to the nitrogen of an amine.
sciq,564,,What is the name of the skull that covers the brain and protects it?,the cranium,0,the cranium,mandible,Nasal bone,cerebrum,1.000000,1.000000,0,0,1,1,both_correct,"a cranium, or bony skull, that encloses and protects the brain;."
sciq,565,,Silk and cotton are examples of what kind of fiber?,natural,0,natural,simple,pure,artificial,1.000000,1.000000,0,0,1,1,both_correct,"The fibers that compose the materials for our clothes are either natural or human-made. Silk and cotton would be examples of natural fibers. Silk is produced by the silkworm and cotton is grown as a plant. Human-made fabrics include nylon, orlon, and a number of other polymers. These materials are made from hydrocarbons found in petroleum products. Synthetic polymers are also used in shoes, raingear, and camping items. The synthetic fabrics tend to be lighter than the natural ones and can be treated to make them more water-resistant and durable."
sciq,566,,Reacting with metal is one thing that distinguishes acids from what?,bases,3,metals,protiens,minerals,bases,1.000000,1.000000,3,3,1,1,both_correct,"A: A property that is shared by bases and acids is the ability to conduct electricity when dissolved in water. Some ways bases and acids are different is that acids taste sour whereas bases taste bitter. Also, acids but not bases react with metals. For other differences between bases and acids, as well as why they differ in these ways, read the short article at this URL: http://www. chem4kids. com/files/react_acidbase. html."
sciq,567,,What happens to light when it passed from air to water?,it bends,0,it bends,it speeds up,it contracts,it brightens,1.000000,1.000000,0,0,1,1,both_correct,Refraction is another way that waves interact with matter. Refraction occurs when waves bend as they enter a new medium at an angle. You can see an example of refraction in the Figure below . Light bends when it passes from air to water or from water to air. The bending of the light traveling from the fish to the man’s eyes causes the fish to appear to be in a different place from where it actually is.
sciq,568,,The basic voltaic cell variations are the dry cell and the what?,lead storage battery,2,lead flood battery,lead electricity battery,lead storage battery,positive terminal,1.000000,1.000000,2,2,1,1,both_correct,Two variations on the basic voltaic cell are the dry cell and the lead storage battery.
sciq,569,,"In a solution, what is the substance present in the lesser amount called?",solute,3,molecules,fluids,compound,solute,1.000000,1.000000,3,3,1,1,both_correct,"Most chemical reactions are carried out in solutions, which are homogeneous mixtures of two or more substances. In a solution, a solute (the substance present in the lesser amount) is dispersed in a solvent (the substance present in the greater amount). Aqueous solutions contain water as the solvent, whereas nonaqueous solutions have solvents other than water. Polar substances, such as water, contain asymmetric arrangements of polar bonds, in which electrons are shared unequally between bonded atoms. Polar substances and ionic compounds tend to be most soluble in water because they interact favorably with its structure. In aqueous solution, dissolved ions becomehydrated; that is, a shell of water molecules surrounds them. Substances that dissolve in water can be categorized according to whether the resulting aqueous solutions conduct electricity. Strong electrolytes dissociate completely into ions to produce solutions that conduct electricity well. Weak electrolytes produce a relatively small number of ions, resulting in solutions that conduct electricity poorly. Nonelectrolytes dissolve as uncharged molecules and have no effect on the electrical conductivity of water."
sciq,570,,What is the difference between oils and fats at room temperature?,liquid and solid states,0,liquid and solid states,solid and gas states,saturated and unsaturated,liquid and gas states,1.000000,1.000000,0,0,1,1,both_correct,"A lipid is a member of a class of water-insoluble compounds that includes oils, fats, and waxes. Oils and fats are based on the same general structure, but fats are solids at room temperature, while oils are liquids. Butter is an example of a fat and is derived from animals. Some oils include olive oil and canola oil, which are obtained from plants. Lipids are an essential part of a healthy diet, though excess dietary fat can be harmful. Lipids store energy in the body and are also needed to keep cell membranes healthy."
sciq,571,,A cochlear implant aims to restore loss of what sense?,hearing,3,taste,touch,vision,hearing,1.000000,1.000000,3,3,1,1,both_correct,"consists of a microphone that picks up sound. A speech processor selects sounds in the range of human speech, and a transmitter converts these sounds to electrical impulses, which are then sent to the auditory nerve. Which of the following types of hearing loss would not be restored by a cochlear implant? a. Hearing loss resulting from absence or loss of hair cells in the organ of Corti. Hearing loss resulting from an abnormal auditory nerve. Hearing loss resulting from fracture of the cochlea."
sciq,572,,In which constellation is the helix nebula located?,aquarius,2,zodiac,prometheus,aquarius,gemini,0.999861,1.000000,2,2,1,1,both_correct,"The Helix nebula, located about 700 light-years away in the constellation Aquarius, belongs to a class of objects called planetary nebulae . Planetary nebulae are the remains of stars that once looked a lot like our sun. When sun-like stars die, they puff out their outer gaseous layers. These layers are heated by the hot core of the dead star, called a white dwarf, and shine with infrared and visible colors. Scientists can study the birth and death of stars by analyzing the types of light that are emitted from nebulae."
sciq,573,,The chains in cellulose stack in parallel rows held together by hydrogen bonds between which groups?,hydroxl groups,2,disc groups,carbon groups,hydroxl groups,soda groups,1.000000,1.000000,2,2,1,1,both_correct,"that produce a coiled structure. The glucose units in cellulose, in contrast, are linked to give long, unbranched chains. The chains in cellulose stack in parallel rows held together by hydrogen bonds between hydroxyl groups. This arrangement produces a rigid structure that is insoluble in water. Figure 24.22 The Polysaccharides Starch and Cellulose."
sciq,574,,"The small, rocky bodies that orbit the sun are called what?",asteroids,2,meteorites,fossils,asteroids,comets,0.999999,1.000000,2,2,1,1,both_correct,Asteroids are small rocky bodies that orbit the Sun.
sciq,575,,"Magnets have a ""north"" and a ""south"" what?",pole,0,pole,temperature,grid,arch,1.000000,1.000000,0,0,1,1,both_correct,"Figure 22.3 Magnets come in various shapes, sizes, and strengths. All have both a north pole and a south pole. There is never an isolated pole (a monopole)."
sciq,576,,"Exemplified by organisms that grow in geysers, hyperthermophiles ""love"" what?",heat,3,rainfall,humidity,cold,heat,1.000000,1.000000,3,3,1,1,both_correct,"Hyperthermophiles are organisms that ""love"" heat. Some archaeans can survive at very high temperatures. For example, they can grow in hot springs and geysers. One archaean species can even reproduce at 122 °C (252 °F). This is higher than the boiling point of water. It is the highest recorded temperature for any organism."
sciq,577,,What is the term for the multi-phase process in which the nucleus of the cell divides?,mitosis,1,cytokinesis,mitosis,epistasis,mutation,1.000000,1.000000,1,1,1,1,both_correct,"The first step is mitosis , a multi-phase process in which the nucleus of the cell divides. During mitosis, the nuclear membrane breaks down and later reforms. The chromosomes are also sorted and separated to ensure that each daughter cell receives a diploid number (2 sets) of chromosomes. In humans, that number of chromosomes is 46 (23 pairs). Mitosis is described in greater detail in a subsequent concept."
sciq,578,,"Fungi often make specialized reproductive structures, such as what?",mushrooms,1,herbs,mushrooms,pieces,Fungus,0.999997,1.000000,1,1,1,1,both_correct,"Fungi often make specialized reproductive structures, such as a mushroom."
sciq,579,,Which is a more reliable trait or measure to identify minerals?,streak,1,shape,streak,weight,color,1.000000,1.000000,1,1,1,1,both_correct,"Streak is more reliable than color to identify minerals. The color of a mineral may vary. Streak does not vary. Also, different minerals may be the same color, but they may have a different color streak. For example, samples of hematite and galena can both be dark gray. They can be told apart because hematite has a red streak and galena has a gray streak."
sciq,580,,"Inside female cones, female spores develop into female what?",gametophytes,3,gymnosperms,filaments,tubules,gametophytes,1.000000,1.000000,3,3,1,1,both_correct,"Cones form on a mature sporophyte plant. Inside male cones, male spores develop into male gametophytes. Each male gametophyte consists of several cells enclosed within a grain of pollen . Inside female cones, female spores develop into female gametophytes. Each female gametophyte produces an egg inside an ovule."
sciq,581,,What is the name of the molecule which has one carbon and four hydrogen atoms?,methane,1,sulfur,methane,carbon monoxide,carbohydrate,1.000000,1.000000,1,1,1,1,both_correct,Hydrocarbons are made of carbon and hydrogen atoms. This molecule with one carbon and four hydrogen atoms is methane.
sciq,582,,"What living creatures comprise the ""rainforests of the oceans""?",coral reefs,0,coral reefs,kelp,algae,krill,1.000000,1.000000,0,0,1,1,both_correct,Corals and other animals create limestone rock reefs near the shore. Coral reefs are the “rainforests of the oceans. ” They have a tremendous amount of species diversity ( Figure below ).
sciq,583,,What type of reactions absorb heat from their surroundings?,endothermic,1,geothermic,endothermic,hypothermic,exothermic,1.000000,1.000000,1,1,1,1,both_correct,Endothermic reactions absorb heat from their surroundings.
sciq,584,,"Two significant parts of the heat include the atrium and its counterpart, which is what?",ventricle,3,skeletal,cells,valve,ventricle,1.000000,1.000000,3,3,1,1,both_correct,"through the branching bronchi, reaching the respiratory bronchioles. The respiratory bronchioles open up into the alveolar ducts, alveolar sacs, and alveoli. Because there are so many alveoli and alveolar sacs in the lung, the surface area for gas exchange is very large. The mammalian circulatory system is a closed system with double circulation passing through the lungs and the body. It consists of a network of vessels containing blood that circulates because of pressure differences generated by the heart. The heart contains two pumps that move blood through the pulmonary and systemic circulations. There is one atrium and one ventricle on the right side and one atrium and one ventricle on the left side. The pumping of the heart is a function of cardiomyocytes, distinctive muscle cells that are striated like skeletal muscle but pump rhythmically and involuntarily like smooth muscle. The signal for contraction begins in the wall of the right atrium. The electrochemical signal causes the two atria to contract in unison; then the signal causes the ventricles to contract. The blood from the heart is carried through the body by a complex network of blood vessels; arteries take blood away from the heart, and veins bring blood back to the heart."
sciq,585,,Bigger ocean waves and waves that carry more sediment cause a greater extent of what?,erosion,0,erosion,drowning,silt,sand dunes,1.000000,1.000000,0,0,1,1,both_correct,"Runoff, streams, and rivers carry sediment to the oceans. The sediment in ocean water acts like sandpaper. Over time, they erode the shore. The bigger the waves are and the more sediment they carry, the more erosion they cause."
sciq,586,,"Which science is an extension of genetics, evolution, anatomy, physiology, and other biological disciplines?",ethology,1,neurobiology,ethology,microbiology,chronology,0.000118,1.000000,0,1,0,1,wrong_to_correct,"45.7 | Behavioral Biology: Proximate and Ultimate Causes of Behavior By the end of this section, you will be able to: • Compare innate and learned behavior • Discuss how movement and migration behaviors are a result of natural selection • Discuss the different ways members of a population communicate with each other • Give examples of how species use energy for mating displays and other courtship behaviors • Differentiate between various mating systems • Describe different ways that species learn Behavior is the change in activity of an organism in response to a stimulus. Behavioral biology is the study of the biological and evolutionary bases for such changes. The idea that behaviors evolved as a result of the pressures of natural selection is not new. Animal behavior has been studied for decades, by biologists in the science of ethology, by psychologists in the science of comparative psychology, and by scientists of many disciplines in the study of neurobiology. Although there is overlap between these disciplines, scientists in these behavioral fields take different approaches. Comparative psychology is an extension of work done in human and behavioral psychology. Ethology is an extension of genetics, evolution, anatomy, physiology, and other biological disciplines. Still, one cannot study behavioral biology without touching on both comparative psychology and ethology. One goal of behavioral biology is to dissect out the innate behaviors, which have a strong genetic component and are largely independent of environmental influences, from the learned behaviors, which result from environmental conditioning. Innate behavior, or instinct, is important because there is no risk of an incorrect behavior being learned. They are “hard wired” into the system. On the other hand, learned behaviors, although riskier, are flexible, dynamic, and can be altered according to changes in the environment."
sciq,587,,What are catalysts in living things called?,enzymes,1,carbohydrates,enzymes,carbohydrates,proteins,1.000000,1.000000,1,1,1,1,both_correct,Chemical reactions constantly occur inside living things. Many of these reactions require catalysts so they will occur quickly enough to support life. Catalysts in living things are called enzymes. Enzymes may be extremely effective. A reaction that takes a split second to occur with an enzyme might take many years without it!.
sciq,588,,What is part of a large fungus that lives underground?,mushroom,0,mushroom,mold,bamboo,bark,0.996484,1.000000,0,0,1,1,both_correct,Mushrooms aren't around just so you can put them on your pizza. The mushroom is part of a large fungus that lives underground. The mushroom develops above the ground when the fungus is ready to reproduce.
sciq,589,,"When sediments settle out of water, what do they form?",horizontal layers,1,magnetic layers,horizontal layers,erosion,separated layers,0.999988,1.000000,1,1,1,1,both_correct,"When sediments settle out of water, they form horizontal layers. A layer of sediment is deposited. Then the next layer is deposited on top of that layer. So each layer in a sedimentary rock is younger than the layer under it ( Figure below )."
sciq,590,,"In the inner ear, the vibrations are changed to electrical signals by hair cells lining what?",the cochlea,1,hammer,the cochlea,ear lobe,ear canal,1.000000,1.000000,1,1,1,1,both_correct,"In the inner ear, the vibrations are changed to electrical signals by hair cells lining the cochlea. The electrical signals then travel to the brain."
sciq,591,,Angiosperm seed develops inside of what?,an ovary,3,fallopian tubes,the pancreas,a kidney,an ovary,1.000000,1.000000,3,3,1,1,both_correct,"In gymnosperms, a seed develops on the scale of a cone. Only an angiosperm seed develops inside an ovary."
sciq,592,,The efficiency of a machine is a measure of how well it reduces what force?,friction,2,tension,sound,friction,vibration,1.000000,1.000000,2,2,1,1,both_correct,The efficiency of a machine is a measure of how well it reduces friction. It is calculated as the percent of input work that becomes output work.
sciq,593,,Algae produce food using what process?,photosynthesis,1,glycolysis,photosynthesis,spermatogenesis,cellular respiration,1.000000,1.000000,1,1,1,1,both_correct,The green scum in this canal consists of billions of single-celled green algae. Algae are plant-like microorganisms that produce food by photosynthesis.
sciq,594,,What happens to energy when work is done by a system?,removed,0,removed,stored,multiplied,added,0.999990,1.000000,0,0,1,1,both_correct,"Work done on a system puts energy into it. Work done by a system removes energy from it. Give an example for each statement. When solving for speed in Example 7.4, we kept only the positive root. Why?."
sciq,595,,What term is used to describe organic compounds such as sugars and starches?,carbohydrates,3,proteins,vegetables,fats,carbohydrates,1.000000,1.000000,3,3,1,1,both_correct,Carbohydrates are organic compounds such as sugars and starches. They provide energy and form structures such as cell walls.
sciq,596,,What indicates horizontal distance and are also found on the map legend?,scales,2,variations,spikes,scales,edges,1.000000,1.000000,2,2,1,1,both_correct,Scales indicate horizontal distance and are also found on the map legend.
sciq,597,,What is the blood in the body pumped with?,heart,3,systolic pressure,lung,respiratory,heart,1.000000,1.000000,3,3,1,1,both_correct,A main body cavity with an expanded circulatory system. Blood is pumped by a heart located near the back.
sciq,598,,What kind of diffusion do small hydrophobic molecules squeeze through lipid molecules?,simple,2,slippery,complex,simple,difficult,1.000000,0.999999,2,2,1,1,both_correct,"Problems can occur with red blood cells, white blood cells, platelets, and other parts of the blood. Many blood disorders are genetic, meaning they are inherited from a parent. Some blood diseases are caused by not getting enough of a certain nutrient, while others are cancers of the blood."
sciq,599,,The feeding positions in a food chain or web are called?,trophic levels,3,secondary levels,producer levels,consumer levels,trophic levels,1.000000,1.000000,3,3,1,1,both_correct,"The feeding positions in a food chain or web are called trophic levels . The different trophic levels are defined in the Table below . Examples are also given in the table. All food chains and webs have at least two or three trophic levels. Generally, there are a maximum of four trophic levels."
sciq,600,,Parasites infect the host's what?,red blood cells,3,white blood cells,platelets,plasma,red blood cells,0.173104,1.000000,0,3,0,1,wrong_to_correct,"Plasmodium protozoa cause malaria . The parasites are spread by a mosquito vector. Parasites enter a host’s blood through the bite of an infected mosquito. The parasites infect the host’s red blood cells, causing symptoms such as fever, joint pain, anemia, and fatigue."
sciq,601,,Earthquakes cause longitudinal waves as well as which other waves?,transverse,0,transverse,electromagnetic,irregular,aural,1.000000,1.000000,0,0,1,1,both_correct,"Earthquakes cause longitudinal waves as well as transverse waves. The disturbance that causes an earthquake sends longitudinal waves through underground rocks in all directions from the disturbance. Earthquake waves that travel this way are called primary, or P, waves. They are illustrated in Figure below ."
sciq,602,,How does the water cycle end?,it repeats itself,3,cloud precipitation,freezing glaciers,ocean evaporation,it repeats itself,1.000000,0.907308,3,3,1,1,both_correct,"Two common home heating systems are hot-water and warm-air heating systems. They burn fuel for thermal energy and transfer the energy to water or air. The heated water or air circulates throughout the house, transferring thermal energy to the air in each room."
sciq,603,,Light travels more quickly in air than what?,water,1,metal,water,earth,glass,0.986302,1.000000,1,1,1,1,both_correct,"When light is refracted, it changes direction as it passes into a new medium and changes speed. The straw in the Figure below looks bent where light travels from water to air. Light travels more quickly in air than in water and changes direction. For a detailed explanation of how this happens, watch the animation at this URL:."
sciq,604,,What are chromosomes made of?,dna and proteins,0,dna and proteins,sperm and proteins,amino acids,muscle tissue,1.000000,1.000000,0,0,1,1,both_correct,"Chromosomes are coiled structures made of DNA and proteins. Chromosomes are the form of the genetic material of a cell during cell division. It is this coiled structure that ensures proper segregation of the chromosomes during cell division. During other phases of the cell cycle, DNA is not coiled into chromosomes. Instead, it exists as a grainy material called chromatin ."
sciq,605,,What is the general name for a group of atoms derived from an alkane?,alkyl group,3,anode group,acid group,oxidation group,alkyl group,1.000000,1.000000,3,3,1,1,both_correct,"The general name for a group of atoms derived from an alkane is an alkyl group. The name of an alkyl group is derived from the name of the alkane by adding the suffix -yl. Thus the – CH3 fragment is a methyl group, the –CH2CH3 fragment is an ethyl group, and so forth, where the dash represents a single bond to some other atom or group. Similarly, groups of atoms derived from aromatic hydrocarbons are aryl groups, which sometimes have unexpected names. For example, the –C6H5 fragment is derived from benzene, but it is called a phenyl group. In general formulas and structures, alkyl and aryl groups are often abbreviated as R."
sciq,606,,What is the term for materials that have both a defined shape and a defined volume?,solids,0,solids,matter,gases,liquids,1.000000,1.000000,0,0,1,1,both_correct,"Solids are materials that have both a defined shape and a defined volume. They do not take on the shape of their container, as liquids and gases do. Solids can be either amorphous or crystalline. Amorphous solids (such as glass) do not have a well organized three-dimensional arrangement of molecules or atoms, so they lack a high level of order. On the other hand, crystalline solids display a highly ordered and predictable three-dimensional structure. In this section we will discuss the different types of crystalline solids."
sciq,607,,What is the radioactive process used in nuclear power plants and one type of nuclear bomb?,fission,1,radiation,fission,fusion,decay,1.000000,1.000000,1,1,1,1,both_correct,Note Fission is the radioactive process used in nuclear power plants and one type of nuclear bomb.
sciq,608,,Where does a crossover occur on a chromosome?,at different locations,1,at no locations,at different locations,at the same location,at one-two locations,0.999948,1.000000,1,1,1,1,both_correct,Figure 17.11 Crossover may occur at different locations on the chromosome. Recombination between genes A and B is more frequent than recombination between genes B and C because genes A and B are farther apart; a crossover is therefore more likely to occur between them.
sciq,609,,What are the biggest groups of stars called?,galaxies,0,galaxies,cells,orbits,novas,1.000000,1.000000,0,0,1,1,both_correct,"The biggest groups of stars are called galaxies. A few million to many billions of stars may make up a galaxy. With the unaided eye, every star you can see is part of the Milky Way Galaxy. All the other galaxies are extremely far away. The closest spiral galaxy, the Andromeda Galaxy, shown in Figure below , is 2,500,000 light years away and contains one trillion stars!."
sciq,610,,What is defined as the act of contaminating the environment with waste?,pollution,1,global warming,pollution,purifying,climate change,1.000000,1.000000,1,1,1,1,both_correct,"Left: Ciar; Right: Jeff Keacher. Bread left out grows mold, bread in refrigerator stays fresh . Left: Public Domain; Right: CC BY 2.0."
sciq,611,,What is the mechanism by which favorable traits become more common in organisms over the course of generations?,natural selection,1,evolution,natural selection,birth,environmental selection,1.000000,1.000000,1,1,1,1,both_correct,Natural selection can change a species or even make a new species. Natural processes favor some traits over others in a population. This causes those traits to be more common in subsequent generations.
sciq,612,,Evaporation of moisture is greatest where it is?,hot and sunny,2,rainy and hot,cool and snowy,hot and sunny,sunny and populated,1.000000,1.000000,2,2,1,1,both_correct,"Evaporation of moisture is greatest where it is hot and sunny. Therefore, cold climates with low precipitation may not be as dry as warm climates with the same amount of precipitation."
sciq,613,,What are the structural and functional units of the kidneys?,nephrons,3,dendrites,fat cells,interneurons,nephrons,1.000000,1.000000,3,3,1,1,both_correct,The actual removal of wastes from the blood occurs in tiny units inside the kidneys called nephrons. Nephrons are the structural and functional units of the kidneys. A single kidney may have more than a million nephrons! This is further discussed in the Urinary System concept.
sciq,614,,The gap between two dna fragments is sealed by what?,by dna ligase,2,enzymes,rna ligase,by dna ligase,reductase,1.000000,1.000000,2,2,1,1,both_correct,"DNA polymerase starts adding nucleotides to the 3'-OH end of the primer. Elongation of both the lagging and the leading strand continues. RNA primers are removed by exonuclease activity. Gaps are filled by DNA pol by adding dNTPs. The gap between the two DNA fragments is sealed by DNA ligase, which helps in the formation of phosphodiester bonds. Table 14.1 summarizes the enzymes involved in prokaryotic DNA replication and the functions of each."
sciq,615,,"""incident"" and ""reflected"" are two types of what?",rays,3,collisions,mirrors,cells,rays,0.999976,1.000000,3,3,1,1,both_correct,"In the Figure below , you can see how both types of reflection occur. Waves of light are represented by arrows called rays. Rays that strike the surface are referred to as incident rays, and rays that reflect off the surface are known as reflected rays. In regular reflection, all the rays are reflected in the same direction. This explains why regular reflection forms a clear image. In diffuse reflection, the rays are reflected in many different directions. This is why diffuse reflection forms, at best, a blurry image. You can see animations of both types of reflection at this URL: http://toolboxes. flexiblelearning. net. au/demosites/series5/508/Laboratory/StudyNotes/snReflectionMirrors. htm."
sciq,616,,Where does most of the earth's energy come from?,sun,2,cover,fire,sun,heat,1.000000,1.000000,2,2,1,1,both_correct,Almost all energy on Earth comes from the Sun. The Sun’s energy heats the planet and the air around it. Sunlight also powers photosynthesis and life on Earth.
sciq,617,,What do we call a carbohydrate formed by two monosaccharides bonding together?,disaccharide,0,disaccharide,Nitrate,calcite,olivine,1.000000,1.000000,0,0,1,1,both_correct,"If two monosaccharides bond together, they form a carbohydrate called a disaccharide . Two monosaccharides will bond together through a dehydration reaction, in which a water molecule is lost. A dehydration reaction is a condensation reaction , a chemical reaction in which two molecules combine to form one single molecule, losing a small molecule in the process. In the dehydration reaction, this small molecule is water. The bond between two monosaccharides is known as a glycosidic bond ."
sciq,618,,What determines how long a planet's orbit is around the sun?,distance,2,age,direction,distance,size,1.000000,1.000000,2,2,1,1,both_correct,"The distance between the Earth and the Sun is about 150 million kilometers. Earth revolves around the Sun at an average speed of about 27 kilometers (17 miles) per second. Mercury and Venus are closer to the Sun, so they take shorter times to make one orbit. Mercury takes only about 88 Earth days to make one trip around the Sun. All of the other planets take longer amounts of time. The exact amount depends on the planet's distance from the Sun. Saturn takes more than 29 Earth years to make one revolution around the Sun."
sciq,619,,"Anaerobic cellular respiration does not require the presence of what (by the very fact it is anaerobic, specifically)?",oxygen,0,oxygen,helium,carbon,nitrogen,1.000000,1.000000,0,0,1,1,both_correct,"In aerobic respiration, the final electron acceptor is an oxygen molecule, O2. If aerobic respiration occurs, then ATP will be produced using the energy of high-energy electrons carried by NADH or FADH2 to the electron transport chain. If aerobic respiration does not occur, NADH must be reoxidized to NAD+ for reuse as an electron carrier for the glycolytic pathway to continue. How is this done? Some living systems use an organic molecule as the final electron acceptor. Processes that use an organic molecule to regenerate NAD+ from NADH are collectively referred to as fermentation. In contrast, some living systems use an inorganic molecule as a final electron acceptor. Both methods are called anaerobic cellular respiration in which organisms convert energy for their use in the absence of oxygen."
sciq,620,,"In relation to electrical current, what property will a narrow wire have more of than a wide wire?",resistance,2,voltage,wattage,resistance,current,1.000000,1.000000,2,2,1,1,both_correct,"A wide wire has less resistance than a narrow wire of the same material. Electricity flowing through a wire is like water flowing through a hose. More water can flow through a wide hose than a narrow hose. In a similar way, more current can flow through a wide wire than a narrow wire."
sciq,621,,"Oil and water do not mix, instead forming two distinct layers called what?",phases,0,phases,changes,stages,surfaces,1.000000,1.000000,0,0,1,1,both_correct,"Oil and water do not mix, instead forming two distinct layers called phases. The oil phase is less dense than the water phase and so the oil floats on top of the water."
sciq,622,,Oranges and lemons are examples of fruits that contain what acid?,citric acid,2,urea acid,beryllium acid,citric acid,nitric acid,1.000000,1.000000,2,2,1,1,both_correct,Many carboxylic acids occur naturally in plants and animals. Citrus fruits such as oranges and lemons contain citric acid.
sciq,623,,What is the term for buildup of cell debris and cholesterol inside the arteries?,atherosclerosis,3,phimosis,fibrosis,sclerosis,atherosclerosis,1.000000,1.000000,3,3,1,1,both_correct,"Atherosclerosis is the buildup of plaque inside arteries (see Figure below ). Plaque consists of cell debris, cholesterol, and other substances. Factors that contribute to plaque buildup include a high-fat diet and smoking. As plaque builds up, it narrows the arteries and reduces blood flow. You can watch an animation about atherosclerosis at these links: http://www. youtube. com/watch?v=fLonh7ZesKs and http://www. youtube. com/watch?v=qRK7-DCDKEA ."
sciq,624,,"In the body, in which organ does chemical digestion mainly take place?",small intestine,0,small intestine,liver,kidneys,large intestine,1.000000,1.000000,0,0,1,1,both_correct,Chemical digestion occurs mainly in the small intestine.
sciq,625,,Excessive exposure to what is the main cause of skin cancer?,uv light,1,LED light,uv light,incandescent light,fluorescent light,1.000000,1.000000,1,1,1,1,both_correct,Skin cancer is a disease in which skin cells grow out of control. It is caused mainly by excessive exposure to UV light. People with lighter skin are at greater risk of developing skin cancer because they have less melanin to block harmful UV radiation. The best way to prevent skin cancer is to avoid UV exposure by using sunscreen and wearing protective clothing.
sciq,626,,Mitosis actually occurs in how many phases?,four,3,six,two,Seven,four,0.999997,1.000000,3,3,1,1,both_correct,"Mitosis actually occurs in four phases. The phases are called prophase, metaphase, anaphase, and telophase. They are shown in Figure below and described in greater detail in the following sections."
sciq,627,,Where are b cells produced in the body?,lymphocytes,0,lymphocytes,keratinocytes,lungs,tumors,0.997151,0.862259,0,0,1,1,both_correct,"There are two main types of lymphocytes, called B cells and T cells. Both types of lymphocytes are produced in bone marrow. They are named for the sites where they grow and mature. The B in B cells stands for bone marrow, where B cells mature. The T in T cells stands for thymus gland, where T cells mature. Both B cells and T cells must be “switched on” in order to fight a specific pathogen. Once this happens, they produce an “army” of cells that are ready to fight that particular pathogen."
sciq,628,,"Three body segments, a hard exoskeleton, and jointed appendages are features of what invertebrate group, which includes spider and insects?",arthropod,1,sauropod,arthropod,annelid,crustacean,1.000000,1.000000,1,1,1,1,both_correct,"Arthropods are invertebrates in the Phylum Arthropoda. They include insects, spiders, centipedes, and lobsters. Traits of arthropods include three body segments, a hard exoskeleton, and jointed appendages. The arthropod life cycle may include larva and pupa stages and the process of metamorphosis."
sciq,629,,What type of mirror is shaped like the outside of a bowl?,convex,2,slope,concave,convex,vertex,0.000001,1.000000,1,2,0,1,wrong_to_correct,"The other type of curved mirror, a convex mirror, is shaped like the outside of a bowl. Because of its shape, it can gather and reflect light from a wide area. As you can see in the Figure below , a convex mirror forms only virtual images that are right-side up and smaller than the actual object. You can see how a convex mirror forms an image in the animation at this URL: http://physics. slss. ie/resources/convex%20mirror. swf."
sciq,630,,When do gases and liquids become solids?,at low temperatures,0,at low temperatures,at relative temperatures,at high temperatures,at hot temperatures,1.000000,1.000000,0,0,1,1,both_correct,"We tend to think of solids as those materials that are solid at room temperature. However, all materials have melting points of some sort. Gases become solids at extremely low temperatures, and liquids will also become solid if the temperature is low enough. The Table below gives the melting points of some common materials."
sciq,631,,The full range of wavelengths and frequencies of electromagnetic radiation make up the ____________,electromagnetic spectrum,3,anomalous spectrum,mechanical spectrum,electronic spectrum,electromagnetic spectrum,1.000000,1.000000,3,3,1,1,both_correct,"The electromagnetic spectrum is the full range of wavelengths and frequencies of electromagnetic radiation. Wavelength, frequency, and energy change continuously across the electromagnetic spectrum."
sciq,632,,What divide on their own by a process that resembles binary fission in prokaryotes?,mitochondria,1,protazoa,mitochondria,bacteria,proteins,0.000000,1.000000,2,1,0,1,wrong_to_correct,"Mitochondria divide on their own by a process that resembles binary fission in prokaryotes. Mitochondria have their own circular DNA chromosome that carries genes similar to those expressed by bacteria. Mitochondria also have special ribosomes and transfer RNAs that resemble these components in prokaryotes. These features all support that mitochondria were once free-living prokaryotes. Chloroplasts Chloroplasts are one type of plastid, a group of related organelles in plant cells that are involved in the storage of starches, fats, proteins, and pigments. Chloroplasts contain the green pigment chlorophyll and play a role in photosynthesis. Genetic and morphological studies suggest that plastids evolved from the endosymbiosis of an ancestral cell that engulfed a photosynthetic cyanobacterium. Plastids are similar in size and shape to cyanobacteria and are enveloped by two or more membranes, corresponding to the inner and outer membranes of cyanobacteria. Like mitochondria, plastids also contain circular genomes and divide by a process reminiscent of prokaryotic cell division. The chloroplasts of red and green algae."
sciq,633,,What are tiny hairs that line the bronchi called?,cilia,2,alveoli,flagella,cilia,antennae,1.000000,1.000000,2,2,1,1,both_correct,"In the chest, the trachea divides as it enters the lungs to form the right and left bronchi. The bronchi contain cartilage, which prevents them from collapsing. Mucus in the bronchi traps any remaining particles in air. Tiny hairs called cilia line the bronchi and sweep the particles and mucus toward the throat so they can be expelled from the body."
sciq,634,,"What cycle occurs in women of reproductive age, as a long as a sperm does not enter an egg?",menstrual cycle,0,menstrual cycle,menopausal cycle,extraction cycle,tissue cycle,1.000000,1.000000,0,0,1,1,both_correct,"If a sperm does not enter an egg, the lining of the uterus breaks down. Blood and other tissues from the lining break off from the uterus. They pass through the vagina and out of the body. This is called menstruation . Menstruation is also called a menstrual period. It lasts about 4 days, on average. When the menstrual period ends, the cycle repeats. Some women feel discomfort during this process."
sciq,635,,Corrosion is usually defined as the degradation of metals due to what?,electrochemical process,2,nuclear process,oscillatory process,electrochemical process,crystalline process,1.000000,1.000000,2,2,1,1,both_correct,"Corrosion is usually defined as the degradation of metals due to an electrochemical process. The formation of rust on iron, tarnish on silver, and the blue-green patina that develops on copper are all examples of corrosion. The total cost of corrosion in the United States is significant, with estimates in excess of half a trillion dollars a year."
sciq,636,,What type of organism generally lives in or on its host?,parasite,3,predator,bacteria,insect,parasite,1.000000,1.000000,3,3,1,1,both_correct,"A parasite generally lives in or on its host. An example of a parasite that lives in its host is the hookworm. Figure below shows two hookworms living inside a human host’s intestines. The hookworms obtain nutrients and shelter from their host, which is harmed by the loss of nutrients and blood."
sciq,637,,What causes the alpine tundra to be so cold?,high altitude above sea level,0,high altitude above sea level,low air density,low altitude,moderate altitude,1.000000,1.000000,0,0,1,1,both_correct,Alpine tundra climates occur at high altitudes at any latitude. They are also called highland climates. These regions are very cold because they are so far above sea level. The alpine tundra climate is very similar to the polar tundra climate.
sciq,638,,"Like the frame of a house, what gives the cell an internal structure?",cytoskeleton,0,cytoskeleton,cytoplasm,cellulose,endoskeleton,1.000000,1.000000,0,0,1,1,both_correct,"Cytoskeleton. The cytoskeleton gives the cell an internal structure, like the frame of a house. In this photograph, filaments and tubules of the cytoskeleton are green and red, respectively. The blue dots are cell nuclei."
sciq,639,,A species that benefits and harms the host organism is called a what?,parasite,1,host,parasite,predators,viruses,1.000000,1.000000,1,1,1,1,both_correct,species that benefits and harms a host in a parasitic relationship.
sciq,640,,Reptiles are described by what term that means their internal temperature depends on the temperature of their environment?,ectothermic,0,ectothermic,zygomorphic,actinomorphic,endothermic,1.000000,1.000000,0,0,1,1,both_correct,"Reptiles are tetrapods (four-legged) and ectothermic , meaning their internal temperature depends on the temperature of their environment. This is why you may see reptiles sunbathing as they use the energy from the sun to warm their bodies. Usually the sense organs of reptiles, like ears, are well developed, though snakes do not have external ears. All reptiles have advanced eyesight. Reptiles also have a sense of smell. Crocodilians, turtles, and tortoises smell like most other land vertebrates. But, some lizards, and all snakes, smell with their tongues, which is flicked out of the mouth to pick up scent molecules from the air."
sciq,641,,What lines the passages of the nose and senses chemicals in the air?,odor receptors,0,odor receptors,consumption receptors,optic receptors,matter receptors,1.000000,1.000000,0,0,1,1,both_correct,"Odor receptors line the passages of the nose (see Figure below ). They sense chemicals in the air. In fact, odor receptors can sense hundreds of different chemicals. Did you ever notice that food seems to have less taste when you have a stuffy nose? This occurs because the sense of smell contributes to the sense of taste, and a stuffy nose interferes with the ability to smell."
sciq,642,,Telomerase is typically active in germ cells and adult what?,stem cells,0,stem cells,human growth hormone,sex cells,chromosomes,1.000000,1.000000,0,0,1,1,both_correct,"Telomerase is typically active in germ cells and adult stem cells. It is not active in adult somatic cells. For her discovery of telomerase and its action, Elizabeth Blackburn (Figure 14.16) received the Nobel Prize for Medicine and Physiology in 2009."
sciq,643,,"What do you call materials able to conduct electricity with 100% efficiency, meaning that no energy is lost during the electrical transmission?",superconductors,1,super-insulators,superconductors,poor conductors,electromagnets,1.000000,1.000000,1,1,1,1,both_correct,"Many chemists are currently working in the field of superconductivity. Superconductors are materials that are able to conduct electricity with 100% efficiency, meaning that no energy is lost during the electrical transmission, as happens with conventional conducting materials like copper cable. The challenge is to design materials that can act as superconductors at normal temperatures, as opposed to only being able to superconduct at very low temperatures."
sciq,644,,What does scientific notation use to write very large or very small numbers?,exponents,1,coefficients,exponents,whole numbers,zeros,1.000000,1.000000,1,1,1,1,both_correct,Scientific notation is a way of writing very large or very small numbers that uses exponents. Numbers are written in this format:.
sciq,645,,"Speed, loudness, and pitch are properties of what?",sound,0,sound,metal,colour,light,1.000000,1.000000,0,0,1,1,both_correct,"Properties of sound include speed, loudness, and pitch. The speed of sound varies in different media. The loudness of sound depends on the intensity of sound waves. The pitch of sound depends on the frequency of sound waves."
sciq,646,,Radioactive nuclei and particles are represented by which symbols?,nuclear,3,compound,energy,greek,nuclear,1.000000,1.000000,3,3,1,1,both_correct,"Radioactive nuclei and particles are represented by nuclear symbols that indicate their numbers of protons and neutrons. For example, an alpha particle (helium nucleus) is represented by the symbol , where He is the chemical symbol for helium, the subscript 2 is the number of protons, and the superscript 4 is the mass number (2 protons + 2 neutrons)."
sciq,647,,What are alveoli?,tiny air sacs in the lungs,1,tiny air natalensis in the lungs,tiny air sacs in the lungs,cilia in the throat,sacs in the diaphragm,1.000000,1.000000,1,1,1,1,both_correct,Mammalian lungs have millions of tiny air sacs called alveoli . They provide a very large surface area for gas exchange.
sciq,648,,Railroad tracks and roadways can buckle on hot days if they lack sufficient what?,expansion joints,3,attraction joints,cartilaginous joints,contraction joints,expansion joints,0.999999,1.000000,3,3,1,1,both_correct,"Forces and pressures created by thermal stress are typically as great as that in the example above. Railroad tracks and roadways can buckle on hot days if they lack sufficient expansion joints. (See Figure 13.14. ) Power lines sag more in the summer than in the winter, and will snap in cold weather if there is insufficient slack. Cracks open and close in plaster walls as a house warms and cools. Glass cooking pans will crack if cooled rapidly or unevenly, because of differential contraction and the."
sciq,649,,"What is the name of the complex mixture that consists of water, proteins, fats, carbohydrates, and minerals?",milk,0,milk,sperm,blood,plasma,0.122523,1.000000,2,0,0,1,wrong_to_correct,"Milk is a complex mixture of water, proteins, fats, carbohydrates, and minerals. While the minerals and carbohydrates are water-soluble, the fats and some of the proteins do not dissolve but are held in suspension."
sciq,650,,What disease is the result of unchecked cell division caused by a breakdown of the mechanisms regulating the cell cycle?,cancer,1,diabetes,cancer,dementia,gout,1.000000,1.000000,1,1,1,1,both_correct,"6.3 Cancer and the Cell Cycle Cancer is the result of unchecked cell division caused by a breakdown of the mechanisms regulating the cell cycle. The loss of control begins with a change in the DNA sequence of a gene that codes for one of the regulatory molecules. Faulty instructions lead to a protein that does not function as it should. Any disruption of the monitoring system can allow other mistakes to be passed on to the daughter cells. Each successive cell division will give rise to daughter cells with even more accumulated damage. Eventually, all checkpoints become nonfunctional, and rapidly reproducing cells crowd out normal cells, resulting in tumorous growth."
sciq,651,,What is the term for an exact genetic copy?,clone,3,genetic recreation,genetic repeat,duplication,clone,1.000000,1.000000,3,3,1,1,both_correct,"Recombinant DNA technology is used in gene cloning. A clone is an exact genetic copy. Genes are cloned for many reasons, including use in medicine and in agriculture."
sciq,652,,Where do recent rocks point towards on earth?,north magnetic pole,2,equator,south magnetic pole,north magnetic pole,space,0.999995,0.999998,2,2,1,1,both_correct,Rocks on different continents that are the same age point to different locations. Only recent rocks point to the current north magnetic pole.
sciq,653,,The two simplest models of population growth use what to describe the rate of change in the size of a population over time?,deterministic equations,1,wave function,deterministic equations,predestination equations,analogous equations,0.999999,1.000000,1,1,1,1,both_correct,"Population Growth The two simplest models of population growth use deterministic equations (equations that do not account for random events) to describe the rate of change in the size of a population over time. The first of these models, exponential growth, describes theoretical populations that increase in numbers without any limits to their growth. The second model, logistic growth, introduces limits to reproductive growth that become more intense as the population size increases. Neither model adequately describes natural populations, but they provide points of comparison. Exponential Growth Charles Darwin, in developing his theory of natural selection, was influenced by the English clergyman Thomas Malthus. Malthus published his book in 1798 stating that populations with abundant natural resources grow very rapidly; however, they limit further growth by depleting their resources. The early pattern of accelerating population size is called exponential growth. The best example of exponential growth in organisms is seen in bacteria. Bacteria are prokaryotes that reproduce largely by binary fission. This division takes about an hour for many bacterial species. If 1000 bacteria are placed in a large flask with an abundant supply of nutrients (so the nutrients will not become quickly depleted), the number of bacteria will have doubled from 1000 to 2000 after just an hour. In another hour, each of the 2000 bacteria will divide, producing 4000 bacteria. After the third hour, there should be 8000 bacteria in the flask. The important concept of exponential growth is that the growth rate—the number of organisms added in each reproductive generation—is itself increasing; that is, the."
sciq,654,,What is the separation of ions that occurs when a solid ionic compound dissolves?,dissociation,1,combustion,dissociation,decomposition,inflammation,0.999996,1.000000,1,1,1,1,both_correct,Dissociation is the separation of ions that occurs when a solid ionic compound dissolves.
sciq,655,,What do charged particles in motion generate?,magnetic fields,0,magnetic fields,fission,electricity,gravitational fields,1.000000,0.999695,0,0,1,1,both_correct,Paints can be both toxic and flammable. Paints may spill on the ground or be thrown improperly in the trash.
sciq,656,,What bonding is formed in polar amino acid side chains?,hydrogen bonding,3,calcium bonding,helium bonding,carbon bonding,hydrogen bonding,1.000000,1.000000,3,3,1,1,both_correct,"Hydrogen bonding. Hydrogen bonding forms between a highly electronegative oxygen atom or a nitrogen atom and a hydrogen atom attached to another oxygen atom or a nitrogen atom, such as those found in polar amino acid side chains. Hydrogen bonding (as well as ionic attractions) is extremely important in both the intra- and intermolecular interactions of proteins (part (b) of http://catalog. flatworldknowledge. com/bookhub/reader/2547 - gob-ch18_s04_s01_f05). Disulfide linkages. Two cysteine amino acid units may be brought close together as the protein molecule folds. Subsequent oxidation and linkage of the sulfur atoms in the highly reactive sulfhydryl (SH) groups leads to the formation of cystine (part (c) ofhttp://catalog. flatworldknowledge. com/bookhub/reader/2547 - gob-ch18_s04_s01_f05). Intrachain disulfide linkages are found in many proteins, including insulin (yellow bars in http://catalog. flatworldknowledge. com/bookhub/reader/2547 - gob-ch18_s04_s01_f01) and have a strong stabilizing effect on the tertiary structure."
sciq,657,,What is the name for the energy waves that radiate out from the center of an earthquake?,seismic waves,0,seismic waves,particle waves,volcanic waves,deep waves,1.000000,1.000000,0,0,1,1,both_correct,Geologists study earthquake waves to “see” Earth's interior. Waves of energy radiate out from an earthquake’s focus. These waves are called seismic waves ( Figure below ). Seismic waves go different speeds through different materials. They change speed when they go from one type of material to another. This causes them to bend. Some seismic waves do not travel through liquids or gases. They just stop. Scientists use information from seismic waves to understand what makes up the Earth’s interior.
sciq,658,,"During a human pregnancy, which trimester exhibits the greatest growth of the fetus and culminates in labor and delivery?",third trimester,0,third trimester,fourth trimester,first trimester,second trimester,1.000000,1.000000,0,0,1,1,both_correct,"43.5 Human Pregnancy and Birth Human pregnancy begins with fertilization of an egg and proceeds through the three trimesters of gestation. The labor process has three stages (contractions, delivery of the fetus, expulsion of the placenta), each propelled by hormones. The first trimester lays down the basic structures of the body, including the limb buds, heart, eyes, and the liver. The second trimester continues the development of all of the organs and systems. The third trimester exhibits the greatest growth of the fetus and culminates in labor and delivery. Prevention of a pregnancy can be accomplished through a variety of methods including barriers, hormones, or other means. Assisted reproductive technologies may help individuals who have infertility problems."
sciq,659,,What do ecologists study at every level?,ecosystems,2,plants,taxonomy,ecosystems,solar system,1.000000,1.000000,2,2,1,1,both_correct,"Ecologists study ecosystems at every level, from the individual organism to the whole ecosystem and biosphere. They can ask different types of questions at each level. Examples of these questions are given in Table below , using the zebra ( Equus zebra ) as an example."
sciq,660,,What is the broadest category in the linnaean system?,kingdom,0,kingdom,phylum,domain,class,0.000015,0.999997,2,0,0,1,wrong_to_correct,"The broadest category in the Linnaean system is the kingdom . Figure above shows the Animal Kingdom because Homo sapiens belongs to that kingdom. Other kingdoms include the Plant Kingdom, Fungus Kingdom, and Protist Kingdom."
sciq,661,,Reactants may also be present in such low concentrations that it is unlikely they will meet and do what?,collide,0,collide,explode,melt,depart,1.000000,0.999997,0,0,1,1,both_correct,"Most chemical reactions within organisms would be impossible under the normal conditions within cell. For example, the body temperature of most organisms is too low for reactions to occur quickly enough to carry out life processes. Reactants may also be present in such low concentrations that it is unlikely they will meet and collide. Therefore, the rate of most biochemical reactions must be increased by a catalyst. A catalyst is a chemical that speeds up chemical reactions. In organisms, catalysts are called enzymes ."
sciq,662,,"The three main body segments of an arthropod are head, thorax, and what?",abdomen,2,tail,gluteus,abdomen,legs,1.000000,1.000000,2,2,1,1,both_correct,"Insects range in length from less than a millimeter to about the length of your arm. They can be found in most habitats, but they are mainly terrestrial. Many can fly, so they are also aerial. Like other arthropods, insects have a head, thorax, and abdomen. They have a wide variety of appendages, including six legs attached to the thorax."
sciq,663,,What is the term for what the earth rotates on?,axis,2,compass,radius,axis,tip,1.000000,1.000000,2,2,1,1,both_correct,"This Concept deals with some Earth basics. Earth is a planet and has the characteristics of a planet. Like other planets, it is nearly round. This is because it has enough mass for its gravity to pull material into a round shape. Earth's gravity has also pulled in small objects, like asteroids. So the planet's orbit is cleared. Earth rotates on its axis and revolves around its star. As a result of its rotation, Earth has a day-night cycle. The tilt of its axis creates the seasons. Earth has layers from crust to mantle to core. The core is divided into a liquid outer core and a solid inner core. The liquid outer core has convection, which generates the magnetic field. The mantle is solid rock. The crust has two major types: continental and oceanic. The crust and uppermost mantle make up the lithosphere. Beneath the lithosphere is the asthenosphere. The lithosphere is brittle and will break. The asthenosphere can flow."
sciq,664,,A vector is any quantity that has magnitude and what?,direction,1,length,direction,latitude,longitude,1.000000,1.000000,1,1,1,1,both_correct,"A vector is any quantity that has magnitude and direction. A scalar is any quantity that has magnitude but no direction. Displacement and velocity are vectors, whereas distance and speed are scalars. In one-dimensional motion, direction is specified by a plus or minus sign to signify left or right, up or down, and the like."
sciq,665,,The softer connective tissue that fills the interior of most bone is referred to as what?,bone marrow,0,bone marrow,liquid marrow,solid marrow,attached marrow,1.000000,1.000000,0,0,1,1,both_correct,"Mineral Storage, Energy Storage, and Hematopoiesis On a metabolic level, bone tissue performs several critical functions. For one, the bone matrix acts as a reservoir for a number of minerals important to the functioning of the body, especially calcium, and phosphorus. These minerals, incorporated into bone tissue, can be released back into the bloodstream to maintain levels needed to support physiological processes. Calcium ions, for example, are essential for muscle contractions and controlling the flow of other ions involved in the transmission of nerve impulses. Bone also serves as a site for fat storage and blood cell production. The softer connective tissue that fills the interior of most bone is referred to as bone marrow (Figure 6.5). There are two types of bone marrow: yellow marrow and red marrow. Yellow marrow contains adipose tissue; the triglycerides stored in the adipocytes of the tissue can serve as a source of."
sciq,666,,What soil is common in deciduous forests?,pedalfer,0,pedalfer,sandy soil,loam,xerophyte,1.000000,1.000000,0,0,1,1,both_correct,Pedalfer is the soil common in deciduous forests. Pedalfer is dark brown and fertile.
sciq,667,,What do voltmeters measure across a resistor?,the voltage drop,2,energy loss,the vibration drop,the voltage drop,amplitude,1.000000,1.000000,2,2,1,1,both_correct,"Ammeters and voltmeters are cleverly designed for the way they are used. Ammeters measure the current of a circuit, and voltmeters measure the voltage drop across a resistor. It is important in the design and use of these meters that they don't change the circuit in such a way as to influence the readings. While both types of meters are technically resistors, they are specifically designed to make their readings without changing the circuit itself."
sciq,668,,Cardiac muscle is found only in which part of the heart?,the walls,1,the left side,the walls,the ridges,the bottom,0.999999,1.000000,1,1,1,1,both_correct,"Cardiac muscle is found only in the walls of the heart. When cardiac muscle contracts, the heart beats and pumps blood. Cardiac muscle contains a great many mitochondria, which produce ATP for energy. This helps the heart resist fatigue. Contractions of cardiac muscle are involuntary, like those of smooth muscle. Cardiac muscle, like skeletal muscle, is arranged in bundles, so it appears striated , or striped."
sciq,669,,Wearing personal protective equipment such as goggles and gloves during an experiment is an example of what?,safety precaution,2,office politics,pollution precaution,safety precaution,lab organization,1.000000,1.000000,2,2,1,1,both_correct,Safety precautions are in place to help prevent accidents. Always wear personal protective equipment such as goggles and gloves when recommended to do so by your teacher.
sciq,670,,The concentration of the hydrogen ion in a solution can be calculated when what is known?,ph,3,pressure,velocity,temperature,ph,1.000000,1.000000,3,3,1,1,both_correct,"When the pH of a solution is known, the concentration of the hydrogen ion can be calculated. The inverse of the logarithm (or antilog) is the 10 x key on a calculator."
sciq,671,,A fever also causes the immune system to make more of what?,white blood cells,0,white blood cells,insulin,urea,red blood cells,1.000000,1.000000,0,0,1,1,both_correct,"White blood cells also make chemicals that cause a fever. A fever is a higher-than-normal body temperature. Normal human body temperature is 98.6°F (37°C). Most bacteria and viruses that infect people reproduce fastest at this temperature. When the temperature is higher, the pathogens cannot reproduce as fast, so the body raises the temperature to kill them. A fever also causes the immune system to make more white blood cells. In these ways, a fever helps the body fight infection."
sciq,672,,"Vascular plants all have roots, stems, and what?",leaves,2,flowers,fruits,leaves,beans,1.000000,1.000000,2,2,1,1,both_correct,"Vascular plants also have roots, stems, and leaves."
sciq,673,,What do scientists think to be the oldest eukaryotes?,protists,2,bivalves,ciliate,protists,arthropods,0.907311,1.000000,2,2,1,1,both_correct,"Scientists think that protists are the oldest eukaryotes. If so, they must have evolved from prokaryotes. How did this happen? How did cells without organelles acquire them? What was the origin of mitochondria, chloroplasts, and other organelles?."
sciq,674,,"Carpal, metacarpal and phalanx bones comprise what part of the body?",hand,2,foot,pelvis,hand,thumb,1.000000,1.000000,2,2,1,1,both_correct,Figure 8.7 Bones of the Wrist and Hand The eight carpal bones form the base of the hand. These are arranged into proximal and distal rows of four bones each. The metacarpal bones form the palm of the hand. The thumb and fingers consist of the phalanx bones.
sciq,675,,How did the first seed plants form seeds?,in cones,1,in stems,in cones,in folds,in leaves,0.999044,1.000000,1,1,1,1,both_correct,"The first seed plants formed seeds in cones. Cones are made up of overlapping scales, which are modified leaves (see Figure below ). Male cones contain pollen, and female cones contain eggs. Seeds also develop in female cones. Modern seed plants that produce seeds in cones are called gymnosperms ."
sciq,676,,What green cell structures of a leaf are visible under a high power microscope?,chloroplasts,3,golgi apparatus,fibroblasts,veins,chloroplasts,1.000000,1.000000,3,3,1,1,both_correct,High power microscopic photo of the upper part of a Winter Jasmine leaf. Viewed under a microscope many green chloroplasts are visible.
sciq,677,,What indicates the speed at which a reaction proceeds?,the reaction rate,0,the reaction rate,the transform rate,reaction scale,time zone,1.000000,1.000000,0,0,1,1,both_correct,The reaction rate indicates how fast the reaction proceeds.
sciq,678,,What type of climate does the coast of california have?,mediterranean,3,rainforest,arctic,tropical,mediterranean,1.000000,1.000000,3,3,1,1,both_correct,"Mediterranean climates are found on the western coasts of continents. The latitudes are between 30° and 45°. The coast of California has a Mediterranean climate. Temperatures are mild and rainfall is moderate. Most of the rain falls in the winter, and summers are dry. To make it through the dry summers, short woody plants are common."
sciq,679,,Solutions of nonelectrolytes such as ethanol do not contain dissolved ions and cannot conduct what?,electricity,3,sound,light,current,electricity,0.999980,0.999595,3,3,1,1,both_correct,Figure 11.7 Solutions of nonelectrolytes such as ethanol do not contain dissolved ions and cannot conduct electricity. Solutions of electrolytes contain ions that permit the passage of electricity. The conductivity of an electrolyte solution is related to the strength of the electrolyte.
sciq,680,,Oxygen is an element in what form of matter?,gas,0,gas,liquid,solid,plasma,0.999999,1.000000,0,0,1,1,both_correct,"Physical properties include the state of matter and its color and odor. For example, oxygen is a colorless, odorless gas. Chlorine is a greenish gas with a strong, sharp odor. Other physical properties include hardness, freezing and boiling points, the ability to dissolve in other substances, and the ability to conduct heat or electricity. These properties are demonstrated in Figure below . Can you think of other physical properties?."
sciq,681,,What branch of science is concerned with matter and the changes that it can undergo?,chemistry,1,geology,chemistry,physiology,biology,1.000000,1.000000,1,1,1,1,both_correct,Chemistry is the study of matter and the changes that matter can undergo.
sciq,682,,"No charge is actually created or destroyed when charges are separated as we have been discussing. rather, existing charges are moved about. in fact, in all situations the total amount of charge is always this?",constant,0,constant,less,more,smaller,1.000000,1.000000,0,0,1,1,both_correct,"No charge is actually created or destroyed when charges are separated as we have been discussing. Rather, existing charges are moved about. In fact, in all situations the total amount of charge is always constant. This universally obeyed law of nature is called the law of conservation of charge. Law of Conservation of Charge Total charge is constant in any process."
sciq,683,,What type of molecules help the plasma membrane keep its shape?,cholesterol,3,proteins,magnesium,metabolic,cholesterol,0.999497,1.000000,3,3,1,1,both_correct,"The plasma membrane contains molecules other than phospholipids, primarily other lipids and proteins. The green molecules in Figure below , for example, are the lipid cholesterol. Molecules of cholesterol help the plasma membrane keep its shape. Many of the proteins in the plasma membrane assist other substances in crossing the membrane."
sciq,684,,"Unlike matter, which is continuously recycled through ecosystems, what must constantly be added to an ecosystem for use by organisms?",energy,3,fuel,hydrogen,carbon,energy,1.000000,1.000000,3,3,1,1,both_correct,"Energy must constantly be added to an ecosystem for use by organisms. Matter, on the other hand, is continuously recycled through ecosystems."
sciq,685,,What form of matter has a fixed volume but not a fixed shape?,liquid,2,gas,solid,liquid,mixture,1.000000,1.000000,2,2,1,1,both_correct,"Ocean water is an example of a liquid. A liquid is matter that has a fixed volume but not a fixed shape. Instead, a liquid takes the shape of its container. If the volume of a liquid is less than the volume of its container, the top surface will be exposed to the air, like the oil in the bottles in Figure below ."
sciq,686,,Why is closed reduction simpler than open reduction in bone repair?,no surgery needed,2,no pain pills needed,no medicine needed,no surgery needed,no treatment needed,1.000000,1.000000,2,2,1,1,both_correct,"6.5 | Fractures: Bone Repair By the end of this section, you will be able to: • Differentiate among the different types of fractures • Describe the steps involved in bone repair A fracture is a broken bone. It will heal whether or not a physician resets it in its anatomical position. If the bone is not reset correctly, the healing process will keep the bone in its deformed position. When a broken bone is manipulated and set into its natural position without surgery, the procedure is called a closed reduction. Open reduction requires surgery to expose the fracture and reset the bone. While some fractures can be minor, others are quite severe and result in grave complications. For example, a fractured diaphysis of the femur has the potential to release fat globules into the bloodstream. These can become lodged in the capillary beds of the lungs, leading to respiratory distress and if not treated quickly, death."
sciq,687,,"When resources are limited, populations exhibit what type of growth?",logistic growth,3,component growth,efficient growth,lasting growth,logistic growth,1.000000,1.000000,3,3,1,1,both_correct,"Figure 45.9 When resources are unlimited, populations exhibit exponential growth, resulting in a J-shaped curve. When resources are limited, populations exhibit logistic growth. In logistic growth, population expansion decreases as resources become scarce, and it levels off when the carrying capacity of the environment is reached, resulting in an S-shaped curve."
sciq,688,,What protects the brain and spinal cord in the central nervous system?,meninges,3,Flexing,dermis,neutrophils,meninges,1.000000,1.000000,3,3,1,1,both_correct,"35.3 The Central Nervous System The vertebrate central nervous system contains the brain and the spinal cord, which are covered and protected by three meninges. The brain contains structurally and functionally defined regions. In mammals, these include the cortex (which can be broken down into four primary functional lobes: frontal, temporal, occipital, and parietal), basal ganglia, thalamus, hypothalamus, limbic system, cerebellum, and brainstem—although structures in some of these designations overlap. While functions may be primarily localized to one structure in the brain, most complex functions, like language and sleep, involve neurons in multiple brain regions. The spinal cord is the information superhighway that connects the brain with the rest of the body through its connections with peripheral nerves. It transmits sensory and motor input and also controls motor reflexes."
sciq,689,,Heating ice to its melting point (0°c) gives its molecules enough energy to do what?,move,0,move,settle,evaporate,freeze,1.000000,1.000000,0,0,1,1,both_correct,"Adding energy to matter gives its atoms or molecules the ability to resist some of the forces holding them together. For example, heating ice to its melting point (0°C) gives its molecules enough energy to move. The ice melts and becomes liquid water. Similarly, heating liquid water to its boiling point (100°C) gives its molecules enough energy to pull apart from one another so they no longer have contact. The liquid water vaporizes and becomes water vapor."
sciq,690,,The added nutrients from fertilizer often cause excessive growth of what organism?,algae,0,algae,crustaceans,sediments,mushrooms,1.000000,1.000000,0,0,1,1,both_correct,"Water pollution comes from many sources. One of the biggest sources is runoff. Runoff picks up chemicals such as fertilizer from agricultural fields, lawns, and golf courses. It carries the chemicals to bodies of water. The added nutrients from fertilizer often cause excessive growth of algae, creating algal blooms (see Figure below ). The algae use up oxygen in the water so that other aquatic organisms cannot survive. This has occurred over large areas of the ocean, creating dead zones , where low oxygen levels have killed all ocean life. A very large dead zone exists in the Gulf of Mexico. Measures that can help prevent these problems include cutting down on fertilizer use. Preserving wetlands also helps because wetlands filter runoff water."
sciq,691,,An increase in what levels results in sound waves that are louder and of greater intensity?,decibel levels,2,radiation levels,heat levels,decibel levels,height levels,1.000000,1.000000,2,2,1,1,both_correct,"As decibel levels get higher, sound waves have greater intensity and sounds are louder. For every 10-decibel increase in the intensity of sound, loudness is 10 times greater."
sciq,692,,What is it called when two plates slide past each other in opposite directions?,transform plate boundary,2,tectonic movement,plate divergence,transform plate boundary,transformation,1.000000,1.000000,2,2,1,1,both_correct,"Two plates may slide past each other in opposite directions. This is called a transform plate boundary . The plates meet at a transform fault . As you might imagine, plates do not slide past each other easily. These plate boundaries experience massive earthquakes. The world’s best known transform fault is the San Andreas Fault in California ( Figure below ). At this fault, the Pacific and North American plates grind past each other. Transform plate boundaries are common as offsets along mid-ocean ridges. They are very small compared to transform faults on land."
sciq,693,,What force occurs because no surface is perfectly smooth?,friction,1,vibration,friction,tension,gravity,1.000000,1.000000,1,1,1,1,both_correct,Friction occurs because no surface is perfectly smooth.
sciq,694,,What structure collect fluid that leaks out from blood capillaries?,lymph capillaries,3,alveoli,pulmonary capillaries,varicose veins,lymph capillaries,1.000000,1.000000,3,3,1,1,both_correct,Lymph capillaries collect fluid that leaks out from blood capillaries.
sciq,695,,What is the eighth planet from our sun?,neptune,1,earth,neptune,uranus,mars,0.999997,1.000000,1,1,1,1,both_correct,Neptune is shown in Figure below . It is the eighth planet from the Sun. Neptune is so far away you need a telescope to see it from Earth. Neptune is the most distant planet in our solar system. It is nearly 4.5 billion kilometers (2.8 billion miles) from the Sun. One orbit around the Sun takes Neptune 165 Earth years.
sciq,696,,Where is dna located in prokaryotic cells?,cytoplasm,0,cytoplasm,mitochondria,cytoskeleton,ribosomes,1.000000,1.000000,0,0,1,1,both_correct,"Prokaryotic cells are cells without a nucleus. The DNA in prokaryotic cells is in the cytoplasm rather than enclosed within a nuclear membrane. Prokaryotic cells are found in single-celled organisms, such as bacteria, like the one shown in Figure below . Organisms with prokaryotic cells are called prokaryotes . They were the first type of organisms to evolve and are still the most common organisms today."
sciq,697,,"Water is considered a what since it is a polar molecule with slightly positive and slightly negative charges, so ions and polar molecules can readily dissolve in it?",solvent,0,solvent,solute,pigment,osmotic,1.000000,1.000000,0,0,1,1,both_correct,"Water’s Solvent Properties Since water is a polar molecule with slightly positive and slightly negative charges, ions and polar molecules can readily dissolve in it. Therefore, water is referred to as a solvent, a substance capable of dissolving other polar molecules and ionic compounds. The charges associated with these molecules will form hydrogen bonds with water, surrounding the particle with water molecules. This is referred to as a sphere of hydration, or a hydration shell, as illustrated in Figure 2.15 and serves to keep the particles separated or dispersed in the water. When ionic compounds are added to water, the individual ions react with the polar regions of the water molecules and their ionic bonds are disrupted in the process of dissociation. Dissociation occurs when atoms or groups of atoms break off from molecules and form ions. Consider table salt (NaCl, or sodium chloride): when NaCl crystals are added to water, the molecules of NaCl dissociate into Na+ and Cl– ions, and spheres of hydration form around the ions, illustrated in Figure 2.15. The positively charged sodium ion is surrounded by the partially negative charge of the water molecule’s oxygen. The negatively charged chloride ion is surrounded by the partially positive charge of the hydrogen on the water molecule."
sciq,698,,The pressure inside a container is dependent on the amount of what inside the container?,gas,3,emissions,liquids,air,gas,1.000000,1.000000,3,3,1,1,both_correct,"The pressure inside a container is dependent on the amount of gas inside the container. If the basketball does not bounce high enough, the official could remedy the situation by using a hand pump and adding more air to the ball. Conversely, if it bounces too high, he could let some air out of the ball."
sciq,699,,What are plant structures that contain male and/or female reproductive organs?,flowers,2,stems,leaves,flowers,roots,1.000000,1.000000,2,2,1,1,both_correct,Some seed plants evolved another major adaptation. This was the formation of seeds in flowers. Flowers are plant structures that contain male and/or female reproductive organs.
sciq,700,,Each species has a particular way of making a living which is called its what?,niche,2,habit,life-cycle,niche,system,1.000000,1.000000,2,2,1,1,both_correct,Each species has a particular way of making a living. This is called its niche . You can see the niche of a lion in Figure below . A lion makes its living by hunting and eating other animals. Each species also has a certain place where it is best suited to live. This is called its habitat . The lion’s habitat is a grassland. Why is a lion better off in a grassland than in a forest?.
sciq,701,,"Both the forward reaction and the reverse reaction continue to occur, so chemical equilibrium is said to be what, rather than static?",dynamic,1,stable,dynamic,abrasive,fluid,1.000000,0.999999,1,1,1,1,both_correct,"One thing to note about equilibrium is that the reactions do not stop; both the forward reaction and the reverse reaction continue to occur. They both occur at the same rate, so any overall change by one reaction is cancelled by the reverse reaction. We say that chemical equilibrium is dynamic, rather than static. Also, because both reactions are occurring simultaneously, the equilibrium can be written backward. For example, representing an equilibrium as."
sciq,702,,What is the watery fluid that bathes tissues and organs and contains protective white blood cells but does not contain erythrocytes?,lymph,0,lymph,basil,stomach,secretion,1.000000,1.000000,0,0,1,1,both_correct,"The Lymphatic System Lymph is the watery fluid that bathes tissues and organs and contains protective white blood cells but does not contain erythrocytes. Lymph moves about the body through the lymphatic system, which is made up of vessels, lymph ducts, lymph glands, and organs, such as tonsils, adenoids, thymus, and spleen. Although the immune system is characterized by circulating cells throughout the body, the regulation, maturation, and intercommunication of immune factors occur at specific sites. The blood circulates immune cells, proteins, and other factors through the body. Approximately 0.1 percent of all cells in the blood are leukocytes, which include monocytes (the precursor of macrophages) and lymphocytes. Most cells in the blood are red blood cells. Cells of the immune system can travel between the distinct lymphatic and blood circulatory systems, which are separated by interstitial space, by a process called extravasation (passing through to surrounding tissue). Recall that cells of the immune system originate from stem cells in the bone marrow. B cell maturation occurs in the bone marrow, whereas progenitor cells migrate from the bone marrow and develop and mature into naïve T cells in the organ called the thymus. On maturation, T and B lymphocytes circulate to various destinations. Lymph nodes scattered throughout the body house large populations of T and B cells, dendritic cells, and macrophages (Figure 17.19). Lymph gathers antigens as it drains from tissues. These antigens then are filtered through lymph nodes before the lymph is returned to circulation. APCs in the lymph nodes capture and process antigens and inform nearby lymphocytes about potential pathogens."
sciq,703,,How many openings do adult tunicates have that siphon water in and out of the body?,two,1,three,two,one,four,0.999887,1.000000,1,1,1,1,both_correct,"Adult tunicates are barrel-shaped. They have two openings that siphon water into and out of the body. The flow of water provides food for filter feeding. Tunicates reproduce sexually. Each individual produces both male and female gametes. However, they avoid self-fertilization. Tunicates can also reproduce asexually by budding."
sciq,704,,What is the term for the combined forces acting on an object?,net force,0,net force,total impact,critical force,blunt force,1.000000,1.000000,0,0,1,1,both_correct,"The combined forces acting on an object are called the net force. When forces act in opposite directions, they are subtracted to yield the net force. When they act in the same direction, they are added to yield the net force."
sciq,705,,What is the name of the first stage of photosynthesis?,light reactions,2,contamination,absorption,light reactions,consumption,0.999497,1.000000,2,2,1,1,both_correct,"The first stage of photosynthesis is called the light reactions. During this stage, light is absorbed and transformed to chemical energy in the bonds of NADPH and ATP. You can follow the process in the Figure below as you read about it below."
sciq,706,,What are endothermic tetrapod vertebrates most commonly called?,birds,1,reptiles,birds,insects,mammals,0.000001,1.000000,3,1,0,1,wrong_to_correct,"Birds are endothermic tetrapod vertebrates. They are bipedal, which means they walk on two legs. Birds also lay amniotic eggs, and the eggs have hard, calcium carbonate shells. Although birds are the most recent class of vertebrates to evolve, they are now the most numerous vertebrates on Earth. Why have birds been so successful? What traits allowed them to increase and diversify so rapidly?."
sciq,707,,What is the space between a neuron and the next cell?,the synapse,0,the synapse,neurotransmitter passage,dendritic gap,cell divide,1.000000,1.000000,0,0,1,1,both_correct,"It literally jumps by way of a chemical transmitter. Notice the two cells are not connected, but separated by a small gap. The synapse. The space between a neuron and the next cell."
sciq,708,,Free fatty acids are carboxylic acids that contain long chains of what?,hydrocarbons,3,particles,vapors,lipds,hydrocarbons,1.000000,1.000000,3,3,1,1,both_correct,"In the Figure below , we see the structures of some common classes of lipids. Free fatty acids are carboxylic acids that contain long hydrocarbon chains. Saturated fatty acids are alkanes with a single carboxylic acid, whereas unsaturated fatty acids contain one or more C-C double bonds. Fatty acids often form esters with one of the alcohol functional groups on glycerol , a three carbon chain in which each carbon is bonded to one OH group. Triglycerides are common structures, in which all three of these OH groups are esterified with a fatty acid. The three fatty acids in a triglyceride may be the same or different. Another common structure is a phospholipid, in which two of the alcohols in glycerol form esters with fatty acids, and the third is connected to a very polar phosphorus-containing group."
sciq,709,,What do you call nutrients that your body needs in fairly large amounts?,macronutrients,1,B-complex,macronutrients,antioxidants,super foods,1.000000,1.000000,1,1,1,1,both_correct,"Macronutrients are nutrients the body needs in relatively large amounts. They include carbohydrates, proteins, lipids, and water."
sciq,710,,What is the most important function of enzymes in animals?,help digest food,2,transport messages,excrete waste,help digest food,carry oxygen,1.000000,1.000000,2,2,1,1,both_correct,"In animals, an important function of enzymes is to help digest food. Digestive enzymes speed up reactions that break down large molecules of carbohydrates, proteins, and fats into smaller molecules the body can use. Without digestive enzymes, animals would not be able to break down food molecules quickly enough to provide the energy and nutrients they need to survive."
sciq,711,,"After coming apart from the crystal, the individual ions are then surrounded by solvent particles in a process called what?",solvation,0,solvation,ionization,hydrolysis,osmosis,1.000000,1.000000,0,0,1,1,both_correct,"After coming apart from the crystal, the individual ions are then surrounded by solvent particles in a process called solvation . Note that the individual Na + ions are surrounded by water molecules with the oxygen atom oriented near the positive ion. Likewise, the chloride ions are surrounded by water molecules with the opposite orientation. Hydration is the process of solute particles being surrounded by water molecules arranged in a specific manner. Hydration helps to stabilize aqueous solutions by preventing the positive and negative ions from coming back together and forming a precipitate."
sciq,712,,A battery is a multiple connection of what kind of cells?,voltaic cells,0,voltaic cells,cabri cells,organic cells,localweather cells,1.000000,1.000000,0,0,1,1,both_correct,"Multiple Voltage Sources There are two voltage sources when a battery charger is used. Voltage sources connected in series are relatively simple. When voltage sources are in series, their internal resistances add and their emfs add algebraically. (See Figure 21.15. ) Series connections of voltage sources are common—for example, in flashlights, toys, and other appliances. Usually, the cells are in series in order to produce a larger total emf. But if the cells oppose one another, such as when one is put into an appliance backward, the total emf is less, since it is the algebraic sum of the individual emfs. A battery is a multiple connection of voltaic cells, as shown in Figure 21.16. The disadvantage of series connections of cells is that their internal resistances add. One of the authors once owned a 1957 MGA that had two 6-V batteries in series, rather than a single 12-V battery. This arrangement produced a large internal resistance that caused him many problems in starting the engine."
sciq,713,,What is needed for a person to be affected by an autosomal dominant disorder?,one mutated allele,2,one isolated allele,one less chromosome,one mutated allele,extra alleles,1.000000,1.000000,2,2,1,1,both_correct,"Autosomal Dominant Only one mutated allele is needed for a person to be affected by an autosomal dominant disorder . Each affected person usually has one affected parent. There is a 50% chance that a child will inherit the mutated gene. Huntingtons disease, Achondroplasia, Neurofibromatosis 1, Marfan Syndrome, Hereditary nonpolyposis colorectal cancer."
sciq,714,,The rocks athe mid-ocean ridge are nearly free of what?,sediment,0,sediment,minerals,scratches,metals,1.000000,1.000000,0,0,1,1,both_correct,"Scientists discovered another way to tell the approximate age of seafloor rocks. The rocks at the mid-ocean ridge crest are nearly sediment free. The crust is also very thin there. With distance from the ridge crest, the sediments and crust get thicker. This also supports the idea that the youngest rocks are on the ridge axis, and that the rocks get older with distance away from the ridge ( Figure below ). This is because the crust is new at the ridge, and so it is thin and has no sediment. The crust gets older away from the ridge crest. It has cooled and has more sediment."
sciq,715,,What do we call a simple machine that consists of a rope and grooved wheel?,pulley,3,axle,pedal,lever,pulley,1.000000,1.000000,3,3,1,1,both_correct,A pulley is a simple machine that consists of a rope and grooved wheel. Single pulleys may be fixed or moveable. Single and moveable pulleys may be combined in a compound pulley. The ideal mechanical advantage of a pulley or compound pulley is always equal to or greater than 1. Fixed pulleys and some compound pulleys also change the direction of the input force.
sciq,716,,What do you call health-promoting molecules that inhibit the oxidation of other molecules?,antioxidants,3,neurotransmitters,hormones,nutrients,antioxidants,1.000000,1.000000,3,3,1,1,both_correct,"Antioxidants are important for the health of a cell. An antioxidant is a molecule that inhibits the oxidation of other molecules. Oxidation is a chemical reaction that transfers electrons or hydrogen from a substance to an oxidizing agent, producing free radicals in the process. These free radicals initiate a chain reaction in the cell that can cause cell damage, or can lead to cell death. Antioxidants prevent these chain reactions from even initiating."
sciq,717,,"In a correctly balanced equation, all coefficients must be what kind of numbers?",whole,2,negative,fractional,whole,prime,1.000000,1.000000,2,2,1,1,both_correct,"In a correctly balanced equation, all coefficients must be whole numbers. However, the use of fractions can be helpful as a way of finding the correct coefficients. If all atoms in an equation are balanced but some have fractional coefficients, multiply all coefficients in the entire equation (including those not explicitly written!) by the lowest common denominator to get the final balanced equation."
sciq,718,,"Highly reactive nonmetals, which only accept electrons and do not give them up, make poor what?",electricity conductors,2,alloys,insulators,electricity conductors,electromagnets,0.051799,1.000000,0,2,0,1,wrong_to_correct,"Some nonmetals, such as bromine, have an outer energy level that is almost full. They ""want"" to gain electrons so they will have a full outer energy level. As a result, these nonmetals are very reactive. Because they only accept electrons and do not give them up, they do not conduct electricity."
sciq,719,,What is the passing of traits from parents to offspring called?,heredity,2,cell division,variability,heredity,mutation,1.000000,1.000000,2,2,1,1,both_correct,"As scientists learned more about heredity - the passing of traits from parents to offspring - over the next few decades, they were able to describe Mendel’s ideas about inheritance in terms of genes. In this way, the field of genetics was born. At the link that follows, you can watch an animation of Mendel explaining his laws of inheritance in genetic terms. http://www. dnalc. org/view/16182-Animation-4-Some-genes-are-dominant-. html."
sciq,720,,What is the most important source of electromagnetic waves on earth?,the sun,3,the ocean,the moon,clouds,the sun,1.000000,1.000000,3,3,1,1,both_correct,The most important source of electromagnetic waves on Earth is the sun. Many other sources of electromagnetic waves depend on technology.
sciq,721,,Which part of the atmosphere do greenhouse gasses trap heat in?,troposphere,1,lithosphere,troposphere,thermosphere,stratosphere,1.000000,1.000000,1,1,1,1,both_correct,Greenhouse gases trap heat in the troposphere. Some greenhouse gases can trap more heat than others.
sciq,722,,How are the fetuses of eutherian mammals connected to their mothers during gestation?,complex placenta,0,complex placenta,visual placenta,altered placenta,Movement Placenta,1.000000,1.000000,0,0,1,1,both_correct,"Eutherians are the most widespread of the mammals, occurring throughout the world. There are 18 to 20 orders of placental mammals. Some examples are Insectivora, the insect eaters; Edentata, the toothless anteaters; Rodentia, the rodents; Cetacea, the aquatic mammals including whales; Carnivora, carnivorous mammals including dogs, cats, and bears; and Primates, which includes humans. Eutherian mammals are sometimes called placental mammals because all species possess a complex placenta that connects a fetus to the mother, allowing for gas, fluid, and nutrient exchange. While other mammals possess a less complex placenta or briefly have a placenta, all eutherians possess a complex placenta during gestation."
sciq,723,,Vivipary refers to the development and nourishment of a what?,embryo,3,nucleus,egg,seed,embryo,1.000000,1.000000,3,3,1,1,both_correct,Vivipary refers to the development and nourishment of an embryo within the mother’s body. Birth may be followed by a period of parental care of the offspring. This reproductive strategy occurs in almost all mammals.
sciq,724,,"What are the flattened, disk-shaped cells in blood that carry oxygen?",red blood cells,3,plasma,white blood cells,platlets,red blood cells,1.000000,1.000000,3,3,1,1,both_correct,"Red blood cells (RBCs) are flattened, disk-shaped cells that carry oxygen. They are the most common blood cell in the blood. There are about 4 to 6 million RBCs per cubic millimeter of blood. Each RBC has about 200 million molecules of hemoglobin. Hemoglobin is the protein that carries oxygen. Hemoglobin also gives the red blood cells their red color."
sciq,725,,What is matter in the universe that does not emit light called?,dark matter,3,hidden matter,cold matter,black matter,dark matter,1.000000,1.000000,3,3,1,1,both_correct,matter in the universe that does not emit light.
sciq,726,,"Without particles, water vapor could not do what?",condense,1,dissipate,condense,evaporate,dilute,0.999969,1.000000,1,1,1,1,both_correct,"Air includes many tiny particles. The particulates may consist of dust, soil, salt, smoke, or ash. Some particulates pollute the air and may make it unhealthy to breathe. But having particles in the air is very important. Tiny particles are needed for water vapor to condense on. Without particles, water vapor could not condense. Then clouds could not form, and Earth would have no rain."
sciq,727,,What is most energy that is lost to the environment lost as?,heat,3,vapor,gravity,precipitation,heat,1.000000,1.000000,3,3,1,1,both_correct,Most energy is lost to the environment as heat.
sciq,728,,What is the resultant waste product of photosynthesis?,oxygen,3,sulfur,argon,carbon,oxygen,0.999952,1.000000,3,3,1,1,both_correct,"What is produced by the plant cell during photosynthesis? The products of photosynthesis are glucose and oxygen. This means they are produced at the end of photosynthesis. Glucose , the food of plants, can be used to store energy in the form of large carbohydrate molecules. Glucose is a simple sugar molecule which can be combined with other glucose molecules to form large carbohydrates, such as starch. Oxygen is a waste product of photosynthesis. It is released into the atmosphere through the stomata. As you know, animals need oxygen to live. Without photosynthetic organisms like plants, there would not be enough oxygen in the atmosphere for animals to survive."
sciq,729,,What is the term for a measure of both speed and direction?,velocity,2,momentum,intensity,velocity,acceleration,1.000000,1.000000,2,2,1,1,both_correct,"Velocity is a measure of both speed and direction. It is a vector that can be represented by an arrow. Velocity changes with a change in speed, a change in direction, or both."
sciq,730,,What is a body of freshwater that flows downhill in a channel?,a stream,0,a stream,a creek,a river,an eddy,0.928402,1.000000,0,0,1,1,both_correct,"A stream is a body of freshwater that flows downhill in a channel. The channel of a stream has a bottom, or bed, and sides called banks. Any size body of flowing water can be called a stream. Usually, though, a large stream is called a river ."
sciq,731,,"Asteroids, comets, and planets move around the sun in curved paths called what?",orbits,1,curves,orbits,satellites,ellipticals,1.000000,1.000000,1,1,1,1,both_correct,"Earth and many other bodies—including asteroids, comets, and the other planets—move around the sun in curved paths called orbits. Generally, the orbits are elliptical, or oval, in shape. You can see the shape of Earth’s orbit in the Figure below . Because of the sun’s relatively strong gravity, Earth and the other bodies constantly fall toward the sun, but they stay far enough away from the sun because of their forward velocity to fall around the sun instead of into it. As a result, they keep orbiting the sun and never crash to its surface. The motion of Earth and the other bodies around the sun is called orbital motion . Orbital motion occurs whenever an object is moving forward and at the same time is pulled by gravity toward another object. You can explore orbital motion and gravity in depth with the animation at this URL:."
sciq,732,,The primary motor cortex is located in which lobe of the brain?,frontal,0,frontal,Occipital,Temporal lobe,Parietal,1.000000,1.000000,0,0,1,1,both_correct,"Primary Motor Cortex The primary motor cortex is located in the precentral gyrus of the frontal lobe. A neurosurgeon, Walter Penfield, described much of the basic understanding of the primary motor cortex by electrically stimulating the surface of the cerebrum. Penfield would probe the surface of the cortex while the patient was only under local anesthesia so that he could observe responses to the stimulation. This led to the belief that the precentral gyrus directly stimulated muscle movement. We now know that the primary motor cortex receives input from several areas that aid in planning movement, and its principle output stimulates spinal cord neurons to stimulate skeletal muscle contraction. The primary motor cortex is arranged in a similar fashion to the primary somatosensory cortex, in that it has a topographical map of the body, creating a motor homunculus (see Figure 14.23). The neurons responsible for musculature in the feet and lower legs are in the medial wall of the precentral gyrus, with the thighs, trunk, and shoulder at the crest of the longitudinal fissure. The hand and face are in the lateral face of the gyrus. Also, the relative space allotted for the different regions is exaggerated in muscles that have greater enervation. The greatest amount of cortical space is given to muscles that perform fine, agile movements, such as the muscles of the fingers and the lower face. The “power muscles” that perform coarser movements, such as the buttock and back muscles, occupy much less space on the motor cortex."
sciq,733,,The sex of developing crocodilians is determined by what during incubation?,the temperature of the eggs,3,the size of the eggs,the color of the eggs,the location of the eggs,the temperature of the eggs,1.000000,1.000000,3,3,1,1,both_correct,The sex of developing crocodilians is determined by the temperature of the eggs during incubation.
sciq,734,,What are the two main types of star clusters?,open and globular,1,open and elliptical,open and globular,closed and spherical,open and supergiant,1.000000,1.000000,1,1,1,1,both_correct,The two main types of star clusters are open clusters and globular clusters.
sciq,735,,Do most waves strike the shore head on or at an angle?,at an angle,3,head on,side on,at a distance,at an angle,0.999997,1.000000,3,3,1,1,both_correct,"Most waves strike the shore at an angle. This creates longshore currents, which are described in the concept ""Surface Ocean Currents. ""."
sciq,736,,"The tibia is the larger, weight-bearing bone located on the medial side of the leg. the fibula is the slender bone of the lateral side of the leg and does not do what?",bear weight,0,bear weight,resist weight,support weight,drive weight,0.999997,0.999999,0,0,1,1,both_correct,"Figure 8.18 Tibia and Fibula The tibia is the larger, weight-bearing bone located on the medial side of the leg. The fibula is the slender bone of the lateral side of the leg and does not bear weight."
sciq,737,,What are reptiles unable to absorb through their skin because of scales?,oxygen,2,food,water,oxygen,carbon,0.016067,1.000000,0,2,0,1,wrong_to_correct,"The scales of reptiles prevent them from absorbing oxygen through their skin, as amphibians can. Instead, reptiles breathe air only through their lungs. However, their lungs are more efficient than the lungs of amphibians, with more surface area for gas exchange. This is another important reptile adaptation for life on land."
sciq,738,,All types of cells are enclosed by what?,membrane,1,cell wall,membrane,substrate,stoma,1.000000,1.000000,1,1,1,1,both_correct,"Regardless of the type of organism, all living cells share certain basic structures. For example, all cells are enclosed by a membrane. The cell membrane separates the cell from its environment. It also controls what enters or leaves the cell."
sciq,739,,What causes symptoms associated with sickle-cell disease?,pleiotropic effects,2,genetic drift,transgene effects,pleiotropic effects,spontaneous mutation,0.943347,0.999996,2,2,1,1,both_correct,"Metalloids are the smallest class of elements, containing just six members: boron (B), silicon (Si), germanium (Ge), arsenic (As), antimony (Sb), and tellurium (Te). Metalloids have some properties of metals (elements that can conduct electricity) and some properties of nonmetals (elements that cannot conduct electricity). For example, most metalloids can conduct electricity, but not as well as metals. Metalloids also tend to be shiny like metals, but brittle like nonmetals. Chemically, metalloids may behave like metals or nonmetals, depending on their number of valence electrons. You can learn more about specific metalloids by clicking on the element symbols in the periodic table at this URL: http://www. chemicool. com/ ."
sciq,740,,"Candida and trichophyton are examples of disease-causing types of what organisms, which become parasitic?",fungi,3,viruses,yeast,bacteria,fungi,1.000000,0.999998,3,3,1,1,both_correct,Some fungi cause disease when they become human parasites. Two examples are fungi in the genera Candida and Trichophyton.
sciq,741,,What type of cells detect stimuli?,sensory nerve cells,3,expressive nerve cells,grid nerve cells,muscle cells,sensory nerve cells,1.000000,1.000000,3,3,1,1,both_correct,"Animals can detect environmental stimuli, such as light, sound, and touch. Stimuli are detected by sensory nerve cells. The information is transmitted and processed by the nervous system. The nervous system, in turn, may direct the body to respond."
sciq,742,,"The cultivated forms of wheat, cotton, and tobacco plants are all what?",allopolyploids,3,pores,sporozoans,bales,allopolyploids,1.000000,1.000000,3,3,1,1,both_correct,"The cultivated forms of wheat, cotton, and tobacco plants are all allopolyploids. Although polyploidy occurs occasionally in animals, it takes place most commonly in plants. (Animals with any of the types of chromosomal aberrations described here are unlikely to survive and produce normal offspring. ) Scientists have discovered more than half of all plant species studied relate back to a species evolved through polyploidy. With such a high rate of polyploidy in plants, some scientists hypothesize that this mechanism takes place more as an adaptation than as an error."
sciq,743,,A hydrogen atom with one neutron is called what?,deuterium,1,covalent,deuterium,magnesium,ionic,1.000000,1.000000,1,1,1,1,both_correct,"Hydrogen is an example of an element that has isotopes. Three isotopes of hydrogen are modeled in the Figure below . Most hydrogen atoms have just one proton and one electron and lack a neutron. These atoms are just called hydrogen. Some hydrogen atoms have one neutron as well. These atoms are the isotope named deuterium. Other hydrogen atoms have two neutrons. These atoms are the isotope named tritium. For animated versions of these hydrogen isotopes, go to this URL: http://www. s-cool. co. uk/a-level/physics/atomic-structure/revise-it/isotopes ."
sciq,744,,What compounds form crystals instead of molecules?,ionic compounds,1,magnetic compounds,ionic compounds,soluble compounds,metallic compounds,0.999995,1.000000,1,1,1,1,both_correct,"Ionic compounds form crystals instead of molecules. Ionic bonds are strong and the crystals are rigid. As a result, ionic compounds are brittle solids with high melting and boiling points. In the liquid state or dissolved in water, ionic compounds are good conductors of electricity."
sciq,745,,What is the process by which plants make the simple sugar glucose from carbon dioxide and water is called?,photosynthesis,1,metamorphosis,photosynthesis,glycolysis,osmosis,1.000000,1.000000,1,1,1,1,both_correct,"One of the most important series of endothermic reactions is photosynthesis. In photosynthesis, plants make the simple sugar glucose (C 6 H 12 O 6 ) from carbon dioxide (CO 2 ) and water (H 2 O). They also release oxygen (O 2 ) in the process. The reactions of photosynthesis are summed up by this chemical equation:."
sciq,746,,"The three units of kpa, atm or mmhg commonly measure what?",pressure,2,energy,weight,pressure,resistance,1.000000,1.000000,2,2,1,1,both_correct,Bone: Christopher Auyeung; Tonsils: User:Klem/Wikimedia Commons; Spleen: Henry Gray; Thymus: User:LearnAnatomy/Wikipedia. Each lymph organ has a different job in the immune system . Bone: CC-BY-NC-SA 3.0; Tonsils and Thymus: CC-BY 3.0; Spleen: Public Domain.
sciq,747,,The behavior of ideal gases is explained by what theory of gases?,kinetic molecular theory,2,kinetic theory,molecular theory,kinetic molecular theory,Charles's Law,1.000000,1.000000,2,2,1,1,both_correct,"Summary The behavior of ideal gases is explained by the kinetic molecular theory of gases. Molecular motion, which leads to collisions between molecules and the container walls, explains pressure, and the large intermolecular distances in gases explain their high compressibility. Although all gases have the same average kinetic energy at a given temperature, they do not all possess the same root mean square (rms) speed (vrms). The actual values of speed and kinetic energy are not the same for all particles of a gas but are given by a Boltzmann distribution, in which some molecules have higher or lower speeds (and kinetic energies) than average. Diffusion is the gradual mixing of gases to form a sample of uniform composition even in the absence of mechanical agitation. In contrast,effusion is the escape of a gas from a container through a tiny opening into an evacuated space. The rate of effusion of a gas is inversely proportional to the square root of its molar mass (Graham’s law), a relationship that closely approximates the rate of diffusion. As a result, light gases tend to diffuse and effuse much more rapidly than heavier gases. The mean free path of a molecule is the average distance it travels between collisions."
sciq,748,,Besides ingesting and photosynthesis how can protists get their food?,absorption,2,osmosis,digestion,absorption,accumulation,0.434612,1.000000,1,2,0,1,wrong_to_correct,"Protists get food through ingestion, absorption, or photosynthesis."
sciq,749,,"The male gametophyte releases what, which swim - propelled by their flagella - to reach and fertilize the female gamete or egg?",sperm,1,dna,sperm,tadpoles,cytoplasm,1.000000,1.000000,1,1,1,1,both_correct,"the pterophytes, from which modern ferns are derived. The life cycle of bryophytes and pterophytes is characterized by the alternation of generations. The completion of the life cycle requires water, as the male gametes must swim to the female gametes. The male gametophyte releases sperm, which must swim—propelled by their flagella—to reach and fertilize the female gamete or egg. After fertilization, the zygote matures and grows into a sporophyte, which in turn will form sporangia, or ""spore vessels,” in which mother cells undergo meiosis and produce haploid spores. The release of spores in a suitable environment will lead to germination and a new generation of gametophytes."
sciq,750,,What causes the wheels of the car to turn?,turning driveshaft,0,turning driveshaft,once driveshaft,Wheel Line,Gear Shift,0.999993,1.000000,0,0,1,1,both_correct,"In a car, the moving piston rotates a crankshaft, which turns a driveshaft. The turning driveshaft causes the wheels of the car to turn."
sciq,751,,"While the goal of science is to increase knowledge, the goal of what is to use knowledge for practical purposes?",technology,3,advancement,industry,invention,technology,0.999243,1.000000,3,3,1,1,both_correct,"Technology is sometimes referred to as applied science, but it has a different goal than science. The goal of science is to increase knowledge. The goal of technology is to use knowledge for practical purposes."
sciq,752,,What are the two terms that designate how well aqueous solutions conduct electricity?,polar and nonpolar,0,polar and nonpolar,secular and nonpolar,filter and nonpolar,hot and nonpolar,0.998599,1.000000,0,0,1,1,both_correct,Aqueous solutions can be classified as polar or nonpolar depending on how well they conduct electricity.
sciq,753,,The concept that atoms tend to have eight electrons in their valence electron shell is called what?,octet rule,3,coupling rule,diagonal rule,string rule,octet rule,1.000000,1.000000,3,3,1,1,both_correct,The octet rule is the concept that atoms tend to have eight electrons in their valence electron shell.
sciq,754,,What separates one river system's basin from another river system's basin?,a divide,0,a divide,a bend,a sink,a divert,1.000000,1.000000,0,0,1,1,both_correct,"stresses that push toward each other, which causes a decrease in the space a rock takes up."
sciq,755,,What system possesses a memory component that allows for an efficient and dramatic response upon reinvasion of the same pathogen?,adaptive immune system,2,societal immune system,incorporate immune system,adaptive immune system,suggestive immune system,1.000000,1.000000,2,2,1,1,both_correct,"Immunological Memory The adaptive immune system possesses a memory component that allows for an efficient and dramatic response upon reinvasion of the same pathogen. Memory is handled by the adaptive immune system with little reliance on cues from the innate response. During the adaptive immune response to a pathogen that has not been encountered before, called a primary response, plasma cells secreting antibodies and differentiated T cells increase, then plateau over time. As B and T cells mature into effector cells, a subset of the naïve populations differentiates into B and T memory cells with the same antigen specificities, as illustrated in Figure 42.16. A memory cell is an antigen-specific B or T lymphocyte that does not differentiate into effector cells during the primary immune response, but that can immediately become effector cells upon re-exposure to the same pathogen. During the primary immune response, memory cells do not respond to antigens and do not contribute to host defenses. As the infection is cleared and pathogenic stimuli subside, the effectors are no longer needed, and they undergo apoptosis. In contrast, the memory cells persist in the circulation."
sciq,756,,Honeybees doing the waggle dance or spiders spinning a web are examples of what type of behavior?,innate,2,genuine,intuitive,innate,learned,1.000000,1.000000,2,2,1,1,both_correct,Examples of innate behavior include honeybees doing the waggle dance or spiders spinning a web.
sciq,757,,"What glands remove water, salts and other wastes from skin?",sweat glands,2,push glands,water glands,sweat glands,sex glands,1.000000,1.000000,2,2,1,1,both_correct,"Skin Sweat glands remove water, salts, and other wastes. Integumentary system."
sciq,758,,A series of arches that support the gills of aquatic amphibians and fish are known as what?,branchial arches,1,aquatic arches,branchial arches,scythian arches,cochlear arches,1.000000,1.000000,1,1,1,1,both_correct,"The branchial arches , a series of arches that support the gills of aquatic amphibians and fishes. They lie close to the body's surface."
sciq,759,,"What term, calculated by multiplying heart contractions by stroke volume, means the volume of blood pumped by the heart in one minute?",cardiac output,1,respiratory output,cardiac output,liver output,blood output,1.000000,1.000000,1,1,1,1,both_correct,"Blood Pressure Regulation Cardiac output is the volume of blood pumped by the heart in one minute. It is calculated by multiplying the number of heart contractions that occur per minute (heart rate) times the stroke volume (the volume of blood pumped into the aorta per contraction of the left ventricle). Therefore, cardiac output can be increased by increasing heart rate, as when exercising. However, cardiac output can also be increased by increasing stroke volume, such as if the heart contracts with greater strength. Stroke volume can also be increased by speeding blood circulation through the body so that more blood enters the heart between contractions. During heavy exertion, the blood vessels relax and increase in diameter, offsetting the increased heart rate and ensuring adequate oxygenated blood gets to the muscles. Stress triggers a decrease in the diameter of the blood vessels, consequently increasing blood pressure. These changes can also be caused by nerve signals or hormones, and even standing up or lying down can have a great effect on blood pressure."
sciq,760,,Birds are thought to have evolved from a group of bipedal dinosaurs called what?,therapods,2,sporozoans,pteradactyls,therapods,staurikosaurus,1.000000,1.000000,2,2,1,1,both_correct,"Birds are thought to have evolved from a group of bipedal dinosaurs called theropods . The ancestor of birds was probably similar to the theropod called Deinonychus, which is represented by the sketch in Figure below . Fossils of Deinonychus were first identified in the 1960s. This was an extremely important discovery. It finally convinced most scientists that birds had descended from dinosaurs, which had been debated for almost a century."
sciq,761,,What is the third class of elements after metals and nonmetals?,metalloids,1,synthetics,metalloids,noble gases,halogens,1.000000,1.000000,1,1,1,1,both_correct,"Elements in different groups are lumped together in one of three classes, depending on their properties. The classes are metals, nonmetals, and metalloids. Knowing the class of an element lets you predict many of its properties. The video at the URL below is a good introduction to the classes."
sciq,762,,"Proteins are categorized according to shape and what property, which correlates with it?",solubility,1,size,solubility,viscosity,salinity,1.000000,1.000000,1,1,1,1,both_correct,"Each of the thousands of naturally occurring proteins has its own characteristic amino acid composition and sequence that result in a unique three-dimensional shape. Since the 1950s, scientists have determined the amino acid sequences and three-dimensional conformation of numerous proteins and thus obtained important clues on how each protein performs its specific function in the body. Proteins are compounds of high molar mass consisting largely or entirely of chains of amino acids. Because of their great complexity, protein molecules cannot be classified on the basis of specific structural similarities, as carbohydrates and lipids are categorized. The two major structural classifications of proteins are based on far more general qualities: whether the protein is (1) fiberlike and insoluble or (2) globular and soluble. Some proteins, such as those that compose hair, skin, muscles, and connective tissue, are fiberlike. These fibrous proteins are insoluble in water and usually serve structural, connective, and protective functions. Examples of fibrous proteins are keratins, collagens, myosins, and elastins. Hair and the outer layer of skin are composed of keratin. Connective tissues contain collagen. Myosins are muscle proteins and are capable of contraction and extension. Elastins are found in ligaments and the elastic tissue of artery walls. Globular proteins, the other major class, are soluble in aqueous media. In these proteins, the chains are folded so that the molecule as a whole is roughly spherical. Familiar examples include egg albumin from egg whites and serum albumin in blood. Serum albumin plays a major role in transporting fatty acids and maintaining a proper balance of osmotic pressures in the body. Hemoglobin and myoglobin, which are important for binding oxygen, are also globular proteins."
sciq,763,,Melting ice is drastically impacting the number of what at glacier national park?,active glaciers,2,trees,icebergs,active glaciers,gaisers,1.000000,1.000000,2,2,1,1,both_correct,"In Glacier National Park ( Figure below ), many glaciers have become ice sheets. In 1850, the park had 150 glaciers. There are only about 25 today. The reason that there is so much melting is that summer temperatures have risen. Scientists estimate that the park will have no active glaciers as early as 2020."
sciq,764,,What element is present in all organic molecules?,carbon,1,oxygen,carbon,sodium,hydrogen,1.000000,1.000000,1,1,1,1,both_correct,"The Carbon Cycle Carbon is the fourth most abundant element in living organisms. Carbon is present in all organic molecules, and its role in the structure of macromolecules is of primary importance to living organisms. Carbon compounds contain energy, and many of these compounds from plants and algae have remained stored as fossilized carbon, which humans use as fuel. Since the 1800s, the use of fossil fuels has accelerated. As global demand for Earth’s limited fossil fuel supplies has risen since the beginning of the Industrial Revolution, the amount of carbon dioxide in our atmosphere has increased as the fuels are burned. This increase in carbon dioxide has been associated with climate change and is a major environmental concern worldwide."
sciq,765,,A sample of matter that has the same physical and chemical properties throughout itself is known as what?,substance,3,antimatter,essence,molecule,substance,1.000000,1.000000,3,3,1,1,both_correct,"A sample of matter that has the same physical and chemical properties throughout is called a substance. Sometimes the phrase pure substance is used, but the word pure isn’t needed. The definition of the term substance is an example of how chemistry has a specific definition for a word that is used in everyday language with a different, vaguer definition. Here, we will use the term substance with its strict chemical definition. Chemistry recognizes two different types of substances: elements and compounds. An element is the simplest type of chemical substance; it cannot be broken down into simpler chemical substances by ordinary chemical means. There are about 115 elements known to science, of which 80 are stable. (The other elements are radioactive, a condition we will consider in Chapter 15 ""Nuclear Chemistry"". ) Each element has its own unique set of physical and chemical properties. Examples of elements include iron, carbon, and gold."
sciq,766,,Hepatitis b is inflammation of which organ?,the liver,2,the kidney,the colon,the liver,the brain,1.000000,1.000000,2,2,1,1,both_correct,"Hepatitis B is inflammation of the liver caused by infection with the hepatitis B virus. In many people, the immune system quickly eliminates the virus from the body. However, in a small percentage of people, the virus remains in the body and continues to cause illness. It may eventually damage the liver and increase the risk of liver cancer, which is usually fatal."
sciq,767,,"If a substance has a ph value greater than 7, what does it indicate?",base,2,acidic,volatile,base,neutral,1.000000,1.000000,2,2,1,1,both_correct,"The strength of bases is measured on the pH scale. A pH value greater than 7 indicates a base, and the higher the number is, the stronger the base."
sciq,768,,The percent yield is determined by calculating the ratio of actual yield by what?,theoretical yield,1,actual loss,theoretical yield,predicted return,past balance,1.000000,1.000000,1,1,1,1,both_correct,The percent yield is determined by calculating the ratio of actual yield/theoretical yield.
sciq,769,,What are located along convergent and divergent plate boundaries?,volcanoes,2,mezas,megaliths,volcanoes,dunes,1.000000,1.000000,2,2,1,1,both_correct,Volcanoes are located along convergent and divergent plate boundaries. They can be found in the middle of plates at hot spots.
sciq,770,,What part of the neuron is a large structure with a central nucleus?,cell body,2,Eye body,proteins body,cell body,Environmental,1.000000,1.000000,2,2,1,1,both_correct,"33.19. The large structure with a central nucleus is the cell body of the neuron. Projections from the cell body are either dendrites specialized in receiving input or a single axon specialized in transmitting impulses. Some glial cells are also shown. Astrocytes regulate the chemical environment of the nerve cell, and oligodendrocytes insulate the axon so the electrical nerve impulse is transferred more efficiently. Other glial cells that are not shown support the nutritional and waste requirements of the neuron. Some of the glial cells are phagocytic and remove debris or damaged cells from the tissue. A nerve consists of neurons and glial cells."
sciq,771,,Hydrogen-based fuel cells were and are used to provide what for manned space vehicles?,electricity,0,electricity,gravity,light,magnetism,1.000000,1.000000,0,0,1,1,both_correct,"Hydrogen-based fuel cells were and are used to provide electricity for manned space vehicles, partly because their only chemical product is water, which could be used for drinking. However, there has been a recent resurgence in interest in fuel cells because of their potential use in electric cars. Most electric cars run on conventional batteries, which can be very heavy and expensive to replace. It is thought that fuel cells, rather than conventional batteries, might be better sources of electricity for automobiles. Several current barriers to fuel cell use in electric cars include capacity, cost, and overall energy efficiency. The 2008 Honda FCX, the first production model of a vehicle powered with a fuel cell, can hold 4.1 kg (just under 9 lb) of highly pressured H2 gas and has a range of 450 km (280 mi). It costs about $120,000–$140,000 to build, making the vehicle beyond the ability of most people to own. Finally, it always requires more energy to produce elemental hydrogen as a fuel than can be extracted from hydrogen as a fuel. As such, hydrogen is described as an energy carrier (like electricity) rather than an energy source (like oil and gas). This distinction points out a fundamental argument against fuel cells as a “better” power source."
sciq,772,,What are plants that are adapted to very dry environments called?,xerophytes,0,xerophytes,sporozoans,succulents,pores,1.000000,1.000000,0,0,1,1,both_correct,"Plants that live in extremely dry environments have the opposite problem: how to get and keep water. Plants that are adapted to very dry environments are called xerophytes . Their adaptations may help them increase water intake, decrease water loss, or store water when it's available."
sciq,773,,What neurons carry nerve impulses from sense organs and internal organs to the central nervous system?,sensory,0,sensory,vascular,axons,autonomic,1.000000,1.000000,0,0,1,1,both_correct,Sensory neurons carry nerve impulses from sense organs and internal organs to the central nervous system.
sciq,774,,"Associated with hair follicles, what type of oil gland is found all over the body and helps to lubricate and waterproof the skin and hair?",sebaceous gland,2,melanin gland,sweat gland,sebaceous gland,gametes gland,1.000000,1.000000,2,2,1,1,both_correct,"Sebaceous Glands A sebaceous gland is a type of oil gland that is found all over the body and helps to lubricate and waterproof the skin and hair. Most sebaceous glands are associated with hair follicles. They generate and excrete sebum, a mixture of lipids, onto the skin surface, thereby naturally lubricating the dry and dead layer of keratinized cells of the stratum corneum, keeping it pliable. The fatty acids of sebum also have antibacterial properties, and prevent water loss from the skin in low-humidity environments. The secretion of sebum is stimulated by hormones, many of which do not become active until puberty. Thus, sebaceous glands are relatively inactive during childhood."
sciq,775,,"The five human senses are taste, touch, vision, hearing and one more. what is it?",smell,2,fear,perception,smell,audio,1.000000,1.000000,2,2,1,1,both_correct,"Vision is just one of several human senses. Other human senses include hearing, touch, taste, and smell. Imagine shopping at the fruit market in Figure below . It would stimulate all of these senses. You would hear the noisy bustle of the market. You could feel the smooth skin of the fruit. If you tried a sample, you could smell the fruity aroma and taste its sweet flavor."
sciq,776,,How many bones does an adult skeleton have?,206,1,192,206,208,196,1.000000,1.000000,1,1,1,1,both_correct,"Bones are the main organs of the skeletal system. In adults, the skeleton consists of a whopping 206 bones, many of them in the hands and feet. You can see many of the bones of the human skeleton in Figure below . The skeletal system also includes cartilage and ligaments."
sciq,777,,"Temperature and precipitation determine the types of what that can grow in an area, in turn affecting the animals that live there?",plants,1,birds,plants,building,roots,1.000000,1.000000,1,1,1,1,both_correct,"Temperature and precipitation determine what types of plants can grow in an area. Animals and other living things depend on plants. So each climate is associated with certain types of living things. A major type of climate and its living things make up a biome . As you read about the major climate types below, find them on the map above ( Figure above )."
sciq,778,,What is the transfer of heat by physical contact?,conduction,3,diffusion,inhibition,oxidation,conduction,1.000000,1.000000,3,3,1,1,both_correct,"Heat can be transferred in three ways, through conduction, convection, and radiation. Conduction is the transfer of heat by physical contact. Heat flows form the hotter object to the cooler object. Convection is heat transfer by an intermediate substance (for example air or water). Your oven (often properly called the ‘convection oven’) works by heating up the air and then the air heats up your food. Radiation is the release of heat (and thus the lowering of its internal energy) by releasing electromagnetic waves. The hotter the object the higher the frequency of the light emitted. When you look at a fire the blue flames our hotter than the red flames because blue has a higher frequency than red."
sciq,779,,"What analytical technique, using stained gel, can separate dna fragments or rna molecules and proteins?",gel electrophoresis,2,microwave electrophoresis,static electrophoresis,gel electrophoresis,surface electrophoresis,1.000000,1.000000,2,2,1,1,both_correct,"Gel electrophoresis is an analytical technique used to separate DNA fragments by size and charge. Notice in Figure below that the ""gels"" are rectangular in shape. The gels are made of a gelatin-like material of either agarose or polyacrylamide. An electric field, with a positive charge applied at one end of the gel, and a negative charge at the other end, forces the fragments to migrate through the gel. DNA molecules migrate from negative to positive charges due to the net negative charge of the phosphate groups in the DNA backbone. Longer molecules migrate more slowly through the gel matrix. After the separation is completed, DNA fragments of different lengths can be visualized using a fluorescent dye specific for DNA, such as ethidium bromide. The resulting stained gel shows bands correspond to DNA molecules of different lengths, which also correspond to different molecular weights. Band size is usually determined by comparison to DNA ladders containing DNA fragments of known length. Gel electrophoresis can also be used to separate RNA molecules and proteins."
sciq,780,,Questioning claims based on their scientific verifiability rather than accepting claims based on faith or anecdotes is called what?,scientific skepticism,2,scientific fact,scientific extreme,scientific skepticism,scientific mimicry,1.000000,1.000000,2,2,1,1,both_correct,Scientific skepticism questions claims based on their scientific verifiability rather than accepting claims based on faith or anecdotes. Scientific skepticism uses critical thinking to analyze such claims and opposes claims which lack scientific evidence.
sciq,781,,"Animals with better fitness have a better chance of passing their genes onto the next generation, this process is known as?",natural selection,0,natural selection,natural evolution,fitness selection,survival selection,1.000000,1.000000,0,0,1,1,both_correct,"Like the animals pictured above, all animals have behaviors that help them achieve these basic ends. Behaviors that help animals reproduce or survive increase their fitness. Animals with greater fitness have a better chance of passing their genes to the next generation. If genes control behaviors that increase fitness, the behaviors become more common in the species. In other words, they evolve by natural selection."
sciq,782,,What acids are the structural components of many lipids and may be saturated or unsaturated?,fatty acids,0,fatty acids,carbonic acids,fundamental acids,ionic acids,1.000000,1.000000,0,0,1,1,both_correct,Fatty acids are carboxylic acids that are the structural components of many lipids. They may be saturated or unsaturated.
sciq,783,,Earth's axis is an imaginary line passing through which poles?,north and south,2,southwest and south,west and south,north and south,East and North,1.000000,1.000000,2,2,1,1,both_correct,"Earth's axis is an imaginary line passing through the North and South Poles. Earth's rotation is its spins on its axis. Rotation is what a top does around its spindle. As Earth spins on its axis, it also orbits around the Sun. This is called Earth's revolution . These motions lead to the cycles we see. Day and night, seasons, and the tides are caused by Earth's motions."
sciq,784,,What happens when ionic compounds are dissolved in water?,conduct electricity,2,repel electricity,deflect electricity,conduct electricity,magnetize electricity,1.000000,1.000000,2,2,1,1,both_correct,Ionic compounds conduct electricity when dissolved in water.
sciq,785,,What is the process in which unspecialized cells become specialized in structure and function to perform certain tasks in the body?,differentiation,1,mutation,differentiation,transcription,speciation,0.999999,1.000000,1,1,1,1,both_correct,"Development, growth and reproduction Development is all of the changes the body goes through in life. Development includes the process of differentiation, in which unspecialized cells become specialized in structure and function to perform certain tasks in the body. Development also includes the processes of growth and repair, both of which involve cell differentiation. Growth is the increase in body size. Humans, like all multicellular organisms, grow by increasing the number of existing cells, increasing the amount of non-cellular material around cells (such as mineral deposits in bone), and, within very narrow limits, increasing the size of existing cells. Reproduction is the formation of a new organism from parent organisms. In humans, reproduction is carried out by the male and female reproductive systems. Because death will come to all complex organisms, without reproduction, the line of organisms would end."
sciq,786,,What bond is the force of attraction that holds together two atoms that share a pair of valence electrons?,covalent,3,polar,hydrogen,metallic,covalent,1.000000,1.000000,3,3,1,1,both_correct,A covalent bond is the force of attraction that holds together two atoms that share a pair of valence electrons. Covalent bonds form only between atoms of nonmetals.
sciq,787,,"Above the meristem, the rest of the root is covered with a single layer of what type of cells, which may have root hairs?",epidermal,3,single celled,vegetative,dermal,epidermal,1.000000,0.999998,3,3,1,1,both_correct,"Above the meristem, the rest of the root is covered with a single layer of epidermal cells. These cells may have root hairs that increase the surface area for the absorption of water and minerals from the soil. Beneath the epidermis is ground tissue, which may be filled with stored starch. Bundles of vascular tissues form the center of the root. Waxy layers waterproof the vascular tissues so they don’t leak, making them more efficient at carrying fluids. Secondary meristem is located within and around the vascular tissues. This is where growth in thickness occurs."
sciq,788,,What were the first plants to evolve?,nonvascular plants,2,trees,photoreactive plants,nonvascular plants,fungi,1.000000,1.000000,2,2,1,1,both_correct,Nonvascular plants were the first plants to evolve and do not have vascular tissue.
sciq,789,,What term describes the distance between two corresponding points on adjacent waves?,wavelength,3,threshold,frequency,variation,wavelength,1.000000,1.000000,3,3,1,1,both_correct,Another important measure of wave size is wavelength. Wavelength is the distance between two corresponding points on adjacent waves (see Figure above ). Wavelength can be measured as the distance between two adjacent crests of a transverse wave or two adjacent compressions of a longitudinal wave. It is usually measured in meters. Wavelength is related to the energy of a wave. Short-wavelength waves have more energy than long-wavelength waves of the same amplitude. You can see examples of waves with shorter and longer wavelengths in Figure below .
sciq,790,,What break down dead organisms and other organic waste and release inorganic molecules back to the environment called?,decomposers,2,carnivores,detritivores,decomposers,nematodes,1.000000,1.000000,2,2,1,1,both_correct,Decomposers break down dead organisms and other organic wastes and release inorganic molecules back to the environment.
sciq,791,,The variety of cell shapes seen in prokaryotes and eukaryotes reflects the functions that each what has?,cell,2,proteins,life,cell,organ,1.000000,1.000000,2,2,1,1,both_correct,"The variety of cell shapes seen in prokaryotes and eukaryotes reflects the functions that each cell has, confirming the structure-function relationship seen throughout biology. Each cell type has evolved a shape that is best related to its function. For example, the neuron in Figure below has long, thin extensions ( axons and dendritres ) that reach out to other nerve cells. The extensions help the neuron pass chemical and electrical messages quickly through the body. The shape of the red blood cells ( erythrocytes ) enable these cells to easily move through capillaries . The spikes on the pollen grain help it stick to a pollinating insect or animal so that it can be transferred to and pollinate another flower. The long whip-like flagella (tails) of the algae Chlamydomonas help it swim in water."
sciq,792,,What is the science of classifying living things called?,taxonomy,2,methodology,terminology,taxonomy,botany,1.000000,1.000000,2,2,1,1,both_correct,"Like you, scientists also group together similar organisms. The science of classifying living things is called taxonomy. Scientists classify living things in order to organize and make sense of the incredible diversity of life. Modern scientists base their classifications mainly on molecular similarities. They group together organisms that have similar proteins and DNA. Molecular similarities show that organisms are related. In other words, they are descendants of a common ancestor in the past."
sciq,793,,"Illustrating how form follows function, long, slender protein strands that make up what tissue are essential for contracting and relaxing?",muscle,0,muscle,tendons,ligaments,veins,1.000000,1.000000,0,0,1,1,both_correct,"Although some polypeptides exist as linear chains, most are twisted or folded into more complex secondary structures that form when bonding occurs between amino acids with different properties at different regions of the polypeptide. The most common secondary structure is a spiral called an alpha-helix. If you were to take a length of string and simply twist it into a spiral, it would not hold the shape. Similarly, a strand of amino acids could not maintain a stable spiral shape without the help of hydrogen bonds, which create bridges between different regions of the same strand (see Figure 2.26b). Less commonly, a polypeptide chain can form a beta-pleated sheet, in which hydrogen bonds form bridges between different regions of a single polypeptide that has folded back upon itself, or between two or more adjacent polypeptide chains. The secondary structure of proteins further folds into a compact three-dimensional shape, referred to as the protein’s tertiary structure (see Figure 2.26c). In this configuration, amino acids that had been very distant in the primary chain can be brought quite close via hydrogen bonds or, in proteins containing cysteine, via disulfide bonds. A disulfide bond is a covalent bond between sulfur atoms in a polypeptide. Often, two or more separate polypeptides bond to form an even larger protein with a quaternary structure (see Figure 2.26d). The polypeptide subunits forming a quaternary structure can be identical or different. For instance, hemoglobin, the protein found in red blood cells is composed of four tertiary polypeptides, two of which are called alpha chains and two of which are called beta chains. When they are exposed to extreme heat, acids, bases, and certain other substances, proteins will denature. Denaturation is a change in the structure of a molecule through physical or chemical means. Denatured proteins lose their functional shape and are no longer able to carry out their jobs. An everyday example of protein denaturation is the curdling of milk when acidic lemon juice is added. The contribution of the shape of a protein to its function can hardly be exaggerated. For example, the long, slender shape of protein strands that make up muscle tissue is essential to their ability to contract (shorten) and relax (lengthen). As another example, bones contain long threads of a protein called collagen that acts as scaffolding upon which bone minerals are deposited. These elongated proteins, called fibrous proteins, are strong and durable and typically hydrophobic."
sciq,794,,What makes marginal lands unsuitable for farming?,drought,3,disease,flood,pestilence,drought,1.000000,1.000000,3,3,1,1,both_correct,"Many lands are marginal for farming. When rainfall is normal or high, the lands can produce. When rainfall is low, no crops grow. Drought makes marginal lands unsuitable for farming. Drought can also make good lands more difficult to farm. These changes will increase as temperatures warm."
sciq,795,,What happens to water when it freezes?,it expands,2,changes volume,it shrinks,it expands,changes to gas,1.000000,1.000000,2,2,1,1,both_correct,"In its pure liquid form, water is a poor conductor of electricity. Unlike most substances, water is more dense in its liquid state than its solid state. As a result, water expands when it freezes, and ice floats on water."
sciq,796,,"The three parts of the human small intestine is the duodenum, jejunum, and what?",ileum,2,cecum,colon,ileum,appendix,1.000000,1.000000,2,2,1,1,both_correct,"Which of the following statements about the small intestine is false? a. Absorptive cells that line the small intestine have microvilli, small projections that increase surface area and aid in the absorption of food. The inside of the small intestine has many folds, called villi. Microvilli are lined with blood vessels as well as lymphatic vessels. The inside of the small intestine is called the lumen. The human small intestine is over 6m long and is divided into three parts: the duodenum, the jejunum, and the ileum. The “C-shaped,” fixed part of the small intestine is called the duodenum and is shown in Figure 34.11. The duodenum is separated from the stomach by the pyloric sphincter which opens to allow chyme to move from the stomach to the duodenum. In the duodenum, chyme is mixed with pancreatic juices in an alkaline solution rich in bicarbonate that neutralizes the acidity of chyme and acts as a buffer. Pancreatic juices also contain several digestive enzymes. Digestive juices from the pancreas, liver, and gallbladder, as well as from gland cells of the intestinal wall itself, enter the duodenum. Bile is produced in the liver and stored and concentrated in the gallbladder. Bile contains bile salts which emulsify lipids while the pancreas produces enzymes that catabolize starches, disaccharides, proteins, and fats. These digestive juices break down the food particles in the chyme into glucose, triglycerides, and amino acids. Some chemical digestion of food takes place in the duodenum. Absorption of fatty acids also takes place in the duodenum. The second part of the small intestine is called the jejunum, shown in Figure 34.11. Here, hydrolysis of nutrients is continued while most of the carbohydrates and amino acids are absorbed through the intestinal lining. The bulk of chemical digestion and nutrient absorption occurs in the jejunum."
sciq,797,,What is the term for the ability of a fluid to exert an upward force on any object placed in it?,buoyancy,0,buoyancy,resonance,viscosity,density,1.000000,1.000000,0,0,1,1,both_correct,Buoyancy is the ability of a fluid to exert an upward force on any object placed in it. The upward force is called buoyant force. An object’s weight and the buoyant force acting on it determine whether the object sinks or floats. Less dense objects and fluids float in fluids with greater density.
sciq,798,,A fuel cell is a galvanic cell that requires a constant external supply of what?,reactants,2,electricity,generators,reactants,complexes,1.000000,1.000000,2,2,1,1,both_correct,"Fuel Cells A fuel cell is a galvanic cell that requires a constant external supply of reactants because the products of the reaction are continuously removed. Unlike a battery, it does not store chemical or electrical energy; a fuel cell allows electrical energy to be extracted directly from a chemical reaction. In principle, this should be a more efficient process than, for example, burning the fuel to drive an internal combustion engine that turns a generator, which is typically less than 40% efficient, and in fact, the efficiency of a fuel cell is generally between 40% and 60%. Unfortunately, significant cost and reliability problems have hindered the wide-scale adoption of fuel cells. In practice, their use has been restricted to applications in which mass may be a significant cost factor, such as US manned space vehicles. These space vehicles use a hydrogen/oxygen fuel cell that requires a continuous input of H2(g) and O2(g), as illustrated in Figure 19.16 ""A Hydrogen Fuel Cell Produces Electrical Energy Directly from a Chemical Reaction"". The electrode reactions are as follows: Equation 19.93."
sciq,799,,"Lichens are not a single organism, but rather an example of a what?",mutualism,1,homogeneous mixture,mutualism,fusion,symbiosis,0.000062,0.999864,3,1,0,1,wrong_to_correct,"Lichens are not a single organism, but rather an example of a mutualism, in which a fungus (usually a member of the Ascomycota or Basidiomycota phyla) lives in close contact with a photosynthetic organism (a eukaryotic alga or a prokaryotic cyanobacterium) (Figure 24.23). Generally, neither the fungus nor the photosynthetic organism can survive alone outside of the symbiotic relationship. The body of a lichen, referred to as a thallus, is formed of hyphae wrapped around the photosynthetic partner. The photosynthetic organism provides carbon and energy in the form of carbohydrates. Some cyanobacteria fix nitrogen from the atmosphere, contributing nitrogenous compounds to the association. In return, the fungus supplies minerals and protection from dryness and excessive light by encasing the algae in its mycelium. The fungus also attaches the symbiotic organism to the substrate."
sciq,800,,What theory states that there is no interaction between individual gas particles?,kinetic theory,1,vortex theory,kinetic theory,Avoidance theory,viscosity theory,0.000590,1.000000,2,1,0,1,wrong_to_correct,"The kinetic theory also states that there is no interaction between individual gas particles. Although we know that there are, in fact, intermolecular interactions in real gases, the kinetic theory assumes that gas particles are so far apart that the individual particles don’t “feel” each other. Thus, we can treat gas particles as tiny bits of matter whose identity isn’t important to certain physical properties."
sciq,801,,Which is one of the most frequently studied cartilaginous fish?,sharks,3,dolphins,whales,manatees,sharks,1.000000,1.000000,3,3,1,1,both_correct,Sharks are some of the most frequently studied cartilaginous fish. Sharks are distinguished by such features as:.
sciq,802,,A vapor light produces visible light by what process?,electroluminescence,0,electroluminescence,luminescent,solutes,Solar Energy,0.000002,1.000000,1,0,0,1,wrong_to_correct,"A vapor light produces visible light by electroluminescence. The bulb contains a small amount of solid sodium or mercury as well as a mixture of neon and argon gases. When an electric current passes through the gases, it causes the solid sodium or mercury to change to a gas and emit visible light. Sodium vapor lights, like these streetlights, produce yellowish light. Mercury vapor lights produce bluish light. Vapor lights are very bright and energy efficient. The bulbs are also long lasting."
sciq,803,,"What substance, which forms igneous rock, flows out in rivers of lava when it reaches the surface?",magma,3,granite,fertilizer,soil,magma,1.000000,1.000000,3,3,1,1,both_correct,"The chemistry of a magma determines the type of igneous rock it forms. The chemistry also determines how the magma moves. Thicker magmas tend to stay below the surface or erupt explosively. When magma is fluid and runny, it often reaches the surface by flowing out in rivers of lava."
sciq,804,,What do mammals have under the skin to help insulate the body?,a layer of fat,2,nerve cells,cartilage,a layer of fat,bone,1.000000,1.000000,2,2,1,1,both_correct,"Conserving heat is also important, especially in small mammals. A small body has a relatively large surface area compared to its overall size. Because heat is lost from the surface of the body, small mammals lose a greater proportion of their body heat than large mammals. Mammals conserve body heat with their hair or fur. It traps a layer of warm air next to the skin. Most mammals can make their hair stand up from the skin, so it becomes an even better insulator (see Figure below ). Mammals also have a layer of fat under the skin to help insulate the body. This fatty layer is not found in other vertebrates."
sciq,805,,Certain air pollutants form which liquid when dissolved in water droplets in the air?,acid,0,acid,water,base,citrus,1.000000,1.000000,0,0,1,1,both_correct,"Acidity is an important factor for living things. For example, many plants grow best in soil that has a pH between 6 and 7. Fish may also need a pH between 6 and 7. Certain air pollutants form acids when dissolved in water droplets in the air. This results in acid fog and acid rain, which may have a pH of 4 or even lower. The pH chart in the Figure above and the Figure below reveal some of the adverse effects of acid fog and rain. Acid rain not only kills trees. It also lowers the pH of surface waters such as ponds and lakes. As a result, the water may become too acidic for fish and other water organisms to survive."
sciq,806,,What element is the most abundant in the universe?,hydrogen,3,oxygen,helium,carbon,hydrogen,0.999998,1.000000,3,3,1,1,both_correct,"Hydrogen is the most abundant element in the universe. The sun and other stars are composed largely of hydrogen. Astronomers estimate that 90% of the atoms in the universe are hydrogen atoms. Hydrogen is a component of more compounds than any other element. Water is the most abundant compound of hydrogen found on earth. Hydrogen is an important part of petroleum, many minerals, cellulose and starch, sugar, fats, oils, alcohols, acids, and thousands of other substances. At ordinary temperatures, hydrogen is a colorless, odorless, tasteless, and nonpoisonous gas consisting of the diatomic molecule H2. Hydrogen is composed of three isotopes, and unlike other elements, these isotopes have different names and chemical symbols: protium, 1H, deuterium, 2H (or “D”), and tritium 3H (or “T”). In a naturally occurring sample of hydrogen, there is one atom of deuterium for every 7000 H atoms and one atom of radioactive tritium for every 1018 H atoms. The chemical properties of the different isotopes are very similar because they have identical electron structures, but they differ in some physical properties because of their differing atomic masses. Elemental deuterium and tritium have lower vapor pressure than ordinary hydrogen. Consequently, when liquid hydrogen evaporates, the heavier isotopes are concentrated in the last portions to evaporate. Electrolysis of heavy water, D2O, yields deuterium. Most tritium originates from nuclear reactions."
sciq,807,,"Atoms of a given _______ are identical in size, mass, and other properties.",element,2,organism,function,element,molecule,1.000000,1.000000,2,2,1,1,both_correct,"Atoms of a given element are identical in size, mass, and other properties. Atoms of different elements differ in size, mass, and other properties."
sciq,808,,Spongy bone is found inside bones and is lighter and less dense than compact bone because it is what?,porous,2,amorphous,fibrous,porous,pliable,1.000000,1.000000,2,2,1,1,both_correct,Spongy bone is found inside bones and is lighter and less dense than compact bone. This is because spongy bone is porous.
sciq,809,,"Animals are heterotrophs, which means that they cannot make their own what?",food,1,fuel,food,habitat,energy,1.000000,1.000000,1,1,1,1,both_correct,"Animals are a kingdom of multicellular eukaryotes. They cannot make their own food. Instead, they get nutrients by eating other living things. Therefore, animals are heterotrophs."
sciq,810,,What is the electron domain geometry of ammonia?,tetrahedral,1,atoms,tetrahedral,neurons,membranes,0.999600,1.000000,1,1,1,1,both_correct,"Another example of sp 3 hybridization occurs in the ammonia (NH 3 ) molecule. The electron domain geometry of ammonia is also tetrahedral, meaning that there are four groups of electrons around the central nitrogen atom. Unlike methane, however, one of those electron groups is a lone pair. The resulting molecular geometry is trigonal pyramidal. Just as in the carbon atom, the hybridization process starts as a promotion of a 2s electron to a 2p orbital, followed by hybridization to form a set of four sp 3 hybrids. In this case, one of the hybrid orbitals already contains a pair of electrons, leaving only three half-filled orbitals available to form covalent bonds with three hydrogen atoms."
sciq,811,,"In humans, fertilization occurs soon after the oocyte leaves this?",ovary,1,testes,ovary,placenta,egg,1.000000,1.000000,1,1,1,1,both_correct,"Figure 43.18 In humans, fertilization occurs soon after the oocyte leaves the ovary. Implantation occurs eight or nine days later. (credit: Ed Uthman)."
sciq,812,,"Oxygen, carbon dioxide, atp, and nadph are reactants in what process that plants use to produce food?",photosynthesis,2,absorbtion,glycolysis,photosynthesis,chlorophyll,1.000000,1.000000,2,2,1,1,both_correct,"In photosynthesis, oxygen, carbon dioxide, ATP, and NADPH are reactants. G3P and water are products. In photosynthesis, chlorophyll, water, and carbon dioxide are reactants. G3P and oxygen are products. In photosynthesis, water, carbon dioxide, ATP, and NADPH are reactants. RuBP and oxygen are products. In photosynthesis, water and carbon dioxide are reactants. G3P and oxygen are products."
sciq,813,,What is the basic unit of the structure and function of living things?,cell,1,nucleus,cell,molecule,atom,1.000000,1.000000,1,1,1,1,both_correct,"All forms of life are built of at least one cell. A cell is the basic unit of the structure and function of living things. Living things may appear very different from one another on the outside, but their cells are very similar. Compare the human cells on the left in Figure below and onion cells on the right in Figure below . How are they similar? If you click on the animation titled Inside a Cell at the link below, you can look inside a cell and see its internal structures. http://bio-alive. com/animations/cell-biology. htm."
sciq,814,,The earth's gravitational force causes the moon to do what?,orbit the earth,0,orbit the earth,overlap the earth,change size,lose orbit,1.000000,1.000000,0,0,1,1,both_correct,"= 2.72×10 −3 m/s. 2 The direction of the acceleration is toward the center of the Earth. Discussion The centripetal acceleration of the Moon found in (b) differs by less than 1% from the acceleration due to Earth’s gravity found in (a). This agreement is approximate because the Moon’s orbit is slightly elliptical, and Earth is not stationary (rather the Earth-Moon system rotates about its center of mass, which is located some 1700 km below Earth’s surface). The clear implication is that Earth’s gravitational force causes the Moon to orbit Earth."
sciq,815,,"When a nerve impulse reaches the end of an axon, what are the chemicals released by the axon called?",neurotransmitters,1,neurons,neurotransmitters,electrolytes,receptors,1.000000,1.000000,1,1,1,1,both_correct,"When a nerve impulse reaches the end of an axon, the axon releases chemicals called neurotransmitters ."
sciq,816,,Under what type of conditions can populations grow exponentially?,ideal,3,lush,pleasant,useful,ideal,1.000000,1.000000,3,3,1,1,both_correct,"Under ideal conditions, populations can grow exponentially. The growth rate increases as the population gets larger. Most populations do not live under ideal conditions and grow logistically instead. Density-dependent factors slow population growth as population size nears the carrying capacity."
sciq,817,,How many mass extinctions have occurred throughout earth's history?,five,3,four,six,three,five,0.999999,1.000000,3,3,1,1,both_correct,"Extinction is the complete dying out of a species. Once a species goes extinct, it can never return. More than 99 percent of all the species that ever lived on Earth have gone extinct. Five mass extinctions have occurred in Earth’s history. They were caused by major geologic and climatic events. The fifth mass extinction wiped out the dinosaurs 65 million years ago."
sciq,818,,What refers to the ability to change or move matter and is required by all life processes and living things?,energy,2,gravity,enthalpy,energy,fuel,1.000000,1.000000,2,2,1,1,both_correct,"Energy is the ability to change or move matter. All life processes require energy, so all living things need energy."
sciq,819,,"In the grand canyon, the same rock layers are visible on opposite sides of the canyon and were deposited simultaneously, which is an example of what?",lateral continuity,1,bilateral continuity,lateral continuity,width continuity,directly continuity,1.000000,1.000000,1,1,1,1,both_correct,"Look at the Grand Canyon in Figure below . It’s a good example of lateral continuity. You can clearly see the same rock layers on opposite sides of the canyon. The matching rock layers were deposited at the same time, so they are the same age."
sciq,820,,What do we call the visible part of the electromagnetic spectrum?,light,0,light,electricity,weight,radio,1.000000,1.000000,0,0,1,1,both_correct,Earth is just a tiny speck in the universe. Our planet is surrounded by lots of space. Light travels across empty space. Astronomers can study light from stars to learn about the universe. Light is the visible part of the electromagnetic spectrum . Astronomers use the light that comes to us to gather information about the universe.
sciq,821,,What type of crust is made of basalt lavas that flow onto the seafloor?,oceanic,0,oceanic,endotopic,warm,exotic,1.000000,1.000000,0,0,1,1,both_correct,"There are two kinds of crust. Oceanic crust is made of basalt lavas that flow onto the seafloor. It is relatively thin, between 5 to 12 kilometers thick (3 - 8 miles). The rocks of the oceanic crust are denser (3.0 g/cm 3 ) than the rocks that make up the continents. Thick layers of mud cover much of the ocean floor."
sciq,822,,Do changes to rocks happen quickly or slowly?,slowly,2,quickly,quickly then slowly,slowly,slowly then quickly,1.000000,1.000000,2,2,1,1,both_correct,"All rocks on Earth change, but these changes usually happen very slowly. Some changes happen below Earth’s surface. Some changes happen above ground. These changes are all part of the rock cycle. The rock cycle describes each of the main types of rocks, how they form and how they change. Figure below shows how the three main rock types are related to each other. The arrows within the circle show how one type of rock may change to rock of another type. For example, igneous rock may break down into small pieces of sediment and become sedimentary rock. Igneous rock may be buried within the Earth and become metamorphic rock. Igneous rock may also change back to molten material and re-cool into a new igneous rock."
sciq,823,,What is a large molecule with many repeating units?,polymer,3,plasma,cells,supermolecule,polymer,1.000000,1.000000,3,3,1,1,both_correct,"Starches are complex carbohydrates. They are polymers of glucose. A polymer is a large molecule that consists of many smaller, repeating molecules, called monomers. The monomers are joined together by covalent bonds. Starches contain hundreds of glucose monomers. Plants make starches to store extra glucose. Consumers get starches by eating plants. Common sources of starches in the human diet are pictured in the Figure below . Our digestive system breaks down starches to sugar, which our cells use for energy."
sciq,824,,"The invention of the wheel is an example of what, which has the goal of solving human problems?",technology,1,evolution,technology,concept,industry,0.999998,1.000000,1,1,1,1,both_correct,"Important new technologies such as the wheel have had a big impact on human society. Major advances in technology have influenced every aspect of life, including transportation, food production, manufacturing, communication, medicine, and the arts. That’s because technology has the goal of solving human problems, so new technologies usually make life better. They may make work easier, for example, or make people healthier. Sometimes, however, new technologies affect people in negative ways. For example, using a new product or process might cause human health problems or pollute the environment."
sciq,825,,What is defined by its sequence of nucleotides?,nucleic acids,3,proteins acids,amino acids,structural acids,nucleic acids,1.000000,1.000000,3,3,1,1,both_correct,"Like proteins, nucleic acids have a primary structure that is defined as the sequence of their nucleotides. Unlike proteins, which have 20 different kinds of amino acids, there are only 4 different kinds of nucleotides in nucleic acids. For amino acid sequences in proteins, the convention is to write the amino acids in order starting with the Nterminal amino acid. In writing nucleotide sequences for nucleic acids, the convention is to write the nucleotides (usually using the one-letter abbreviations for the bases, shown in Figure 19.5 ""Structure of a Segment of DNA"") starting with the nucleotide having a free phosphate group, which is known as the 5′ end, and indicate the nucleotides in order. For DNA, a lowercase d is often written in front of the sequence to indicate that the monomers are deoxyribonucleotides. The final nucleotide has a free OH group on the 3′ carbon atom and is called the 3′ end. The sequence of nucleotides in the DNA segment shown in Figure 19.5 ""Structure of a Segment of DNA"" would be written 5′-dGdT-dA-dC-3′, which is often further abbreviated to dGTAC or just GTAC."
sciq,826,,What in roundworms is a partial body cavity filled with fluid?,pseudocoelom,1,abdomen,pseudocoelom,cocklebur,spicule,1.000000,1.000000,1,1,1,1,both_correct,"Ancestors of roundworms also evolved a pseudocoelom. This is a partial body cavity that is filled with fluid. It allows room for internal organs to develop. The fluid also cushions the internal organs. The pressure of the fluid within the cavity provides stiffness. It gives the body internal support, forming a hydrostatic skeleton. It explains why roundworms are round and flatworms are flat. Later, a true coelom evolved. This is a fluid-filled body cavity, completely enclosed by mesoderm. It lies between the digestive cavity and body wall (see Figure below ). Invertebrates with a true coelom include mollusks and annelids."
sciq,827,,Which body system breaks down food and absorbs nutrients?,digestive system,0,digestive system,circulation system,skeletal system,hormonal system,1.000000,1.000000,0,0,1,1,both_correct,"The digestive system is the body system that breaks down food and absorbs nutrients. It also gets rid of solid food waste. The digestive system is mainly one long tube from the mouth to the anus, known as the gastrointestinal tract (GI tract). The main organs of the digestive system include the esophagus, stomach and the intestine, and are pictured below ( Figure below ). The intestine is divided into the small and large intestine. The small intestine has three segments. The ileum is the longest segment of the small intestine, which is well over 10 feet long. The large intestine is about 5 feet long."
sciq,828,,What disease is unpreventable in the type one form but may be prevented by diet if it is of the second type?,diabetes,3,Obesity,TB,Cancer,diabetes,1.000000,1.000000,3,3,1,1,both_correct,"Type 1 diabetes and other autoimmune diseases cannot be prevented. But choosing a healthy lifestyle can help prevent type 2 diabetes. Getting plenty of exercise, avoiding high-fat foods, and staying at a healthy weight can reduce the risk of developing this type of diabetes. This is especially important for people who have family members with the disease."
sciq,829,,What do you call a chemical process used to treat water by destroying a contaminant?,chemical remediation,0,chemical remediation,carbon remediation,basic remediation,toxic remediation,1.000000,1.000000,0,0,1,1,both_correct,Chemical remediation can also treat water in the aquifer. A chemical is pumped into the aquifer. The chemical destroys the contaminant.
sciq,830,,What occurs when excess carbon dioxide in the atmosphere causes the oceans to become acidic?,ocean acidification,2,ocean vaporization,desalinization,ocean acidification,acid rain,1.000000,1.000000,2,2,1,1,both_correct,"Ocean acidification occurs when excess carbon dioxide in the atmosphere causes the oceans to become acidic. Burning fossil fuels has led to an increase in carbon dioxide in the atmosphere. This carbon dioxide is then absorbed by the oceans, which lowers the pH of the water. Ocean acidification can kill corals and shellfish. It may also cause marine organisms to reproduce less, which could harm other organisms in the food chain. As a result, there also may be fewer marine organisms for humans to consume."
sciq,831,,What kind of muscle is the heart mainly composed of?,cardiac muscle,3,idealized muscle,respiratory muscle,nerve muscle,cardiac muscle,1.000000,1.000000,3,3,1,1,both_correct,"To move blood through the heart, the cardiac muscle needs to contract in an organized way. Blood first enters the atria ( Figure below ). When the atria contract, blood is pushed into the ventricles. After the ventricles fill with blood, they contract, and blood is pushed out of the heart. The heart is mainly composed of cardiac muscle. These muscle cells contract in unison, causing the heart itself to contract and generating enough force to push the blood out."
sciq,832,,Assume a molecule must cross the plasma membrane into what?,cell,0,cell,circle,shell,atom,1.000000,1.000000,0,0,1,1,both_correct,5. Assume a molecule must cross the plasma membrane into a cell. The molecule is a very large protein. How will it be transported into the cell? Explain your answer.
sciq,833,,What branch of science explains much of what you observe and do in your daily life?,physical science,3,temperature science,psychology,astronomy,physical science,1.000000,1.000000,3,3,1,1,both_correct,"Physical science explains much of what you observe and do in your daily life. In fact, you depend on physical science for almost everything that makes modern life possible. You couldn’t drive a car, text message, or send a tweet without decades of advances in chemistry and physics. You wouldn’t even be able to turn on a light. Figure below shows some other examples of common activities that depend on advances in physical science. You’ll learn the ""hows"" and ""whys"" about them as you read the rest of this book."
sciq,834,,Most of the energy used by living things comes either directly or indirectly from where?,sun,1,water,sun,earth,horizon,1.000000,1.000000,1,1,1,1,both_correct,Most of the energy used by living things comes either directly or indirectly from the sun. Sunlight provides the energy for photosynthesis . This is the process in which plants and certain other organisms (see Figure below ) synthesize glucose (C 6 H 12 O 6 ). The process uses carbon dioxide and water and also produces oxygen. The overall chemical equation for photosynthesis is:.
sciq,835,,"When present in large volumes, what color hue can water emit?",blue,1,yellow,blue,white,pink,1.000000,1.000000,1,1,1,1,both_correct,"Water is truly an amazing substance. It can exist in all three states under normal pressures and temperatures. At room temperature, it is a tasteless, odorless, colorless liquid, although it exhibits a blue hue when present in large volumes. Approximately 70% of the Earth’s surface is covered in water. For a small molecule, water molecules are highly attracted to one another, due to particularly strong hydrogen bonds. This leads to a number of properties, such as a relatively high surface tension. Unlike most other substances, water expands when it freezes. Water is also able to absorb relatively large amounts of heat with only minimal changes in temperature. This can be seen on a small scale, such as the coolant in your car, or on a larger scale, such as the more moderate climates in coastal areas. The water in the oceans acts as a tremendous heat sink, which influences global weather patterns. The clouds that form above lakes and oceans originate from the evaporation of lake and ocean water. They are byproducts of water’s thermal regulating capacity. Additionally, water is not only found here on Earth; scientists have found evidence of water on a number of extraterrestrial planets. In this lesson, we are going to take a look at this unique and important substance."
sciq,836,,What prevents new ovarian follicles from developing and suppresses uterine contractility?,progesterone,0,progesterone,estrogen,germination,glucose,0.999975,1.000000,0,0,1,1,both_correct,"28.4 Maternal Changes During Pregnancy, Labor, and Birth Hormones (especially estrogens, progesterone, and hCG) secreted by the corpus luteum and later by the placenta are responsible for most of the changes experienced during pregnancy. Estrogen maintains the pregnancy, promotes fetal viability, and stimulates tissue growth in the mother and developing fetus. Progesterone prevents new ovarian follicles from developing and suppresses uterine contractility. Pregnancy weight gain primarily occurs in the breasts and abdominal region. Nausea, heartburn, and frequent urination are common during pregnancy. Maternal blood volume increases by 30 percent during pregnancy and respiratory minute volume increases by 50 percent. The skin may develop stretch marks and melanin production may increase."
sciq,837,,What type of bombs put a much larger fraction of their output into thermal energy than do conventional bombs?,nuclear,3,dense bombs,TNT,dirty bombs,nuclear,1.000000,1.000000,3,3,1,1,both_correct,"The energy yield and the types of energy produced by nuclear bombs can be varied. Energy yields in current arsenals range from about 0.1 kT to 20 MT, although the Soviets once detonated a 67 MT device. Nuclear bombs differ from conventional explosives in more than size. Figure 32.34 shows the approximate fraction of energy output in various forms for conventional explosives and for two types of nuclear bombs. Nuclear bombs put a much larger fraction of their output into thermal energy than do conventional bombs, which tend to concentrate the energy in blast. Another difference is the immediate and residual radiation energy from nuclear weapons. This can be adjusted to put more energy into radiation (the so-called neutron bomb) so that the bomb can be used to irradiate advancing troops without killing friendly troops with blast and heat."
sciq,838,,"The majority of elements, including iron and copper, are of what type?",metals,0,metals,minerals,acids,oils,1.000000,1.000000,0,0,1,1,both_correct,"There are almost 120 known elements. As you can see from Figure below , the majority of elements are metals. Examples of metals are iron (Fe) and copper (Cu). Metals are shiny and good conductors of electricity and heat. Nonmetal elements are far fewer in number. They include hydrogen (H) and oxygen (O). They lack the properties of metals."
sciq,839,,What happens to water vapor as it rises?,it cools,2,it vibrates,it disperses,it cools,it warms,1.000000,1.000000,2,2,1,1,both_correct,"The image below shows the role of the atmosphere in the water cycle ( Figure below ). Water vapor rises from Earth’s surface into the atmosphere. As it rises, it cools. The water vapor may then condense into water droplets and form clouds. If enough water droplets collect in clouds, they may come together to form droplets. The droplets will fall as rain. This how freshwater gets from the atmosphere back to Earth's surface."
sciq,840,,Prophase is preceded by a preprophase stage in what type of cells?,plant cells,0,plant cells,egg cells,brain cells,hair and nail cells,1.000000,1.000000,0,0,1,1,both_correct,"As plant cells have some structural differences compared to an animal cell, an additional stage prior to prophase is necessary. In plant cells only, prophase is preceded by a preprophase stage. Plant cells have a large central vacuole encompassing the center of the cell. Prior to the division of the nucleus, the nucleus must migrate to the center of the plant cell. To accomplish this, the cell forms a phragmosome , a sheet of cytoplasm that bisects the middle of the cell. The phragmosome suspends the cell nucleus in the center of the cell in preparation for prophase. Additionally, during this phase the plane of cell division is established. The accurate control of division planes, which establishes the placement of the future cell wall, is crucial for the correct structure of plant tissues and organs."
sciq,841,,What is it called when birds keep their eggs warm while the embryos inside develop?,incubation,2,fertilization,spawning,incubation,insulation,1.000000,1.000000,2,2,1,1,both_correct,"After birds lay their eggs, they generally keep the eggs warm with their body heat while the embryos inside continue to develop. This is called incubation, or brooding . In most species, parents stay together for at least the length of the breeding season. In some species, they stay together for life. By staying together, the males as well as females can incubate the eggs and later care for the hatchlings . Birds are the only nonhuman vertebrates with this level of male parental involvement."
sciq,842,,"What leaves behind crescent-shaped scars on a hillside and  may be caused by a layer of slippery, wet clay underneath the rock and soil on a hillside?",slump,0,slump,slide,creep,shearing,0.999112,1.000000,0,0,1,1,both_correct,"Slump is the sudden movement of large blocks of rock and soil down a slope. You can see how it happens in Figure below . All the material moves together in big chunks. Slump may be caused by a layer of slippery, wet clay underneath the rock and soil on a hillside. Or it may occur when a river undercuts a slope. Slump leaves behind crescent-shaped scars on the hillside."
sciq,843,,What is the organ system that brings oxygen into the body and releases carbon dioxide?,lungs,1,kidneys,lungs,liver,brain,1.000000,1.000000,1,1,1,1,both_correct,organ system that brings oxygen into the body and releases carbon dioxide into the atmosphere.
sciq,844,,How many chambers are there in a bird's heart?,4,1,5,4,1,3,0.119546,1.000000,3,1,0,1,wrong_to_correct,"Birds have a relatively large, four-chambered heart. The heart beats rapidly to keep oxygenated blood flowing to muscles and other tissues. Hummingbirds have the fastest heart rate at up to 1,200 times per minute. That’s almost 20 times faster than the human resting heart rate!."
sciq,845,,What formula  shows only the kinds and numbers of atoms in a molecule?,molecular formula,1,plasma formula,molecular formula,atomic formula,nucleus formula,1.000000,1.000000,1,1,1,1,both_correct,"We use several kinds of formulas to describe organic compounds. A molecular formula shows only the kinds and numbers of atoms in a molecule. For example, the molecular formula C4H10 tells us there are 4 carbon atoms and 10 hydrogen atoms in a molecule, but it doesn’t distinguish between butane and isobutane. A structural formula shows all the carbon and hydrogen atoms and the bonds attaching them. Thus, structural formulas identify the specific isomers by showing the order of attachment of the various atoms. Unfortunately, structural formulas are difficult to type/write and take up a lot of space. Chemists often use condensed structural formulas to alleviate these problems. The condensed formulas show hydrogen atoms right next to the carbon atoms to which they are attached, as illustrated for butane:."
sciq,846,,"Fahrenheit, celsius, and kelvin are all units which measure what?",temperature,2,brightness,radiation,temperature,precipitation,1.000000,1.000000,2,2,1,1,both_correct,"There are three temperature scales that are commonly used. Their units are °F (degrees Fahrenheit), °C (degrees Celsius), and K (Kelvin)."
sciq,847,,Many plants respond to the days growing shorter in the fall by doing what?,going dormant,2,growing faster,turning to liquid,going dormant,migrating,1.000000,1.000000,2,2,1,1,both_correct,Many plants respond to the days growing shorter in the fall by going dormant. They suspend growth and development in order to survive the extreme coldness and dryness of winter. Part of this response causes the leaves of many trees to change color and then fall off (see Figure below ). Dormancy ensures that plants will grow and produce seeds only when conditions are favorable.
sciq,848,,What are the smallest particles of matter?,atoms,0,atoms,ions,electrons,molecules,0.999998,1.000000,0,0,1,1,both_correct,All substances are made of atoms. Atoms are the smallest particles of matter. They cannot be divided into smaller particles. They also cannot be created or destroyed.
sciq,849,,How do animals obtain nitrogen?,eating plants or organisms,0,eating plants or organisms,eating plants or bugs,eating plants or sediments,eating plants other animals,0.009708,1.000000,1,0,0,1,wrong_to_correct,"Bacteria play important roles in the nitrogen cycle. They change nitrogen gas and products of decomposition into nitrates, which plants can assimilate. Animals obtain nitrogen by eating plants or other organisms. Still other bacteria return nitrogen gas to the atmosphere."
sciq,850,,Hydrophilic molecules generally avoid what other kinds of molecules?,hydrophobic,1,aqueous,hydrophobic,lipophilic,neutral,0.999965,1.000000,1,1,1,1,both_correct,Hydrophobic molecules “like” to be near other hydrophobic molecules. They “fear” being near hydrophilic molecules. The opposite is true of hydrophilic molecules. They “like” to be near other hydrophilic molecules. They “fear” being near hydrophobic molecules. These “likes” and “fears” explain why some molecules can pass through the cell membrane while others cannot.
sciq,851,,Where do t cells mature?,thymus gland,1,pituitary gland,thymus gland,liver,bone marrow,1.000000,1.000000,1,1,1,1,both_correct,"Both types of lymphocytes are produced in the red bone marrow. They are named for the sites where they grow larger. The ""B"" in B cells stands for “bone. ” B cells grow larger in red bone marrow. The ""T"" in T cells stands for “thymus. ” T cells mature in the thymus gland."
sciq,852,,The name of a simple covalent compound can be determined from its chemical this?,formula,1,configuration,formula,models,map,1.000000,1.000000,1,1,1,1,both_correct,The name of a simple covalent compound can be determined from its chemical formula.
sciq,853,,Asteroids are not geologically active. which is the only way they can change?,a collision,0,a collision,combustion,propulsion,expansion,1.000000,1.000000,0,0,1,1,both_correct,"Asteroids are very small, irregularly shaped, rocky bodies. Asteroids orbit the Sun, but they are more like giant rocks than planets. Since they are small, they do not have enough gravity to become round. They are too small to have an atmosphere. With no internal heat, they are not geologically active. An asteroid can only change due to a collision. A collision may cause the asteroid to break up. It may create craters on the asteroid’s surface. An asteroid may strike a planet if it comes near enough to be pulled in by its gravity. Figure below shows a typical asteroid."
sciq,854,,Solid carbon dioxide is called what?,dry ice,1,carbohydrate,dry ice,liquid nitrogen,blue ice,1.000000,1.000000,1,1,1,1,both_correct,"Solid carbon dioxide is called dry ice because it does not pass through the liquid phase. Instead, it does directly to the gas phase. (Carbon dioxide can exist as liquid but only under high pressure. ) Dry ice has many practical uses, including the long-term preservation of medical samples."
sciq,855,,"While ecosystems need a constant input of energy for their organisms, what do ecosystems recycle?",matter,0,matter,food,water,light,1.000000,1.000000,0,0,1,1,both_correct,"Ecosystems need a constant input of energy for their organisms, but matter is recycled through ecosystems."
sciq,856,,Most mercury compounds decompose when they are?,heated,1,filled,heated,mixed,cooled,1.000000,1.000000,1,1,1,1,both_correct,"Most mercury compounds decompose when heated. Most mercury compounds contain mercury with a 2+-oxidation state. When there is a large excess of mercury, it is possible to form compounds containing the Hg 2 2+ ion. All mercury compounds are toxic, and it is necessary to exercise great care in their synthesis."
sciq,857,,"Animal behavior can be said to be controlled by genetics and experiences, also known as nature and what?",nurture,1,interaction,nurture,evolution,growth,0.999995,1.000000,1,1,1,1,both_correct,"In reality, most animal behaviors are not controlled by nature or nurture. Instead, they are influenced by both nature and nurture. In dogs, for example, the tendency to behave toward other dogs in a certain way is probably controlled by genes. However, the normal behaviors can’t develop in an environment that lacks other dogs. A puppy raised in isolation from other dogs may never develop the normal behaviors. It may always fear other dogs or act aggressively toward them."
sciq,858,,The first two electrons in lithium fill the 1s orbital and have the same sets of four what as the two electrons in helium?,quantum numbers,3,kinetic numbers,decay numbers,gravity numbers,quantum numbers,1.000000,1.000000,3,3,1,1,both_correct,"The n = 1 shell is completely filled in a helium atom. The next atom is the alkali metal lithium with an atomic number of 3. The first two electrons in lithium fill the 1s orbital and have the same sets of four quantum numbers as the two electrons in helium. The remaining electron must occupy the orbital of next lowest energy, the 2s orbital (Figure 6.27 or Figure 6.28). Thus, the electron configuration and orbital diagram of lithium are:."
sciq,859,,What allows some things to enter the cell while keeping other things out?,cell membrane,0,cell membrane,cell center,cell vacuum,cell substrate,1.000000,1.000000,0,0,1,1,both_correct,"This window screen has a fly on it. In a way, the window screen is like a cell membrane. It lets some things pass through while keeping other things out. Air molecules and raindrops can pass through the screen, but larger objects like the fly cannot. In the first lesson of this chapter, you'll learn about different ways that substances can pass through the cell membrane. You'll find out how the cell membrane lets some substances pass through while keeping other substances out."
sciq,860,,What is an individual with more than the correct number of chromosome sets called?,polyploid,3,diploid,autosome,autotrophs,polyploid,1.000000,1.000000,3,3,1,1,both_correct,"In an individual carrying an abnormal number of X chromosomes, cellular mechanisms will inactivate all but one X in each of her cells. As a result, X-chromosomal abnormalities are typically associated with mild mental and physical defects, as well as sterility. If the X chromosome is absent altogether, the individual will not develop. Several errors in sex chromosome number have been characterized. Individuals with three X chromosomes, called triplo-X, appear female but express developmental delays and reduced fertility. The XXY chromosome complement, corresponding to one type of Klinefelter syndrome, corresponds to male individuals with small testes, enlarged breasts, and reduced body hair. The extra X chromosome undergoes inactivation to compensate for the excess genetic dosage. Turner syndrome, characterized as an X0 chromosome complement (i. , only a single sex chromosome), corresponds to a female individual with short stature, webbed skin in the neck region, hearing and cardiac impairments, and sterility. An individual with more than the correct number of chromosome sets (two for diploid species) is called polyploid. For instance, fertilization of an abnormal diploid egg with a normal haploid sperm would yield a triploid zygote. Polyploid animals are extremely rare, with only a few examples among the flatworms, crustaceans, amphibians, fish, and lizards. Triploid animals are sterile because meiosis cannot proceed normally with an odd number of chromosome sets. In contrast, polyploidy is very common in the plant kingdom, and polyploid plants tend to be larger and more robust than euploids of their species."
sciq,861,,Most of the fresh water on earth is tied up in a solid form. what are they called?,glaciers,0,glaciers,oceans,lakes,sediments,1.000000,1.000000,0,0,1,1,both_correct,"Most of Earth’s water is salt water in the oceans. As Figure below shows, only 3 percent of Earth’s water is fresh. Freshwater is water that contains little or no dissolved salt. Most freshwater is frozen in ice caps and glaciers. Glaciers cover the peaks of some tall mountains. For example, the Cascades Mountains in North America and the Alps Mountains in Europe are capped with ice. Ice caps cover vast areas of Antarctica and Greenland. Chunks of ice frequently break off ice caps. They form icebergs that float in the oceans."
sciq,862,,Hertz proved that what type of waves travel at the speed of light?,electromagnetic,1,seismic,electromagnetic,tsunamis,sound,1.000000,1.000000,1,1,1,1,both_correct,"Hertz also studied the reflection, refraction, and interference patterns of the electromagnetic waves he generated, verifying their wave character. He was able to determine wavelength from the interference patterns, and knowing their frequency, he could calculate the propagation speed using the equation υ = fλ (velocity—or speed—equals frequency times wavelength). Hertz was thus able to prove that electromagnetic waves travel at the speed of light. The SI unit for frequency, the hertz ( 1 Hz = 1 cycle/sec ), is named in his honor."
sciq,863,,"Specific antigens on the surface of red blood cells determine what, which is important in cases of transfusion?",blood type,1,blood amount,blood type,blood count,blood form,1.000000,1.000000,1,1,1,1,both_correct,Specific antigens on the surface of red blood cells determine blood type. The best-known blood types are ABO and Rhesus (Rh) blood types. Blood type is important in cases of blood transfusion. A patient must receive blood of his or her own blood type to avoid clumping of red blood cells.
sciq,864,,Where do extrusive igneous rocks cool at?,surface,0,surface,underground,in volcanoes,in water,1.000000,1.000000,0,0,1,1,both_correct,Extrusive igneous rocks cool at the surface. Volcanoes are one type of feature that forms from extrusive rocks. Several other interesting landforms are also extrusive features. Intrusive igneous rocks cool below the surface. These rocks do not always remain hidden. Rocks that formed in the crust are exposed when the rock and sediment that covers them is eroded away.
sciq,865,,What functions in removing phosphorylated amino acids from proteins?,phosphatase,0,phosphatase,sucrose,carbonate,peptide,1.000000,1.000000,0,0,1,1,both_correct,"What is the function of a phosphatase? a. A phosphatase removes phosphorylated amino acids from proteins. A phosphatase removes the phosphate group from phosphorylated amino acid residues in a protein. A phosphatase phosphorylates serine, threonine, and tyrosine residues. A phosphatase degrades second messengers in the cell. How does NF-κB induce gene expression? a. A small, hydrophobic ligand binds to NF-κB, activating it. Phosphorylation of the inhibitor Iκ-B dissociates the complex between it and NF-κB, and allows NF-κB to enter the nucleus and stimulate transcription. NF-κB is phosphorylated and is then free to enter the nucleus and bind DNA. NF-κB is a kinase that phosphorylates a transcription factor that binds DNA and promotes protein production. Apoptosis can occur in a cell when the cell is ________________. damaged b. no longer needed c. infected by a virus d. all of the above 14. What is the effect of an inhibitor binding an enzyme? a."
sciq,866,,The hypothalamus in vertebrates integrates what two systems?,endocrine and nervous,3,marrow and nervous,connectors and nervous,Pathway and nervous,endocrine and nervous,1.000000,1.000000,3,3,1,1,both_correct,"Hypothalamic-Pituitary Axis The hypothalamus in vertebrates integrates the endocrine and nervous systems. The hypothalamus is an endocrine organ located in the diencephalon of the brain. It receives input from the body and other brain areas and initiates endocrine responses to environmental changes. The hypothalamus acts as an endocrine organ, synthesizing hormones and transporting them along axons to the posterior pituitary gland. It synthesizes and secretes regulatory hormones that control the endocrine cells in the anterior pituitary gland. The hypothalamus contains autonomic centers that control endocrine cells in the adrenal medulla via neuronal control. The pituitary gland, sometimes called the hypophysis or “master gland” is located at the base of the brain in the sella turcica, a groove of the sphenoid bone of the skull, illustrated in Figure 37.15. It is attached to the hypothalamus via a stalk called the pituitary stalk (or infundibulum). The anterior portion of the pituitary gland is regulated by releasing or release-inhibiting hormones produced by the hypothalamus, and the posterior pituitary receives signals via neurosecretory cells to release hormones produced by the hypothalamus. The pituitary has two distinct regions—the anterior pituitary and the posterior pituitary—which between them secrete nine different peptide or protein hormones. The posterior lobe of the pituitary gland contains axons of the hypothalamic neurons."
sciq,867,,What type of biomes have water containing little or no salt?,freshwater biomes,3,aquatic biomes,coastal biomes,marine biomes,freshwater biomes,0.997649,1.000000,3,3,1,1,both_correct,Freshwater biomes have water that contains little or no salt. They include standing and running freshwater biomes. Standing freshwater biomes include ponds and lakes. Lakes are generally bigger and deeper than ponds. Some of the water in lakes is in the aphotic zone where there is too little sunlight for photosynthesis. Plankton and plants (such as the duckweed in Figure below ) are the primary producers in standing freshwater biomes.
sciq,868,,Electricity consists of a constant stream of what tiny particles?,electrons,1,ions,electrons,quarks,atoms,1.000000,1.000000,1,1,1,1,both_correct,"You probably know that the wires strung between these high towers carry electricity. But do you know what electricity is? It actually consists of a constant stream of tiny particles called electrons. Electrons are negatively charged fundamental particles inside atoms. Atoms were discovered around 1800, but almost 100 years went by before electrons were discovered."
sciq,869,,What is a solution with a ph lower than 7 called?,acid,0,acid,neutral,basic,dioxide,1.000000,1.000000,0,0,1,1,both_correct,"If a solution has a higher concentration of hydronium ions than pure water, it has a pH lower than 7. A solution with a pH lower than 7 is called an acid . As the hydronium ion concentration increases, the pH value decreases. Therefore, the more acidic a solution is, the lower its pH value is. Did you ever taste vinegar? Like other acids, it tastes sour. Stronger acids can be harmful to organisms. For example, stomach acid would eat through the stomach if it were not lined with a layer of mucus. Strong acids can also damage materials, even hard materials such as glass."
sciq,870,,"Which division of the peripheral nervous system interprets signals, while the motor division sends signals?",sensory,3,kinetic,olfactory,automatic,sensory,1.000000,1.000000,3,3,1,1,both_correct,"Laura Guerin. The sensory division of the peripheral nervous system interprets signals, while the motor division sends signals . CC BY-NC 3.0."
sciq,871,,What record provides evidence that new species develop to fill the habitats where old species lived following a mass extinction?,fossil record,2,fossil fuels,climate record,fossil record,erosion record,1.000000,1.000000,2,2,1,1,both_correct,"After each mass extinction, new species develop to fill the habitats where old species lived. This is well documented in the fossil record."
sciq,872,,What is the process of filtering waste from the kidneys?,dialysis,0,dialysis,stones,virus,inflammation,0.999998,0.999997,0,0,1,1,both_correct,Kidney dialysis is the process of filtering wastes from the blood using a machine.
sciq,873,,The energy required to remove an electron from a gaseous atom is called?,ionization energy,1,vapor energy,ionization energy,potential energy,fission energy,1.000000,1.000000,1,1,1,1,both_correct,"Summary The tendency of an element to lose or gain electrons is one of the most important factors in determining the kind of compounds it forms. Periodic behavior is most evident for ionization energy (I), the energy required to remove an electron from a gaseous atom. The energy required to remove successive electrons from an atom increases steadily, with a substantial increase occurring with the removal of an electron from a filled inner shell. Consequently, only valence electrons can be removed in chemical reactions, leaving the filled inner shell intact. Ionization energies explain the common oxidation states observed for the elements. Ionization energies increase diagonally from the lower left of the periodic table to the upper right. Minor deviations from this trend can be explained in terms of particularly stable electronic configurations, called pseudo noble gas configurations, in either the parent atom or the resulting."
sciq,874,,"The four basic types of tissue are epithelial, muscle, connective, and what?",nervous,2,circulatory,regulatory,nervous,digestive,1.000000,1.000000,2,2,1,1,both_correct,"A tissue is a group of connected cells that have a similar function within an organism. More complex organisms such as jellyfish, coral, and sea anemones have a tissue level of organization. For example, jellyfish have tissues that have separate protective, digestive, and sensory functions. Though most animals have many different types of cells, they only have four basic types of tissue: connective, muscle, nervous, and epithelial."
sciq,875,,What theory states that all matter consists of constantly moving particles?,kinetic theory of matter,3,Big Bang theory,conservtion of matter,inertia theory,kinetic theory of matter,1.000000,1.000000,3,3,1,1,both_correct,The particles that make up matter are also constantly moving. They have kinetic energy. The theory that all matter consists of constantly moving particles is called the kinetic theory of matter . You can learn more about it at the URL below.
sciq,876,,Plant-like protists contains chloroplasts and make food by what process?,photosynthesis,3,digestion,chemical processes,farming,photosynthesis,1.000000,1.000000,3,3,1,1,both_correct,"common name of a plant-like protist, which contains chloroplasts and makes food by photosynthesis."
sciq,877,,What is written as systolic over diastolic?,blood pressure,0,blood pressure,brain pressure,blood position,fractional pressure,1.000000,1.000000,0,0,1,1,both_correct,"Blood pressure is written as systolic/diastolic. For example, a reading of 120/80 is said as ""one twenty over eighty. "" These measures of blood pressure can change with each heartbeat and over the course of the day. Pressure varies with exercise, emotions, sleep, stress, nutrition, drugs, or disease."
sciq,878,,"When a species changes in small ways over time, what is it called?",microevolution,2,minievolution,nanoevolution,microevolution,small evolution,1.000000,1.000000,2,2,1,1,both_correct,"You already know that evolution is the change in species over time. Most evolutionary changes are small and do not lead to the creation of a new species. When populations change in small ways over time, the process is called microevolution . Microevolution results in changes within a species."
sciq,879,,What is the purpose of a bird using flashy displays?,to attract mates,1,to signal feeding,to attract mates,to protect their territory,to dissuade predators,1.000000,1.000000,1,1,1,1,both_correct,Birds often use flashy displays to attract mates.
sciq,880,,"What do you call the ancient cores of continents, where the earliest continental crust is now found?",cratons,0,cratons,craters,escarpments,mantles,1.000000,1.000000,0,0,1,1,both_correct,"The earliest continental crust is now found in the ancient cores of continents, called the cratons . Geologists can learn many things about the Precambrian by studying the rocks of the cratons."
sciq,881,,Where do short period comets come from?,kuiper belt,2,photon belt,milky way,kuiper belt,vesta belt,1.000000,1.000000,2,2,1,1,both_correct,"Short-period comets come from the Kuiper belt, beyond Neptune. Long-period comets come from the very distant Oort cloud."
sciq,882,,What are atoms with unstable nuclei are considered to be?,radioactive,3,ions,destructive,unstable,radioactive,1.000000,1.000000,3,3,1,1,both_correct,"Atoms with unstable nuclei are radioactive. To become more stable, the nuclei undergo radioactive decay. In radioactive decay, the nuclei emit energy and usually particles of matter as well. There are several types of radioactive decay, including alpha, beta, and gamma decay. Energy is emitted in all three types of decay, but only alpha and beta decay also emit particles."
sciq,883,,In what form is atmospheric sulfur found?,sulfur dioxide (so2),3,sulfuric acid,sulfur monoxide,formaldehyde,sulfur dioxide (so2),1.000000,0.999722,3,3,1,1,both_correct,"On land, sulfur is deposited in four major ways: precipitation, direct fallout from the atmosphere, rock weathering, and geothermal vents (Figure 20.17). Atmospheric sulfur is found in the form of sulfur dioxide (SO2), and as rain falls through the atmosphere, sulfur is dissolved in the form of weak sulfuric acid (H2SO4). Sulfur can also fall directly from the atmosphere in a process called fallout. Also, as sulfur-containing rocks weather, sulfur is released into the soil. These rocks originate from ocean sediments that are moved to land by the geologic uplifting of ocean sediments. Terrestrial ecosystems can then make use of these soil sulfates (SO42-), which enter the food web by being taken up by plant roots. When these plants decompose and die, sulfur is released back into the atmosphere as hydrogen sulfide (H2S) gas."
