2026-09-01 04:55:11 | INFO     | student_sim | ====================================================================================================
2026-09-01 04:55:11 | INFO     | student_sim | PERSONA-CONDITIONED STUDENT SIMULATION -- zero context (Setting A / no fact)
2026-09-01 04:55:11 | INFO     | student_sim | ====================================================================================================
2026-09-01 04:55:11 | INFO     | student_sim | Workspace   : /home/nghben/Downloads/research/fsds/experiment
2026-09-01 04:55:11 | INFO     | student_sim | Model path  : /home/nghben/Downloads/research/fsds/experiment/models/Qwen3-4B-Instruct-2507
2026-09-01 04:55:11 | INFO     | student_sim | Python      : 3.12.3
2026-09-01 04:55:11 | INFO     | student_sim | Platform    : Linux-7.0.0-30-generic-x86_64-with-glibc2.39
2026-09-01 04:55:13 | INFO     | student_sim | torch       : 2.13.0+cu130 (cuda True)
2026-09-01 04:55:13 | INFO     | student_sim | GPU         : NVIDIA GeForce RTX 3050 Laptop GPU (3.68 GB)
2026-09-01 04:55:13 | INFO     | student_sim | Datasets    : sciq, obqa
2026-09-01 04:55:13 | INFO     | student_sim | Paradigms   : joint
2026-09-01 04:55:13 | INFO     | student_sim | Tiers       : beginner, intermediate, advanced
2026-09-01 04:55:13 | INFO     | student_sim | Limit       : none (full split)
2026-09-01 04:55:13 | INFO     | student_sim | 
2026-09-01 04:55:15 | INFO     | student_sim | Loading tokenizer from /home/nghben/Downloads/research/fsds/experiment/models/Qwen3-4B-Instruct-2507
2026-09-01 04:55:15 | INFO     | student_sim | Quantisation : 4-bit NF4, compute dtype float16, double_quant=False
2026-09-01 04:55:20 | INFO     | student_sim | Loaded in 5.4s | 2.21B parameters (packed)
2026-09-01 04:55:20 | INFO     | student_sim | VRAM after load: 2.66 GB allocated / 2.70 GB reserved of 3.68 GB total
2026-09-01 04:55:20 | INFO     | student_sim | Resolving option-letter token ids ...
2026-09-01 04:55:20 | DEBUG    | student_sim |   letter A -> token ids [32, 362]
2026-09-01 04:55:20 | DEBUG    | student_sim |   letter B -> token ids [33, 425]
2026-09-01 04:55:20 | DEBUG    | student_sim |   letter C -> token ids [34, 356]
2026-09-01 04:55:20 | DEBUG    | student_sim |   letter D -> token ids [35, 422]
2026-09-01 04:55:20 | INFO     | student_sim |   {'A': [32, 362], 'B': [33, 425], 'C': [34, 356], 'D': [35, 422]}
2026-09-01 04:55:20 | INFO     | student_sim | 
2026-09-01 04:55:20 | INFO     | student_sim | ====================================================================================================
2026-09-01 04:55:20 | INFO     | student_sim | DATASET SCIQ (allenai/sciq, test) -- 884 samples, zero-context (no passage)
2026-09-01 04:55:20 | INFO     | student_sim |   file      : /home/nghben/Downloads/research/fsds/experiment/datasets/sciq/sciq_test_full.json
2026-09-01 04:55:20 | INFO     | student_sim |   paradigms : joint
2026-09-01 04:55:20 | INFO     | student_sim |   joint order: advanced -> intermediate -> beginner
2026-09-01 04:55:20 | INFO     | student_sim | ====================================================================================================
2026-09-01 04:55:23 | DEBUG    | student_sim | id=0 gold=D | joint={'beginner': 'B', 'intermediate': 'D', 'advanced': 'D'} | isolated=None
2026-09-01 04:55:24 | DEBUG    | student_sim | id=1 gold=C | joint={'beginner': 'C', 'intermediate': 'C', 'advanced': 'C'} | isolated=None
2026-09-01 04:55:25 | DEBUG    | student_sim | id=2 gold=D | joint={'beginner': 'D', 'intermediate': 'D', 'advanced': 'D'} | isolated=None
2026-09-01 04:55:26 | DEBUG    | student_sim | id=3 gold=C | joint={'beginner': 'A', 'intermediate': 'C', 'advanced': 'C'} | isolated=None
2026-09-01 04:55:26 | DEBUG    | student_sim | id=4 gold=D | joint={'beginner': 'D', 'intermediate': 'D', 'advanced': 'D'} | isolated=None
2026-09-01 04:55:27 | DEBUG    | student_sim | id=5 gold=D | joint={'beginner': 'D', 'intermediate': 'D', 'advanced': 'D'} | isolated=None
2026-09-01 04:55:28 | DEBUG    | student_sim | id=6 gold=C | joint={'beginner': 'A', 'intermediate': 'C', 'advanced': 'C'} | isolated=None
2026-09-01 04:55:29 | DEBUG    | student_sim | id=7 gold=C | joint={'beginner': 'C', 'intermediate': 'C', 'advanced': 'C'} | isolated=None
2026-09-01 04:55:29 | DEBUG    | student_sim | id=8 gold=A | joint={'beginner': 'A', 'intermediate': 'A', 'advanced': 'B'} | isolated=None
2026-09-01 04:55:30 | DEBUG    | student_sim | id=9 gold=C | joint={'beginner': 'C', 'intermediate': 'C', 'advanced': 'C'} | isolated=None
2026-09-01 04:55:31 | DEBUG    | student_sim | id=10 gold=D | joint={'beginner': 'A', 'intermediate': 'B', 'advanced': 'D'} | isolated=None
2026-09-01 04:55:32 | DEBUG    | student_sim | id=11 gold=D | joint={'beginner': 'D', 'intermediate': 'D', 'advanced': 'A'} | isolated=None
2026-09-01 04:55:33 | DEBUG    | student_sim | id=12 gold=C | joint={'beginner': 'C', 'intermediate': 'C', 'advanced': 'C'} | isolated=None
2026-09-01 04:55:33 | DEBUG    | student_sim | id=13 gold=D | joint={'beginner': 'A', 'intermediate': 'D', 'advanced': 'D'} | isolated=None
2026-09-01 04:55:34 | DEBUG    | student_sim | id=14 gold=A | joint={'beginner': 'B', 'intermediate': 'A', 'advanced': 'A'} | isolated=None
2026-09-01 04:55:35 | DEBUG    | student_sim | id=15 gold=B | joint={'beginner': 'B', 'intermediate': 'D', 'advanced': 'B'} | isolated=None
2026-09-01 04:55:36 | DEBUG    | student_sim | id=16 gold=D | joint={'beginner': 'A', 'intermediate': 'A', 'advanced': 'D'} | isolated=None
2026-09-01 04:55:36 | DEBUG    | student_sim | id=17 gold=C | joint={'beginner': 'C', 'intermediate': 'A', 'advanced': 'A'} | isolated=None
2026-09-01 04:55:37 | DEBUG    | student_sim | id=18 gold=D | joint={'beginner': 'A', 'intermediate': 'B', 'advanced': 'D'} | isolated=None
2026-09-01 04:55:38 | DEBUG    | student_sim | id=19 gold=A | joint={'beginner': 'A', 'intermediate': 'A', 'advanced': 'A'} | isolated=None
2026-09-01 04:55:39 | DEBUG    | student_sim | id=20 gold=A | joint={'beginner': 'A', 'intermediate': 'A', 'advanced': 'A'} | isolated=None
2026-09-01 04:55:40 | DEBUG    | student_sim | id=21 gold=A | joint={'beginner': 'B', 'intermediate': 'A', 'advanced': 'A'} | isolated=None
2026-09-01 04:55:40 | DEBUG    | student_sim | id=22 gold=D | joint={'beginner': 'C', 'intermediate': 'D', 'advanced': 'D'} | isolated=None
2026-09-01 04:55:41 | DEBUG    | student_sim | id=23 gold=C | joint={'beginner': 'A', 'intermediate': 'C', 'advanced': 'C'} | isolated=None
2026-09-01 04:55:42 | DEBUG    | student_sim | id=24 gold=B | joint={'beginner': 'A', 'intermediate': 'B', 'advanced': 'D'} | isolated=None
2026-09-01 04:55:43 | DEBUG    | student_sim | id=25 gold=C | joint={'beginner': 'B', 'intermediate': 'C', 'advanced': 'D'} | isolated=None
2026-09-01 04:55:43 | DEBUG    | student_sim | id=26 gold=D | joint={'beginner': 'D', 'intermediate': 'D', 'advanced': 'D'} | isolated=None
2026-09-01 04:55:44 | DEBUG    | student_sim | id=27 gold=C | joint={'beginner': 'B', 'intermediate': 'B', 'advanced': 'C'} | isolated=None
2026-09-01 04:55:45 | DEBUG    | student_sim | id=28 gold=C | joint={'beginner': 'C', 'intermediate': 'C', 'advanced': 'C'} | isolated=None
2026-09-01 04:55:46 | DEBUG    | student_sim | id=29 gold=A | joint={'beginner': 'A', 'intermediate': 'A', 'advanced': 'A'} | isolated=None
2026-09-01 04:55:47 | DEBUG    | student_sim | id=30 gold=B | joint={'beginner': 'C', 'intermediate': 'B', 'advanced': 'B'} | isolated=None
2026-09-01 04:55:47 | DEBUG    | student_sim | id=31 gold=A | joint={'beginner': 'A', 'intermediate': 'A', 'advanced': 'A'} | isolated=None
2026-09-01 04:55:48 | DEBUG    | student_sim | id=32 gold=A | joint={'beginner': 'A', 'intermediate': 'A', 'advanced': 'A'} | isolated=None
2026-09-01 04:55:49 | DEBUG    | student_sim | id=33 gold=C | joint={'beginner': 'B', 'intermediate': 'C', 'advanced': 'C'} | isolated=None
2026-09-01 04:55:50 | DEBUG    | student_sim | id=34 gold=C | joint={'beginner': 'A', 'intermediate': 'C', 'advanced': 'C'} | isolated=None
2026-09-01 04:55:50 | DEBUG    | student_sim | id=35 gold=D | joint={'beginner': 'C', 'intermediate': 'B', 'advanced': 'D'} | isolated=None
2026-09-01 04:55:51 | DEBUG    | student_sim | id=36 gold=B | joint={'beginner': 'A', 'intermediate': 'B', 'advanced': 'B'} | isolated=None
2026-09-01 04:55:52 | DEBUG    | student_sim | id=37 gold=A | joint={'beginner': 'B', 'intermediate': 'A', 'advanced': 'A'} | isolated=None
2026-09-01 04:55:53 | DEBUG    | student_sim | id=38 gold=B | joint={'beginner': 'D', 'intermediate': 'D', 'advanced': 'A'} | isolated=None
2026-09-01 04:55:54 | DEBUG    | student_sim | id=39 gold=D | joint={'beginner': 'A', 'intermediate': 'D', 'advanced': 'D'} | isolated=None
2026-09-01 04:55:54 | DEBUG    | student_sim | id=40 gold=C | joint={'beginner': 'A', 'intermediate': 'C', 'advanced': 'C'} | isolated=None
2026-09-01 04:55:55 | DEBUG    | student_sim | id=41 gold=C | joint={'beginner': 'C', 'intermediate': 'C', 'advanced': 'A'} | isolated=None
2026-09-01 04:55:56 | DEBUG    | student_sim | id=42 gold=D | joint={'beginner': 'B', 'intermediate': 'D', 'advanced': 'D'} | isolated=None
2026-09-01 04:55:57 | DEBUG    | student_sim | id=43 gold=B | joint={'beginner': 'A', 'intermediate': 'B', 'advanced': 'B'} | isolated=None
2026-09-01 04:55:57 | INFO     | student_sim |   [  44/ 884]   5.0% | acc B/I/A  join 0.43/0.82/0.84 | 0.82s/sample | ETA 11.5 min
2026-09-01 04:55:58 | DEBUG    | student_sim | id=44 gold=B | joint={'beginner': 'C', 'intermediate': 'B', 'advanced': 'B'} | isolated=None
2026-09-01 04:55:58 | DEBUG    | student_sim | id=45 gold=B | joint={'beginner': 'D', 'intermediate': 'B', 'advanced': 'B'} | isolated=None
2026-09-01 04:55:59 | DEBUG    | student_sim | id=46 gold=D | joint={'beginner': 'D', 'intermediate': 'D', 'advanced': 'C'} | isolated=None
2026-09-01 04:56:00 | DEBUG    | student_sim | id=47 gold=C | joint={'beginner': 'D', 'intermediate': 'C', 'advanced': 'C'} | isolated=None
2026-09-01 04:56:01 | DEBUG    | student_sim | id=48 gold=B | joint={'beginner': 'A', 'intermediate': 'B', 'advanced': 'B'} | isolated=None
2026-09-01 04:56:01 | DEBUG    | student_sim | id=49 gold=D | joint={'beginner': 'A', 'intermediate': 'D', 'advanced': 'D'} | isolated=None
2026-09-01 04:56:02 | DEBUG    | student_sim | id=50 gold=D | joint={'beginner': 'A', 'intermediate': 'D', 'advanced': 'D'} | isolated=None
2026-09-01 04:56:03 | DEBUG    | student_sim | id=51 gold=D | joint={'beginner': 'B', 'intermediate': 'D', 'advanced': 'D'} | isolated=None
2026-09-01 04:56:04 | DEBUG    | student_sim | id=52 gold=A | joint={'beginner': 'B', 'intermediate': 'A', 'advanced': 'A'} | isolated=None
2026-09-01 04:56:05 | DEBUG    | student_sim | id=53 gold=A | joint={'beginner': 'D', 'intermediate': 'A', 'advanced': 'A'} | isolated=None
2026-09-01 04:56:05 | DEBUG    | student_sim | id=54 gold=B | joint={'beginner': 'D', 'intermediate': 'B', 'advanced': 'B'} | isolated=None
2026-09-01 04:56:06 | DEBUG    | student_sim | id=55 gold=A | joint={'beginner': 'B', 'intermediate': 'B', 'advanced': 'A'} | isolated=None
2026-09-01 04:56:07 | DEBUG    | student_sim | id=56 gold=A | joint={'beginner': 'A', 'intermediate': 'A', 'advanced': 'A'} | isolated=None
2026-09-01 04:56:08 | DEBUG    | student_sim | id=57 gold=D | joint={'beginner': 'C', 'intermediate': 'D', 'advanced': 'D'} | isolated=None
2026-09-01 04:56:08 | DEBUG    | student_sim | id=58 gold=D | joint={'beginner': 'D', 'intermediate': 'D', 'advanced': 'D'} | isolated=None
2026-09-01 04:56:09 | DEBUG    | student_sim | id=59 gold=B | joint={'beginner': 'D', 'intermediate': 'B', 'advanced': 'B'} | isolated=None
2026-09-01 04:56:10 | DEBUG    | student_sim | id=60 gold=D | joint={'beginner': 'A', 'intermediate': 'B', 'advanced': 'D'} | isolated=None
2026-09-01 04:56:11 | DEBUG    | student_sim | id=61 gold=C | joint={'beginner': 'C', 'intermediate': 'C', 'advanced': 'C'} | isolated=None
2026-09-01 04:56:12 | DEBUG    | student_sim | id=62 gold=C | joint={'beginner': 'A', 'intermediate': 'C', 'advanced': 'C'} | isolated=None
2026-09-01 04:56:12 | DEBUG    | student_sim | id=63 gold=A | joint={'beginner': 'A', 'intermediate': 'A', 'advanced': 'A'} | isolated=None
2026-09-01 04:56:13 | DEBUG    | student_sim | id=64 gold=B | joint={'beginner': 'D', 'intermediate': 'B', 'advanced': 'C'} | isolated=None
2026-09-01 04:56:14 | DEBUG    | student_sim | id=65 gold=C | joint={'beginner': 'C', 'intermediate': 'A', 'advanced': 'C'} | isolated=None
2026-09-01 04:56:15 | DEBUG    | student_sim | id=66 gold=C | joint={'beginner': 'C', 'intermediate': 'C', 'advanced': 'C'} | isolated=None
2026-09-01 04:56:16 | DEBUG    | student_sim | id=67 gold=D | joint={'beginner': 'A', 'intermediate': 'D', 'advanced': 'D'} | isolated=None
2026-09-01 04:56:16 | DEBUG    | student_sim | id=68 gold=A | joint={'beginner': 'A', 'intermediate': 'A', 'advanced': 'C'} | isolated=None
2026-09-01 04:56:17 | DEBUG    | student_sim | id=69 gold=B | joint={'beginner': 'B', 'intermediate': 'B', 'advanced': 'B'} | isolated=None
2026-09-01 04:56:18 | DEBUG    | student_sim | id=70 gold=D | joint={'beginner': 'C', 'intermediate': 'D', 'advanced': 'D'} | isolated=None
2026-09-01 04:56:19 | DEBUG    | student_sim | id=71 gold=C | joint={'beginner': 'D', 'intermediate': 'C', 'advanced': 'C'} | isolated=None
2026-09-01 04:56:19 | DEBUG    | student_sim | id=72 gold=C | joint={'beginner': 'D', 'intermediate': 'C', 'advanced': 'C'} | isolated=None
2026-09-01 04:56:20 | DEBUG    | student_sim | id=73 gold=B | joint={'beginner': 'B', 'intermediate': 'B', 'advanced': 'B'} | isolated=None
2026-09-01 04:56:21 | DEBUG    | student_sim | id=74 gold=B | joint={'beginner': 'D', 'intermediate': 'B', 'advanced': 'B'} | isolated=None
2026-09-01 04:56:22 | DEBUG    | student_sim | id=75 gold=D | joint={'beginner': 'C', 'intermediate': 'D', 'advanced': 'D'} | isolated=None
2026-09-01 04:56:23 | DEBUG    | student_sim | id=76 gold=D | joint={'beginner': 'C', 'intermediate': 'D', 'advanced': 'D'} | isolated=None
2026-09-01 04:56:23 | DEBUG    | student_sim | id=77 gold=D | joint={'beginner': 'C', 'intermediate': 'D', 'advanced': 'D'} | isolated=None
2026-09-01 04:56:24 | DEBUG    | student_sim | id=78 gold=A | joint={'beginner': 'D', 'intermediate': 'A', 'advanced': 'A'} | isolated=None
2026-09-01 04:56:25 | DEBUG    | student_sim | id=79 gold=B | joint={'beginner': 'B', 'intermediate': 'B', 'advanced': 'B'} | isolated=None
2026-09-01 04:56:26 | DEBUG    | student_sim | id=80 gold=B | joint={'beginner': 'A', 'intermediate': 'B', 'advanced': 'B'} | isolated=None
2026-09-01 04:56:26 | DEBUG    | student_sim | id=81 gold=A | joint={'beginner': 'A', 'intermediate': 'A', 'advanced': 'A'} | isolated=None
2026-09-01 04:56:27 | DEBUG    | student_sim | id=82 gold=A | joint={'beginner': 'D', 'intermediate': 'A', 'advanced': 'A'} | isolated=None
2026-09-01 04:56:28 | DEBUG    | student_sim | id=83 gold=C | joint={'beginner': 'D', 'intermediate': 'C', 'advanced': 'C'} | isolated=None
2026-09-01 04:56:29 | DEBUG    | student_sim | id=84 gold=C | joint={'beginner': 'A', 'intermediate': 'C', 'advanced': 'C'} | isolated=None
2026-09-01 04:56:30 | DEBUG    | student_sim | id=85 gold=C | joint={'beginner': 'A', 'intermediate': 'A', 'advanced': 'C'} | isolated=None
2026-09-01 04:56:30 | DEBUG    | student_sim | id=86 gold=B | joint={'beginner': 'A', 'intermediate': 'B', 'advanced': 'B'} | isolated=None
2026-09-01 04:56:31 | DEBUG    | student_sim | id=87 gold=D | joint={'beginner': 'A', 'intermediate': 'D', 'advanced': 'D'} | isolated=None
2026-09-01 04:56:31 | INFO     | student_sim |   [  88/ 884]  10.0% | acc B/I/A  join 0.35/0.86/0.89 | 0.80s/sample | ETA 10.7 min
2026-09-01 04:56:32 | DEBUG    | student_sim | id=88 gold=C | joint={'beginner': 'B', 'intermediate': 'C', 'advanced': 'C'} | isolated=None
2026-09-01 04:56:33 | DEBUG    | student_sim | id=89 gold=B | joint={'beginner': 'A', 'intermediate': 'D', 'advanced': 'D'} | isolated=None
2026-09-01 04:56:34 | DEBUG    | student_sim | id=90 gold=B | joint={'beginner': 'C', 'intermediate': 'B', 'advanced': 'B'} | isolated=None
2026-09-01 04:56:34 | DEBUG    | student_sim | id=91 gold=D | joint={'beginner': 'A', 'intermediate': 'D', 'advanced': 'D'} | isolated=None
2026-09-01 04:56:35 | DEBUG    | student_sim | id=92 gold=C | joint={'beginner': 'A', 'intermediate': 'B', 'advanced': 'C'} | isolated=None
2026-09-01 04:56:36 | DEBUG    | student_sim | id=93 gold=A | joint={'beginner': 'B', 'intermediate': 'A', 'advanced': 'A'} | isolated=None
2026-09-01 04:56:37 | DEBUG    | student_sim | id=94 gold=A | joint={'beginner': 'A', 'intermediate': 'A', 'advanced': 'A'} | isolated=None
2026-09-01 04:56:37 | DEBUG    | student_sim | id=95 gold=B | joint={'beginner': 'A', 'intermediate': 'B', 'advanced': 'B'} | isolated=None
2026-09-01 04:56:38 | DEBUG    | student_sim | id=96 gold=D | joint={'beginner': 'C', 'intermediate': 'C', 'advanced': 'D'} | isolated=None
2026-09-01 04:56:39 | DEBUG    | student_sim | id=97 gold=D | joint={'beginner': 'A', 'intermediate': 'D', 'advanced': 'D'} | isolated=None
2026-09-01 04:56:40 | DEBUG    | student_sim | id=98 gold=C | joint={'beginner': 'D', 'intermediate': 'C', 'advanced': 'C'} | isolated=None
2026-09-01 04:56:41 | DEBUG    | student_sim | id=99 gold=D | joint={'beginner': 'D', 'intermediate': 'D', 'advanced': 'D'} | isolated=None
2026-09-01 04:56:41 | DEBUG    | student_sim | id=100 gold=C | joint={'beginner': 'D', 'intermediate': 'C', 'advanced': 'C'} | isolated=None
2026-09-01 04:56:42 | DEBUG    | student_sim | id=101 gold=B | joint={'beginner': 'B', 'intermediate': 'B', 'advanced': 'B'} | isolated=None
2026-09-01 04:56:43 | DEBUG    | student_sim | id=102 gold=B | joint={'beginner': 'C', 'intermediate': 'B', 'advanced': 'B'} | isolated=None
2026-09-01 04:56:44 | DEBUG    | student_sim | id=103 gold=B | joint={'beginner': 'B', 'intermediate': 'B', 'advanced': 'B'} | isolated=None
2026-09-01 04:56:45 | DEBUG    | student_sim | id=104 gold=D | joint={'beginner': 'B', 'intermediate': 'D', 'advanced': 'D'} | isolated=None
2026-09-01 04:56:45 | DEBUG    | student_sim | id=105 gold=B | joint={'beginner': 'D', 'intermediate': 'B', 'advanced': 'B'} | isolated=None
2026-09-01 04:56:46 | DEBUG    | student_sim | id=106 gold=C | joint={'beginner': 'C', 'intermediate': 'B', 'advanced': 'B'} | isolated=None
2026-09-01 04:56:47 | DEBUG    | student_sim | id=107 gold=B | joint={'beginner': 'A', 'intermediate': 'B', 'advanced': 'B'} | isolated=None
2026-09-01 04:56:48 | DEBUG    | student_sim | id=108 gold=D | joint={'beginner': 'C', 'intermediate': 'D', 'advanced': 'D'} | isolated=None
2026-09-01 04:56:49 | DEBUG    | student_sim | id=109 gold=C | joint={'beginner': 'A', 'intermediate': 'C', 'advanced': 'C'} | isolated=None
2026-09-01 04:56:49 | DEBUG    | student_sim | id=110 gold=C | joint={'beginner': 'B', 'intermediate': 'C', 'advanced': 'C'} | isolated=None
2026-09-01 04:56:50 | DEBUG    | student_sim | id=111 gold=A | joint={'beginner': 'A', 'intermediate': 'A', 'advanced': 'A'} | isolated=None
2026-09-01 04:56:51 | DEBUG    | student_sim | id=112 gold=B | joint={'beginner': 'A', 'intermediate': 'B', 'advanced': 'B'} | isolated=None
2026-09-01 04:56:52 | DEBUG    | student_sim | id=113 gold=D | joint={'beginner': 'A', 'intermediate': 'D', 'advanced': 'D'} | isolated=None
2026-09-01 04:56:52 | DEBUG    | student_sim | id=114 gold=D | joint={'beginner': 'A', 'intermediate': 'D', 'advanced': 'D'} | isolated=None
2026-09-01 04:56:53 | DEBUG    | student_sim | id=115 gold=C | joint={'beginner': 'C', 'intermediate': 'C', 'advanced': 'C'} | isolated=None
2026-09-01 04:56:54 | DEBUG    | student_sim | id=116 gold=B | joint={'beginner': 'A', 'intermediate': 'A', 'advanced': 'B'} | isolated=None
2026-09-01 04:56:55 | DEBUG    | student_sim | id=117 gold=C | joint={'beginner': 'B', 'intermediate': 'C', 'advanced': 'C'} | isolated=None
2026-09-01 04:56:56 | DEBUG    | student_sim | id=118 gold=D | joint={'beginner': 'D', 'intermediate': 'D', 'advanced': 'D'} | isolated=None
2026-09-01 04:56:56 | DEBUG    | student_sim | id=119 gold=C | joint={'beginner': 'B', 'intermediate': 'C', 'advanced': 'C'} | isolated=None
2026-09-01 04:56:57 | DEBUG    | student_sim | id=120 gold=B | joint={'beginner': 'A', 'intermediate': 'B', 'advanced': 'B'} | isolated=None
2026-09-01 04:56:58 | DEBUG    | student_sim | id=121 gold=A | joint={'beginner': 'B', 'intermediate': 'A', 'advanced': 'A'} | isolated=None
2026-09-01 04:56:59 | DEBUG    | student_sim | id=122 gold=B | joint={'beginner': 'B', 'intermediate': 'B', 'advanced': 'B'} | isolated=None
2026-09-01 04:56:59 | DEBUG    | student_sim | id=123 gold=C | joint={'beginner': 'B', 'intermediate': 'C', 'advanced': 'C'} | isolated=None
2026-09-01 04:57:00 | DEBUG    | student_sim | id=124 gold=C | joint={'beginner': 'A', 'intermediate': 'C', 'advanced': 'C'} | isolated=None
2026-09-01 04:57:01 | DEBUG    | student_sim | id=125 gold=C | joint={'beginner': 'D', 'intermediate': 'C', 'advanced': 'C'} | isolated=None
2026-09-01 04:57:02 | DEBUG    | student_sim | id=126 gold=B | joint={'beginner': 'B', 'intermediate': 'B', 'advanced': 'B'} | isolated=None
2026-09-01 04:57:03 | DEBUG    | student_sim | id=127 gold=C | joint={'beginner': 'D', 'intermediate': 'C', 'advanced': 'C'} | isolated=None
2026-09-01 04:57:03 | DEBUG    | student_sim | id=128 gold=A | joint={'beginner': 'C', 'intermediate': 'A', 'advanced': 'A'} | isolated=None
2026-09-01 04:57:04 | DEBUG    | student_sim | id=129 gold=D | joint={'beginner': 'A', 'intermediate': 'B', 'advanced': 'D'} | isolated=None
2026-09-01 04:57:05 | DEBUG    | student_sim | id=130 gold=A | joint={'beginner': 'A', 'intermediate': 'A', 'advanced': 'A'} | isolated=None
2026-09-01 04:57:06 | DEBUG    | student_sim | id=131 gold=D | joint={'beginner': 'B', 'intermediate': 'D', 'advanced': 'D'} | isolated=None
2026-09-01 04:57:06 | INFO     | student_sim |   [ 132/ 884]  14.9% | acc B/I/A  join 0.32/0.86/0.91 | 0.80s/sample | ETA 10.0 min
2026-09-01 04:57:07 | DEBUG    | student_sim | id=132 gold=A | joint={'beginner': 'C', 'intermediate': 'A', 'advanced': 'A'} | isolated=None
2026-09-01 04:57:07 | DEBUG    | student_sim | id=133 gold=D | joint={'beginner': 'C', 'intermediate': 'D', 'advanced': 'D'} | isolated=None
2026-09-01 04:57:08 | DEBUG    | student_sim | id=134 gold=A | joint={'beginner': 'A', 'intermediate': 'A', 'advanced': 'A'} | isolated=None
2026-09-01 04:57:09 | DEBUG    | student_sim | id=135 gold=B | joint={'beginner': 'A', 'intermediate': 'A', 'advanced': 'B'} | isolated=None
2026-09-01 04:57:10 | DEBUG    | student_sim | id=136 gold=B | joint={'beginner': 'D', 'intermediate': 'B', 'advanced': 'B'} | isolated=None
2026-09-01 04:57:10 | DEBUG    | student_sim | id=137 gold=C | joint={'beginner': 'D', 'intermediate': 'C', 'advanced': 'C'} | isolated=None
2026-09-01 04:57:11 | DEBUG    | student_sim | id=138 gold=D | joint={'beginner': 'D', 'intermediate': 'B', 'advanced': 'C'} | isolated=None
2026-09-01 04:57:12 | DEBUG    | student_sim | id=139 gold=B | joint={'beginner': 'C', 'intermediate': 'B', 'advanced': 'B'} | isolated=None
2026-09-01 04:57:13 | DEBUG    | student_sim | id=140 gold=A | joint={'beginner': 'C', 'intermediate': 'A', 'advanced': 'A'} | isolated=None
2026-09-01 04:57:14 | DEBUG    | student_sim | id=141 gold=D | joint={'beginner': 'A', 'intermediate': 'D', 'advanced': 'D'} | isolated=None
2026-09-01 04:57:14 | DEBUG    | student_sim | id=142 gold=A | joint={'beginner': 'B', 'intermediate': 'A', 'advanced': 'A'} | isolated=None
2026-09-01 04:57:15 | DEBUG    | student_sim | id=143 gold=A | joint={'beginner': 'C', 'intermediate': 'A', 'advanced': 'A'} | isolated=None
2026-09-01 04:57:16 | DEBUG    | student_sim | id=144 gold=C | joint={'beginner': 'D', 'intermediate': 'C', 'advanced': 'A'} | isolated=None
2026-09-01 04:57:17 | DEBUG    | student_sim | id=145 gold=B | joint={'beginner': 'A', 'intermediate': 'B', 'advanced': 'B'} | isolated=None
2026-09-01 04:57:17 | DEBUG    | student_sim | id=146 gold=B | joint={'beginner': 'C', 'intermediate': 'B', 'advanced': 'B'} | isolated=None
2026-09-01 04:57:18 | DEBUG    | student_sim | id=147 gold=B | joint={'beginner': 'A', 'intermediate': 'B', 'advanced': 'B'} | isolated=None
2026-09-01 04:57:19 | DEBUG    | student_sim | id=148 gold=A | joint={'beginner': 'A', 'intermediate': 'D', 'advanced': 'A'} | isolated=None
2026-09-01 04:57:20 | DEBUG    | student_sim | id=149 gold=A | joint={'beginner': 'C', 'intermediate': 'A', 'advanced': 'A'} | isolated=None
2026-09-01 04:57:21 | DEBUG    | student_sim | id=150 gold=A | joint={'beginner': 'B', 'intermediate': 'A', 'advanced': 'A'} | isolated=None
2026-09-01 04:57:21 | DEBUG    | student_sim | id=151 gold=B | joint={'beginner': 'B', 'intermediate': 'B', 'advanced': 'B'} | isolated=None
2026-09-01 04:57:22 | DEBUG    | student_sim | id=152 gold=A | joint={'beginner': 'D', 'intermediate': 'A', 'advanced': 'A'} | isolated=None
2026-09-01 04:57:23 | DEBUG    | student_sim | id=153 gold=D | joint={'beginner': 'A', 'intermediate': 'D', 'advanced': 'C'} | isolated=None
2026-09-01 04:57:24 | DEBUG    | student_sim | id=154 gold=C | joint={'beginner': 'A', 'intermediate': 'C', 'advanced': 'C'} | isolated=None
2026-09-01 04:57:25 | DEBUG    | student_sim | id=155 gold=D | joint={'beginner': 'B', 'intermediate': 'D', 'advanced': 'D'} | isolated=None
2026-09-01 04:57:25 | DEBUG    | student_sim | id=156 gold=B | joint={'beginner': 'A', 'intermediate': 'B', 'advanced': 'B'} | isolated=None
2026-09-01 04:57:26 | DEBUG    | student_sim | id=157 gold=B | joint={'beginner': 'A', 'intermediate': 'B', 'advanced': 'B'} | isolated=None
2026-09-01 04:57:27 | DEBUG    | student_sim | id=158 gold=A | joint={'beginner': 'A', 'intermediate': 'A', 'advanced': 'A'} | isolated=None
2026-09-01 04:57:28 | DEBUG    | student_sim | id=159 gold=C | joint={'beginner': 'A', 'intermediate': 'C', 'advanced': 'C'} | isolated=None
2026-09-01 04:57:28 | DEBUG    | student_sim | id=160 gold=D | joint={'beginner': 'B', 'intermediate': 'D', 'advanced': 'D'} | isolated=None
2026-09-01 04:57:29 | DEBUG    | student_sim | id=161 gold=A | joint={'beginner': 'D', 'intermediate': 'A', 'advanced': 'A'} | isolated=None
2026-09-01 04:57:30 | DEBUG    | student_sim | id=162 gold=D | joint={'beginner': 'D', 'intermediate': 'D', 'advanced': 'D'} | isolated=None
2026-09-01 04:57:31 | DEBUG    | student_sim | id=163 gold=D | joint={'beginner': 'D', 'intermediate': 'B', 'advanced': 'B'} | isolated=None
2026-09-01 04:57:32 | DEBUG    | student_sim | id=164 gold=A | joint={'beginner': 'A', 'intermediate': 'A', 'advanced': 'A'} | isolated=None
2026-09-01 04:57:32 | DEBUG    | student_sim | id=165 gold=A | joint={'beginner': 'A', 'intermediate': 'A', 'advanced': 'A'} | isolated=None
2026-09-01 04:57:33 | DEBUG    | student_sim | id=166 gold=C | joint={'beginner': 'B', 'intermediate': 'B', 'advanced': 'C'} | isolated=None
2026-09-01 04:57:34 | DEBUG    | student_sim | id=167 gold=B | joint={'beginner': 'A', 'intermediate': 'B', 'advanced': 'B'} | isolated=None
2026-09-01 04:57:35 | DEBUG    | student_sim | id=168 gold=A | joint={'beginner': 'B', 'intermediate': 'A', 'advanced': 'A'} | isolated=None
2026-09-01 04:57:36 | DEBUG    | student_sim | id=169 gold=A | joint={'beginner': 'A', 'intermediate': 'A', 'advanced': 'A'} | isolated=None
2026-09-01 04:57:36 | DEBUG    | student_sim | id=170 gold=D | joint={'beginner': 'C', 'intermediate': 'C', 'advanced': 'D'} | isolated=None
2026-09-01 04:57:37 | DEBUG    | student_sim | id=171 gold=A | joint={'beginner': 'D', 'intermediate': 'C', 'advanced': 'C'} | isolated=None
2026-09-01 04:57:38 | DEBUG    | student_sim | id=172 gold=B | joint={'beginner': 'A', 'intermediate': 'B', 'advanced': 'B'} | isolated=None
2026-09-01 04:57:39 | DEBUG    | student_sim | id=173 gold=C | joint={'beginner': 'C', 'intermediate': 'C', 'advanced': 'C'} | isolated=None
2026-09-01 04:57:39 | DEBUG    | student_sim | id=174 gold=B | joint={'beginner': 'A', 'intermediate': 'B', 'advanced': 'B'} | isolated=None
2026-09-01 04:57:40 | DEBUG    | student_sim | id=175 gold=C | joint={'beginner': 'D', 'intermediate': 'C', 'advanced': 'C'} | isolated=None
2026-09-01 04:57:40 | INFO     | student_sim |   [ 176/ 884]  19.9% | acc B/I/A  join 0.30/0.86/0.90 | 0.79s/sample | ETA 9.4 min
2026-09-01 04:57:41 | DEBUG    | student_sim | id=176 gold=A | joint={'beginner': 'A', 'intermediate': 'A', 'advanced': 'A'} | isolated=None
2026-09-01 04:57:42 | DEBUG    | student_sim | id=177 gold=C | joint={'beginner': 'C', 'intermediate': 'C', 'advanced': 'C'} | isolated=None
2026-09-01 04:57:43 | DEBUG    | student_sim | id=178 gold=B | joint={'beginner': 'A', 'intermediate': 'B', 'advanced': 'B'} | isolated=None
2026-09-01 04:57:43 | DEBUG    | student_sim | id=179 gold=B | joint={'beginner': 'A', 'intermediate': 'B', 'advanced': 'B'} | isolated=None
2026-09-01 04:57:44 | DEBUG    | student_sim | id=180 gold=A | joint={'beginner': 'A', 'intermediate': 'A', 'advanced': 'A'} | isolated=None
2026-09-01 04:57:45 | DEBUG    | student_sim | id=181 gold=B | joint={'beginner': 'A', 'intermediate': 'B', 'advanced': 'B'} | isolated=None
2026-09-01 04:57:46 | DEBUG    | student_sim | id=182 gold=C | joint={'beginner': 'A', 'intermediate': 'C', 'advanced': 'C'} | isolated=None
2026-09-01 04:57:47 | DEBUG    | student_sim | id=183 gold=B | joint={'beginner': 'C', 'intermediate': 'B', 'advanced': 'B'} | isolated=None
2026-09-01 04:57:47 | DEBUG    | student_sim | id=184 gold=A | joint={'beginner': 'B', 'intermediate': 'A', 'advanced': 'A'} | isolated=None
2026-09-01 04:57:48 | DEBUG    | student_sim | id=185 gold=B | joint={'beginner': 'D', 'intermediate': 'B', 'advanced': 'B'} | isolated=None
2026-09-01 04:57:49 | DEBUG    | student_sim | id=186 gold=D | joint={'beginner': 'D', 'intermediate': 'D', 'advanced': 'B'} | isolated=None
2026-09-01 04:57:50 | DEBUG    | student_sim | id=187 gold=D | joint={'beginner': 'A', 'intermediate': 'D', 'advanced': 'D'} | isolated=None
2026-09-01 04:57:50 | DEBUG    | student_sim | id=188 gold=B | joint={'beginner': 'C', 'intermediate': 'B', 'advanced': 'B'} | isolated=None
2026-09-01 04:57:51 | DEBUG    | student_sim | id=189 gold=D | joint={'beginner': 'C', 'intermediate': 'D', 'advanced': 'D'} | isolated=None
2026-09-01 04:57:52 | DEBUG    | student_sim | id=190 gold=C | joint={'beginner': 'C', 'intermediate': 'C', 'advanced': 'C'} | isolated=None
2026-09-01 04:57:53 | DEBUG    | student_sim | id=191 gold=A | joint={'beginner': 'B', 'intermediate': 'A', 'advanced': 'A'} | isolated=None
2026-09-01 04:57:54 | DEBUG    | student_sim | id=192 gold=A | joint={'beginner': 'B', 'intermediate': 'B', 'advanced': 'A'} | isolated=None
2026-09-01 04:57:54 | DEBUG    | student_sim | id=193 gold=D | joint={'beginner': 'A', 'intermediate': 'A', 'advanced': 'D'} | isolated=None
2026-09-01 04:57:55 | DEBUG    | student_sim | id=194 gold=D | joint={'beginner': 'C', 'intermediate': 'D', 'advanced': 'D'} | isolated=None
2026-09-01 04:57:56 | DEBUG    | student_sim | id=195 gold=D | joint={'beginner': 'D', 'intermediate': 'D', 'advanced': 'D'} | isolated=None
2026-09-01 04:57:57 | DEBUG    | student_sim | id=196 gold=D | joint={'beginner': 'A', 'intermediate': 'D', 'advanced': 'D'} | isolated=None
2026-09-01 04:57:58 | DEBUG    | student_sim | id=197 gold=D | joint={'beginner': 'C', 'intermediate': 'D', 'advanced': 'D'} | isolated=None
2026-09-01 04:57:58 | DEBUG    | student_sim | id=198 gold=C | joint={'beginner': 'C', 'intermediate': 'C', 'advanced': 'C'} | isolated=None
2026-09-01 04:57:59 | DEBUG    | student_sim | id=199 gold=D | joint={'beginner': 'B', 'intermediate': 'D', 'advanced': 'D'} | isolated=None
2026-09-01 04:58:00 | DEBUG    | student_sim | id=200 gold=A | joint={'beginner': 'A', 'intermediate': 'B', 'advanced': 'B'} | isolated=None
2026-09-01 04:58:01 | DEBUG    | student_sim | id=201 gold=C | joint={'beginner': 'A', 'intermediate': 'C', 'advanced': 'C'} | isolated=None
2026-09-01 04:58:01 | DEBUG    | student_sim | id=202 gold=B | joint={'beginner': 'B', 'intermediate': 'B', 'advanced': 'B'} | isolated=None
2026-09-01 04:58:02 | DEBUG    | student_sim | id=203 gold=D | joint={'beginner': 'D', 'intermediate': 'D', 'advanced': 'A'} | isolated=None
2026-09-01 04:58:03 | DEBUG    | student_sim | id=204 gold=B | joint={'beginner': 'B', 'intermediate': 'B', 'advanced': 'B'} | isolated=None
2026-09-01 04:58:04 | DEBUG    | student_sim | id=205 gold=D | joint={'beginner': 'C', 'intermediate': 'D', 'advanced': 'D'} | isolated=None
2026-09-01 04:58:05 | DEBUG    | student_sim | id=206 gold=D | joint={'beginner': 'A', 'intermediate': 'C', 'advanced': 'D'} | isolated=None
2026-09-01 04:58:05 | DEBUG    | student_sim | id=207 gold=D | joint={'beginner': 'A', 'intermediate': 'D', 'advanced': 'D'} | isolated=None
2026-09-01 04:58:06 | DEBUG    | student_sim | id=208 gold=A | joint={'beginner': 'C', 'intermediate': 'A', 'advanced': 'A'} | isolated=None
2026-09-01 04:58:07 | DEBUG    | student_sim | id=209 gold=C | joint={'beginner': 'D', 'intermediate': 'C', 'advanced': 'C'} | isolated=None
2026-09-01 04:58:08 | DEBUG    | student_sim | id=210 gold=D | joint={'beginner': 'D', 'intermediate': 'D', 'advanced': 'D'} | isolated=None
2026-09-01 04:58:08 | DEBUG    | student_sim | id=211 gold=D | joint={'beginner': 'D', 'intermediate': 'D', 'advanced': 'D'} | isolated=None
2026-09-01 04:58:09 | DEBUG    | student_sim | id=212 gold=B | joint={'beginner': 'B', 'intermediate': 'B', 'advanced': 'B'} | isolated=None
2026-09-01 04:58:10 | DEBUG    | student_sim | id=213 gold=C | joint={'beginner': 'A', 'intermediate': 'C', 'advanced': 'C'} | isolated=None
2026-09-01 04:58:11 | DEBUG    | student_sim | id=214 gold=A | joint={'beginner': 'A', 'intermediate': 'A', 'advanced': 'A'} | isolated=None
2026-09-01 04:58:12 | DEBUG    | student_sim | id=215 gold=B | joint={'beginner': 'A', 'intermediate': 'B', 'advanced': 'B'} | isolated=None
2026-09-01 04:58:12 | DEBUG    | student_sim | id=216 gold=D | joint={'beginner': 'C', 'intermediate': 'C', 'advanced': 'D'} | isolated=None
2026-09-01 04:58:13 | DEBUG    | student_sim | id=217 gold=A | joint={'beginner': 'B', 'intermediate': 'A', 'advanced': 'A'} | isolated=None
2026-09-01 04:58:14 | DEBUG    | student_sim | id=218 gold=C | joint={'beginner': 'A', 'intermediate': 'C', 'advanced': 'C'} | isolated=None
2026-09-01 04:58:15 | DEBUG    | student_sim | id=219 gold=C | joint={'beginner': 'D', 'intermediate': 'A', 'advanced': 'A'} | isolated=None
2026-09-01 04:58:15 | INFO     | student_sim |   [ 220/ 884]  24.9% | acc B/I/A  join 0.31/0.86/0.90 | 0.79s/sample | ETA 8.8 min
2026-09-01 04:58:16 | DEBUG    | student_sim | id=220 gold=A | joint={'beginner': 'A', 'intermediate': 'A', 'advanced': 'A'} | isolated=None
2026-09-01 04:58:16 | DEBUG    | student_sim | id=221 gold=A | joint={'beginner': 'B', 'intermediate': 'B', 'advanced': 'A'} | isolated=None
2026-09-01 04:58:17 | DEBUG    | student_sim | id=222 gold=D | joint={'beginner': 'A', 'intermediate': 'D', 'advanced': 'D'} | isolated=None
2026-09-01 04:58:18 | DEBUG    | student_sim | id=223 gold=D | joint={'beginner': 'D', 'intermediate': 'A', 'advanced': 'A'} | isolated=None
2026-09-01 04:58:19 | DEBUG    | student_sim | id=224 gold=B | joint={'beginner': 'B', 'intermediate': 'B', 'advanced': 'B'} | isolated=None
2026-09-01 04:58:19 | DEBUG    | student_sim | id=225 gold=A | joint={'beginner': 'A', 'intermediate': 'A', 'advanced': 'A'} | isolated=None
2026-09-01 04:58:20 | DEBUG    | student_sim | id=226 gold=C | joint={'beginner': 'C', 'intermediate': 'C', 'advanced': 'A'} | isolated=None
2026-09-01 04:58:21 | DEBUG    | student_sim | id=227 gold=C | joint={'beginner': 'B', 'intermediate': 'C', 'advanced': 'C'} | isolated=None
2026-09-01 04:58:22 | DEBUG    | student_sim | id=228 gold=A | joint={'beginner': 'D', 'intermediate': 'A', 'advanced': 'A'} | isolated=None
2026-09-01 04:58:23 | DEBUG    | student_sim | id=229 gold=A | joint={'beginner': 'A', 'intermediate': 'A', 'advanced': 'A'} | isolated=None
2026-09-01 04:58:23 | DEBUG    | student_sim | id=230 gold=A | joint={'beginner': 'D', 'intermediate': 'A', 'advanced': 'A'} | isolated=None
2026-09-01 04:58:24 | DEBUG    | student_sim | id=231 gold=A | joint={'beginner': 'D', 'intermediate': 'D', 'advanced': 'A'} | isolated=None
2026-09-01 04:58:25 | DEBUG    | student_sim | id=232 gold=A | joint={'beginner': 'C', 'intermediate': 'A', 'advanced': 'A'} | isolated=None
2026-09-01 04:58:26 | DEBUG    | student_sim | id=233 gold=C | joint={'beginner': 'A', 'intermediate': 'C', 'advanced': 'C'} | isolated=None
2026-09-01 04:58:26 | DEBUG    | student_sim | id=234 gold=C | joint={'beginner': 'B', 'intermediate': 'C', 'advanced': 'C'} | isolated=None
2026-09-01 04:58:27 | DEBUG    | student_sim | id=235 gold=C | joint={'beginner': 'D', 'intermediate': 'C', 'advanced': 'C'} | isolated=None
2026-09-01 04:58:28 | DEBUG    | student_sim | id=236 gold=A | joint={'beginner': 'A', 'intermediate': 'A', 'advanced': 'A'} | isolated=None
2026-09-01 04:58:29 | DEBUG    | student_sim | id=237 gold=D | joint={'beginner': 'C', 'intermediate': 'B', 'advanced': 'A'} | isolated=None
2026-09-01 04:58:30 | DEBUG    | student_sim | id=238 gold=B | joint={'beginner': 'D', 'intermediate': 'B', 'advanced': 'B'} | isolated=None
2026-09-01 04:58:30 | DEBUG    | student_sim | id=239 gold=C | joint={'beginner': 'D', 'intermediate': 'C', 'advanced': 'C'} | isolated=None
2026-09-01 04:58:31 | DEBUG    | student_sim | id=240 gold=C | joint={'beginner': 'A', 'intermediate': 'C', 'advanced': 'A'} | isolated=None
2026-09-01 04:58:32 | DEBUG    | student_sim | id=241 gold=B | joint={'beginner': 'B', 'intermediate': 'B', 'advanced': 'B'} | isolated=None
2026-09-01 04:58:33 | DEBUG    | student_sim | id=242 gold=C | joint={'beginner': 'D', 'intermediate': 'C', 'advanced': 'C'} | isolated=None
2026-09-01 04:58:34 | DEBUG    | student_sim | id=243 gold=A | joint={'beginner': 'B', 'intermediate': 'A', 'advanced': 'A'} | isolated=None
2026-09-01 04:58:34 | DEBUG    | student_sim | id=244 gold=B | joint={'beginner': 'B', 'intermediate': 'C', 'advanced': 'B'} | isolated=None
2026-09-01 04:58:35 | DEBUG    | student_sim | id=245 gold=D | joint={'beginner': 'D', 'intermediate': 'B', 'advanced': 'B'} | isolated=None
2026-09-01 04:58:36 | DEBUG    | student_sim | id=246 gold=D | joint={'beginner': 'B', 'intermediate': 'D', 'advanced': 'D'} | isolated=None
2026-09-01 04:58:37 | DEBUG    | student_sim | id=247 gold=C | joint={'beginner': 'B', 'intermediate': 'C', 'advanced': 'C'} | isolated=None
2026-09-01 04:58:37 | DEBUG    | student_sim | id=248 gold=C | joint={'beginner': 'A', 'intermediate': 'C', 'advanced': 'C'} | isolated=None
2026-09-01 04:58:38 | DEBUG    | student_sim | id=249 gold=D | joint={'beginner': 'D', 'intermediate': 'D', 'advanced': 'D'} | isolated=None
2026-09-01 04:58:39 | DEBUG    | student_sim | id=250 gold=B | joint={'beginner': 'A', 'intermediate': 'B', 'advanced': 'B'} | isolated=None
2026-09-01 04:58:40 | DEBUG    | student_sim | id=251 gold=A | joint={'beginner': 'B', 'intermediate': 'A', 'advanced': 'A'} | isolated=None
2026-09-01 04:58:41 | DEBUG    | student_sim | id=252 gold=A | joint={'beginner': 'A', 'intermediate': 'A', 'advanced': 'A'} | isolated=None
2026-09-01 04:58:41 | DEBUG    | student_sim | id=253 gold=B | joint={'beginner': 'A', 'intermediate': 'B', 'advanced': 'B'} | isolated=None
2026-09-01 04:58:42 | DEBUG    | student_sim | id=254 gold=D | joint={'beginner': 'A', 'intermediate': 'A', 'advanced': 'D'} | isolated=None
2026-09-01 04:58:43 | DEBUG    | student_sim | id=255 gold=B | joint={'beginner': 'A', 'intermediate': 'B', 'advanced': 'B'} | isolated=None
2026-09-01 04:58:44 | DEBUG    | student_sim | id=256 gold=C | joint={'beginner': 'D', 'intermediate': 'D', 'advanced': 'D'} | isolated=None
2026-09-01 04:58:45 | DEBUG    | student_sim | id=257 gold=D | joint={'beginner': 'C', 'intermediate': 'D', 'advanced': 'D'} | isolated=None
2026-09-01 04:58:45 | DEBUG    | student_sim | id=258 gold=A | joint={'beginner': 'B', 'intermediate': 'A', 'advanced': 'A'} | isolated=None
2026-09-01 04:58:46 | DEBUG    | student_sim | id=259 gold=C | joint={'beginner': 'D', 'intermediate': 'C', 'advanced': 'C'} | isolated=None
2026-09-01 04:58:47 | DEBUG    | student_sim | id=260 gold=A | joint={'beginner': 'A', 'intermediate': 'A', 'advanced': 'A'} | isolated=None
2026-09-01 04:58:48 | DEBUG    | student_sim | id=261 gold=C | joint={'beginner': 'D', 'intermediate': 'C', 'advanced': 'C'} | isolated=None
2026-09-01 04:58:48 | DEBUG    | student_sim | id=262 gold=B | joint={'beginner': 'A', 'intermediate': 'B', 'advanced': 'B'} | isolated=None
2026-09-01 04:58:49 | DEBUG    | student_sim | id=263 gold=C | joint={'beginner': 'D', 'intermediate': 'C', 'advanced': 'C'} | isolated=None
2026-09-01 04:58:49 | INFO     | student_sim |   [ 264/ 884]  29.9% | acc B/I/A  join 0.31/0.85/0.90 | 0.79s/sample | ETA 8.2 min
2026-09-01 04:58:50 | DEBUG    | student_sim | id=264 gold=B | joint={'beginner': 'A', 'intermediate': 'B', 'advanced': 'B'} | isolated=None
2026-09-01 04:58:51 | DEBUG    | student_sim | id=265 gold=D | joint={'beginner': 'C', 'intermediate': 'D', 'advanced': 'D'} | isolated=None
2026-09-01 04:58:52 | DEBUG    | student_sim | id=266 gold=A | joint={'beginner': 'A', 'intermediate': 'A', 'advanced': 'A'} | isolated=None
2026-09-01 04:58:52 | DEBUG    | student_sim | id=267 gold=C | joint={'beginner': 'A', 'intermediate': 'C', 'advanced': 'C'} | isolated=None
2026-09-01 04:58:53 | DEBUG    | student_sim | id=268 gold=A | joint={'beginner': 'C', 'intermediate': 'A', 'advanced': 'A'} | isolated=None
2026-09-01 04:58:54 | DEBUG    | student_sim | id=269 gold=A | joint={'beginner': 'D', 'intermediate': 'A', 'advanced': 'A'} | isolated=None
2026-09-01 04:58:55 | DEBUG    | student_sim | id=270 gold=C | joint={'beginner': 'B', 'intermediate': 'C', 'advanced': 'C'} | isolated=None
2026-09-01 04:58:56 | DEBUG    | student_sim | id=271 gold=A | joint={'beginner': 'A', 'intermediate': 'A', 'advanced': 'A'} | isolated=None
2026-09-01 04:58:56 | DEBUG    | student_sim | id=272 gold=C | joint={'beginner': 'B', 'intermediate': 'D', 'advanced': 'C'} | isolated=None
2026-09-01 04:58:57 | DEBUG    | student_sim | id=273 gold=B | joint={'beginner': 'A', 'intermediate': 'B', 'advanced': 'B'} | isolated=None
2026-09-01 04:58:58 | DEBUG    | student_sim | id=274 gold=B | joint={'beginner': 'A', 'intermediate': 'B', 'advanced': 'B'} | isolated=None
2026-09-01 04:58:59 | DEBUG    | student_sim | id=275 gold=A | joint={'beginner': 'B', 'intermediate': 'B', 'advanced': 'A'} | isolated=None
2026-09-01 04:58:59 | DEBUG    | student_sim | id=276 gold=C | joint={'beginner': 'C', 'intermediate': 'C', 'advanced': 'C'} | isolated=None
2026-09-01 04:59:00 | DEBUG    | student_sim | id=277 gold=C | joint={'beginner': 'C', 'intermediate': 'C', 'advanced': 'C'} | isolated=None
2026-09-01 04:59:01 | DEBUG    | student_sim | id=278 gold=A | joint={'beginner': 'D', 'intermediate': 'C', 'advanced': 'A'} | isolated=None
2026-09-01 04:59:02 | DEBUG    | student_sim | id=279 gold=B | joint={'beginner': 'D', 'intermediate': 'D', 'advanced': 'B'} | isolated=None
2026-09-01 04:59:03 | DEBUG    | student_sim | id=280 gold=A | joint={'beginner': 'B', 'intermediate': 'A', 'advanced': 'A'} | isolated=None
2026-09-01 04:59:03 | DEBUG    | student_sim | id=281 gold=A | joint={'beginner': 'D', 'intermediate': 'A', 'advanced': 'A'} | isolated=None
2026-09-01 04:59:04 | DEBUG    | student_sim | id=282 gold=D | joint={'beginner': 'B', 'intermediate': 'D', 'advanced': 'D'} | isolated=None
2026-09-01 04:59:05 | DEBUG    | student_sim | id=283 gold=A | joint={'beginner': 'B', 'intermediate': 'A', 'advanced': 'A'} | isolated=None
2026-09-01 04:59:06 | DEBUG    | student_sim | id=284 gold=D | joint={'beginner': 'B', 'intermediate': 'D', 'advanced': 'D'} | isolated=None
2026-09-01 04:59:07 | DEBUG    | student_sim | id=285 gold=B | joint={'beginner': 'A', 'intermediate': 'B', 'advanced': 'B'} | isolated=None
2026-09-01 04:59:07 | DEBUG    | student_sim | id=286 gold=A | joint={'beginner': 'A', 'intermediate': 'A', 'advanced': 'A'} | isolated=None
2026-09-01 04:59:08 | DEBUG    | student_sim | id=287 gold=A | joint={'beginner': 'A', 'intermediate': 'A', 'advanced': 'A'} | isolated=None
2026-09-01 04:59:09 | DEBUG    | student_sim | id=288 gold=D | joint={'beginner': 'A', 'intermediate': 'D', 'advanced': 'D'} | isolated=None
2026-09-01 04:59:10 | DEBUG    | student_sim | id=289 gold=A | joint={'beginner': 'A', 'intermediate': 'A', 'advanced': 'A'} | isolated=None
2026-09-01 04:59:10 | DEBUG    | student_sim | id=290 gold=C | joint={'beginner': 'D', 'intermediate': 'C', 'advanced': 'C'} | isolated=None
2026-09-01 04:59:11 | DEBUG    | student_sim | id=291 gold=B | joint={'beginner': 'C', 'intermediate': 'B', 'advanced': 'B'} | isolated=None
2026-09-01 04:59:12 | DEBUG    | student_sim | id=292 gold=B | joint={'beginner': 'B', 'intermediate': 'B', 'advanced': 'B'} | isolated=None
2026-09-01 04:59:13 | DEBUG    | student_sim | id=293 gold=C | joint={'beginner': 'B', 'intermediate': 'C', 'advanced': 'C'} | isolated=None
2026-09-01 04:59:14 | DEBUG    | student_sim | id=294 gold=D | joint={'beginner': 'D', 'intermediate': 'C', 'advanced': 'D'} | isolated=None
2026-09-01 04:59:14 | DEBUG    | student_sim | id=295 gold=A | joint={'beginner': 'A', 'intermediate': 'A', 'advanced': 'A'} | isolated=None
2026-09-01 04:59:15 | DEBUG    | student_sim | id=296 gold=A | joint={'beginner': 'C', 'intermediate': 'A', 'advanced': 'A'} | isolated=None
2026-09-01 04:59:16 | DEBUG    | student_sim | id=297 gold=C | joint={'beginner': 'C', 'intermediate': 'C', 'advanced': 'B'} | isolated=None
2026-09-01 04:59:17 | DEBUG    | student_sim | id=298 gold=B | joint={'beginner': 'B', 'intermediate': 'B', 'advanced': 'B'} | isolated=None
2026-09-01 04:59:18 | DEBUG    | student_sim | id=299 gold=C | joint={'beginner': 'B', 'intermediate': 'C', 'advanced': 'C'} | isolated=None
2026-09-01 04:59:18 | DEBUG    | student_sim | id=300 gold=A | joint={'beginner': 'B', 'intermediate': 'A', 'advanced': 'A'} | isolated=None
2026-09-01 04:59:19 | DEBUG    | student_sim | id=301 gold=D | joint={'beginner': 'A', 'intermediate': 'D', 'advanced': 'D'} | isolated=None
2026-09-01 04:59:20 | DEBUG    | student_sim | id=302 gold=C | joint={'beginner': 'D', 'intermediate': 'C', 'advanced': 'C'} | isolated=None
2026-09-01 04:59:21 | DEBUG    | student_sim | id=303 gold=A | joint={'beginner': 'D', 'intermediate': 'D', 'advanced': 'A'} | isolated=None
2026-09-01 04:59:21 | DEBUG    | student_sim | id=304 gold=A | joint={'beginner': 'A', 'intermediate': 'A', 'advanced': 'A'} | isolated=None
2026-09-01 04:59:22 | DEBUG    | student_sim | id=305 gold=B | joint={'beginner': 'C', 'intermediate': 'B', 'advanced': 'B'} | isolated=None
2026-09-01 04:59:23 | DEBUG    | student_sim | id=306 gold=C | joint={'beginner': 'A', 'intermediate': 'C', 'advanced': 'C'} | isolated=None
2026-09-01 04:59:24 | DEBUG    | student_sim | id=307 gold=D | joint={'beginner': 'C', 'intermediate': 'D', 'advanced': 'D'} | isolated=None
2026-09-01 04:59:24 | INFO     | student_sim |   [ 308/ 884]  34.8% | acc B/I/A  join 0.31/0.85/0.91 | 0.79s/sample | ETA 7.6 min
2026-09-01 04:59:25 | DEBUG    | student_sim | id=308 gold=B | joint={'beginner': 'D', 'intermediate': 'B', 'advanced': 'B'} | isolated=None
2026-09-01 04:59:25 | DEBUG    | student_sim | id=309 gold=C | joint={'beginner': 'B', 'intermediate': 'B', 'advanced': 'C'} | isolated=None
2026-09-01 04:59:26 | DEBUG    | student_sim | id=310 gold=C | joint={'beginner': 'A', 'intermediate': 'C', 'advanced': 'C'} | isolated=None
2026-09-01 04:59:27 | DEBUG    | student_sim | id=311 gold=D | joint={'beginner': 'C', 'intermediate': 'D', 'advanced': 'D'} | isolated=None
2026-09-01 04:59:28 | DEBUG    | student_sim | id=312 gold=D | joint={'beginner': 'C', 'intermediate': 'D', 'advanced': 'D'} | isolated=None
2026-09-01 04:59:28 | DEBUG    | student_sim | id=313 gold=B | joint={'beginner': 'B', 'intermediate': 'B', 'advanced': 'B'} | isolated=None
2026-09-01 04:59:29 | DEBUG    | student_sim | id=314 gold=D | joint={'beginner': 'C', 'intermediate': 'D', 'advanced': 'D'} | isolated=None
2026-09-01 04:59:30 | DEBUG    | student_sim | id=315 gold=A | joint={'beginner': 'B', 'intermediate': 'A', 'advanced': 'A'} | isolated=None
2026-09-01 04:59:31 | DEBUG    | student_sim | id=316 gold=D | joint={'beginner': 'C', 'intermediate': 'C', 'advanced': 'D'} | isolated=None
2026-09-01 04:59:32 | DEBUG    | student_sim | id=317 gold=A | joint={'beginner': 'C', 'intermediate': 'A', 'advanced': 'A'} | isolated=None
2026-09-01 04:59:32 | DEBUG    | student_sim | id=318 gold=D | joint={'beginner': 'D', 'intermediate': 'D', 'advanced': 'D'} | isolated=None
2026-09-01 04:59:33 | DEBUG    | student_sim | id=319 gold=A | joint={'beginner': 'A', 'intermediate': 'A', 'advanced': 'A'} | isolated=None
2026-09-01 04:59:34 | DEBUG    | student_sim | id=320 gold=B | joint={'beginner': 'B', 'intermediate': 'B', 'advanced': 'A'} | isolated=None
2026-09-01 04:59:35 | DEBUG    | student_sim | id=321 gold=C | joint={'beginner': 'A', 'intermediate': 'C', 'advanced': 'C'} | isolated=None
2026-09-01 04:59:36 | DEBUG    | student_sim | id=322 gold=C | joint={'beginner': 'A', 'intermediate': 'C', 'advanced': 'C'} | isolated=None
2026-09-01 04:59:36 | DEBUG    | student_sim | id=323 gold=D | joint={'beginner': 'B', 'intermediate': 'D', 'advanced': 'D'} | isolated=None
2026-09-01 04:59:37 | DEBUG    | student_sim | id=324 gold=D | joint={'beginner': 'D', 'intermediate': 'A', 'advanced': 'A'} | isolated=None
2026-09-01 04:59:38 | DEBUG    | student_sim | id=325 gold=B | joint={'beginner': 'D', 'intermediate': 'B', 'advanced': 'B'} | isolated=None
2026-09-01 04:59:39 | DEBUG    | student_sim | id=326 gold=A | joint={'beginner': 'D', 'intermediate': 'A', 'advanced': 'A'} | isolated=None
2026-09-01 04:59:39 | DEBUG    | student_sim | id=327 gold=C | joint={'beginner': 'A', 'intermediate': 'A', 'advanced': 'C'} | isolated=None
2026-09-01 04:59:40 | DEBUG    | student_sim | id=328 gold=D | joint={'beginner': 'D', 'intermediate': 'D', 'advanced': 'D'} | isolated=None
2026-09-01 04:59:41 | DEBUG    | student_sim | id=329 gold=B | joint={'beginner': 'A', 'intermediate': 'B', 'advanced': 'B'} | isolated=None
2026-09-01 04:59:42 | DEBUG    | student_sim | id=330 gold=A | joint={'beginner': 'B', 'intermediate': 'B', 'advanced': 'A'} | isolated=None
2026-09-01 04:59:43 | DEBUG    | student_sim | id=331 gold=B | joint={'beginner': 'A', 'intermediate': 'B', 'advanced': 'B'} | isolated=None
2026-09-01 04:59:43 | DEBUG    | student_sim | id=332 gold=B | joint={'beginner': 'C', 'intermediate': 'B', 'advanced': 'B'} | isolated=None
2026-09-01 04:59:44 | DEBUG    | student_sim | id=333 gold=D | joint={'beginner': 'D', 'intermediate': 'D', 'advanced': 'D'} | isolated=None
2026-09-01 04:59:45 | DEBUG    | student_sim | id=334 gold=A | joint={'beginner': 'A', 'intermediate': 'A', 'advanced': 'A'} | isolated=None
2026-09-01 04:59:46 | DEBUG    | student_sim | id=335 gold=A | joint={'beginner': 'B', 'intermediate': 'A', 'advanced': 'A'} | isolated=None
2026-09-01 04:59:47 | DEBUG    | student_sim | id=336 gold=A | joint={'beginner': 'D', 'intermediate': 'A', 'advanced': 'A'} | isolated=None
2026-09-01 04:59:47 | DEBUG    | student_sim | id=337 gold=D | joint={'beginner': 'A', 'intermediate': 'D', 'advanced': 'D'} | isolated=None
2026-09-01 04:59:48 | DEBUG    | student_sim | id=338 gold=A | joint={'beginner': 'A', 'intermediate': 'D', 'advanced': 'D'} | isolated=None
2026-09-01 04:59:49 | DEBUG    | student_sim | id=339 gold=C | joint={'beginner': 'A', 'intermediate': 'C', 'advanced': 'A'} | isolated=None
2026-09-01 04:59:50 | DEBUG    | student_sim | id=340 gold=C | joint={'beginner': 'C', 'intermediate': 'C', 'advanced': 'C'} | isolated=None
2026-09-01 04:59:50 | DEBUG    | student_sim | id=341 gold=B | joint={'beginner': 'A', 'intermediate': 'B', 'advanced': 'B'} | isolated=None
2026-09-01 04:59:51 | DEBUG    | student_sim | id=342 gold=C | joint={'beginner': 'C', 'intermediate': 'C', 'advanced': 'C'} | isolated=None
2026-09-01 04:59:52 | DEBUG    | student_sim | id=343 gold=B | joint={'beginner': 'A', 'intermediate': 'B', 'advanced': 'B'} | isolated=None
2026-09-01 04:59:53 | DEBUG    | student_sim | id=344 gold=D | joint={'beginner': 'D', 'intermediate': 'D', 'advanced': 'D'} | isolated=None
2026-09-01 04:59:54 | DEBUG    | student_sim | id=345 gold=B | joint={'beginner': 'C', 'intermediate': 'C', 'advanced': 'A'} | isolated=None
2026-09-01 04:59:54 | DEBUG    | student_sim | id=346 gold=B | joint={'beginner': 'D', 'intermediate': 'B', 'advanced': 'B'} | isolated=None
2026-09-01 04:59:55 | DEBUG    | student_sim | id=347 gold=D | joint={'beginner': 'A', 'intermediate': 'A', 'advanced': 'D'} | isolated=None
2026-09-01 04:59:56 | DEBUG    | student_sim | id=348 gold=C | joint={'beginner': 'C', 'intermediate': 'B', 'advanced': 'C'} | isolated=None
2026-09-01 04:59:57 | DEBUG    | student_sim | id=349 gold=A | joint={'beginner': 'B', 'intermediate': 'A', 'advanced': 'A'} | isolated=None
2026-09-01 04:59:58 | DEBUG    | student_sim | id=350 gold=C | joint={'beginner': 'C', 'intermediate': 'C', 'advanced': 'A'} | isolated=None
2026-09-01 04:59:58 | DEBUG    | student_sim | id=351 gold=A | joint={'beginner': 'C', 'intermediate': 'B', 'advanced': 'A'} | isolated=None
2026-09-01 04:59:58 | INFO     | student_sim |   [ 352/ 884]  39.8% | acc B/I/A  join 0.31/0.84/0.90 | 0.79s/sample | ETA 7.0 min
2026-09-01 04:59:59 | DEBUG    | student_sim | id=352 gold=D | joint={'beginner': 'D', 'intermediate': 'D', 'advanced': 'D'} | isolated=None
2026-09-01 05:00:00 | DEBUG    | student_sim | id=353 gold=C | joint={'beginner': 'B', 'intermediate': 'B', 'advanced': 'C'} | isolated=None
2026-09-01 05:00:01 | DEBUG    | student_sim | id=354 gold=C | joint={'beginner': 'D', 'intermediate': 'C', 'advanced': 'C'} | isolated=None
2026-09-01 05:00:01 | DEBUG    | student_sim | id=355 gold=D | joint={'beginner': 'D', 'intermediate': 'C', 'advanced': 'C'} | isolated=None
2026-09-01 05:00:02 | DEBUG    | student_sim | id=356 gold=A | joint={'beginner': 'D', 'intermediate': 'A', 'advanced': 'A'} | isolated=None
2026-09-01 05:00:03 | DEBUG    | student_sim | id=357 gold=A | joint={'beginner': 'D', 'intermediate': 'A', 'advanced': 'A'} | isolated=None
2026-09-01 05:00:04 | DEBUG    | student_sim | id=358 gold=D | joint={'beginner': 'B', 'intermediate': 'D', 'advanced': 'D'} | isolated=None
2026-09-01 05:00:05 | DEBUG    | student_sim | id=359 gold=C | joint={'beginner': 'A', 'intermediate': 'C', 'advanced': 'C'} | isolated=None
2026-09-01 05:00:05 | DEBUG    | student_sim | id=360 gold=B | joint={'beginner': 'B', 'intermediate': 'B', 'advanced': 'B'} | isolated=None
2026-09-01 05:00:06 | DEBUG    | student_sim | id=361 gold=A | joint={'beginner': 'B', 'intermediate': 'A', 'advanced': 'A'} | isolated=None
2026-09-01 05:00:07 | DEBUG    | student_sim | id=362 gold=C | joint={'beginner': 'C', 'intermediate': 'C', 'advanced': 'C'} | isolated=None
2026-09-01 05:00:08 | DEBUG    | student_sim | id=363 gold=D | joint={'beginner': 'D', 'intermediate': 'D', 'advanced': 'D'} | isolated=None
2026-09-01 05:00:09 | DEBUG    | student_sim | id=364 gold=C | joint={'beginner': 'D', 'intermediate': 'C', 'advanced': 'C'} | isolated=None
2026-09-01 05:00:09 | DEBUG    | student_sim | id=365 gold=B | joint={'beginner': 'D', 'intermediate': 'B', 'advanced': 'B'} | isolated=None
2026-09-01 05:00:10 | DEBUG    | student_sim | id=366 gold=A | joint={'beginner': 'A', 'intermediate': 'A', 'advanced': 'A'} | isolated=None
2026-09-01 05:00:11 | DEBUG    | student_sim | id=367 gold=B | joint={'beginner': 'B', 'intermediate': 'B', 'advanced': 'B'} | isolated=None
2026-09-01 05:00:12 | DEBUG    | student_sim | id=368 gold=B | joint={'beginner': 'A', 'intermediate': 'B', 'advanced': 'B'} | isolated=None
2026-09-01 05:00:12 | DEBUG    | student_sim | id=369 gold=A | joint={'beginner': 'B', 'intermediate': 'A', 'advanced': 'A'} | isolated=None
2026-09-01 05:00:13 | DEBUG    | student_sim | id=370 gold=C | joint={'beginner': 'C', 'intermediate': 'C', 'advanced': 'A'} | isolated=None
2026-09-01 05:00:14 | DEBUG    | student_sim | id=371 gold=A | joint={'beginner': 'A', 'intermediate': 'A', 'advanced': 'A'} | isolated=None
2026-09-01 05:00:15 | DEBUG    | student_sim | id=372 gold=B | joint={'beginner': 'A', 'intermediate': 'B', 'advanced': 'B'} | isolated=None
2026-09-01 05:00:16 | DEBUG    | student_sim | id=373 gold=A | joint={'beginner': 'A', 'intermediate': 'A', 'advanced': 'A'} | isolated=None
2026-09-01 05:00:16 | DEBUG    | student_sim | id=374 gold=D | joint={'beginner': 'B', 'intermediate': 'D', 'advanced': 'D'} | isolated=None
2026-09-01 05:00:17 | DEBUG    | student_sim | id=375 gold=C | joint={'beginner': 'D', 'intermediate': 'C', 'advanced': 'C'} | isolated=None
2026-09-01 05:00:18 | DEBUG    | student_sim | id=376 gold=D | joint={'beginner': 'C', 'intermediate': 'D', 'advanced': 'D'} | isolated=None
2026-09-01 05:00:19 | DEBUG    | student_sim | id=377 gold=D | joint={'beginner': 'C', 'intermediate': 'C', 'advanced': 'D'} | isolated=None
2026-09-01 05:00:19 | DEBUG    | student_sim | id=378 gold=C | joint={'beginner': 'D', 'intermediate': 'C', 'advanced': 'C'} | isolated=None
2026-09-01 05:00:20 | DEBUG    | student_sim | id=379 gold=D | joint={'beginner': 'C', 'intermediate': 'D', 'advanced': 'D'} | isolated=None
2026-09-01 05:00:21 | DEBUG    | student_sim | id=380 gold=C | joint={'beginner': 'C', 'intermediate': 'C', 'advanced': 'C'} | isolated=None
2026-09-01 05:00:22 | DEBUG    | student_sim | id=381 gold=B | joint={'beginner': 'B', 'intermediate': 'B', 'advanced': 'B'} | isolated=None
2026-09-01 05:00:23 | DEBUG    | student_sim | id=382 gold=C | joint={'beginner': 'B', 'intermediate': 'C', 'advanced': 'C'} | isolated=None
2026-09-01 05:00:23 | DEBUG    | student_sim | id=383 gold=C | joint={'beginner': 'A', 'intermediate': 'C', 'advanced': 'C'} | isolated=None
2026-09-01 05:00:24 | DEBUG    | student_sim | id=384 gold=D | joint={'beginner': 'D', 'intermediate': 'D', 'advanced': 'D'} | isolated=None
2026-09-01 05:00:25 | DEBUG    | student_sim | id=385 gold=C | joint={'beginner': 'A', 'intermediate': 'A', 'advanced': 'C'} | isolated=None
2026-09-01 05:00:26 | DEBUG    | student_sim | id=386 gold=D | joint={'beginner': 'C', 'intermediate': 'A', 'advanced': 'D'} | isolated=None
2026-09-01 05:00:27 | DEBUG    | student_sim | id=387 gold=D | joint={'beginner': 'B', 'intermediate': 'D', 'advanced': 'B'} | isolated=None
2026-09-01 05:00:27 | DEBUG    | student_sim | id=388 gold=D | joint={'beginner': 'B', 'intermediate': 'D', 'advanced': 'D'} | isolated=None
2026-09-01 05:00:28 | DEBUG    | student_sim | id=389 gold=A | joint={'beginner': 'A', 'intermediate': 'A', 'advanced': 'A'} | isolated=None
2026-09-01 05:00:29 | DEBUG    | student_sim | id=390 gold=D | joint={'beginner': 'B', 'intermediate': 'D', 'advanced': 'D'} | isolated=None
2026-09-01 05:00:30 | DEBUG    | student_sim | id=391 gold=D | joint={'beginner': 'B', 'intermediate': 'A', 'advanced': 'D'} | isolated=None
2026-09-01 05:00:30 | DEBUG    | student_sim | id=392 gold=B | joint={'beginner': 'D', 'intermediate': 'B', 'advanced': 'B'} | isolated=None
2026-09-01 05:00:31 | DEBUG    | student_sim | id=393 gold=D | joint={'beginner': 'A', 'intermediate': 'D', 'advanced': 'D'} | isolated=None
2026-09-01 05:00:32 | DEBUG    | student_sim | id=394 gold=B | joint={'beginner': 'C', 'intermediate': 'B', 'advanced': 'B'} | isolated=None
2026-09-01 05:00:33 | DEBUG    | student_sim | id=395 gold=A | joint={'beginner': 'A', 'intermediate': 'A', 'advanced': 'A'} | isolated=None
2026-09-01 05:00:33 | INFO     | student_sim |   [ 396/ 884]  44.8% | acc B/I/A  join 0.31/0.85/0.91 | 0.79s/sample | ETA 6.4 min
2026-09-01 05:00:34 | DEBUG    | student_sim | id=396 gold=D | joint={'beginner': 'A', 'intermediate': 'A', 'advanced': 'D'} | isolated=None
2026-09-01 05:00:34 | DEBUG    | student_sim | id=397 gold=C | joint={'beginner': 'D', 'intermediate': 'B', 'advanced': 'C'} | isolated=None
2026-09-01 05:00:35 | DEBUG    | student_sim | id=398 gold=A | joint={'beginner': 'D', 'intermediate': 'A', 'advanced': 'A'} | isolated=None
2026-09-01 05:00:36 | DEBUG    | student_sim | id=399 gold=A | joint={'beginner': 'A', 'intermediate': 'A', 'advanced': 'A'} | isolated=None
2026-09-01 05:00:37 | DEBUG    | student_sim | id=400 gold=A | joint={'beginner': 'B', 'intermediate': 'A', 'advanced': 'A'} | isolated=None
2026-09-01 05:00:38 | DEBUG    | student_sim | id=401 gold=D | joint={'beginner': 'D', 'intermediate': 'D', 'advanced': 'D'} | isolated=None
2026-09-01 05:00:38 | DEBUG    | student_sim | id=402 gold=A | joint={'beginner': 'D', 'intermediate': 'A', 'advanced': 'A'} | isolated=None
2026-09-01 05:00:39 | DEBUG    | student_sim | id=403 gold=A | joint={'beginner': 'C', 'intermediate': 'A', 'advanced': 'A'} | isolated=None
2026-09-01 05:00:40 | DEBUG    | student_sim | id=404 gold=A | joint={'beginner': 'B', 'intermediate': 'A', 'advanced': 'A'} | isolated=None
2026-09-01 05:00:41 | DEBUG    | student_sim | id=405 gold=D | joint={'beginner': 'D', 'intermediate': 'D', 'advanced': 'D'} | isolated=None
2026-09-01 05:00:41 | DEBUG    | student_sim | id=406 gold=A | joint={'beginner': 'D', 'intermediate': 'D', 'advanced': 'A'} | isolated=None
2026-09-01 05:00:42 | DEBUG    | student_sim | id=407 gold=C | joint={'beginner': 'D', 'intermediate': 'C', 'advanced': 'C'} | isolated=None
2026-09-01 05:00:43 | DEBUG    | student_sim | id=408 gold=D | joint={'beginner': 'D', 'intermediate': 'B', 'advanced': 'B'} | isolated=None
2026-09-01 05:00:44 | DEBUG    | student_sim | id=409 gold=D | joint={'beginner': 'C', 'intermediate': 'D', 'advanced': 'D'} | isolated=None
2026-09-01 05:00:45 | DEBUG    | student_sim | id=410 gold=C | joint={'beginner': 'D', 'intermediate': 'C', 'advanced': 'C'} | isolated=None
2026-09-01 05:00:45 | DEBUG    | student_sim | id=411 gold=B | joint={'beginner': 'B', 'intermediate': 'B', 'advanced': 'A'} | isolated=None
2026-09-01 05:00:46 | DEBUG    | student_sim | id=412 gold=A | joint={'beginner': 'A', 'intermediate': 'A', 'advanced': 'A'} | isolated=None
2026-09-01 05:00:47 | DEBUG    | student_sim | id=413 gold=D | joint={'beginner': 'C', 'intermediate': 'D', 'advanced': 'C'} | isolated=None
2026-09-01 05:00:48 | DEBUG    | student_sim | id=414 gold=C | joint={'beginner': 'D', 'intermediate': 'C', 'advanced': 'C'} | isolated=None
2026-09-01 05:00:49 | DEBUG    | student_sim | id=415 gold=A | joint={'beginner': 'D', 'intermediate': 'A', 'advanced': 'A'} | isolated=None
2026-09-01 05:00:49 | DEBUG    | student_sim | id=416 gold=C | joint={'beginner': 'D', 'intermediate': 'C', 'advanced': 'C'} | isolated=None
2026-09-01 05:00:50 | DEBUG    | student_sim | id=417 gold=C | joint={'beginner': 'A', 'intermediate': 'C', 'advanced': 'C'} | isolated=None
2026-09-01 05:00:51 | DEBUG    | student_sim | id=418 gold=B | joint={'beginner': 'D', 'intermediate': 'B', 'advanced': 'B'} | isolated=None
2026-09-01 05:00:52 | DEBUG    | student_sim | id=419 gold=C | joint={'beginner': 'C', 'intermediate': 'C', 'advanced': 'C'} | isolated=None
2026-09-01 05:00:52 | DEBUG    | student_sim | id=420 gold=A | joint={'beginner': 'D', 'intermediate': 'A', 'advanced': 'A'} | isolated=None
2026-09-01 05:00:53 | DEBUG    | student_sim | id=421 gold=B | joint={'beginner': 'A', 'intermediate': 'B', 'advanced': 'B'} | isolated=None
2026-09-01 05:00:54 | DEBUG    | student_sim | id=422 gold=C | joint={'beginner': 'A', 'intermediate': 'C', 'advanced': 'C'} | isolated=None
2026-09-01 05:00:55 | DEBUG    | student_sim | id=423 gold=D | joint={'beginner': 'C', 'intermediate': 'B', 'advanced': 'D'} | isolated=None
2026-09-01 05:00:56 | DEBUG    | student_sim | id=424 gold=D | joint={'beginner': 'B', 'intermediate': 'D', 'advanced': 'D'} | isolated=None
2026-09-01 05:00:56 | DEBUG    | student_sim | id=425 gold=A | joint={'beginner': 'C', 'intermediate': 'D', 'advanced': 'A'} | isolated=None
2026-09-01 05:00:57 | DEBUG    | student_sim | id=426 gold=C | joint={'beginner': 'A', 'intermediate': 'C', 'advanced': 'C'} | isolated=None
2026-09-01 05:00:58 | DEBUG    | student_sim | id=427 gold=A | joint={'beginner': 'B', 'intermediate': 'A', 'advanced': 'A'} | isolated=None
2026-09-01 05:00:59 | DEBUG    | student_sim | id=428 gold=D | joint={'beginner': 'C', 'intermediate': 'D', 'advanced': 'D'} | isolated=None
2026-09-01 05:01:00 | DEBUG    | student_sim | id=429 gold=B | joint={'beginner': 'A', 'intermediate': 'B', 'advanced': 'B'} | isolated=None
2026-09-01 05:01:00 | DEBUG    | student_sim | id=430 gold=D | joint={'beginner': 'D', 'intermediate': 'D', 'advanced': 'D'} | isolated=None
2026-09-01 05:01:01 | DEBUG    | student_sim | id=431 gold=A | joint={'beginner': 'B', 'intermediate': 'A', 'advanced': 'A'} | isolated=None
2026-09-01 05:01:02 | DEBUG    | student_sim | id=432 gold=B | joint={'beginner': 'D', 'intermediate': 'B', 'advanced': 'B'} | isolated=None
2026-09-01 05:01:03 | DEBUG    | student_sim | id=433 gold=D | joint={'beginner': 'D', 'intermediate': 'D', 'advanced': 'D'} | isolated=None
2026-09-01 05:01:03 | DEBUG    | student_sim | id=434 gold=D | joint={'beginner': 'C', 'intermediate': 'D', 'advanced': 'D'} | isolated=None
2026-09-01 05:01:04 | DEBUG    | student_sim | id=435 gold=C | joint={'beginner': 'D', 'intermediate': 'C', 'advanced': 'C'} | isolated=None
2026-09-01 05:01:05 | DEBUG    | student_sim | id=436 gold=B | joint={'beginner': 'D', 'intermediate': 'B', 'advanced': 'B'} | isolated=None
2026-09-01 05:01:06 | DEBUG    | student_sim | id=437 gold=D | joint={'beginner': 'B', 'intermediate': 'D', 'advanced': 'D'} | isolated=None
2026-09-01 05:01:07 | DEBUG    | student_sim | id=438 gold=C | joint={'beginner': 'A', 'intermediate': 'C', 'advanced': 'C'} | isolated=None
2026-09-01 05:01:07 | DEBUG    | student_sim | id=439 gold=B | joint={'beginner': 'A', 'intermediate': 'B', 'advanced': 'B'} | isolated=None
2026-09-01 05:01:07 | INFO     | student_sim |   [ 440/ 884]  49.8% | acc B/I/A  join 0.30/0.85/0.91 | 0.79s/sample | ETA 5.8 min
2026-09-01 05:01:08 | DEBUG    | student_sim | id=440 gold=D | joint={'beginner': 'D', 'intermediate': 'D', 'advanced': 'D'} | isolated=None
2026-09-01 05:01:09 | DEBUG    | student_sim | id=441 gold=C | joint={'beginner': 'C', 'intermediate': 'C', 'advanced': 'A'} | isolated=None
2026-09-01 05:01:10 | DEBUG    | student_sim | id=442 gold=A | joint={'beginner': 'B', 'intermediate': 'A', 'advanced': 'A'} | isolated=None
2026-09-01 05:01:11 | DEBUG    | student_sim | id=443 gold=D | joint={'beginner': 'D', 'intermediate': 'B', 'advanced': 'D'} | isolated=None
2026-09-01 05:01:11 | DEBUG    | student_sim | id=444 gold=C | joint={'beginner': 'A', 'intermediate': 'C', 'advanced': 'D'} | isolated=None
2026-09-01 05:01:12 | DEBUG    | student_sim | id=445 gold=D | joint={'beginner': 'C', 'intermediate': 'D', 'advanced': 'D'} | isolated=None
2026-09-01 05:01:13 | DEBUG    | student_sim | id=446 gold=A | joint={'beginner': 'B', 'intermediate': 'A', 'advanced': 'A'} | isolated=None
2026-09-01 05:01:14 | DEBUG    | student_sim | id=447 gold=C | joint={'beginner': 'D', 'intermediate': 'C', 'advanced': 'C'} | isolated=None
2026-09-01 05:01:14 | DEBUG    | student_sim | id=448 gold=D | joint={'beginner': 'D', 'intermediate': 'D', 'advanced': 'D'} | isolated=None
2026-09-01 05:01:15 | DEBUG    | student_sim | id=449 gold=A | joint={'beginner': 'A', 'intermediate': 'A', 'advanced': 'A'} | isolated=None
2026-09-01 05:01:16 | DEBUG    | student_sim | id=450 gold=D | joint={'beginner': 'A', 'intermediate': 'A', 'advanced': 'D'} | isolated=None
2026-09-01 05:01:17 | DEBUG    | student_sim | id=451 gold=A | joint={'beginner': 'D', 'intermediate': 'A', 'advanced': 'A'} | isolated=None
2026-09-01 05:01:18 | DEBUG    | student_sim | id=452 gold=D | joint={'beginner': 'B', 'intermediate': 'D', 'advanced': 'D'} | isolated=None
2026-09-01 05:01:18 | DEBUG    | student_sim | id=453 gold=C | joint={'beginner': 'C', 'intermediate': 'C', 'advanced': 'C'} | isolated=None
2026-09-01 05:01:19 | DEBUG    | student_sim | id=454 gold=C | joint={'beginner': 'C', 'intermediate': 'C', 'advanced': 'C'} | isolated=None
2026-09-01 05:01:20 | DEBUG    | student_sim | id=455 gold=A | joint={'beginner': 'C', 'intermediate': 'A', 'advanced': 'A'} | isolated=None
2026-09-01 05:01:21 | DEBUG    | student_sim | id=456 gold=C | joint={'beginner': 'C', 'intermediate': 'C', 'advanced': 'C'} | isolated=None
2026-09-01 05:01:22 | DEBUG    | student_sim | id=457 gold=B | joint={'beginner': 'A', 'intermediate': 'B', 'advanced': 'B'} | isolated=None
2026-09-01 05:01:22 | DEBUG    | student_sim | id=458 gold=B | joint={'beginner': 'B', 'intermediate': 'B', 'advanced': 'A'} | isolated=None
2026-09-01 05:01:23 | DEBUG    | student_sim | id=459 gold=D | joint={'beginner': 'B', 'intermediate': 'D', 'advanced': 'D'} | isolated=None
2026-09-01 05:01:24 | DEBUG    | student_sim | id=460 gold=A | joint={'beginner': 'B', 'intermediate': 'A', 'advanced': 'A'} | isolated=None
2026-09-01 05:01:25 | DEBUG    | student_sim | id=461 gold=A | joint={'beginner': 'A', 'intermediate': 'A', 'advanced': 'A'} | isolated=None
2026-09-01 05:01:25 | DEBUG    | student_sim | id=462 gold=B | joint={'beginner': 'A', 'intermediate': 'B', 'advanced': 'B'} | isolated=None
2026-09-01 05:01:26 | DEBUG    | student_sim | id=463 gold=A | joint={'beginner': 'B', 'intermediate': 'A', 'advanced': 'A'} | isolated=None
2026-09-01 05:01:27 | DEBUG    | student_sim | id=464 gold=B | joint={'beginner': 'C', 'intermediate': 'B', 'advanced': 'B'} | isolated=None
2026-09-01 05:01:28 | DEBUG    | student_sim | id=465 gold=B | joint={'beginner': 'C', 'intermediate': 'B', 'advanced': 'B'} | isolated=None
2026-09-01 05:01:29 | DEBUG    | student_sim | id=466 gold=A | joint={'beginner': 'B', 'intermediate': 'A', 'advanced': 'A'} | isolated=None
2026-09-01 05:01:29 | DEBUG    | student_sim | id=467 gold=D | joint={'beginner': 'B', 'intermediate': 'D', 'advanced': 'D'} | isolated=None
2026-09-01 05:01:30 | DEBUG    | student_sim | id=468 gold=C | joint={'beginner': 'B', 'intermediate': 'C', 'advanced': 'C'} | isolated=None
2026-09-01 05:01:31 | DEBUG    | student_sim | id=469 gold=B | joint={'beginner': 'A', 'intermediate': 'B', 'advanced': 'B'} | isolated=None
2026-09-01 05:01:32 | DEBUG    | student_sim | id=470 gold=B | joint={'beginner': 'A', 'intermediate': 'B', 'advanced': 'B'} | isolated=None
2026-09-01 05:01:32 | DEBUG    | student_sim | id=471 gold=A | joint={'beginner': 'D', 'intermediate': 'A', 'advanced': 'A'} | isolated=None
2026-09-01 05:01:33 | DEBUG    | student_sim | id=472 gold=C | joint={'beginner': 'B', 'intermediate': 'C', 'advanced': 'C'} | isolated=None
2026-09-01 05:01:34 | DEBUG    | student_sim | id=473 gold=D | joint={'beginner': 'B', 'intermediate': 'D', 'advanced': 'D'} | isolated=None
2026-09-01 05:01:35 | DEBUG    | student_sim | id=474 gold=C | joint={'beginner': 'C', 'intermediate': 'C', 'advanced': 'C'} | isolated=None
2026-09-01 05:01:36 | DEBUG    | student_sim | id=475 gold=B | joint={'beginner': 'A', 'intermediate': 'B', 'advanced': 'B'} | isolated=None
2026-09-01 05:01:36 | DEBUG    | student_sim | id=476 gold=A | joint={'beginner': 'C', 'intermediate': 'A', 'advanced': 'A'} | isolated=None
2026-09-01 05:01:37 | DEBUG    | student_sim | id=477 gold=A | joint={'beginner': 'D', 'intermediate': 'A', 'advanced': 'A'} | isolated=None
2026-09-01 05:01:38 | DEBUG    | student_sim | id=478 gold=D | joint={'beginner': 'A', 'intermediate': 'D', 'advanced': 'D'} | isolated=None
2026-09-01 05:01:39 | DEBUG    | student_sim | id=479 gold=D | joint={'beginner': 'C', 'intermediate': 'D', 'advanced': 'D'} | isolated=None
2026-09-01 05:01:40 | DEBUG    | student_sim | id=480 gold=A | joint={'beginner': 'A', 'intermediate': 'A', 'advanced': 'A'} | isolated=None
2026-09-01 05:01:40 | DEBUG    | student_sim | id=481 gold=B | joint={'beginner': 'B', 'intermediate': 'C', 'advanced': 'B'} | isolated=None
2026-09-01 05:01:41 | DEBUG    | student_sim | id=482 gold=A | joint={'beginner': 'B', 'intermediate': 'A', 'advanced': 'A'} | isolated=None
2026-09-01 05:01:42 | DEBUG    | student_sim | id=483 gold=C | joint={'beginner': 'A', 'intermediate': 'C', 'advanced': 'C'} | isolated=None
2026-09-01 05:01:42 | INFO     | student_sim |   [ 484/ 884]  54.8% | acc B/I/A  join 0.30/0.86/0.91 | 0.79s/sample | ETA 5.3 min
2026-09-01 05:01:43 | DEBUG    | student_sim | id=484 gold=A | joint={'beginner': 'C', 'intermediate': 'A', 'advanced': 'A'} | isolated=None
2026-09-01 05:01:43 | DEBUG    | student_sim | id=485 gold=C | joint={'beginner': 'D', 'intermediate': 'C', 'advanced': 'C'} | isolated=None
2026-09-01 05:01:44 | DEBUG    | student_sim | id=486 gold=A | joint={'beginner': 'A', 'intermediate': 'A', 'advanced': 'A'} | isolated=None
2026-09-01 05:01:45 | DEBUG    | student_sim | id=487 gold=D | joint={'beginner': 'D', 'intermediate': 'B', 'advanced': 'C'} | isolated=None
2026-09-01 05:01:46 | DEBUG    | student_sim | id=488 gold=C | joint={'beginner': 'C', 'intermediate': 'C', 'advanced': 'C'} | isolated=None
2026-09-01 05:01:47 | DEBUG    | student_sim | id=489 gold=C | joint={'beginner': 'A', 'intermediate': 'C', 'advanced': 'C'} | isolated=None
2026-09-01 05:01:47 | DEBUG    | student_sim | id=490 gold=C | joint={'beginner': 'A', 'intermediate': 'C', 'advanced': 'C'} | isolated=None
2026-09-01 05:01:48 | DEBUG    | student_sim | id=491 gold=C | joint={'beginner': 'C', 'intermediate': 'C', 'advanced': 'C'} | isolated=None
2026-09-01 05:01:49 | DEBUG    | student_sim | id=492 gold=B | joint={'beginner': 'D', 'intermediate': 'B', 'advanced': 'B'} | isolated=None
2026-09-01 05:01:50 | DEBUG    | student_sim | id=493 gold=C | joint={'beginner': 'C', 'intermediate': 'C', 'advanced': 'C'} | isolated=None
2026-09-01 05:01:51 | DEBUG    | student_sim | id=494 gold=B | joint={'beginner': 'D', 'intermediate': 'B', 'advanced': 'B'} | isolated=None
2026-09-01 05:01:51 | DEBUG    | student_sim | id=495 gold=C | joint={'beginner': 'B', 'intermediate': 'C', 'advanced': 'C'} | isolated=None
2026-09-01 05:01:52 | DEBUG    | student_sim | id=496 gold=B | joint={'beginner': 'D', 'intermediate': 'A', 'advanced': 'A'} | isolated=None
2026-09-01 05:01:53 | DEBUG    | student_sim | id=497 gold=A | joint={'beginner': 'B', 'intermediate': 'A', 'advanced': 'A'} | isolated=None
2026-09-01 05:01:54 | DEBUG    | student_sim | id=498 gold=C | joint={'beginner': 'A', 'intermediate': 'A', 'advanced': 'C'} | isolated=None
2026-09-01 05:01:54 | DEBUG    | student_sim | id=499 gold=B | joint={'beginner': 'A', 'intermediate': 'A', 'advanced': 'B'} | isolated=None
2026-09-01 05:01:55 | DEBUG    | student_sim | id=500 gold=A | joint={'beginner': 'B', 'intermediate': 'A', 'advanced': 'A'} | isolated=None
2026-09-01 05:01:56 | DEBUG    | student_sim | id=501 gold=A | joint={'beginner': 'C', 'intermediate': 'C', 'advanced': 'A'} | isolated=None
2026-09-01 05:01:57 | DEBUG    | student_sim | id=502 gold=C | joint={'beginner': 'B', 'intermediate': 'C', 'advanced': 'C'} | isolated=None
2026-09-01 05:01:58 | DEBUG    | student_sim | id=503 gold=B | joint={'beginner': 'A', 'intermediate': 'B', 'advanced': 'B'} | isolated=None
2026-09-01 05:01:58 | DEBUG    | student_sim | id=504 gold=B | joint={'beginner': 'C', 'intermediate': 'B', 'advanced': 'B'} | isolated=None
2026-09-01 05:01:59 | DEBUG    | student_sim | id=505 gold=D | joint={'beginner': 'D', 'intermediate': 'D', 'advanced': 'D'} | isolated=None
2026-09-01 05:02:00 | DEBUG    | student_sim | id=506 gold=A | joint={'beginner': 'A', 'intermediate': 'A', 'advanced': 'A'} | isolated=None
2026-09-01 05:02:01 | DEBUG    | student_sim | id=507 gold=B | joint={'beginner': 'C', 'intermediate': 'B', 'advanced': 'B'} | isolated=None
2026-09-01 05:02:02 | DEBUG    | student_sim | id=508 gold=A | joint={'beginner': 'D', 'intermediate': 'A', 'advanced': 'A'} | isolated=None
2026-09-01 05:02:02 | DEBUG    | student_sim | id=509 gold=D | joint={'beginner': 'C', 'intermediate': 'D', 'advanced': 'D'} | isolated=None
2026-09-01 05:02:03 | DEBUG    | student_sim | id=510 gold=A | joint={'beginner': 'D', 'intermediate': 'D', 'advanced': 'A'} | isolated=None
2026-09-01 05:02:04 | DEBUG    | student_sim | id=511 gold=B | joint={'beginner': 'A', 'intermediate': 'B', 'advanced': 'B'} | isolated=None
2026-09-01 05:02:05 | DEBUG    | student_sim | id=512 gold=C | joint={'beginner': 'D', 'intermediate': 'C', 'advanced': 'A'} | isolated=None
2026-09-01 05:02:05 | DEBUG    | student_sim | id=513 gold=C | joint={'beginner': 'B', 'intermediate': 'C', 'advanced': 'C'} | isolated=None
2026-09-01 05:02:06 | DEBUG    | student_sim | id=514 gold=C | joint={'beginner': 'D', 'intermediate': 'D', 'advanced': 'C'} | isolated=None
2026-09-01 05:02:07 | DEBUG    | student_sim | id=515 gold=B | joint={'beginner': 'C', 'intermediate': 'B', 'advanced': 'B'} | isolated=None
2026-09-01 05:02:08 | DEBUG    | student_sim | id=516 gold=B | joint={'beginner': 'D', 'intermediate': 'B', 'advanced': 'B'} | isolated=None
2026-09-01 05:02:09 | DEBUG    | student_sim | id=517 gold=D | joint={'beginner': 'B', 'intermediate': 'B', 'advanced': 'D'} | isolated=None
2026-09-01 05:02:09 | DEBUG    | student_sim | id=518 gold=C | joint={'beginner': 'A', 'intermediate': 'C', 'advanced': 'C'} | isolated=None
2026-09-01 05:02:10 | DEBUG    | student_sim | id=519 gold=D | joint={'beginner': 'B', 'intermediate': 'D', 'advanced': 'D'} | isolated=None
2026-09-01 05:02:11 | DEBUG    | student_sim | id=520 gold=C | joint={'beginner': 'B', 'intermediate': 'C', 'advanced': 'C'} | isolated=None
2026-09-01 05:02:12 | DEBUG    | student_sim | id=521 gold=A | joint={'beginner': 'D', 'intermediate': 'A', 'advanced': 'A'} | isolated=None
2026-09-01 05:02:13 | DEBUG    | student_sim | id=522 gold=D | joint={'beginner': 'A', 'intermediate': 'D', 'advanced': 'D'} | isolated=None
2026-09-01 05:02:13 | DEBUG    | student_sim | id=523 gold=D | joint={'beginner': 'D', 'intermediate': 'D', 'advanced': 'D'} | isolated=None
2026-09-01 05:02:14 | DEBUG    | student_sim | id=524 gold=A | joint={'beginner': 'A', 'intermediate': 'A', 'advanced': 'A'} | isolated=None
2026-09-01 05:02:15 | DEBUG    | student_sim | id=525 gold=D | joint={'beginner': 'D', 'intermediate': 'B', 'advanced': 'D'} | isolated=None
2026-09-01 05:02:16 | DEBUG    | student_sim | id=526 gold=A | joint={'beginner': 'A', 'intermediate': 'A', 'advanced': 'A'} | isolated=None
2026-09-01 05:02:16 | DEBUG    | student_sim | id=527 gold=B | joint={'beginner': 'B', 'intermediate': 'B', 'advanced': 'B'} | isolated=None
2026-09-01 05:02:16 | INFO     | student_sim |   [ 528/ 884]  59.7% | acc B/I/A  join 0.30/0.85/0.91 | 0.79s/sample | ETA 4.7 min
2026-09-01 05:02:17 | DEBUG    | student_sim | id=528 gold=C | joint={'beginner': 'B', 'intermediate': 'C', 'advanced': 'C'} | isolated=None
2026-09-01 05:02:18 | DEBUG    | student_sim | id=529 gold=B | joint={'beginner': 'C', 'intermediate': 'B', 'advanced': 'B'} | isolated=None
2026-09-01 05:02:19 | DEBUG    | student_sim | id=530 gold=A | joint={'beginner': 'A', 'intermediate': 'A', 'advanced': 'A'} | isolated=None
2026-09-01 05:02:20 | DEBUG    | student_sim | id=531 gold=D | joint={'beginner': 'A', 'intermediate': 'B', 'advanced': 'A'} | isolated=None
2026-09-01 05:02:20 | DEBUG    | student_sim | id=532 gold=C | joint={'beginner': 'B', 'intermediate': 'C', 'advanced': 'C'} | isolated=None
2026-09-01 05:02:21 | DEBUG    | student_sim | id=533 gold=C | joint={'beginner': 'B', 'intermediate': 'C', 'advanced': 'C'} | isolated=None
2026-09-01 05:02:22 | DEBUG    | student_sim | id=534 gold=A | joint={'beginner': 'C', 'intermediate': 'A', 'advanced': 'A'} | isolated=None
2026-09-01 05:02:23 | DEBUG    | student_sim | id=535 gold=A | joint={'beginner': 'A', 'intermediate': 'A', 'advanced': 'A'} | isolated=None
2026-09-01 05:02:24 | DEBUG    | student_sim | id=536 gold=B | joint={'beginner': 'A', 'intermediate': 'A', 'advanced': 'B'} | isolated=None
2026-09-01 05:02:24 | DEBUG    | student_sim | id=537 gold=C | joint={'beginner': 'C', 'intermediate': 'C', 'advanced': 'C'} | isolated=None
2026-09-01 05:02:25 | DEBUG    | student_sim | id=538 gold=D | joint={'beginner': 'A', 'intermediate': 'D', 'advanced': 'D'} | isolated=None
2026-09-01 05:02:26 | DEBUG    | student_sim | id=539 gold=D | joint={'beginner': 'A', 'intermediate': 'D', 'advanced': 'D'} | isolated=None
2026-09-01 05:02:27 | DEBUG    | student_sim | id=540 gold=A | joint={'beginner': 'A', 'intermediate': 'A', 'advanced': 'A'} | isolated=None
2026-09-01 05:02:28 | DEBUG    | student_sim | id=541 gold=B | joint={'beginner': 'C', 'intermediate': 'B', 'advanced': 'B'} | isolated=None
2026-09-01 05:02:28 | DEBUG    | student_sim | id=542 gold=A | joint={'beginner': 'B', 'intermediate': 'A', 'advanced': 'A'} | isolated=None
2026-09-01 05:02:29 | DEBUG    | student_sim | id=543 gold=D | joint={'beginner': 'B', 'intermediate': 'D', 'advanced': 'D'} | isolated=None
2026-09-01 05:02:30 | DEBUG    | student_sim | id=544 gold=C | joint={'beginner': 'D', 'intermediate': 'C', 'advanced': 'C'} | isolated=None
2026-09-01 05:02:31 | DEBUG    | student_sim | id=545 gold=A | joint={'beginner': 'B', 'intermediate': 'A', 'advanced': 'A'} | isolated=None
2026-09-01 05:02:31 | DEBUG    | student_sim | id=546 gold=B | joint={'beginner': 'D', 'intermediate': 'B', 'advanced': 'B'} | isolated=None
2026-09-01 05:02:32 | DEBUG    | student_sim | id=547 gold=A | joint={'beginner': 'C', 'intermediate': 'A', 'advanced': 'A'} | isolated=None
2026-09-01 05:02:33 | DEBUG    | student_sim | id=548 gold=A | joint={'beginner': 'D', 'intermediate': 'A', 'advanced': 'A'} | isolated=None
2026-09-01 05:02:34 | DEBUG    | student_sim | id=549 gold=D | joint={'beginner': 'C', 'intermediate': 'B', 'advanced': 'D'} | isolated=None
2026-09-01 05:02:35 | DEBUG    | student_sim | id=550 gold=D | joint={'beginner': 'D', 'intermediate': 'D', 'advanced': 'D'} | isolated=None
2026-09-01 05:02:35 | DEBUG    | student_sim | id=551 gold=B | joint={'beginner': 'B', 'intermediate': 'C', 'advanced': 'B'} | isolated=None
2026-09-01 05:02:36 | DEBUG    | student_sim | id=552 gold=D | joint={'beginner': 'A', 'intermediate': 'C', 'advanced': 'D'} | isolated=None
2026-09-01 05:02:37 | DEBUG    | student_sim | id=553 gold=A | joint={'beginner': 'C', 'intermediate': 'A', 'advanced': 'A'} | isolated=None
2026-09-01 05:02:38 | DEBUG    | student_sim | id=554 gold=A | joint={'beginner': 'D', 'intermediate': 'A', 'advanced': 'A'} | isolated=None
2026-09-01 05:02:39 | DEBUG    | student_sim | id=555 gold=B | joint={'beginner': 'B', 'intermediate': 'B', 'advanced': 'B'} | isolated=None
2026-09-01 05:02:39 | DEBUG    | student_sim | id=556 gold=A | joint={'beginner': 'B', 'intermediate': 'A', 'advanced': 'A'} | isolated=None
2026-09-01 05:02:40 | DEBUG    | student_sim | id=557 gold=B | joint={'beginner': 'B', 'intermediate': 'B', 'advanced': 'B'} | isolated=None
2026-09-01 05:02:41 | DEBUG    | student_sim | id=558 gold=D | joint={'beginner': 'B', 'intermediate': 'C', 'advanced': 'C'} | isolated=None
2026-09-01 05:02:42 | DEBUG    | student_sim | id=559 gold=B | joint={'beginner': 'B', 'intermediate': 'B', 'advanced': 'B'} | isolated=None
2026-09-01 05:02:42 | DEBUG    | student_sim | id=560 gold=D | joint={'beginner': 'D', 'intermediate': 'D', 'advanced': 'D'} | isolated=None
2026-09-01 05:02:43 | DEBUG    | student_sim | id=561 gold=D | joint={'beginner': 'B', 'intermediate': 'B', 'advanced': 'D'} | isolated=None
2026-09-01 05:02:44 | DEBUG    | student_sim | id=562 gold=A | joint={'beginner': 'A', 'intermediate': 'A', 'advanced': 'A'} | isolated=None
2026-09-01 05:02:45 | DEBUG    | student_sim | id=563 gold=B | joint={'beginner': 'A', 'intermediate': 'B', 'advanced': 'B'} | isolated=None
2026-09-01 05:02:46 | DEBUG    | student_sim | id=564 gold=A | joint={'beginner': 'D', 'intermediate': 'A', 'advanced': 'A'} | isolated=None
2026-09-01 05:02:46 | DEBUG    | student_sim | id=565 gold=A | joint={'beginner': 'D', 'intermediate': 'A', 'advanced': 'A'} | isolated=None
2026-09-01 05:02:47 | DEBUG    | student_sim | id=566 gold=D | joint={'beginner': 'A', 'intermediate': 'D', 'advanced': 'D'} | isolated=None
2026-09-01 05:02:48 | DEBUG    | student_sim | id=567 gold=A | joint={'beginner': 'A', 'intermediate': 'A', 'advanced': 'A'} | isolated=None
2026-09-01 05:02:49 | DEBUG    | student_sim | id=568 gold=C | joint={'beginner': 'B', 'intermediate': 'C', 'advanced': 'C'} | isolated=None
2026-09-01 05:02:50 | DEBUG    | student_sim | id=569 gold=D | joint={'beginner': 'A', 'intermediate': 'D', 'advanced': 'D'} | isolated=None
2026-09-01 05:02:50 | DEBUG    | student_sim | id=570 gold=A | joint={'beginner': 'A', 'intermediate': 'A', 'advanced': 'A'} | isolated=None
2026-09-01 05:02:51 | DEBUG    | student_sim | id=571 gold=D | joint={'beginner': 'C', 'intermediate': 'D', 'advanced': 'D'} | isolated=None
2026-09-01 05:02:51 | INFO     | student_sim |   [ 572/ 884]  64.7% | acc B/I/A  join 0.30/0.85/0.92 | 0.79s/sample | ETA 4.1 min
2026-09-01 05:02:52 | DEBUG    | student_sim | id=572 gold=C | joint={'beginner': 'A', 'intermediate': 'C', 'advanced': 'C'} | isolated=None
2026-09-01 05:02:53 | DEBUG    | student_sim | id=573 gold=C | joint={'beginner': 'C', 'intermediate': 'C', 'advanced': 'C'} | isolated=None
2026-09-01 05:02:53 | DEBUG    | student_sim | id=574 gold=C | joint={'beginner': 'A', 'intermediate': 'C', 'advanced': 'C'} | isolated=None
2026-09-01 05:02:54 | DEBUG    | student_sim | id=575 gold=A | joint={'beginner': 'A', 'intermediate': 'A', 'advanced': 'A'} | isolated=None
2026-09-01 05:02:55 | DEBUG    | student_sim | id=576 gold=D | joint={'beginner': 'C', 'intermediate': 'D', 'advanced': 'D'} | isolated=None
2026-09-01 05:02:56 | DEBUG    | student_sim | id=577 gold=B | joint={'beginner': 'B', 'intermediate': 'B', 'advanced': 'B'} | isolated=None
2026-09-01 05:02:57 | DEBUG    | student_sim | id=578 gold=B | joint={'beginner': 'B', 'intermediate': 'B', 'advanced': 'B'} | isolated=None
2026-09-01 05:02:57 | DEBUG    | student_sim | id=579 gold=B | joint={'beginner': 'D', 'intermediate': 'D', 'advanced': 'B'} | isolated=None
2026-09-01 05:02:58 | DEBUG    | student_sim | id=580 gold=D | joint={'beginner': 'A', 'intermediate': 'D', 'advanced': 'D'} | isolated=None
2026-09-01 05:02:59 | DEBUG    | student_sim | id=581 gold=B | joint={'beginner': 'D', 'intermediate': 'B', 'advanced': 'B'} | isolated=None
2026-09-01 05:03:00 | DEBUG    | student_sim | id=582 gold=A | joint={'beginner': 'B', 'intermediate': 'A', 'advanced': 'A'} | isolated=None
2026-09-01 05:03:01 | DEBUG    | student_sim | id=583 gold=B | joint={'beginner': 'C', 'intermediate': 'B', 'advanced': 'B'} | isolated=None
2026-09-01 05:03:01 | DEBUG    | student_sim | id=584 gold=D | joint={'beginner': 'A', 'intermediate': 'D', 'advanced': 'D'} | isolated=None
2026-09-01 05:03:02 | DEBUG    | student_sim | id=585 gold=A | joint={'beginner': 'B', 'intermediate': 'A', 'advanced': 'A'} | isolated=None
2026-09-01 05:03:03 | DEBUG    | student_sim | id=586 gold=B | joint={'beginner': 'C', 'intermediate': 'A', 'advanced': 'A'} | isolated=None
2026-09-01 05:03:04 | DEBUG    | student_sim | id=587 gold=B | joint={'beginner': 'C', 'intermediate': 'B', 'advanced': 'B'} | isolated=None
2026-09-01 05:03:04 | DEBUG    | student_sim | id=588 gold=A | joint={'beginner': 'B', 'intermediate': 'A', 'advanced': 'A'} | isolated=None
2026-09-01 05:03:05 | DEBUG    | student_sim | id=589 gold=B | joint={'beginner': 'D', 'intermediate': 'B', 'advanced': 'B'} | isolated=None
2026-09-01 05:03:06 | DEBUG    | student_sim | id=590 gold=B | joint={'beginner': 'A', 'intermediate': 'B', 'advanced': 'B'} | isolated=None
2026-09-01 05:03:07 | DEBUG    | student_sim | id=591 gold=D | joint={'beginner': 'A', 'intermediate': 'D', 'advanced': 'D'} | isolated=None
2026-09-01 05:03:08 | DEBUG    | student_sim | id=592 gold=C | joint={'beginner': 'D', 'intermediate': 'C', 'advanced': 'C'} | isolated=None
2026-09-01 05:03:08 | DEBUG    | student_sim | id=593 gold=B | joint={'beginner': 'A', 'intermediate': 'B', 'advanced': 'B'} | isolated=None
2026-09-01 05:03:09 | DEBUG    | student_sim | id=594 gold=A | joint={'beginner': 'D', 'intermediate': 'A', 'advanced': 'B'} | isolated=None
2026-09-01 05:03:10 | DEBUG    | student_sim | id=595 gold=D | joint={'beginner': 'B', 'intermediate': 'D', 'advanced': 'D'} | isolated=None
2026-09-01 05:03:11 | DEBUG    | student_sim | id=596 gold=C | joint={'beginner': 'A', 'intermediate': 'C', 'advanced': 'C'} | isolated=None
2026-09-01 05:03:12 | DEBUG    | student_sim | id=597 gold=D | joint={'beginner': 'D', 'intermediate': 'D', 'advanced': 'A'} | isolated=None
2026-09-01 05:03:12 | DEBUG    | student_sim | id=598 gold=C | joint={'beginner': 'C', 'intermediate': 'C', 'advanced': 'C'} | isolated=None
2026-09-01 05:03:13 | DEBUG    | student_sim | id=599 gold=D | joint={'beginner': 'C', 'intermediate': 'D', 'advanced': 'D'} | isolated=None
2026-09-01 05:03:14 | DEBUG    | student_sim | id=600 gold=D | joint={'beginner': 'D', 'intermediate': 'D', 'advanced': 'D'} | isolated=None
2026-09-01 05:03:15 | DEBUG    | student_sim | id=601 gold=A | joint={'beginner': 'C', 'intermediate': 'A', 'advanced': 'A'} | isolated=None
2026-09-01 05:03:16 | DEBUG    | student_sim | id=602 gold=D | joint={'beginner': 'C', 'intermediate': 'A', 'advanced': 'D'} | isolated=None
2026-09-01 05:03:16 | DEBUG    | student_sim | id=603 gold=B | joint={'beginner': 'C', 'intermediate': 'B', 'advanced': 'B'} | isolated=None
2026-09-01 05:03:17 | DEBUG    | student_sim | id=604 gold=A | joint={'beginner': 'A', 'intermediate': 'A', 'advanced': 'A'} | isolated=None
2026-09-01 05:03:18 | DEBUG    | student_sim | id=605 gold=D | joint={'beginner': 'C', 'intermediate': 'D', 'advanced': 'D'} | isolated=None
2026-09-01 05:03:19 | DEBUG    | student_sim | id=606 gold=A | joint={'beginner': 'A', 'intermediate': 'A', 'advanced': 'A'} | isolated=None
2026-09-01 05:03:19 | DEBUG    | student_sim | id=607 gold=B | joint={'beginner': 'A', 'intermediate': 'B', 'advanced': 'B'} | isolated=None
2026-09-01 05:03:20 | DEBUG    | student_sim | id=608 gold=B | joint={'beginner': 'B', 'intermediate': 'D', 'advanced': 'C'} | isolated=None
2026-09-01 05:03:21 | DEBUG    | student_sim | id=609 gold=A | joint={'beginner': 'A', 'intermediate': 'A', 'advanced': 'A'} | isolated=None
2026-09-01 05:03:22 | DEBUG    | student_sim | id=610 gold=B | joint={'beginner': 'A', 'intermediate': 'B', 'advanced': 'B'} | isolated=None
2026-09-01 05:03:23 | DEBUG    | student_sim | id=611 gold=B | joint={'beginner': 'A', 'intermediate': 'B', 'advanced': 'B'} | isolated=None
2026-09-01 05:03:23 | DEBUG    | student_sim | id=612 gold=C | joint={'beginner': 'A', 'intermediate': 'C', 'advanced': 'C'} | isolated=None
2026-09-01 05:03:24 | DEBUG    | student_sim | id=613 gold=D | joint={'beginner': 'A', 'intermediate': 'D', 'advanced': 'D'} | isolated=None
2026-09-01 05:03:25 | DEBUG    | student_sim | id=614 gold=C | joint={'beginner': 'B', 'intermediate': 'C', 'advanced': 'C'} | isolated=None
2026-09-01 05:03:26 | DEBUG    | student_sim | id=615 gold=D | joint={'beginner': 'B', 'intermediate': 'D', 'advanced': 'D'} | isolated=None
2026-09-01 05:03:26 | INFO     | student_sim |   [ 616/ 884]  69.7% | acc B/I/A  join 0.29/0.85/0.92 | 0.79s/sample | ETA 3.5 min
2026-09-01 05:03:27 | DEBUG    | student_sim | id=616 gold=C | joint={'beginner': 'D', 'intermediate': 'C', 'advanced': 'C'} | isolated=None
2026-09-01 05:03:27 | DEBUG    | student_sim | id=617 gold=A | joint={'beginner': 'A', 'intermediate': 'A', 'advanced': 'A'} | isolated=None
2026-09-01 05:03:28 | DEBUG    | student_sim | id=618 gold=C | joint={'beginner': 'D', 'intermediate': 'C', 'advanced': 'C'} | isolated=None
2026-09-01 05:03:29 | DEBUG    | student_sim | id=619 gold=A | joint={'beginner': 'B', 'intermediate': 'A', 'advanced': 'A'} | isolated=None
2026-09-01 05:03:30 | DEBUG    | student_sim | id=620 gold=C | joint={'beginner': 'D', 'intermediate': 'C', 'advanced': 'C'} | isolated=None
2026-09-01 05:03:30 | DEBUG    | student_sim | id=621 gold=A | joint={'beginner': 'A', 'intermediate': 'A', 'advanced': 'A'} | isolated=None
2026-09-01 05:03:31 | DEBUG    | student_sim | id=622 gold=C | joint={'beginner': 'C', 'intermediate': 'C', 'advanced': 'C'} | isolated=None
2026-09-01 05:03:32 | DEBUG    | student_sim | id=623 gold=D | joint={'beginner': 'B', 'intermediate': 'C', 'advanced': 'D'} | isolated=None
2026-09-01 05:03:33 | DEBUG    | student_sim | id=624 gold=A | joint={'beginner': 'B', 'intermediate': 'A', 'advanced': 'A'} | isolated=None
2026-09-01 05:03:34 | DEBUG    | student_sim | id=625 gold=B | joint={'beginner': 'D', 'intermediate': 'B', 'advanced': 'B'} | isolated=None
2026-09-01 05:03:34 | DEBUG    | student_sim | id=626 gold=D | joint={'beginner': 'C', 'intermediate': 'D', 'advanced': 'D'} | isolated=None
2026-09-01 05:03:35 | DEBUG    | student_sim | id=627 gold=A | joint={'beginner': 'A', 'intermediate': 'A', 'advanced': 'B'} | isolated=None
2026-09-01 05:03:36 | DEBUG    | student_sim | id=628 gold=B | joint={'beginner': 'D', 'intermediate': 'B', 'advanced': 'B'} | isolated=None
2026-09-01 05:03:37 | DEBUG    | student_sim | id=629 gold=C | joint={'beginner': 'C', 'intermediate': 'B', 'advanced': 'B'} | isolated=None
2026-09-01 05:03:38 | DEBUG    | student_sim | id=630 gold=A | joint={'beginner': 'A', 'intermediate': 'A', 'advanced': 'A'} | isolated=None
2026-09-01 05:03:38 | DEBUG    | student_sim | id=631 gold=D | joint={'beginner': 'C', 'intermediate': 'D', 'advanced': 'D'} | isolated=None
2026-09-01 05:03:39 | DEBUG    | student_sim | id=632 gold=B | joint={'beginner': 'C', 'intermediate': 'C', 'advanced': 'C'} | isolated=None
2026-09-01 05:03:40 | DEBUG    | student_sim | id=633 gold=C | joint={'beginner': 'A', 'intermediate': 'C', 'advanced': 'C'} | isolated=None
2026-09-01 05:03:41 | DEBUG    | student_sim | id=634 gold=A | joint={'beginner': 'A', 'intermediate': 'A', 'advanced': 'A'} | isolated=None
2026-09-01 05:03:41 | DEBUG    | student_sim | id=635 gold=C | joint={'beginner': 'B', 'intermediate': 'C', 'advanced': 'C'} | isolated=None
2026-09-01 05:03:42 | DEBUG    | student_sim | id=636 gold=D | joint={'beginner': 'D', 'intermediate': 'B', 'advanced': 'D'} | isolated=None
2026-09-01 05:03:43 | DEBUG    | student_sim | id=637 gold=A | joint={'beginner': 'A', 'intermediate': 'A', 'advanced': 'A'} | isolated=None
2026-09-01 05:03:44 | DEBUG    | student_sim | id=638 gold=A | joint={'beginner': 'C', 'intermediate': 'A', 'advanced': 'A'} | isolated=None
2026-09-01 05:03:45 | DEBUG    | student_sim | id=639 gold=B | joint={'beginner': 'D', 'intermediate': 'B', 'advanced': 'B'} | isolated=None
2026-09-01 05:03:45 | DEBUG    | student_sim | id=640 gold=A | joint={'beginner': 'D', 'intermediate': 'A', 'advanced': 'A'} | isolated=None
2026-09-01 05:03:46 | DEBUG    | student_sim | id=641 gold=A | joint={'beginner': 'D', 'intermediate': 'A', 'advanced': 'A'} | isolated=None
2026-09-01 05:03:47 | DEBUG    | student_sim | id=642 gold=A | joint={'beginner': 'C', 'intermediate': 'C', 'advanced': 'A'} | isolated=None
2026-09-01 05:03:48 | DEBUG    | student_sim | id=643 gold=B | joint={'beginner': 'B', 'intermediate': 'B', 'advanced': 'B'} | isolated=None
2026-09-01 05:03:49 | DEBUG    | student_sim | id=644 gold=B | joint={'beginner': 'A', 'intermediate': 'B', 'advanced': 'B'} | isolated=None
2026-09-01 05:03:49 | DEBUG    | student_sim | id=645 gold=A | joint={'beginner': 'A', 'intermediate': 'A', 'advanced': 'A'} | isolated=None
2026-09-01 05:03:50 | DEBUG    | student_sim | id=646 gold=D | joint={'beginner': 'D', 'intermediate': 'D', 'advanced': 'D'} | isolated=None
2026-09-01 05:03:51 | DEBUG    | student_sim | id=647 gold=B | joint={'beginner': 'A', 'intermediate': 'B', 'advanced': 'B'} | isolated=None
2026-09-01 05:03:52 | DEBUG    | student_sim | id=648 gold=D | joint={'beginner': 'A', 'intermediate': 'D', 'advanced': 'D'} | isolated=None
2026-09-01 05:03:53 | DEBUG    | student_sim | id=649 gold=A | joint={'beginner': 'A', 'intermediate': 'C', 'advanced': 'D'} | isolated=None
2026-09-01 05:03:53 | DEBUG    | student_sim | id=650 gold=B | joint={'beginner': 'B', 'intermediate': 'B', 'advanced': 'B'} | isolated=None
2026-09-01 05:03:54 | DEBUG    | student_sim | id=651 gold=D | joint={'beginner': 'D', 'intermediate': 'C', 'advanced': 'D'} | isolated=None
2026-09-01 05:03:55 | DEBUG    | student_sim | id=652 gold=C | joint={'beginner': 'B', 'intermediate': 'C', 'advanced': 'C'} | isolated=None
2026-09-01 05:03:56 | DEBUG    | student_sim | id=653 gold=B | joint={'beginner': 'D', 'intermediate': 'B', 'advanced': 'B'} | isolated=None
2026-09-01 05:03:56 | DEBUG    | student_sim | id=654 gold=B | joint={'beginner': 'B', 'intermediate': 'B', 'advanced': 'B'} | isolated=None
2026-09-01 05:03:57 | DEBUG    | student_sim | id=655 gold=A | joint={'beginner': 'C', 'intermediate': 'A', 'advanced': 'A'} | isolated=None
2026-09-01 05:03:58 | DEBUG    | student_sim | id=656 gold=D | joint={'beginner': 'C', 'intermediate': 'D', 'advanced': 'D'} | isolated=None
2026-09-01 05:03:59 | DEBUG    | student_sim | id=657 gold=A | joint={'beginner': 'A', 'intermediate': 'A', 'advanced': 'A'} | isolated=None
2026-09-01 05:04:00 | DEBUG    | student_sim | id=658 gold=A | joint={'beginner': 'A', 'intermediate': 'A', 'advanced': 'A'} | isolated=None
2026-09-01 05:04:00 | DEBUG    | student_sim | id=659 gold=C | joint={'beginner': 'A', 'intermediate': 'C', 'advanced': 'C'} | isolated=None
2026-09-01 05:04:00 | INFO     | student_sim |   [ 660/ 884]  74.7% | acc B/I/A  join 0.30/0.85/0.92 | 0.79s/sample | ETA 2.9 min
2026-09-01 05:04:01 | DEBUG    | student_sim | id=660 gold=A | joint={'beginner': 'C', 'intermediate': 'C', 'advanced': 'A'} | isolated=None
2026-09-01 05:04:02 | DEBUG    | student_sim | id=661 gold=A | joint={'beginner': 'B', 'intermediate': 'A', 'advanced': 'A'} | isolated=None
2026-09-01 05:04:03 | DEBUG    | student_sim | id=662 gold=C | joint={'beginner': 'C', 'intermediate': 'C', 'advanced': 'C'} | isolated=None
2026-09-01 05:04:04 | DEBUG    | student_sim | id=663 gold=C | joint={'beginner': 'A', 'intermediate': 'C', 'advanced': 'C'} | isolated=None
2026-09-01 05:04:04 | DEBUG    | student_sim | id=664 gold=B | joint={'beginner': 'A', 'intermediate': 'B', 'advanced': 'B'} | isolated=None
2026-09-01 05:04:05 | DEBUG    | student_sim | id=665 gold=A | joint={'beginner': 'A', 'intermediate': 'A', 'advanced': 'A'} | isolated=None
2026-09-01 05:04:06 | DEBUG    | student_sim | id=666 gold=A | joint={'beginner': 'C', 'intermediate': 'C', 'advanced': 'A'} | isolated=None
2026-09-01 05:04:07 | DEBUG    | student_sim | id=667 gold=C | joint={'beginner': 'C', 'intermediate': 'C', 'advanced': 'C'} | isolated=None
2026-09-01 05:04:07 | DEBUG    | student_sim | id=668 gold=B | joint={'beginner': 'D', 'intermediate': 'B', 'advanced': 'B'} | isolated=None
2026-09-01 05:04:08 | DEBUG    | student_sim | id=669 gold=C | joint={'beginner': 'B', 'intermediate': 'C', 'advanced': 'C'} | isolated=None
2026-09-01 05:04:09 | DEBUG    | student_sim | id=670 gold=D | joint={'beginner': 'D', 'intermediate': 'D', 'advanced': 'D'} | isolated=None
2026-09-01 05:04:10 | DEBUG    | student_sim | id=671 gold=A | joint={'beginner': 'A', 'intermediate': 'A', 'advanced': 'A'} | isolated=None
2026-09-01 05:04:11 | DEBUG    | student_sim | id=672 gold=C | joint={'beginner': 'D', 'intermediate': 'C', 'advanced': 'C'} | isolated=None
2026-09-01 05:04:11 | DEBUG    | student_sim | id=673 gold=C | joint={'beginner': 'C', 'intermediate': 'C', 'advanced': 'C'} | isolated=None
2026-09-01 05:04:12 | DEBUG    | student_sim | id=674 gold=C | joint={'beginner': 'D', 'intermediate': 'C', 'advanced': 'C'} | isolated=None
2026-09-01 05:04:13 | DEBUG    | student_sim | id=675 gold=B | joint={'beginner': 'D', 'intermediate': 'B', 'advanced': 'B'} | isolated=None
2026-09-01 05:04:14 | DEBUG    | student_sim | id=676 gold=D | joint={'beginner': 'C', 'intermediate': 'D', 'advanced': 'D'} | isolated=None
2026-09-01 05:04:15 | DEBUG    | student_sim | id=677 gold=A | joint={'beginner': 'B', 'intermediate': 'A', 'advanced': 'A'} | isolated=None
2026-09-01 05:04:15 | DEBUG    | student_sim | id=678 gold=D | joint={'beginner': 'A', 'intermediate': 'D', 'advanced': 'D'} | isolated=None
2026-09-01 05:04:16 | DEBUG    | student_sim | id=679 gold=D | joint={'beginner': 'A', 'intermediate': 'C', 'advanced': 'C'} | isolated=None
2026-09-01 05:04:17 | DEBUG    | student_sim | id=680 gold=A | joint={'beginner': 'A', 'intermediate': 'A', 'advanced': 'A'} | isolated=None
2026-09-01 05:04:18 | DEBUG    | student_sim | id=681 gold=B | joint={'beginner': 'C', 'intermediate': 'B', 'advanced': 'B'} | isolated=None
2026-09-01 05:04:18 | DEBUG    | student_sim | id=682 gold=A | joint={'beginner': 'A', 'intermediate': 'A', 'advanced': 'A'} | isolated=None
2026-09-01 05:04:19 | DEBUG    | student_sim | id=683 gold=D | joint={'beginner': 'A', 'intermediate': 'A', 'advanced': 'D'} | isolated=None
2026-09-01 05:04:20 | DEBUG    | student_sim | id=684 gold=D | joint={'beginner': 'A', 'intermediate': 'C', 'advanced': 'D'} | isolated=None
2026-09-01 05:04:21 | DEBUG    | student_sim | id=685 gold=C | joint={'beginner': 'D', 'intermediate': 'C', 'advanced': 'C'} | isolated=None
2026-09-01 05:04:22 | DEBUG    | student_sim | id=686 gold=C | joint={'beginner': 'C', 'intermediate': 'C', 'advanced': 'C'} | isolated=None
2026-09-01 05:04:22 | DEBUG    | student_sim | id=687 gold=D | joint={'beginner': 'D', 'intermediate': 'D', 'advanced': 'D'} | isolated=None
2026-09-01 05:04:23 | DEBUG    | student_sim | id=688 gold=D | joint={'beginner': 'B', 'intermediate': 'D', 'advanced': 'D'} | isolated=None
2026-09-01 05:04:24 | DEBUG    | student_sim | id=689 gold=A | joint={'beginner': 'C', 'intermediate': 'A', 'advanced': 'A'} | isolated=None
2026-09-01 05:04:25 | DEBUG    | student_sim | id=690 gold=A | joint={'beginner': 'A', 'intermediate': 'A', 'advanced': 'A'} | isolated=None
2026-09-01 05:04:26 | DEBUG    | student_sim | id=691 gold=C | joint={'beginner': 'C', 'intermediate': 'C', 'advanced': 'C'} | isolated=None
2026-09-01 05:04:26 | DEBUG    | student_sim | id=692 gold=C | joint={'beginner': 'D', 'intermediate': 'C', 'advanced': 'C'} | isolated=None
2026-09-01 05:04:27 | DEBUG    | student_sim | id=693 gold=B | joint={'beginner': 'B', 'intermediate': 'B', 'advanced': 'B'} | isolated=None
2026-09-01 05:04:28 | DEBUG    | student_sim | id=694 gold=D | joint={'beginner': 'A', 'intermediate': 'B', 'advanced': 'D'} | isolated=None
2026-09-01 05:04:29 | DEBUG    | student_sim | id=695 gold=B | joint={'beginner': 'D', 'intermediate': 'B', 'advanced': 'B'} | isolated=None
2026-09-01 05:04:29 | DEBUG    | student_sim | id=696 gold=A | joint={'beginner': 'A', 'intermediate': 'A', 'advanced': 'A'} | isolated=None
2026-09-01 05:04:30 | DEBUG    | student_sim | id=697 gold=A | joint={'beginner': 'A', 'intermediate': 'A', 'advanced': 'A'} | isolated=None
2026-09-01 05:04:31 | DEBUG    | student_sim | id=698 gold=D | joint={'beginner': 'C', 'intermediate': 'C', 'advanced': 'D'} | isolated=None
2026-09-01 05:04:32 | DEBUG    | student_sim | id=699 gold=C | joint={'beginner': 'A', 'intermediate': 'C', 'advanced': 'C'} | isolated=None
2026-09-01 05:04:33 | DEBUG    | student_sim | id=700 gold=C | joint={'beginner': 'A', 'intermediate': 'C', 'advanced': 'C'} | isolated=None
2026-09-01 05:04:33 | DEBUG    | student_sim | id=701 gold=B | joint={'beginner': 'A', 'intermediate': 'B', 'advanced': 'B'} | isolated=None
2026-09-01 05:04:34 | DEBUG    | student_sim | id=702 gold=A | joint={'beginner': 'A', 'intermediate': 'A', 'advanced': 'A'} | isolated=None
2026-09-01 05:04:35 | DEBUG    | student_sim | id=703 gold=B | joint={'beginner': 'A', 'intermediate': 'B', 'advanced': 'B'} | isolated=None
2026-09-01 05:04:35 | INFO     | student_sim |   [ 704/ 884]  79.6% | acc B/I/A  join 0.31/0.85/0.92 | 0.79s/sample | ETA 2.4 min
2026-09-01 05:04:36 | DEBUG    | student_sim | id=704 gold=A | joint={'beginner': 'B', 'intermediate': 'A', 'advanced': 'A'} | isolated=None
2026-09-01 05:04:37 | DEBUG    | student_sim | id=705 gold=C | joint={'beginner': 'B', 'intermediate': 'C', 'advanced': 'C'} | isolated=None
2026-09-01 05:04:37 | DEBUG    | student_sim | id=706 gold=B | joint={'beginner': 'A', 'intermediate': 'A', 'advanced': 'B'} | isolated=None
2026-09-01 05:04:38 | DEBUG    | student_sim | id=707 gold=A | joint={'beginner': 'B', 'intermediate': 'A', 'advanced': 'A'} | isolated=None
2026-09-01 05:04:39 | DEBUG    | student_sim | id=708 gold=D | joint={'beginner': 'C', 'intermediate': 'C', 'advanced': 'D'} | isolated=None
2026-09-01 05:04:40 | DEBUG    | student_sim | id=709 gold=B | joint={'beginner': 'D', 'intermediate': 'B', 'advanced': 'B'} | isolated=None
2026-09-01 05:04:41 | DEBUG    | student_sim | id=710 gold=C | joint={'beginner': 'C', 'intermediate': 'C', 'advanced': 'C'} | isolated=None
2026-09-01 05:04:41 | DEBUG    | student_sim | id=711 gold=A | joint={'beginner': 'B', 'intermediate': 'A', 'advanced': 'A'} | isolated=None
2026-09-01 05:04:42 | DEBUG    | student_sim | id=712 gold=A | joint={'beginner': 'B', 'intermediate': 'A', 'advanced': 'A'} | isolated=None
2026-09-01 05:04:43 | DEBUG    | student_sim | id=713 gold=C | joint={'beginner': 'A', 'intermediate': 'C', 'advanced': 'C'} | isolated=None
2026-09-01 05:04:44 | DEBUG    | student_sim | id=714 gold=A | joint={'beginner': 'C', 'intermediate': 'A', 'advanced': 'A'} | isolated=None
2026-09-01 05:04:44 | DEBUG    | student_sim | id=715 gold=D | joint={'beginner': 'D', 'intermediate': 'D', 'advanced': 'D'} | isolated=None
2026-09-01 05:04:45 | DEBUG    | student_sim | id=716 gold=D | joint={'beginner': 'C', 'intermediate': 'D', 'advanced': 'D'} | isolated=None
2026-09-01 05:04:46 | DEBUG    | student_sim | id=717 gold=C | joint={'beginner': 'B', 'intermediate': 'C', 'advanced': 'C'} | isolated=None
2026-09-01 05:04:47 | DEBUG    | student_sim | id=718 gold=C | joint={'beginner': 'D', 'intermediate': 'B', 'advanced': 'C'} | isolated=None
2026-09-01 05:04:48 | DEBUG    | student_sim | id=719 gold=C | joint={'beginner': 'A', 'intermediate': 'C', 'advanced': 'C'} | isolated=None
2026-09-01 05:04:48 | DEBUG    | student_sim | id=720 gold=D | joint={'beginner': 'C', 'intermediate': 'D', 'advanced': 'D'} | isolated=None
2026-09-01 05:04:49 | DEBUG    | student_sim | id=721 gold=B | joint={'beginner': 'B', 'intermediate': 'B', 'advanced': 'B'} | isolated=None
2026-09-01 05:04:50 | DEBUG    | student_sim | id=722 gold=A | joint={'beginner': 'D', 'intermediate': 'A', 'advanced': 'A'} | isolated=None
2026-09-01 05:04:51 | DEBUG    | student_sim | id=723 gold=D | joint={'beginner': 'C', 'intermediate': 'B', 'advanced': 'D'} | isolated=None
2026-09-01 05:04:52 | DEBUG    | student_sim | id=724 gold=D | joint={'beginner': 'C', 'intermediate': 'C', 'advanced': 'D'} | isolated=None
2026-09-01 05:04:52 | DEBUG    | student_sim | id=725 gold=D | joint={'beginner': 'A', 'intermediate': 'D', 'advanced': 'D'} | isolated=None
2026-09-01 05:04:53 | DEBUG    | student_sim | id=726 gold=B | joint={'beginner': 'C', 'intermediate': 'C', 'advanced': 'B'} | isolated=None
2026-09-01 05:04:54 | DEBUG    | student_sim | id=727 gold=D | joint={'beginner': 'A', 'intermediate': 'D', 'advanced': 'D'} | isolated=None
2026-09-01 05:04:55 | DEBUG    | student_sim | id=728 gold=D | joint={'beginner': 'C', 'intermediate': 'D', 'advanced': 'D'} | isolated=None
2026-09-01 05:04:55 | DEBUG    | student_sim | id=729 gold=C | joint={'beginner': 'A', 'intermediate': 'C', 'advanced': 'C'} | isolated=None
2026-09-01 05:04:56 | DEBUG    | student_sim | id=730 gold=A | joint={'beginner': 'A', 'intermediate': 'C', 'advanced': 'C'} | isolated=None
2026-09-01 05:04:57 | DEBUG    | student_sim | id=731 gold=B | joint={'beginner': 'A', 'intermediate': 'B', 'advanced': 'B'} | isolated=None
2026-09-01 05:04:58 | DEBUG    | student_sim | id=732 gold=A | joint={'beginner': 'A', 'intermediate': 'A', 'advanced': 'A'} | isolated=None
2026-09-01 05:04:59 | DEBUG    | student_sim | id=733 gold=D | joint={'beginner': 'B', 'intermediate': 'D', 'advanced': 'D'} | isolated=None
2026-09-01 05:04:59 | DEBUG    | student_sim | id=734 gold=B | joint={'beginner': 'A', 'intermediate': 'B', 'advanced': 'B'} | isolated=None
2026-09-01 05:05:00 | DEBUG    | student_sim | id=735 gold=D | joint={'beginner': 'A', 'intermediate': 'A', 'advanced': 'D'} | isolated=None
2026-09-01 05:05:01 | DEBUG    | student_sim | id=736 gold=A | joint={'beginner': 'D', 'intermediate': 'C', 'advanced': 'A'} | isolated=None
2026-09-01 05:05:02 | DEBUG    | student_sim | id=737 gold=C | joint={'beginner': 'B', 'intermediate': 'B', 'advanced': 'C'} | isolated=None
2026-09-01 05:05:03 | DEBUG    | student_sim | id=738 gold=B | joint={'beginner': 'A', 'intermediate': 'A', 'advanced': 'B'} | isolated=None
2026-09-01 05:05:03 | DEBUG    | student_sim | id=739 gold=C | joint={'beginner': 'D', 'intermediate': 'C', 'advanced': 'C'} | isolated=None
2026-09-01 05:05:04 | DEBUG    | student_sim | id=740 gold=D | joint={'beginner': 'B', 'intermediate': 'B', 'advanced': 'D'} | isolated=None
2026-09-01 05:05:05 | DEBUG    | student_sim | id=741 gold=D | joint={'beginner': 'B', 'intermediate': 'D', 'advanced': 'D'} | isolated=None
2026-09-01 05:05:06 | DEBUG    | student_sim | id=742 gold=D | joint={'beginner': 'C', 'intermediate': 'D', 'advanced': 'D'} | isolated=None
2026-09-01 05:05:06 | DEBUG    | student_sim | id=743 gold=B | joint={'beginner': 'B', 'intermediate': 'B', 'advanced': 'B'} | isolated=None
2026-09-01 05:05:07 | DEBUG    | student_sim | id=744 gold=B | joint={'beginner': 'B', 'intermediate': 'B', 'advanced': 'B'} | isolated=None
2026-09-01 05:05:08 | DEBUG    | student_sim | id=745 gold=B | joint={'beginner': 'B', 'intermediate': 'B', 'advanced': 'B'} | isolated=None
2026-09-01 05:05:09 | DEBUG    | student_sim | id=746 gold=C | joint={'beginner': 'B', 'intermediate': 'C', 'advanced': 'C'} | isolated=None
2026-09-01 05:05:10 | DEBUG    | student_sim | id=747 gold=C | joint={'beginner': 'A', 'intermediate': 'A', 'advanced': 'C'} | isolated=None
2026-09-01 05:05:10 | INFO     | student_sim |   [ 748/ 884]  84.6% | acc B/I/A  join 0.30/0.84/0.92 | 0.79s/sample | ETA 1.8 min
2026-09-01 05:05:10 | DEBUG    | student_sim | id=748 gold=C | joint={'beginner': 'B', 'intermediate': 'C', 'advanced': 'A'} | isolated=None
2026-09-01 05:05:11 | DEBUG    | student_sim | id=749 gold=B | joint={'beginner': 'A', 'intermediate': 'B', 'advanced': 'B'} | isolated=None
2026-09-01 05:05:12 | DEBUG    | student_sim | id=750 gold=A | joint={'beginner': 'B', 'intermediate': 'A', 'advanced': 'A'} | isolated=None
2026-09-01 05:05:13 | DEBUG    | student_sim | id=751 gold=D | joint={'beginner': 'C', 'intermediate': 'B', 'advanced': 'D'} | isolated=None
2026-09-01 05:05:14 | DEBUG    | student_sim | id=752 gold=A | joint={'beginner': 'A', 'intermediate': 'A', 'advanced': 'A'} | isolated=None
2026-09-01 05:05:14 | DEBUG    | student_sim | id=753 gold=D | joint={'beginner': 'D', 'intermediate': 'D', 'advanced': 'D'} | isolated=None
2026-09-01 05:05:15 | DEBUG    | student_sim | id=754 gold=A | joint={'beginner': 'A', 'intermediate': 'A', 'advanced': 'A'} | isolated=None
2026-09-01 05:05:16 | DEBUG    | student_sim | id=755 gold=C | joint={'beginner': 'A', 'intermediate': 'C', 'advanced': 'C'} | isolated=None
2026-09-01 05:05:17 | DEBUG    | student_sim | id=756 gold=C | joint={'beginner': 'A', 'intermediate': 'C', 'advanced': 'C'} | isolated=None
2026-09-01 05:05:17 | DEBUG    | student_sim | id=757 gold=C | joint={'beginner': 'B', 'intermediate': 'C', 'advanced': 'C'} | isolated=None
2026-09-01 05:05:18 | DEBUG    | student_sim | id=758 gold=B | joint={'beginner': 'A', 'intermediate': 'B', 'advanced': 'B'} | isolated=None
2026-09-01 05:05:19 | DEBUG    | student_sim | id=759 gold=B | joint={'beginner': 'A', 'intermediate': 'B', 'advanced': 'B'} | isolated=None
2026-09-01 05:05:20 | DEBUG    | student_sim | id=760 gold=C | joint={'beginner': 'B', 'intermediate': 'C', 'advanced': 'C'} | isolated=None
2026-09-01 05:05:21 | DEBUG    | student_sim | id=761 gold=B | joint={'beginner': 'A', 'intermediate': 'B', 'advanced': 'C'} | isolated=None
2026-09-01 05:05:21 | DEBUG    | student_sim | id=762 gold=B | joint={'beginner': 'A', 'intermediate': 'B', 'advanced': 'B'} | isolated=None
2026-09-01 05:05:22 | DEBUG    | student_sim | id=763 gold=C | joint={'beginner': 'D', 'intermediate': 'B', 'advanced': 'C'} | isolated=None
2026-09-01 05:05:23 | DEBUG    | student_sim | id=764 gold=B | joint={'beginner': 'A', 'intermediate': 'B', 'advanced': 'B'} | isolated=None
2026-09-01 05:05:24 | DEBUG    | student_sim | id=765 gold=D | joint={'beginner': 'C', 'intermediate': 'D', 'advanced': 'D'} | isolated=None
2026-09-01 05:05:25 | DEBUG    | student_sim | id=766 gold=C | joint={'beginner': 'C', 'intermediate': 'C', 'advanced': 'C'} | isolated=None
2026-09-01 05:05:25 | DEBUG    | student_sim | id=767 gold=C | joint={'beginner': 'B', 'intermediate': 'C', 'advanced': 'C'} | isolated=None
2026-09-01 05:05:26 | DEBUG    | student_sim | id=768 gold=B | joint={'beginner': 'C', 'intermediate': 'B', 'advanced': 'B'} | isolated=None
2026-09-01 05:05:27 | DEBUG    | student_sim | id=769 gold=C | joint={'beginner': 'A', 'intermediate': 'C', 'advanced': 'C'} | isolated=None
2026-09-01 05:05:28 | DEBUG    | student_sim | id=770 gold=C | joint={'beginner': 'C', 'intermediate': 'C', 'advanced': 'C'} | isolated=None
2026-09-01 05:05:29 | DEBUG    | student_sim | id=771 gold=A | joint={'beginner': 'C', 'intermediate': 'A', 'advanced': 'A'} | isolated=None
2026-09-01 05:05:29 | DEBUG    | student_sim | id=772 gold=A | joint={'beginner': 'C', 'intermediate': 'C', 'advanced': 'A'} | isolated=None
2026-09-01 05:05:30 | DEBUG    | student_sim | id=773 gold=A | joint={'beginner': 'C', 'intermediate': 'A', 'advanced': 'A'} | isolated=None
2026-09-01 05:05:31 | DEBUG    | student_sim | id=774 gold=C | joint={'beginner': 'B', 'intermediate': 'B', 'advanced': 'C'} | isolated=None
2026-09-01 05:05:32 | DEBUG    | student_sim | id=775 gold=C | joint={'beginner': 'D', 'intermediate': 'C', 'advanced': 'C'} | isolated=None
2026-09-01 05:05:32 | DEBUG    | student_sim | id=776 gold=B | joint={'beginner': 'C', 'intermediate': 'B', 'advanced': 'B'} | isolated=None
2026-09-01 05:05:33 | DEBUG    | student_sim | id=777 gold=B | joint={'beginner': 'D', 'intermediate': 'B', 'advanced': 'B'} | isolated=None
2026-09-01 05:05:34 | DEBUG    | student_sim | id=778 gold=D | joint={'beginner': 'A', 'intermediate': 'D', 'advanced': 'D'} | isolated=None
2026-09-01 05:05:35 | DEBUG    | student_sim | id=779 gold=C | joint={'beginner': 'B', 'intermediate': 'C', 'advanced': 'C'} | isolated=None
2026-09-01 05:05:36 | DEBUG    | student_sim | id=780 gold=C | joint={'beginner': 'A', 'intermediate': 'C', 'advanced': 'C'} | isolated=None
2026-09-01 05:05:36 | DEBUG    | student_sim | id=781 gold=A | joint={'beginner': 'B', 'intermediate': 'A', 'advanced': 'A'} | isolated=None
2026-09-01 05:05:37 | DEBUG    | student_sim | id=782 gold=A | joint={'beginner': 'A', 'intermediate': 'A', 'advanced': 'A'} | isolated=None
2026-09-01 05:05:38 | DEBUG    | student_sim | id=783 gold=C | joint={'beginner': 'D', 'intermediate': 'C', 'advanced': 'C'} | isolated=None
2026-09-01 05:05:39 | DEBUG    | student_sim | id=784 gold=C | joint={'beginner': 'A', 'intermediate': 'C', 'advanced': 'C'} | isolated=None
2026-09-01 05:05:40 | DEBUG    | student_sim | id=785 gold=B | joint={'beginner': 'A', 'intermediate': 'B', 'advanced': 'B'} | isolated=None
2026-09-01 05:05:40 | DEBUG    | student_sim | id=786 gold=D | joint={'beginner': 'A', 'intermediate': 'D', 'advanced': 'D'} | isolated=None
2026-09-01 05:05:41 | DEBUG    | student_sim | id=787 gold=D | joint={'beginner': 'A', 'intermediate': 'D', 'advanced': 'D'} | isolated=None
2026-09-01 05:05:42 | DEBUG    | student_sim | id=788 gold=C | joint={'beginner': 'A', 'intermediate': 'C', 'advanced': 'C'} | isolated=None
2026-09-01 05:05:43 | DEBUG    | student_sim | id=789 gold=D | joint={'beginner': 'B', 'intermediate': 'D', 'advanced': 'D'} | isolated=None
2026-09-01 05:05:43 | DEBUG    | student_sim | id=790 gold=C | joint={'beginner': 'B', 'intermediate': 'C', 'advanced': 'C'} | isolated=None
2026-09-01 05:05:44 | DEBUG    | student_sim | id=791 gold=C | joint={'beginner': 'D', 'intermediate': 'C', 'advanced': 'C'} | isolated=None
2026-09-01 05:05:44 | INFO     | student_sim |   [ 792/ 884]  89.6% | acc B/I/A  join 0.29/0.85/0.92 | 0.79s/sample | ETA 1.2 min
2026-09-01 05:05:45 | DEBUG    | student_sim | id=792 gold=C | joint={'beginner': 'D', 'intermediate': 'C', 'advanced': 'C'} | isolated=None
2026-09-01 05:05:46 | DEBUG    | student_sim | id=793 gold=A | joint={'beginner': 'D', 'intermediate': 'A', 'advanced': 'A'} | isolated=None
2026-09-01 05:05:47 | DEBUG    | student_sim | id=794 gold=D | joint={'beginner': 'D', 'intermediate': 'D', 'advanced': 'D'} | isolated=None
2026-09-01 05:05:47 | DEBUG    | student_sim | id=795 gold=C | joint={'beginner': 'B', 'intermediate': 'C', 'advanced': 'C'} | isolated=None
2026-09-01 05:05:48 | DEBUG    | student_sim | id=796 gold=C | joint={'beginner': 'C', 'intermediate': 'C', 'advanced': 'C'} | isolated=None
2026-09-01 05:05:49 | DEBUG    | student_sim | id=797 gold=A | joint={'beginner': 'A', 'intermediate': 'A', 'advanced': 'A'} | isolated=None
2026-09-01 05:05:50 | DEBUG    | student_sim | id=798 gold=C | joint={'beginner': 'A', 'intermediate': 'C', 'advanced': 'C'} | isolated=None
2026-09-01 05:05:51 | DEBUG    | student_sim | id=799 gold=B | joint={'beginner': 'D', 'intermediate': 'D', 'advanced': 'B'} | isolated=None
2026-09-01 05:05:51 | DEBUG    | student_sim | id=800 gold=B | joint={'beginner': 'D', 'intermediate': 'B', 'advanced': 'B'} | isolated=None
2026-09-01 05:05:52 | DEBUG    | student_sim | id=801 gold=D | joint={'beginner': 'C', 'intermediate': 'D', 'advanced': 'D'} | isolated=None
2026-09-01 05:05:53 | DEBUG    | student_sim | id=802 gold=A | joint={'beginner': 'B', 'intermediate': 'A', 'advanced': 'A'} | isolated=None
2026-09-01 05:05:54 | DEBUG    | student_sim | id=803 gold=D | joint={'beginner': 'D', 'intermediate': 'D', 'advanced': 'D'} | isolated=None
2026-09-01 05:05:54 | DEBUG    | student_sim | id=804 gold=C | joint={'beginner': 'C', 'intermediate': 'C', 'advanced': 'C'} | isolated=None
2026-09-01 05:05:55 | DEBUG    | student_sim | id=805 gold=A | joint={'beginner': 'A', 'intermediate': 'A', 'advanced': 'A'} | isolated=None
2026-09-01 05:05:56 | DEBUG    | student_sim | id=806 gold=D | joint={'beginner': 'B', 'intermediate': 'A', 'advanced': 'D'} | isolated=None
2026-09-01 05:05:57 | DEBUG    | student_sim | id=807 gold=C | joint={'beginner': 'A', 'intermediate': 'C', 'advanced': 'C'} | isolated=None
2026-09-01 05:05:58 | DEBUG    | student_sim | id=808 gold=C | joint={'beginner': 'C', 'intermediate': 'C', 'advanced': 'C'} | isolated=None
2026-09-01 05:05:58 | DEBUG    | student_sim | id=809 gold=B | joint={'beginner': 'B', 'intermediate': 'B', 'advanced': 'D'} | isolated=None
2026-09-01 05:05:59 | DEBUG    | student_sim | id=810 gold=B | joint={'beginner': 'B', 'intermediate': 'B', 'advanced': 'B'} | isolated=None
2026-09-01 05:06:00 | DEBUG    | student_sim | id=811 gold=B | joint={'beginner': 'D', 'intermediate': 'B', 'advanced': 'B'} | isolated=None
2026-09-01 05:06:01 | DEBUG    | student_sim | id=812 gold=C | joint={'beginner': 'A', 'intermediate': 'C', 'advanced': 'C'} | isolated=None
2026-09-01 05:06:02 | DEBUG    | student_sim | id=813 gold=B | joint={'beginner': 'C', 'intermediate': 'B', 'advanced': 'B'} | isolated=None
2026-09-01 05:06:02 | DEBUG    | student_sim | id=814 gold=A | joint={'beginner': 'A', 'intermediate': 'A', 'advanced': 'A'} | isolated=None
2026-09-01 05:06:03 | DEBUG    | student_sim | id=815 gold=B | joint={'beginner': 'C', 'intermediate': 'B', 'advanced': 'B'} | isolated=None
2026-09-01 05:06:04 | DEBUG    | student_sim | id=816 gold=D | joint={'beginner': 'D', 'intermediate': 'D', 'advanced': 'D'} | isolated=None
2026-09-01 05:06:05 | DEBUG    | student_sim | id=817 gold=D | joint={'beginner': 'A', 'intermediate': 'B', 'advanced': 'B'} | isolated=None
2026-09-01 05:06:05 | DEBUG    | student_sim | id=818 gold=C | joint={'beginner': 'D', 'intermediate': 'C', 'advanced': 'C'} | isolated=None
2026-09-01 05:06:06 | DEBUG    | student_sim | id=819 gold=B | joint={'beginner': 'A', 'intermediate': 'B', 'advanced': 'B'} | isolated=None
2026-09-01 05:06:07 | DEBUG    | student_sim | id=820 gold=A | joint={'beginner': 'A', 'intermediate': 'A', 'advanced': 'A'} | isolated=None
2026-09-01 05:06:08 | DEBUG    | student_sim | id=821 gold=A | joint={'beginner': 'B', 'intermediate': 'A', 'advanced': 'A'} | isolated=None
2026-09-01 05:06:09 | DEBUG    | student_sim | id=822 gold=C | joint={'beginner': 'C', 'intermediate': 'C', 'advanced': 'C'} | isolated=None
2026-09-01 05:06:09 | DEBUG    | student_sim | id=823 gold=D | joint={'beginner': 'C', 'intermediate': 'D', 'advanced': 'D'} | isolated=None
2026-09-01 05:06:10 | DEBUG    | student_sim | id=824 gold=B | joint={'beginner': 'A', 'intermediate': 'B', 'advanced': 'B'} | isolated=None
2026-09-01 05:06:11 | DEBUG    | student_sim | id=825 gold=D | joint={'beginner': 'A', 'intermediate': 'B', 'advanced': 'D'} | isolated=None
2026-09-01 05:06:12 | DEBUG    | student_sim | id=826 gold=B | joint={'beginner': 'A', 'intermediate': 'B', 'advanced': 'B'} | isolated=None
2026-09-01 05:06:13 | DEBUG    | student_sim | id=827 gold=A | joint={'beginner': 'A', 'intermediate': 'A', 'advanced': 'A'} | isolated=None
2026-09-01 05:06:13 | DEBUG    | student_sim | id=828 gold=D | joint={'beginner': 'D', 'intermediate': 'D', 'advanced': 'D'} | isolated=None
2026-09-01 05:06:14 | DEBUG    | student_sim | id=829 gold=A | joint={'beginner': 'A', 'intermediate': 'A', 'advanced': 'A'} | isolated=None
2026-09-01 05:06:15 | DEBUG    | student_sim | id=830 gold=C | joint={'beginner': 'D', 'intermediate': 'C', 'advanced': 'C'} | isolated=None
2026-09-01 05:06:16 | DEBUG    | student_sim | id=831 gold=D | joint={'beginner': 'B', 'intermediate': 'D', 'advanced': 'D'} | isolated=None
2026-09-01 05:06:16 | DEBUG    | student_sim | id=832 gold=A | joint={'beginner': 'A', 'intermediate': 'A', 'advanced': 'A'} | isolated=None
2026-09-01 05:06:17 | DEBUG    | student_sim | id=833 gold=D | joint={'beginner': 'A', 'intermediate': 'D', 'advanced': 'D'} | isolated=None
2026-09-01 05:06:18 | DEBUG    | student_sim | id=834 gold=B | joint={'beginner': 'A', 'intermediate': 'B', 'advanced': 'B'} | isolated=None
2026-09-01 05:06:19 | DEBUG    | student_sim | id=835 gold=B | joint={'beginner': 'C', 'intermediate': 'B', 'advanced': 'B'} | isolated=None
2026-09-01 05:06:19 | INFO     | student_sim |   [ 836/ 884]  94.6% | acc B/I/A  join 0.29/0.85/0.93 | 0.79s/sample | ETA 0.6 min
2026-09-01 05:06:20 | DEBUG    | student_sim | id=836 gold=A | joint={'beginner': 'A', 'intermediate': 'A', 'advanced': 'A'} | isolated=None
2026-09-01 05:06:20 | DEBUG    | student_sim | id=837 gold=D | joint={'beginner': 'C', 'intermediate': 'D', 'advanced': 'D'} | isolated=None
2026-09-01 05:06:21 | DEBUG    | student_sim | id=838 gold=A | joint={'beginner': 'B', 'intermediate': 'A', 'advanced': 'A'} | isolated=None
2026-09-01 05:06:22 | DEBUG    | student_sim | id=839 gold=C | joint={'beginner': 'B', 'intermediate': 'C', 'advanced': 'C'} | isolated=None
2026-09-01 05:06:23 | DEBUG    | student_sim | id=840 gold=A | joint={'beginner': 'B', 'intermediate': 'A', 'advanced': 'A'} | isolated=None
2026-09-01 05:06:24 | DEBUG    | student_sim | id=841 gold=C | joint={'beginner': 'D', 'intermediate': 'C', 'advanced': 'C'} | isolated=None
2026-09-01 05:06:24 | DEBUG    | student_sim | id=842 gold=A | joint={'beginner': 'B', 'intermediate': 'C', 'advanced': 'A'} | isolated=None
2026-09-01 05:06:25 | DEBUG    | student_sim | id=843 gold=B | joint={'beginner': 'B', 'intermediate': 'B', 'advanced': 'B'} | isolated=None
2026-09-01 05:06:26 | DEBUG    | student_sim | id=844 gold=B | joint={'beginner': 'A', 'intermediate': 'B', 'advanced': 'B'} | isolated=None
2026-09-01 05:06:27 | DEBUG    | student_sim | id=845 gold=B | joint={'beginner': 'C', 'intermediate': 'B', 'advanced': 'B'} | isolated=None
2026-09-01 05:06:27 | DEBUG    | student_sim | id=846 gold=C | joint={'beginner': 'B', 'intermediate': 'C', 'advanced': 'C'} | isolated=None
2026-09-01 05:06:28 | DEBUG    | student_sim | id=847 gold=C | joint={'beginner': 'A', 'intermediate': 'C', 'advanced': 'C'} | isolated=None
2026-09-01 05:06:29 | DEBUG    | student_sim | id=848 gold=A | joint={'beginner': 'C', 'intermediate': 'A', 'advanced': 'A'} | isolated=None
2026-09-01 05:06:30 | DEBUG    | student_sim | id=849 gold=A | joint={'beginner': 'B', 'intermediate': 'B', 'advanced': 'A'} | isolated=None
2026-09-01 05:06:31 | DEBUG    | student_sim | id=850 gold=B | joint={'beginner': 'A', 'intermediate': 'C', 'advanced': 'B'} | isolated=None
2026-09-01 05:06:31 | DEBUG    | student_sim | id=851 gold=B | joint={'beginner': 'B', 'intermediate': 'B', 'advanced': 'B'} | isolated=None
2026-09-01 05:06:32 | DEBUG    | student_sim | id=852 gold=B | joint={'beginner': 'A', 'intermediate': 'B', 'advanced': 'B'} | isolated=None
2026-09-01 05:06:33 | DEBUG    | student_sim | id=853 gold=A | joint={'beginner': 'B', 'intermediate': 'A', 'advanced': 'A'} | isolated=None
2026-09-01 05:06:34 | DEBUG    | student_sim | id=854 gold=B | joint={'beginner': 'B', 'intermediate': 'B', 'advanced': 'B'} | isolated=None
2026-09-01 05:06:35 | DEBUG    | student_sim | id=855 gold=A | joint={'beginner': 'C', 'intermediate': 'C', 'advanced': 'A'} | isolated=None
2026-09-01 05:06:35 | DEBUG    | student_sim | id=856 gold=B | joint={'beginner': 'A', 'intermediate': 'B', 'advanced': 'B'} | isolated=None
2026-09-01 05:06:36 | DEBUG    | student_sim | id=857 gold=B | joint={'beginner': 'A', 'intermediate': 'B', 'advanced': 'B'} | isolated=None
2026-09-01 05:06:37 | DEBUG    | student_sim | id=858 gold=D | joint={'beginner': 'A', 'intermediate': 'D', 'advanced': 'D'} | isolated=None
2026-09-01 05:06:38 | DEBUG    | student_sim | id=859 gold=A | joint={'beginner': 'A', 'intermediate': 'A', 'advanced': 'A'} | isolated=None
2026-09-01 05:06:39 | DEBUG    | student_sim | id=860 gold=D | joint={'beginner': 'C', 'intermediate': 'D', 'advanced': 'D'} | isolated=None
2026-09-01 05:06:39 | DEBUG    | student_sim | id=861 gold=A | joint={'beginner': 'B', 'intermediate': 'A', 'advanced': 'A'} | isolated=None
2026-09-01 05:06:40 | DEBUG    | student_sim | id=862 gold=B | joint={'beginner': 'D', 'intermediate': 'B', 'advanced': 'B'} | isolated=None
2026-09-01 05:06:41 | DEBUG    | student_sim | id=863 gold=B | joint={'beginner': 'D', 'intermediate': 'B', 'advanced': 'B'} | isolated=None
2026-09-01 05:06:42 | DEBUG    | student_sim | id=864 gold=A | joint={'beginner': 'A', 'intermediate': 'A', 'advanced': 'A'} | isolated=None
2026-09-01 05:06:42 | DEBUG    | student_sim | id=865 gold=A | joint={'beginner': 'A', 'intermediate': 'A', 'advanced': 'A'} | isolated=None
2026-09-01 05:06:43 | DEBUG    | student_sim | id=866 gold=D | joint={'beginner': 'C', 'intermediate': 'D', 'advanced': 'D'} | isolated=None
2026-09-01 05:06:44 | DEBUG    | student_sim | id=867 gold=D | joint={'beginner': 'A', 'intermediate': 'D', 'advanced': 'D'} | isolated=None
2026-09-01 05:06:45 | DEBUG    | student_sim | id=868 gold=B | joint={'beginner': 'A', 'intermediate': 'B', 'advanced': 'B'} | isolated=None
2026-09-01 05:06:46 | DEBUG    | student_sim | id=869 gold=A | joint={'beginner': 'A', 'intermediate': 'A', 'advanced': 'A'} | isolated=None
2026-09-01 05:06:46 | DEBUG    | student_sim | id=870 gold=D | joint={'beginner': 'C', 'intermediate': 'D', 'advanced': 'D'} | isolated=None
2026-09-01 05:06:47 | DEBUG    | student_sim | id=871 gold=C | joint={'beginner': 'C', 'intermediate': 'C', 'advanced': 'C'} | isolated=None
2026-09-01 05:06:48 | DEBUG    | student_sim | id=872 gold=A | joint={'beginner': 'B', 'intermediate': 'A', 'advanced': 'A'} | isolated=None
2026-09-01 05:06:49 | DEBUG    | student_sim | id=873 gold=B | joint={'beginner': 'A', 'intermediate': 'B', 'advanced': 'B'} | isolated=None
2026-09-01 05:06:50 | DEBUG    | student_sim | id=874 gold=C | joint={'beginner': 'D', 'intermediate': 'C', 'advanced': 'C'} | isolated=None
2026-09-01 05:06:50 | DEBUG    | student_sim | id=875 gold=D | joint={'beginner': 'B', 'intermediate': 'D', 'advanced': 'D'} | isolated=None
2026-09-01 05:06:51 | DEBUG    | student_sim | id=876 gold=D | joint={'beginner': 'C', 'intermediate': 'D', 'advanced': 'D'} | isolated=None
2026-09-01 05:06:52 | DEBUG    | student_sim | id=877 gold=A | joint={'beginner': 'A', 'intermediate': 'A', 'advanced': 'A'} | isolated=None
2026-09-01 05:06:53 | DEBUG    | student_sim | id=878 gold=C | joint={'beginner': 'D', 'intermediate': 'C', 'advanced': 'C'} | isolated=None
2026-09-01 05:06:53 | DEBUG    | student_sim | id=879 gold=B | joint={'beginner': 'C', 'intermediate': 'B', 'advanced': 'B'} | isolated=None
2026-09-01 05:06:53 | INFO     | student_sim |   [ 880/ 884]  99.5% | acc B/I/A  join 0.29/0.85/0.93 | 0.79s/sample | ETA 0.1 min
2026-09-01 05:06:54 | DEBUG    | student_sim | id=880 gold=A | joint={'beginner': 'D', 'intermediate': 'A', 'advanced': 'A'} | isolated=None
2026-09-01 05:06:55 | DEBUG    | student_sim | id=881 gold=C | joint={'beginner': 'C', 'intermediate': 'C', 'advanced': 'C'} | isolated=None
2026-09-01 05:06:56 | DEBUG    | student_sim | id=882 gold=D | joint={'beginner': 'C', 'intermediate': 'C', 'advanced': 'D'} | isolated=None
2026-09-01 05:06:57 | DEBUG    | student_sim | id=883 gold=D | joint={'beginner': 'A', 'intermediate': 'D', 'advanced': 'D'} | isolated=None
2026-09-01 05:06:57 | INFO     | student_sim |   [ 884/ 884] 100.0% | acc B/I/A  join 0.29/0.85/0.93 | 0.79s/sample | ETA 0.0 min
2026-09-01 05:06:57 | INFO     | student_sim | 
2026-09-01 05:06:57 | INFO     | student_sim |   SCIQ -- ACCURACY STRATIFICATION
2026-09-01 05:06:57 | INFO     | student_sim |   ------------------------------------------------------------------------------------------------
2026-09-01 05:06:57 | INFO     | student_sim |     paradigm     beginner   intermediate       advanced        gap   monotone
2026-09-01 05:06:57 | INFO     | student_sim |     joint          0.2907         0.8529         0.9299     0.6391        yes
2026-09-01 05:06:57 | INFO     | student_sim | 
2026-09-01 05:06:57 | INFO     | student_sim |     joint scaffold differentiation pressure (order advanced -> intermediate -> beginner)
2026-09-01 05:06:57 | INFO     | student_sim |       all three tiers distinct        : 0.051 (chance if independent: 0.375)
2026-09-01 05:06:57 | INFO     | student_sim |       last tier (beginner) breaks a tie : 0.714  over 744 agreeing questions
2026-09-01 05:06:57 | INFO     | student_sim |       those breaks that are wrong     : 0.977
2026-09-01 05:06:57 | INFO     | student_sim |       breaks away from correct answer : 0.962
2026-09-01 05:06:57 | INFO     | student_sim | 
2026-09-01 05:06:57 | INFO     | student_sim |     trap-hit rate among errors (random distractor baseline = 0.333)
2026-09-01 05:06:57 | INFO     | student_sim |       joint     beginner      longest 0.351 (n= 370) | stem-overlap 0.645 (n= 31) | lookalike 0.365 (n= 490)
2026-09-01 05:06:57 | INFO     | student_sim |       joint     intermediate  longest 0.325 (n=  77) | stem-overlap 0.667 (n=  6) | lookalike 0.437 (n= 103)
2026-09-01 05:06:57 | INFO     | student_sim |       joint     advanced      longest 0.400 (n=  40) | stem-overlap 1.000 (n=  1) | lookalike 0.392 (n=  51)
2026-09-01 05:06:57 | INFO     | student_sim |   ------------------------------------------------------------------------------------------------
2026-09-01 05:06:57 | INFO     | student_sim |   wrote /home/nghben/Downloads/research/fsds/experiment/results/student_simulation/results_persona_simulation_sciq_order_desc.json
2026-09-01 05:06:57 | INFO     | student_sim | 
2026-09-01 05:06:57 | INFO     | student_sim | ====================================================================================================
2026-09-01 05:06:57 | INFO     | student_sim | DATASET OBQA (allenai/openbookqa, test) -- 500 samples, zero-context (no passage)
2026-09-01 05:06:57 | INFO     | student_sim |   file      : /home/nghben/Downloads/research/fsds/experiment/datasets/openbookqa/obqa_test_full.json
2026-09-01 05:06:57 | INFO     | student_sim |   paradigms : joint
2026-09-01 05:06:57 | INFO     | student_sim |   joint order: advanced -> intermediate -> beginner
2026-09-01 05:06:57 | INFO     | student_sim | ====================================================================================================
2026-09-01 05:06:58 | DEBUG    | student_sim | id=0 gold=B | joint={'beginner': 'D', 'intermediate': 'B', 'advanced': 'B'} | isolated=None
2026-09-01 05:06:58 | DEBUG    | student_sim | id=1 gold=A | joint={'beginner': 'A', 'intermediate': 'A', 'advanced': 'A'} | isolated=None
2026-09-01 05:06:59 | DEBUG    | student_sim | id=2 gold=C | joint={'beginner': 'C', 'intermediate': 'C', 'advanced': 'D'} | isolated=None
2026-09-01 05:07:00 | DEBUG    | student_sim | id=3 gold=C | joint={'beginner': 'C', 'intermediate': 'C', 'advanced': 'C'} | isolated=None
2026-09-01 05:07:00 | DEBUG    | student_sim | id=4 gold=C | joint={'beginner': 'C', 'intermediate': 'B', 'advanced': 'D'} | isolated=None
2026-09-01 05:07:01 | DEBUG    | student_sim | id=5 gold=C | joint={'beginner': 'D', 'intermediate': 'C', 'advanced': 'C'} | isolated=None
2026-09-01 05:07:02 | DEBUG    | student_sim | id=6 gold=C | joint={'beginner': 'D', 'intermediate': 'C', 'advanced': 'B'} | isolated=None
2026-09-01 05:07:02 | DEBUG    | student_sim | id=7 gold=B | joint={'beginner': 'B', 'intermediate': 'B', 'advanced': 'B'} | isolated=None
2026-09-01 05:07:03 | DEBUG    | student_sim | id=8 gold=D | joint={'beginner': 'C', 'intermediate': 'C', 'advanced': 'C'} | isolated=None
2026-09-01 05:07:04 | DEBUG    | student_sim | id=9 gold=B | joint={'beginner': 'D', 'intermediate': 'B', 'advanced': 'B'} | isolated=None
2026-09-01 05:07:05 | DEBUG    | student_sim | id=10 gold=C | joint={'beginner': 'D', 'intermediate': 'C', 'advanced': 'C'} | isolated=None
2026-09-01 05:07:05 | DEBUG    | student_sim | id=11 gold=B | joint={'beginner': 'D', 'intermediate': 'B', 'advanced': 'B'} | isolated=None
2026-09-01 05:07:06 | DEBUG    | student_sim | id=12 gold=C | joint={'beginner': 'D', 'intermediate': 'C', 'advanced': 'C'} | isolated=None
2026-09-01 05:07:07 | DEBUG    | student_sim | id=13 gold=A | joint={'beginner': 'C', 'intermediate': 'A', 'advanced': 'A'} | isolated=None
2026-09-01 05:07:07 | DEBUG    | student_sim | id=14 gold=C | joint={'beginner': 'C', 'intermediate': 'C', 'advanced': 'C'} | isolated=None
2026-09-01 05:07:08 | DEBUG    | student_sim | id=15 gold=D | joint={'beginner': 'D', 'intermediate': 'D', 'advanced': 'D'} | isolated=None
2026-09-01 05:07:09 | DEBUG    | student_sim | id=16 gold=C | joint={'beginner': 'D', 'intermediate': 'C', 'advanced': 'C'} | isolated=None
2026-09-01 05:07:10 | DEBUG    | student_sim | id=17 gold=C | joint={'beginner': 'D', 'intermediate': 'C', 'advanced': 'C'} | isolated=None
2026-09-01 05:07:10 | DEBUG    | student_sim | id=18 gold=A | joint={'beginner': 'A', 'intermediate': 'A', 'advanced': 'A'} | isolated=None
2026-09-01 05:07:11 | DEBUG    | student_sim | id=19 gold=B | joint={'beginner': 'B', 'intermediate': 'B', 'advanced': 'A'} | isolated=None
2026-09-01 05:07:12 | DEBUG    | student_sim | id=20 gold=A | joint={'beginner': 'A', 'intermediate': 'A', 'advanced': 'D'} | isolated=None
2026-09-01 05:07:12 | DEBUG    | student_sim | id=21 gold=A | joint={'beginner': 'C', 'intermediate': 'A', 'advanced': 'A'} | isolated=None
2026-09-01 05:07:13 | DEBUG    | student_sim | id=22 gold=A | joint={'beginner': 'B', 'intermediate': 'A', 'advanced': 'A'} | isolated=None
2026-09-01 05:07:14 | DEBUG    | student_sim | id=23 gold=B | joint={'beginner': 'D', 'intermediate': 'B', 'advanced': 'B'} | isolated=None
2026-09-01 05:07:14 | DEBUG    | student_sim | id=24 gold=B | joint={'beginner': 'B', 'intermediate': 'B', 'advanced': 'C'} | isolated=None
2026-09-01 05:07:14 | INFO     | student_sim |   [  25/ 500]   5.0% | acc B/I/A  join 0.44/0.92/0.72 | 0.71s/sample | ETA 5.6 min
2026-09-01 05:07:15 | DEBUG    | student_sim | id=25 gold=B | joint={'beginner': 'C', 'intermediate': 'C', 'advanced': 'B'} | isolated=None
2026-09-01 05:07:16 | DEBUG    | student_sim | id=26 gold=D | joint={'beginner': 'D', 'intermediate': 'C', 'advanced': 'C'} | isolated=None
2026-09-01 05:07:17 | DEBUG    | student_sim | id=27 gold=A | joint={'beginner': 'D', 'intermediate': 'A', 'advanced': 'A'} | isolated=None
2026-09-01 05:07:17 | DEBUG    | student_sim | id=28 gold=D | joint={'beginner': 'D', 'intermediate': 'D', 'advanced': 'D'} | isolated=None
2026-09-01 05:07:18 | DEBUG    | student_sim | id=29 gold=B | joint={'beginner': 'D', 'intermediate': 'B', 'advanced': 'C'} | isolated=None
2026-09-01 05:07:19 | DEBUG    | student_sim | id=30 gold=C | joint={'beginner': 'C', 'intermediate': 'C', 'advanced': 'C'} | isolated=None
2026-09-01 05:07:19 | DEBUG    | student_sim | id=31 gold=D | joint={'beginner': 'C', 'intermediate': 'D', 'advanced': 'D'} | isolated=None
2026-09-01 05:07:20 | DEBUG    | student_sim | id=32 gold=B | joint={'beginner': 'B', 'intermediate': 'B', 'advanced': 'B'} | isolated=None
2026-09-01 05:07:21 | DEBUG    | student_sim | id=33 gold=A | joint={'beginner': 'D', 'intermediate': 'D', 'advanced': 'A'} | isolated=None
2026-09-01 05:07:21 | DEBUG    | student_sim | id=34 gold=B | joint={'beginner': 'D', 'intermediate': 'B', 'advanced': 'B'} | isolated=None
2026-09-01 05:07:22 | DEBUG    | student_sim | id=35 gold=A | joint={'beginner': 'A', 'intermediate': 'B', 'advanced': 'B'} | isolated=None
2026-09-01 05:07:23 | DEBUG    | student_sim | id=36 gold=A | joint={'beginner': 'A', 'intermediate': 'A', 'advanced': 'A'} | isolated=None
2026-09-01 05:07:24 | DEBUG    | student_sim | id=37 gold=D | joint={'beginner': 'D', 'intermediate': 'A', 'advanced': 'A'} | isolated=None
2026-09-01 05:07:24 | DEBUG    | student_sim | id=38 gold=D | joint={'beginner': 'C', 'intermediate': 'C', 'advanced': 'D'} | isolated=None
2026-09-01 05:07:25 | DEBUG    | student_sim | id=39 gold=A | joint={'beginner': 'C', 'intermediate': 'A', 'advanced': 'A'} | isolated=None
2026-09-01 05:07:26 | DEBUG    | student_sim | id=40 gold=D | joint={'beginner': 'D', 'intermediate': 'D', 'advanced': 'D'} | isolated=None
2026-09-01 05:07:26 | DEBUG    | student_sim | id=41 gold=D | joint={'beginner': 'D', 'intermediate': 'D', 'advanced': 'B'} | isolated=None
2026-09-01 05:07:27 | DEBUG    | student_sim | id=42 gold=A | joint={'beginner': 'A', 'intermediate': 'A', 'advanced': 'A'} | isolated=None
2026-09-01 05:07:28 | DEBUG    | student_sim | id=43 gold=D | joint={'beginner': 'C', 'intermediate': 'D', 'advanced': 'D'} | isolated=None
2026-09-01 05:07:29 | DEBUG    | student_sim | id=44 gold=A | joint={'beginner': 'D', 'intermediate': 'A', 'advanced': 'A'} | isolated=None
2026-09-01 05:07:29 | DEBUG    | student_sim | id=45 gold=A | joint={'beginner': 'A', 'intermediate': 'A', 'advanced': 'A'} | isolated=None
2026-09-01 05:07:30 | DEBUG    | student_sim | id=46 gold=A | joint={'beginner': 'A', 'intermediate': 'A', 'advanced': 'A'} | isolated=None
2026-09-01 05:07:31 | DEBUG    | student_sim | id=47 gold=A | joint={'beginner': 'A', 'intermediate': 'C', 'advanced': 'C'} | isolated=None
2026-09-01 05:07:31 | DEBUG    | student_sim | id=48 gold=B | joint={'beginner': 'C', 'intermediate': 'B', 'advanced': 'B'} | isolated=None
2026-09-01 05:07:32 | DEBUG    | student_sim | id=49 gold=C | joint={'beginner': 'C', 'intermediate': 'C', 'advanced': 'C'} | isolated=None
2026-09-01 05:07:32 | INFO     | student_sim |   [  50/ 500]  10.0% | acc B/I/A  join 0.50/0.82/0.74 | 0.71s/sample | ETA 5.3 min
2026-09-01 05:07:33 | DEBUG    | student_sim | id=50 gold=A | joint={'beginner': 'D', 'intermediate': 'A', 'advanced': 'A'} | isolated=None
2026-09-01 05:07:33 | DEBUG    | student_sim | id=51 gold=D | joint={'beginner': 'D', 'intermediate': 'D', 'advanced': 'C'} | isolated=None
2026-09-01 05:07:34 | DEBUG    | student_sim | id=52 gold=A | joint={'beginner': 'D', 'intermediate': 'A', 'advanced': 'A'} | isolated=None
2026-09-01 05:07:35 | DEBUG    | student_sim | id=53 gold=D | joint={'beginner': 'D', 'intermediate': 'D', 'advanced': 'D'} | isolated=None
2026-09-01 05:07:36 | DEBUG    | student_sim | id=54 gold=C | joint={'beginner': 'C', 'intermediate': 'A', 'advanced': 'A'} | isolated=None
2026-09-01 05:07:36 | DEBUG    | student_sim | id=55 gold=A | joint={'beginner': 'D', 'intermediate': 'C', 'advanced': 'C'} | isolated=None
2026-09-01 05:07:37 | DEBUG    | student_sim | id=56 gold=C | joint={'beginner': 'C', 'intermediate': 'C', 'advanced': 'C'} | isolated=None
2026-09-01 05:07:38 | DEBUG    | student_sim | id=57 gold=D | joint={'beginner': 'C', 'intermediate': 'A', 'advanced': 'D'} | isolated=None
2026-09-01 05:07:38 | DEBUG    | student_sim | id=58 gold=B | joint={'beginner': 'D', 'intermediate': 'B', 'advanced': 'B'} | isolated=None
2026-09-01 05:07:39 | DEBUG    | student_sim | id=59 gold=A | joint={'beginner': 'D', 'intermediate': 'A', 'advanced': 'A'} | isolated=None
2026-09-01 05:07:40 | DEBUG    | student_sim | id=60 gold=C | joint={'beginner': 'B', 'intermediate': 'A', 'advanced': 'A'} | isolated=None
2026-09-01 05:07:41 | DEBUG    | student_sim | id=61 gold=C | joint={'beginner': 'D', 'intermediate': 'C', 'advanced': 'C'} | isolated=None
2026-09-01 05:07:41 | DEBUG    | student_sim | id=62 gold=A | joint={'beginner': 'D', 'intermediate': 'B', 'advanced': 'B'} | isolated=None
2026-09-01 05:07:42 | DEBUG    | student_sim | id=63 gold=B | joint={'beginner': 'B', 'intermediate': 'B', 'advanced': 'B'} | isolated=None
2026-09-01 05:07:43 | DEBUG    | student_sim | id=64 gold=B | joint={'beginner': 'C', 'intermediate': 'C', 'advanced': 'B'} | isolated=None
2026-09-01 05:07:43 | DEBUG    | student_sim | id=65 gold=C | joint={'beginner': 'C', 'intermediate': 'C', 'advanced': 'B'} | isolated=None
2026-09-01 05:07:44 | DEBUG    | student_sim | id=66 gold=A | joint={'beginner': 'C', 'intermediate': 'B', 'advanced': 'B'} | isolated=None
2026-09-01 05:07:45 | DEBUG    | student_sim | id=67 gold=A | joint={'beginner': 'C', 'intermediate': 'A', 'advanced': 'A'} | isolated=None
2026-09-01 05:07:46 | DEBUG    | student_sim | id=68 gold=A | joint={'beginner': 'A', 'intermediate': 'A', 'advanced': 'B'} | isolated=None
2026-09-01 05:07:46 | DEBUG    | student_sim | id=69 gold=D | joint={'beginner': 'D', 'intermediate': 'D', 'advanced': 'D'} | isolated=None
2026-09-01 05:07:47 | DEBUG    | student_sim | id=70 gold=B | joint={'beginner': 'B', 'intermediate': 'B', 'advanced': 'B'} | isolated=None
2026-09-01 05:07:48 | DEBUG    | student_sim | id=71 gold=C | joint={'beginner': 'D', 'intermediate': 'D', 'advanced': 'D'} | isolated=None
2026-09-01 05:07:48 | DEBUG    | student_sim | id=72 gold=C | joint={'beginner': 'C', 'intermediate': 'C', 'advanced': 'C'} | isolated=None
2026-09-01 05:07:49 | DEBUG    | student_sim | id=73 gold=A | joint={'beginner': 'C', 'intermediate': 'A', 'advanced': 'A'} | isolated=None
2026-09-01 05:07:50 | DEBUG    | student_sim | id=74 gold=C | joint={'beginner': 'D', 'intermediate': 'C', 'advanced': 'C'} | isolated=None
2026-09-01 05:07:50 | INFO     | student_sim |   [  75/ 500]  15.0% | acc B/I/A  join 0.47/0.77/0.71 | 0.71s/sample | ETA 5.0 min
2026-09-01 05:07:51 | DEBUG    | student_sim | id=75 gold=C | joint={'beginner': 'C', 'intermediate': 'C', 'advanced': 'D'} | isolated=None
2026-09-01 05:07:51 | DEBUG    | student_sim | id=76 gold=A | joint={'beginner': 'D', 'intermediate': 'A', 'advanced': 'A'} | isolated=None
2026-09-01 05:07:52 | DEBUG    | student_sim | id=77 gold=C | joint={'beginner': 'D', 'intermediate': 'A', 'advanced': 'C'} | isolated=None
2026-09-01 05:07:53 | DEBUG    | student_sim | id=78 gold=B | joint={'beginner': 'B', 'intermediate': 'B', 'advanced': 'B'} | isolated=None
2026-09-01 05:07:53 | DEBUG    | student_sim | id=79 gold=C | joint={'beginner': 'C', 'intermediate': 'C', 'advanced': 'C'} | isolated=None
2026-09-01 05:07:54 | DEBUG    | student_sim | id=80 gold=C | joint={'beginner': 'D', 'intermediate': 'C', 'advanced': 'C'} | isolated=None
2026-09-01 05:07:55 | DEBUG    | student_sim | id=81 gold=A | joint={'beginner': 'B', 'intermediate': 'A', 'advanced': 'D'} | isolated=None
2026-09-01 05:07:55 | DEBUG    | student_sim | id=82 gold=A | joint={'beginner': 'C', 'intermediate': 'A', 'advanced': 'D'} | isolated=None
2026-09-01 05:07:56 | DEBUG    | student_sim | id=83 gold=B | joint={'beginner': 'B', 'intermediate': 'B', 'advanced': 'B'} | isolated=None
2026-09-01 05:07:57 | DEBUG    | student_sim | id=84 gold=D | joint={'beginner': 'C', 'intermediate': 'D', 'advanced': 'D'} | isolated=None
2026-09-01 05:07:58 | DEBUG    | student_sim | id=85 gold=B | joint={'beginner': 'D', 'intermediate': 'B', 'advanced': 'B'} | isolated=None
2026-09-01 05:07:58 | DEBUG    | student_sim | id=86 gold=D | joint={'beginner': 'D', 'intermediate': 'D', 'advanced': 'D'} | isolated=None
2026-09-01 05:07:59 | DEBUG    | student_sim | id=87 gold=D | joint={'beginner': 'D', 'intermediate': 'C', 'advanced': 'D'} | isolated=None
2026-09-01 05:08:00 | DEBUG    | student_sim | id=88 gold=C | joint={'beginner': 'D', 'intermediate': 'C', 'advanced': 'C'} | isolated=None
2026-09-01 05:08:00 | DEBUG    | student_sim | id=89 gold=A | joint={'beginner': 'D', 'intermediate': 'D', 'advanced': 'B'} | isolated=None
2026-09-01 05:08:01 | DEBUG    | student_sim | id=90 gold=A | joint={'beginner': 'C', 'intermediate': 'A', 'advanced': 'A'} | isolated=None
2026-09-01 05:08:02 | DEBUG    | student_sim | id=91 gold=D | joint={'beginner': 'D', 'intermediate': 'C', 'advanced': 'D'} | isolated=None
2026-09-01 05:08:03 | DEBUG    | student_sim | id=92 gold=C | joint={'beginner': 'C', 'intermediate': 'C', 'advanced': 'D'} | isolated=None
2026-09-01 05:08:03 | DEBUG    | student_sim | id=93 gold=A | joint={'beginner': 'D', 'intermediate': 'A', 'advanced': 'A'} | isolated=None
2026-09-01 05:08:04 | DEBUG    | student_sim | id=94 gold=C | joint={'beginner': 'C', 'intermediate': 'C', 'advanced': 'C'} | isolated=None
2026-09-01 05:08:05 | DEBUG    | student_sim | id=95 gold=C | joint={'beginner': 'D', 'intermediate': 'C', 'advanced': 'C'} | isolated=None
2026-09-01 05:08:05 | DEBUG    | student_sim | id=96 gold=C | joint={'beginner': 'D', 'intermediate': 'C', 'advanced': 'C'} | isolated=None
2026-09-01 05:08:06 | DEBUG    | student_sim | id=97 gold=B | joint={'beginner': 'D', 'intermediate': 'B', 'advanced': 'B'} | isolated=None
2026-09-01 05:08:07 | DEBUG    | student_sim | id=98 gold=A | joint={'beginner': 'D', 'intermediate': 'A', 'advanced': 'A'} | isolated=None
2026-09-01 05:08:07 | DEBUG    | student_sim | id=99 gold=C | joint={'beginner': 'C', 'intermediate': 'C', 'advanced': 'D'} | isolated=None
2026-09-01 05:08:07 | INFO     | student_sim |   [ 100/ 500]  20.0% | acc B/I/A  join 0.45/0.79/0.72 | 0.71s/sample | ETA 4.7 min
2026-09-01 05:08:08 | DEBUG    | student_sim | id=100 gold=B | joint={'beginner': 'B', 'intermediate': 'B', 'advanced': 'D'} | isolated=None
2026-09-01 05:08:09 | DEBUG    | student_sim | id=101 gold=B | joint={'beginner': 'B', 'intermediate': 'B', 'advanced': 'B'} | isolated=None
2026-09-01 05:08:10 | DEBUG    | student_sim | id=102 gold=A | joint={'beginner': 'D', 'intermediate': 'A', 'advanced': 'A'} | isolated=None
2026-09-01 05:08:10 | DEBUG    | student_sim | id=103 gold=D | joint={'beginner': 'B', 'intermediate': 'D', 'advanced': 'D'} | isolated=None
2026-09-01 05:08:11 | DEBUG    | student_sim | id=104 gold=B | joint={'beginner': 'D', 'intermediate': 'B', 'advanced': 'B'} | isolated=None
2026-09-01 05:08:12 | DEBUG    | student_sim | id=105 gold=D | joint={'beginner': 'C', 'intermediate': 'B', 'advanced': 'D'} | isolated=None
2026-09-01 05:08:12 | DEBUG    | student_sim | id=106 gold=B | joint={'beginner': 'D', 'intermediate': 'B', 'advanced': 'B'} | isolated=None
2026-09-01 05:08:13 | DEBUG    | student_sim | id=107 gold=A | joint={'beginner': 'D', 'intermediate': 'B', 'advanced': 'A'} | isolated=None
2026-09-01 05:08:14 | DEBUG    | student_sim | id=108 gold=D | joint={'beginner': 'D', 'intermediate': 'D', 'advanced': 'D'} | isolated=None
2026-09-01 05:08:15 | DEBUG    | student_sim | id=109 gold=C | joint={'beginner': 'C', 'intermediate': 'C', 'advanced': 'C'} | isolated=None
2026-09-01 05:08:15 | DEBUG    | student_sim | id=110 gold=C | joint={'beginner': 'D', 'intermediate': 'C', 'advanced': 'C'} | isolated=None
2026-09-01 05:08:16 | DEBUG    | student_sim | id=111 gold=B | joint={'beginner': 'C', 'intermediate': 'B', 'advanced': 'C'} | isolated=None
2026-09-01 05:08:17 | DEBUG    | student_sim | id=112 gold=B | joint={'beginner': 'C', 'intermediate': 'B', 'advanced': 'B'} | isolated=None
2026-09-01 05:08:17 | DEBUG    | student_sim | id=113 gold=C | joint={'beginner': 'A', 'intermediate': 'A', 'advanced': 'C'} | isolated=None
2026-09-01 05:08:18 | DEBUG    | student_sim | id=114 gold=A | joint={'beginner': 'D', 'intermediate': 'D', 'advanced': 'C'} | isolated=None
2026-09-01 05:08:19 | DEBUG    | student_sim | id=115 gold=C | joint={'beginner': 'C', 'intermediate': 'C', 'advanced': 'C'} | isolated=None
2026-09-01 05:08:20 | DEBUG    | student_sim | id=116 gold=D | joint={'beginner': 'D', 'intermediate': 'A', 'advanced': 'D'} | isolated=None
2026-09-01 05:08:20 | DEBUG    | student_sim | id=117 gold=D | joint={'beginner': 'D', 'intermediate': 'D', 'advanced': 'D'} | isolated=None
2026-09-01 05:08:21 | DEBUG    | student_sim | id=118 gold=A | joint={'beginner': 'C', 'intermediate': 'A', 'advanced': 'A'} | isolated=None
2026-09-01 05:08:22 | DEBUG    | student_sim | id=119 gold=B | joint={'beginner': 'C', 'intermediate': 'B', 'advanced': 'B'} | isolated=None
2026-09-01 05:08:22 | DEBUG    | student_sim | id=120 gold=A | joint={'beginner': 'D', 'intermediate': 'A', 'advanced': 'A'} | isolated=None
2026-09-01 05:08:23 | DEBUG    | student_sim | id=121 gold=D | joint={'beginner': 'A', 'intermediate': 'D', 'advanced': 'D'} | isolated=None
2026-09-01 05:08:24 | DEBUG    | student_sim | id=122 gold=A | joint={'beginner': 'B', 'intermediate': 'B', 'advanced': 'B'} | isolated=None
2026-09-01 05:08:25 | DEBUG    | student_sim | id=123 gold=D | joint={'beginner': 'B', 'intermediate': 'D', 'advanced': 'D'} | isolated=None
2026-09-01 05:08:25 | DEBUG    | student_sim | id=124 gold=B | joint={'beginner': 'D', 'intermediate': 'B', 'advanced': 'B'} | isolated=None
2026-09-01 05:08:25 | INFO     | student_sim |   [ 125/ 500]  25.0% | acc B/I/A  join 0.42/0.78/0.74 | 0.71s/sample | ETA 4.4 min
2026-09-01 05:08:26 | DEBUG    | student_sim | id=125 gold=A | joint={'beginner': 'B', 'intermediate': 'C', 'advanced': 'D'} | isolated=None
2026-09-01 05:08:27 | DEBUG    | student_sim | id=126 gold=A | joint={'beginner': 'A', 'intermediate': 'A', 'advanced': 'A'} | isolated=None
2026-09-01 05:08:27 | DEBUG    | student_sim | id=127 gold=D | joint={'beginner': 'C', 'intermediate': 'B', 'advanced': 'D'} | isolated=None
2026-09-01 05:08:28 | DEBUG    | student_sim | id=128 gold=B | joint={'beginner': 'B', 'intermediate': 'D', 'advanced': 'D'} | isolated=None
2026-09-01 05:08:29 | DEBUG    | student_sim | id=129 gold=C | joint={'beginner': 'C', 'intermediate': 'C', 'advanced': 'A'} | isolated=None
2026-09-01 05:08:29 | DEBUG    | student_sim | id=130 gold=B | joint={'beginner': 'D', 'intermediate': 'B', 'advanced': 'B'} | isolated=None
2026-09-01 05:08:30 | DEBUG    | student_sim | id=131 gold=D | joint={'beginner': 'C', 'intermediate': 'B', 'advanced': 'D'} | isolated=None
2026-09-01 05:08:31 | DEBUG    | student_sim | id=132 gold=C | joint={'beginner': 'C', 'intermediate': 'C', 'advanced': 'C'} | isolated=None
2026-09-01 05:08:32 | DEBUG    | student_sim | id=133 gold=A | joint={'beginner': 'D', 'intermediate': 'A', 'advanced': 'A'} | isolated=None
2026-09-01 05:08:32 | DEBUG    | student_sim | id=134 gold=D | joint={'beginner': 'D', 'intermediate': 'B', 'advanced': 'B'} | isolated=None
2026-09-01 05:08:33 | DEBUG    | student_sim | id=135 gold=A | joint={'beginner': 'D', 'intermediate': 'A', 'advanced': 'A'} | isolated=None
2026-09-01 05:08:34 | DEBUG    | student_sim | id=136 gold=D | joint={'beginner': 'D', 'intermediate': 'D', 'advanced': 'C'} | isolated=None
2026-09-01 05:08:34 | DEBUG    | student_sim | id=137 gold=B | joint={'beginner': 'D', 'intermediate': 'C', 'advanced': 'A'} | isolated=None
2026-09-01 05:08:35 | DEBUG    | student_sim | id=138 gold=B | joint={'beginner': 'D', 'intermediate': 'D', 'advanced': 'D'} | isolated=None
2026-09-01 05:08:36 | DEBUG    | student_sim | id=139 gold=A | joint={'beginner': 'C', 'intermediate': 'B', 'advanced': 'A'} | isolated=None
2026-09-01 05:08:37 | DEBUG    | student_sim | id=140 gold=C | joint={'beginner': 'D', 'intermediate': 'B', 'advanced': 'C'} | isolated=None
2026-09-01 05:08:37 | DEBUG    | student_sim | id=141 gold=A | joint={'beginner': 'C', 'intermediate': 'D', 'advanced': 'C'} | isolated=None
2026-09-01 05:08:38 | DEBUG    | student_sim | id=142 gold=D | joint={'beginner': 'C', 'intermediate': 'C', 'advanced': 'C'} | isolated=None
2026-09-01 05:08:39 | DEBUG    | student_sim | id=143 gold=D | joint={'beginner': 'C', 'intermediate': 'C', 'advanced': 'D'} | isolated=None
2026-09-01 05:08:39 | DEBUG    | student_sim | id=144 gold=A | joint={'beginner': 'C', 'intermediate': 'A', 'advanced': 'A'} | isolated=None
2026-09-01 05:08:40 | DEBUG    | student_sim | id=145 gold=D | joint={'beginner': 'D', 'intermediate': 'D', 'advanced': 'D'} | isolated=None
2026-09-01 05:08:41 | DEBUG    | student_sim | id=146 gold=A | joint={'beginner': 'D', 'intermediate': 'C', 'advanced': 'C'} | isolated=None
2026-09-01 05:08:42 | DEBUG    | student_sim | id=147 gold=A | joint={'beginner': 'D', 'intermediate': 'A', 'advanced': 'A'} | isolated=None
2026-09-01 05:08:42 | DEBUG    | student_sim | id=148 gold=A | joint={'beginner': 'D', 'intermediate': 'A', 'advanced': 'A'} | isolated=None
2026-09-01 05:08:43 | DEBUG    | student_sim | id=149 gold=A | joint={'beginner': 'A', 'intermediate': 'A', 'advanced': 'A'} | isolated=None
2026-09-01 05:08:43 | INFO     | student_sim |   [ 150/ 500]  30.0% | acc B/I/A  join 0.40/0.73/0.72 | 0.71s/sample | ETA 4.1 min
2026-09-01 05:08:44 | DEBUG    | student_sim | id=150 gold=C | joint={'beginner': 'C', 'intermediate': 'C', 'advanced': 'C'} | isolated=None
2026-09-01 05:08:44 | DEBUG    | student_sim | id=151 gold=D | joint={'beginner': 'D', 'intermediate': 'D', 'advanced': 'D'} | isolated=None
2026-09-01 05:08:45 | DEBUG    | student_sim | id=152 gold=B | joint={'beginner': 'C', 'intermediate': 'B', 'advanced': 'B'} | isolated=None
2026-09-01 05:08:46 | DEBUG    | student_sim | id=153 gold=C | joint={'beginner': 'D', 'intermediate': 'A', 'advanced': 'C'} | isolated=None
2026-09-01 05:08:46 | DEBUG    | student_sim | id=154 gold=A | joint={'beginner': 'B', 'intermediate': 'A', 'advanced': 'A'} | isolated=None
2026-09-01 05:08:47 | DEBUG    | student_sim | id=155 gold=B | joint={'beginner': 'D', 'intermediate': 'B', 'advanced': 'B'} | isolated=None
2026-09-01 05:08:48 | DEBUG    | student_sim | id=156 gold=A | joint={'beginner': 'D', 'intermediate': 'A', 'advanced': 'A'} | isolated=None
2026-09-01 05:08:49 | DEBUG    | student_sim | id=157 gold=C | joint={'beginner': 'C', 'intermediate': 'C', 'advanced': 'C'} | isolated=None
2026-09-01 05:08:49 | DEBUG    | student_sim | id=158 gold=C | joint={'beginner': 'D', 'intermediate': 'C', 'advanced': 'C'} | isolated=None
2026-09-01 05:08:50 | DEBUG    | student_sim | id=159 gold=B | joint={'beginner': 'B', 'intermediate': 'B', 'advanced': 'A'} | isolated=None
2026-09-01 05:08:51 | DEBUG    | student_sim | id=160 gold=C | joint={'beginner': 'D', 'intermediate': 'C', 'advanced': 'C'} | isolated=None
2026-09-01 05:08:51 | DEBUG    | student_sim | id=161 gold=A | joint={'beginner': 'D', 'intermediate': 'D', 'advanced': 'D'} | isolated=None
2026-09-01 05:08:52 | DEBUG    | student_sim | id=162 gold=B | joint={'beginner': 'D', 'intermediate': 'B', 'advanced': 'D'} | isolated=None
2026-09-01 05:08:53 | DEBUG    | student_sim | id=163 gold=C | joint={'beginner': 'A', 'intermediate': 'A', 'advanced': 'C'} | isolated=None
2026-09-01 05:08:53 | DEBUG    | student_sim | id=164 gold=A | joint={'beginner': 'C', 'intermediate': 'C', 'advanced': 'A'} | isolated=None
2026-09-01 05:08:54 | DEBUG    | student_sim | id=165 gold=C | joint={'beginner': 'B', 'intermediate': 'C', 'advanced': 'C'} | isolated=None
2026-09-01 05:08:55 | DEBUG    | student_sim | id=166 gold=A | joint={'beginner': 'C', 'intermediate': 'C', 'advanced': 'A'} | isolated=None
2026-09-01 05:08:56 | DEBUG    | student_sim | id=167 gold=C | joint={'beginner': 'D', 'intermediate': 'C', 'advanced': 'C'} | isolated=None
2026-09-01 05:08:56 | DEBUG    | student_sim | id=168 gold=C | joint={'beginner': 'D', 'intermediate': 'C', 'advanced': 'C'} | isolated=None
2026-09-01 05:08:57 | DEBUG    | student_sim | id=169 gold=B | joint={'beginner': 'B', 'intermediate': 'B', 'advanced': 'B'} | isolated=None
2026-09-01 05:08:58 | DEBUG    | student_sim | id=170 gold=C | joint={'beginner': 'B', 'intermediate': 'C', 'advanced': 'C'} | isolated=None
2026-09-01 05:08:58 | DEBUG    | student_sim | id=171 gold=A | joint={'beginner': 'C', 'intermediate': 'A', 'advanced': 'A'} | isolated=None
2026-09-01 05:08:59 | DEBUG    | student_sim | id=172 gold=C | joint={'beginner': 'C', 'intermediate': 'C', 'advanced': 'C'} | isolated=None
2026-09-01 05:09:00 | DEBUG    | student_sim | id=173 gold=A | joint={'beginner': 'C', 'intermediate': 'A', 'advanced': 'A'} | isolated=None
2026-09-01 05:09:01 | DEBUG    | student_sim | id=174 gold=B | joint={'beginner': 'D', 'intermediate': 'B', 'advanced': 'B'} | isolated=None
2026-09-01 05:09:01 | INFO     | student_sim |   [ 175/ 500]  35.0% | acc B/I/A  join 0.38/0.74/0.74 | 0.71s/sample | ETA 3.8 min
2026-09-01 05:09:01 | DEBUG    | student_sim | id=175 gold=B | joint={'beginner': 'D', 'intermediate': 'C', 'advanced': 'B'} | isolated=None
2026-09-01 05:09:02 | DEBUG    | student_sim | id=176 gold=B | joint={'beginner': 'C', 'intermediate': 'B', 'advanced': 'B'} | isolated=None
2026-09-01 05:09:03 | DEBUG    | student_sim | id=177 gold=A | joint={'beginner': 'A', 'intermediate': 'A', 'advanced': 'A'} | isolated=None
2026-09-01 05:09:03 | DEBUG    | student_sim | id=178 gold=D | joint={'beginner': 'D', 'intermediate': 'D', 'advanced': 'D'} | isolated=None
2026-09-01 05:09:04 | DEBUG    | student_sim | id=179 gold=B | joint={'beginner': 'D', 'intermediate': 'B', 'advanced': 'B'} | isolated=None
2026-09-01 05:09:05 | DEBUG    | student_sim | id=180 gold=C | joint={'beginner': 'D', 'intermediate': 'C', 'advanced': 'C'} | isolated=None
2026-09-01 05:09:06 | DEBUG    | student_sim | id=181 gold=C | joint={'beginner': 'B', 'intermediate': 'C', 'advanced': 'C'} | isolated=None
2026-09-01 05:09:06 | DEBUG    | student_sim | id=182 gold=C | joint={'beginner': 'D', 'intermediate': 'C', 'advanced': 'C'} | isolated=None
2026-09-01 05:09:07 | DEBUG    | student_sim | id=183 gold=C | joint={'beginner': 'D', 'intermediate': 'C', 'advanced': 'C'} | isolated=None
2026-09-01 05:09:08 | DEBUG    | student_sim | id=184 gold=D | joint={'beginner': 'C', 'intermediate': 'C', 'advanced': 'D'} | isolated=None
2026-09-01 05:09:08 | DEBUG    | student_sim | id=185 gold=A | joint={'beginner': 'D', 'intermediate': 'A', 'advanced': 'A'} | isolated=None
2026-09-01 05:09:09 | DEBUG    | student_sim | id=186 gold=D | joint={'beginner': 'C', 'intermediate': 'D', 'advanced': 'D'} | isolated=None
2026-09-01 05:09:10 | DEBUG    | student_sim | id=187 gold=C | joint={'beginner': 'C', 'intermediate': 'C', 'advanced': 'C'} | isolated=None
2026-09-01 05:09:10 | DEBUG    | student_sim | id=188 gold=D | joint={'beginner': 'D', 'intermediate': 'D', 'advanced': 'D'} | isolated=None
2026-09-01 05:09:11 | DEBUG    | student_sim | id=189 gold=C | joint={'beginner': 'D', 'intermediate': 'C', 'advanced': 'C'} | isolated=None
2026-09-01 05:09:12 | DEBUG    | student_sim | id=190 gold=C | joint={'beginner': 'D', 'intermediate': 'D', 'advanced': 'D'} | isolated=None
2026-09-01 05:09:13 | DEBUG    | student_sim | id=191 gold=B | joint={'beginner': 'D', 'intermediate': 'B', 'advanced': 'B'} | isolated=None
2026-09-01 05:09:13 | DEBUG    | student_sim | id=192 gold=D | joint={'beginner': 'C', 'intermediate': 'D', 'advanced': 'D'} | isolated=None
2026-09-01 05:09:14 | DEBUG    | student_sim | id=193 gold=A | joint={'beginner': 'D', 'intermediate': 'A', 'advanced': 'A'} | isolated=None
2026-09-01 05:09:15 | DEBUG    | student_sim | id=194 gold=C | joint={'beginner': 'D', 'intermediate': 'C', 'advanced': 'C'} | isolated=None
2026-09-01 05:09:15 | DEBUG    | student_sim | id=195 gold=B | joint={'beginner': 'D', 'intermediate': 'D', 'advanced': 'D'} | isolated=None
2026-09-01 05:09:16 | DEBUG    | student_sim | id=196 gold=A | joint={'beginner': 'A', 'intermediate': 'A', 'advanced': 'A'} | isolated=None
2026-09-01 05:09:17 | DEBUG    | student_sim | id=197 gold=A | joint={'beginner': 'D', 'intermediate': 'A', 'advanced': 'A'} | isolated=None
2026-09-01 05:09:18 | DEBUG    | student_sim | id=198 gold=C | joint={'beginner': 'D', 'intermediate': 'D', 'advanced': 'C'} | isolated=None
2026-09-01 05:09:18 | DEBUG    | student_sim | id=199 gold=C | joint={'beginner': 'D', 'intermediate': 'C', 'advanced': 'C'} | isolated=None
2026-09-01 05:09:18 | INFO     | student_sim |   [ 200/ 500]  40.0% | acc B/I/A  join 0.35/0.75/0.77 | 0.71s/sample | ETA 3.5 min
2026-09-01 05:09:19 | DEBUG    | student_sim | id=200 gold=D | joint={'beginner': 'D', 'intermediate': 'D', 'advanced': 'C'} | isolated=None
2026-09-01 05:09:20 | DEBUG    | student_sim | id=201 gold=D | joint={'beginner': 'D', 'intermediate': 'D', 'advanced': 'D'} | isolated=None
2026-09-01 05:09:20 | DEBUG    | student_sim | id=202 gold=C | joint={'beginner': 'A', 'intermediate': 'C', 'advanced': 'C'} | isolated=None
2026-09-01 05:09:21 | DEBUG    | student_sim | id=203 gold=A | joint={'beginner': 'B', 'intermediate': 'C', 'advanced': 'D'} | isolated=None
2026-09-01 05:09:22 | DEBUG    | student_sim | id=204 gold=C | joint={'beginner': 'D', 'intermediate': 'C', 'advanced': 'C'} | isolated=None
2026-09-01 05:09:23 | DEBUG    | student_sim | id=205 gold=C | joint={'beginner': 'C', 'intermediate': 'C', 'advanced': 'C'} | isolated=None
2026-09-01 05:09:23 | DEBUG    | student_sim | id=206 gold=D | joint={'beginner': 'D', 'intermediate': 'D', 'advanced': 'D'} | isolated=None
2026-09-01 05:09:24 | DEBUG    | student_sim | id=207 gold=D | joint={'beginner': 'D', 'intermediate': 'B', 'advanced': 'B'} | isolated=None
2026-09-01 05:09:25 | DEBUG    | student_sim | id=208 gold=B | joint={'beginner': 'D', 'intermediate': 'B', 'advanced': 'B'} | isolated=None
2026-09-01 05:09:25 | DEBUG    | student_sim | id=209 gold=A | joint={'beginner': 'B', 'intermediate': 'A', 'advanced': 'A'} | isolated=None
2026-09-01 05:09:26 | DEBUG    | student_sim | id=210 gold=B | joint={'beginner': 'B', 'intermediate': 'B', 'advanced': 'B'} | isolated=None
2026-09-01 05:09:27 | DEBUG    | student_sim | id=211 gold=B | joint={'beginner': 'D', 'intermediate': 'D', 'advanced': 'B'} | isolated=None
2026-09-01 05:09:27 | DEBUG    | student_sim | id=212 gold=D | joint={'beginner': 'D', 'intermediate': 'C', 'advanced': 'D'} | isolated=None
2026-09-01 05:09:28 | DEBUG    | student_sim | id=213 gold=B | joint={'beginner': 'B', 'intermediate': 'B', 'advanced': 'A'} | isolated=None
2026-09-01 05:09:29 | DEBUG    | student_sim | id=214 gold=B | joint={'beginner': 'D', 'intermediate': 'B', 'advanced': 'B'} | isolated=None
2026-09-01 05:09:30 | DEBUG    | student_sim | id=215 gold=C | joint={'beginner': 'C', 'intermediate': 'C', 'advanced': 'C'} | isolated=None
2026-09-01 05:09:30 | DEBUG    | student_sim | id=216 gold=C | joint={'beginner': 'C', 'intermediate': 'B', 'advanced': 'D'} | isolated=None
2026-09-01 05:09:31 | DEBUG    | student_sim | id=217 gold=D | joint={'beginner': 'D', 'intermediate': 'B', 'advanced': 'A'} | isolated=None
2026-09-01 05:09:32 | DEBUG    | student_sim | id=218 gold=D | joint={'beginner': 'C', 'intermediate': 'D', 'advanced': 'D'} | isolated=None
2026-09-01 05:09:32 | DEBUG    | student_sim | id=219 gold=A | joint={'beginner': 'D', 'intermediate': 'A', 'advanced': 'A'} | isolated=None
2026-09-01 05:09:33 | DEBUG    | student_sim | id=220 gold=A | joint={'beginner': 'A', 'intermediate': 'A', 'advanced': 'A'} | isolated=None
2026-09-01 05:09:34 | DEBUG    | student_sim | id=221 gold=D | joint={'beginner': 'D', 'intermediate': 'C', 'advanced': 'C'} | isolated=None
2026-09-01 05:09:35 | DEBUG    | student_sim | id=222 gold=A | joint={'beginner': 'D', 'intermediate': 'C', 'advanced': 'A'} | isolated=None
2026-09-01 05:09:35 | DEBUG    | student_sim | id=223 gold=D | joint={'beginner': 'D', 'intermediate': 'D', 'advanced': 'D'} | isolated=None
2026-09-01 05:09:36 | DEBUG    | student_sim | id=224 gold=B | joint={'beginner': 'D', 'intermediate': 'B', 'advanced': 'B'} | isolated=None
2026-09-01 05:09:36 | INFO     | student_sim |   [ 225/ 500]  45.0% | acc B/I/A  join 0.38/0.74/0.76 | 0.71s/sample | ETA 3.2 min
2026-09-01 05:09:37 | DEBUG    | student_sim | id=225 gold=C | joint={'beginner': 'B', 'intermediate': 'B', 'advanced': 'C'} | isolated=None
2026-09-01 05:09:37 | DEBUG    | student_sim | id=226 gold=D | joint={'beginner': 'D', 'intermediate': 'D', 'advanced': 'D'} | isolated=None
2026-09-01 05:09:38 | DEBUG    | student_sim | id=227 gold=B | joint={'beginner': 'D', 'intermediate': 'B', 'advanced': 'B'} | isolated=None
2026-09-01 05:09:39 | DEBUG    | student_sim | id=228 gold=B | joint={'beginner': 'B', 'intermediate': 'B', 'advanced': 'A'} | isolated=None
2026-09-01 05:09:39 | DEBUG    | student_sim | id=229 gold=B | joint={'beginner': 'D', 'intermediate': 'A', 'advanced': 'B'} | isolated=None
2026-09-01 05:09:40 | DEBUG    | student_sim | id=230 gold=D | joint={'beginner': 'A', 'intermediate': 'D', 'advanced': 'D'} | isolated=None
2026-09-01 05:09:41 | DEBUG    | student_sim | id=231 gold=B | joint={'beginner': 'B', 'intermediate': 'B', 'advanced': 'B'} | isolated=None
2026-09-01 05:09:42 | DEBUG    | student_sim | id=232 gold=A | joint={'beginner': 'D', 'intermediate': 'A', 'advanced': 'A'} | isolated=None
2026-09-01 05:09:42 | DEBUG    | student_sim | id=233 gold=C | joint={'beginner': 'C', 'intermediate': 'B', 'advanced': 'C'} | isolated=None
2026-09-01 05:09:43 | DEBUG    | student_sim | id=234 gold=C | joint={'beginner': 'D', 'intermediate': 'C', 'advanced': 'C'} | isolated=None
2026-09-01 05:09:44 | DEBUG    | student_sim | id=235 gold=B | joint={'beginner': 'A', 'intermediate': 'A', 'advanced': 'A'} | isolated=None
2026-09-01 05:09:44 | DEBUG    | student_sim | id=236 gold=A | joint={'beginner': 'C', 'intermediate': 'C', 'advanced': 'C'} | isolated=None
2026-09-01 05:09:45 | DEBUG    | student_sim | id=237 gold=A | joint={'beginner': 'C', 'intermediate': 'D', 'advanced': 'D'} | isolated=None
2026-09-01 05:09:46 | DEBUG    | student_sim | id=238 gold=C | joint={'beginner': 'C', 'intermediate': 'C', 'advanced': 'C'} | isolated=None
2026-09-01 05:09:47 | DEBUG    | student_sim | id=239 gold=D | joint={'beginner': 'D', 'intermediate': 'D', 'advanced': 'D'} | isolated=None
2026-09-01 05:09:47 | DEBUG    | student_sim | id=240 gold=A | joint={'beginner': 'A', 'intermediate': 'A', 'advanced': 'A'} | isolated=None
2026-09-01 05:09:48 | DEBUG    | student_sim | id=241 gold=D | joint={'beginner': 'D', 'intermediate': 'D', 'advanced': 'D'} | isolated=None
2026-09-01 05:09:49 | DEBUG    | student_sim | id=242 gold=D | joint={'beginner': 'D', 'intermediate': 'D', 'advanced': 'D'} | isolated=None
2026-09-01 05:09:49 | DEBUG    | student_sim | id=243 gold=B | joint={'beginner': 'C', 'intermediate': 'B', 'advanced': 'B'} | isolated=None
2026-09-01 05:09:50 | DEBUG    | student_sim | id=244 gold=A | joint={'beginner': 'C', 'intermediate': 'A', 'advanced': 'A'} | isolated=None
2026-09-01 05:09:51 | DEBUG    | student_sim | id=245 gold=A | joint={'beginner': 'B', 'intermediate': 'A', 'advanced': 'A'} | isolated=None
2026-09-01 05:09:51 | DEBUG    | student_sim | id=246 gold=A | joint={'beginner': 'D', 'intermediate': 'A', 'advanced': 'A'} | isolated=None
2026-09-01 05:09:52 | DEBUG    | student_sim | id=247 gold=C | joint={'beginner': 'C', 'intermediate': 'C', 'advanced': 'C'} | isolated=None
2026-09-01 05:09:53 | DEBUG    | student_sim | id=248 gold=D | joint={'beginner': 'D', 'intermediate': 'D', 'advanced': 'D'} | isolated=None
2026-09-01 05:09:54 | DEBUG    | student_sim | id=249 gold=D | joint={'beginner': 'C', 'intermediate': 'D', 'advanced': 'D'} | isolated=None
2026-09-01 05:09:54 | INFO     | student_sim |   [ 250/ 500]  50.0% | acc B/I/A  join 0.38/0.74/0.77 | 0.71s/sample | ETA 2.9 min
2026-09-01 05:09:54 | DEBUG    | student_sim | id=250 gold=D | joint={'beginner': 'B', 'intermediate': 'B', 'advanced': 'D'} | isolated=None
2026-09-01 05:09:55 | DEBUG    | student_sim | id=251 gold=B | joint={'beginner': 'B', 'intermediate': 'B', 'advanced': 'B'} | isolated=None
2026-09-01 05:09:56 | DEBUG    | student_sim | id=252 gold=C | joint={'beginner': 'C', 'intermediate': 'C', 'advanced': 'C'} | isolated=None
2026-09-01 05:09:56 | DEBUG    | student_sim | id=253 gold=A | joint={'beginner': 'D', 'intermediate': 'A', 'advanced': 'A'} | isolated=None
2026-09-01 05:09:57 | DEBUG    | student_sim | id=254 gold=B | joint={'beginner': 'B', 'intermediate': 'A', 'advanced': 'A'} | isolated=None
2026-09-01 05:09:58 | DEBUG    | student_sim | id=255 gold=D | joint={'beginner': 'B', 'intermediate': 'B', 'advanced': 'D'} | isolated=None
2026-09-01 05:09:59 | DEBUG    | student_sim | id=256 gold=D | joint={'beginner': 'D', 'intermediate': 'D', 'advanced': 'C'} | isolated=None
2026-09-01 05:09:59 | DEBUG    | student_sim | id=257 gold=A | joint={'beginner': 'D', 'intermediate': 'A', 'advanced': 'A'} | isolated=None
2026-09-01 05:10:00 | DEBUG    | student_sim | id=258 gold=D | joint={'beginner': 'D', 'intermediate': 'D', 'advanced': 'D'} | isolated=None
2026-09-01 05:10:01 | DEBUG    | student_sim | id=259 gold=D | joint={'beginner': 'D', 'intermediate': 'C', 'advanced': 'D'} | isolated=None
2026-09-01 05:10:01 | DEBUG    | student_sim | id=260 gold=B | joint={'beginner': 'B', 'intermediate': 'B', 'advanced': 'B'} | isolated=None
2026-09-01 05:10:02 | DEBUG    | student_sim | id=261 gold=B | joint={'beginner': 'D', 'intermediate': 'C', 'advanced': 'B'} | isolated=None
2026-09-01 05:10:03 | DEBUG    | student_sim | id=262 gold=B | joint={'beginner': 'C', 'intermediate': 'C', 'advanced': 'D'} | isolated=None
2026-09-01 05:10:03 | DEBUG    | student_sim | id=263 gold=B | joint={'beginner': 'B', 'intermediate': 'B', 'advanced': 'B'} | isolated=None
2026-09-01 05:10:04 | DEBUG    | student_sim | id=264 gold=C | joint={'beginner': 'C', 'intermediate': 'C', 'advanced': 'D'} | isolated=None
2026-09-01 05:10:05 | DEBUG    | student_sim | id=265 gold=D | joint={'beginner': 'C', 'intermediate': 'D', 'advanced': 'D'} | isolated=None
2026-09-01 05:10:06 | DEBUG    | student_sim | id=266 gold=A | joint={'beginner': 'B', 'intermediate': 'A', 'advanced': 'A'} | isolated=None
2026-09-01 05:10:06 | DEBUG    | student_sim | id=267 gold=C | joint={'beginner': 'A', 'intermediate': 'C', 'advanced': 'C'} | isolated=None
2026-09-01 05:10:07 | DEBUG    | student_sim | id=268 gold=D | joint={'beginner': 'C', 'intermediate': 'D', 'advanced': 'D'} | isolated=None
2026-09-01 05:10:08 | DEBUG    | student_sim | id=269 gold=D | joint={'beginner': 'D', 'intermediate': 'B', 'advanced': 'D'} | isolated=None
2026-09-01 05:10:08 | DEBUG    | student_sim | id=270 gold=C | joint={'beginner': 'D', 'intermediate': 'D', 'advanced': 'A'} | isolated=None
2026-09-01 05:10:09 | DEBUG    | student_sim | id=271 gold=A | joint={'beginner': 'A', 'intermediate': 'A', 'advanced': 'A'} | isolated=None
2026-09-01 05:10:10 | DEBUG    | student_sim | id=272 gold=B | joint={'beginner': 'D', 'intermediate': 'B', 'advanced': 'B'} | isolated=None
2026-09-01 05:10:11 | DEBUG    | student_sim | id=273 gold=D | joint={'beginner': 'D', 'intermediate': 'D', 'advanced': 'D'} | isolated=None
2026-09-01 05:10:11 | DEBUG    | student_sim | id=274 gold=D | joint={'beginner': 'B', 'intermediate': 'C', 'advanced': 'D'} | isolated=None
2026-09-01 05:10:11 | INFO     | student_sim |   [ 275/ 500]  55.0% | acc B/I/A  join 0.39/0.73/0.77 | 0.71s/sample | ETA 2.7 min
2026-09-01 05:10:12 | DEBUG    | student_sim | id=275 gold=D | joint={'beginner': 'D', 'intermediate': 'D', 'advanced': 'D'} | isolated=None
2026-09-01 05:10:13 | DEBUG    | student_sim | id=276 gold=B | joint={'beginner': 'D', 'intermediate': 'B', 'advanced': 'B'} | isolated=None
2026-09-01 05:10:13 | DEBUG    | student_sim | id=277 gold=C | joint={'beginner': 'D', 'intermediate': 'C', 'advanced': 'C'} | isolated=None
2026-09-01 05:10:14 | DEBUG    | student_sim | id=278 gold=D | joint={'beginner': 'B', 'intermediate': 'D', 'advanced': 'D'} | isolated=None
2026-09-01 05:10:15 | DEBUG    | student_sim | id=279 gold=B | joint={'beginner': 'D', 'intermediate': 'B', 'advanced': 'A'} | isolated=None
2026-09-01 05:10:15 | DEBUG    | student_sim | id=280 gold=A | joint={'beginner': 'D', 'intermediate': 'A', 'advanced': 'A'} | isolated=None
2026-09-01 05:10:16 | DEBUG    | student_sim | id=281 gold=D | joint={'beginner': 'A', 'intermediate': 'B', 'advanced': 'D'} | isolated=None
2026-09-01 05:10:17 | DEBUG    | student_sim | id=282 gold=C | joint={'beginner': 'C', 'intermediate': 'A', 'advanced': 'A'} | isolated=None
2026-09-01 05:10:18 | DEBUG    | student_sim | id=283 gold=D | joint={'beginner': 'C', 'intermediate': 'D', 'advanced': 'D'} | isolated=None
2026-09-01 05:10:18 | DEBUG    | student_sim | id=284 gold=B | joint={'beginner': 'D', 'intermediate': 'B', 'advanced': 'B'} | isolated=None
2026-09-01 05:10:19 | DEBUG    | student_sim | id=285 gold=A | joint={'beginner': 'D', 'intermediate': 'D', 'advanced': 'D'} | isolated=None
2026-09-01 05:10:20 | DEBUG    | student_sim | id=286 gold=B | joint={'beginner': 'D', 'intermediate': 'B', 'advanced': 'B'} | isolated=None
2026-09-01 05:10:20 | DEBUG    | student_sim | id=287 gold=B | joint={'beginner': 'D', 'intermediate': 'B', 'advanced': 'B'} | isolated=None
2026-09-01 05:10:21 | DEBUG    | student_sim | id=288 gold=B | joint={'beginner': 'D', 'intermediate': 'B', 'advanced': 'B'} | isolated=None
2026-09-01 05:10:22 | DEBUG    | student_sim | id=289 gold=A | joint={'beginner': 'C', 'intermediate': 'A', 'advanced': 'A'} | isolated=None
2026-09-01 05:10:23 | DEBUG    | student_sim | id=290 gold=A | joint={'beginner': 'A', 'intermediate': 'A', 'advanced': 'D'} | isolated=None
2026-09-01 05:10:23 | DEBUG    | student_sim | id=291 gold=C | joint={'beginner': 'C', 'intermediate': 'C', 'advanced': 'C'} | isolated=None
2026-09-01 05:10:24 | DEBUG    | student_sim | id=292 gold=C | joint={'beginner': 'C', 'intermediate': 'C', 'advanced': 'C'} | isolated=None
2026-09-01 05:10:25 | DEBUG    | student_sim | id=293 gold=A | joint={'beginner': 'C', 'intermediate': 'A', 'advanced': 'B'} | isolated=None
2026-09-01 05:10:25 | DEBUG    | student_sim | id=294 gold=A | joint={'beginner': 'B', 'intermediate': 'B', 'advanced': 'D'} | isolated=None
2026-09-01 05:10:26 | DEBUG    | student_sim | id=295 gold=A | joint={'beginner': 'D', 'intermediate': 'A', 'advanced': 'A'} | isolated=None
2026-09-01 05:10:27 | DEBUG    | student_sim | id=296 gold=D | joint={'beginner': 'D', 'intermediate': 'C', 'advanced': 'C'} | isolated=None
2026-09-01 05:10:27 | DEBUG    | student_sim | id=297 gold=C | joint={'beginner': 'C', 'intermediate': 'C', 'advanced': 'C'} | isolated=None
2026-09-01 05:10:28 | DEBUG    | student_sim | id=298 gold=C | joint={'beginner': 'C', 'intermediate': 'C', 'advanced': 'D'} | isolated=None
2026-09-01 05:10:29 | DEBUG    | student_sim | id=299 gold=A | joint={'beginner': 'D', 'intermediate': 'C', 'advanced': 'C'} | isolated=None
2026-09-01 05:10:29 | INFO     | student_sim |   [ 300/ 500]  60.0% | acc B/I/A  join 0.39/0.74/0.76 | 0.71s/sample | ETA 2.4 min
2026-09-01 05:10:30 | DEBUG    | student_sim | id=300 gold=B | joint={'beginner': 'A', 'intermediate': 'D', 'advanced': 'D'} | isolated=None
2026-09-01 05:10:30 | DEBUG    | student_sim | id=301 gold=D | joint={'beginner': 'A', 'intermediate': 'D', 'advanced': 'D'} | isolated=None
2026-09-01 05:10:31 | DEBUG    | student_sim | id=302 gold=D | joint={'beginner': 'C', 'intermediate': 'D', 'advanced': 'D'} | isolated=None
2026-09-01 05:10:32 | DEBUG    | student_sim | id=303 gold=A | joint={'beginner': 'A', 'intermediate': 'A', 'advanced': 'A'} | isolated=None
2026-09-01 05:10:32 | DEBUG    | student_sim | id=304 gold=C | joint={'beginner': 'B', 'intermediate': 'C', 'advanced': 'C'} | isolated=None
2026-09-01 05:10:33 | DEBUG    | student_sim | id=305 gold=A | joint={'beginner': 'D', 'intermediate': 'A', 'advanced': 'A'} | isolated=None
2026-09-01 05:10:34 | DEBUG    | student_sim | id=306 gold=C | joint={'beginner': 'A', 'intermediate': 'C', 'advanced': 'C'} | isolated=None
2026-09-01 05:10:35 | DEBUG    | student_sim | id=307 gold=B | joint={'beginner': 'B', 'intermediate': 'B', 'advanced': 'B'} | isolated=None
2026-09-01 05:10:35 | DEBUG    | student_sim | id=308 gold=C | joint={'beginner': 'D', 'intermediate': 'D', 'advanced': 'D'} | isolated=None
2026-09-01 05:10:36 | DEBUG    | student_sim | id=309 gold=B | joint={'beginner': 'D', 'intermediate': 'B', 'advanced': 'B'} | isolated=None
2026-09-01 05:10:37 | DEBUG    | student_sim | id=310 gold=B | joint={'beginner': 'D', 'intermediate': 'A', 'advanced': 'A'} | isolated=None
2026-09-01 05:10:37 | DEBUG    | student_sim | id=311 gold=A | joint={'beginner': 'A', 'intermediate': 'A', 'advanced': 'A'} | isolated=None
2026-09-01 05:10:38 | DEBUG    | student_sim | id=312 gold=B | joint={'beginner': 'D', 'intermediate': 'C', 'advanced': 'D'} | isolated=None
2026-09-01 05:10:39 | DEBUG    | student_sim | id=313 gold=D | joint={'beginner': 'D', 'intermediate': 'D', 'advanced': 'D'} | isolated=None
2026-09-01 05:10:39 | DEBUG    | student_sim | id=314 gold=B | joint={'beginner': 'D', 'intermediate': 'B', 'advanced': 'B'} | isolated=None
2026-09-01 05:10:40 | DEBUG    | student_sim | id=315 gold=C | joint={'beginner': 'D', 'intermediate': 'B', 'advanced': 'A'} | isolated=None
2026-09-01 05:10:41 | DEBUG    | student_sim | id=316 gold=C | joint={'beginner': 'D', 'intermediate': 'C', 'advanced': 'C'} | isolated=None
2026-09-01 05:10:42 | DEBUG    | student_sim | id=317 gold=B | joint={'beginner': 'C', 'intermediate': 'B', 'advanced': 'A'} | isolated=None
2026-09-01 05:10:42 | DEBUG    | student_sim | id=318 gold=B | joint={'beginner': 'A', 'intermediate': 'B', 'advanced': 'B'} | isolated=None
2026-09-01 05:10:43 | DEBUG    | student_sim | id=319 gold=B | joint={'beginner': 'D', 'intermediate': 'B', 'advanced': 'B'} | isolated=None
2026-09-01 05:10:44 | DEBUG    | student_sim | id=320 gold=A | joint={'beginner': 'D', 'intermediate': 'A', 'advanced': 'C'} | isolated=None
2026-09-01 05:10:44 | DEBUG    | student_sim | id=321 gold=D | joint={'beginner': 'D', 'intermediate': 'D', 'advanced': 'D'} | isolated=None
2026-09-01 05:10:45 | DEBUG    | student_sim | id=322 gold=B | joint={'beginner': 'D', 'intermediate': 'B', 'advanced': 'B'} | isolated=None
2026-09-01 05:10:46 | DEBUG    | student_sim | id=323 gold=C | joint={'beginner': 'D', 'intermediate': 'C', 'advanced': 'C'} | isolated=None
2026-09-01 05:10:46 | DEBUG    | student_sim | id=324 gold=D | joint={'beginner': 'D', 'intermediate': 'D', 'advanced': 'D'} | isolated=None
2026-09-01 05:10:46 | INFO     | student_sim |   [ 325/ 500]  65.0% | acc B/I/A  join 0.38/0.74/0.76 | 0.71s/sample | ETA 2.1 min
2026-09-01 05:10:47 | DEBUG    | student_sim | id=325 gold=C | joint={'beginner': 'C', 'intermediate': 'C', 'advanced': 'C'} | isolated=None
2026-09-01 05:10:48 | DEBUG    | student_sim | id=326 gold=A | joint={'beginner': 'B', 'intermediate': 'C', 'advanced': 'D'} | isolated=None
2026-09-01 05:10:49 | DEBUG    | student_sim | id=327 gold=D | joint={'beginner': 'D', 'intermediate': 'C', 'advanced': 'D'} | isolated=None
2026-09-01 05:10:49 | DEBUG    | student_sim | id=328 gold=C | joint={'beginner': 'D', 'intermediate': 'C', 'advanced': 'C'} | isolated=None
2026-09-01 05:10:50 | DEBUG    | student_sim | id=329 gold=D | joint={'beginner': 'D', 'intermediate': 'D', 'advanced': 'B'} | isolated=None
2026-09-01 05:10:51 | DEBUG    | student_sim | id=330 gold=A | joint={'beginner': 'C', 'intermediate': 'C', 'advanced': 'A'} | isolated=None
2026-09-01 05:10:51 | DEBUG    | student_sim | id=331 gold=A | joint={'beginner': 'B', 'intermediate': 'B', 'advanced': 'D'} | isolated=None
2026-09-01 05:10:52 | DEBUG    | student_sim | id=332 gold=D | joint={'beginner': 'D', 'intermediate': 'D', 'advanced': 'D'} | isolated=None
2026-09-01 05:10:53 | DEBUG    | student_sim | id=333 gold=D | joint={'beginner': 'B', 'intermediate': 'B', 'advanced': 'C'} | isolated=None
2026-09-01 05:10:54 | DEBUG    | student_sim | id=334 gold=B | joint={'beginner': 'C', 'intermediate': 'B', 'advanced': 'B'} | isolated=None
2026-09-01 05:10:54 | DEBUG    | student_sim | id=335 gold=D | joint={'beginner': 'D', 'intermediate': 'A', 'advanced': 'D'} | isolated=None
2026-09-01 05:10:55 | DEBUG    | student_sim | id=336 gold=B | joint={'beginner': 'D', 'intermediate': 'C', 'advanced': 'B'} | isolated=None
2026-09-01 05:10:56 | DEBUG    | student_sim | id=337 gold=A | joint={'beginner': 'D', 'intermediate': 'A', 'advanced': 'A'} | isolated=None
2026-09-01 05:10:56 | DEBUG    | student_sim | id=338 gold=B | joint={'beginner': 'C', 'intermediate': 'B', 'advanced': 'B'} | isolated=None
2026-09-01 05:10:57 | DEBUG    | student_sim | id=339 gold=A | joint={'beginner': 'D', 'intermediate': 'B', 'advanced': 'A'} | isolated=None
2026-09-01 05:10:58 | DEBUG    | student_sim | id=340 gold=C | joint={'beginner': 'D', 'intermediate': 'C', 'advanced': 'C'} | isolated=None
2026-09-01 05:10:58 | DEBUG    | student_sim | id=341 gold=B | joint={'beginner': 'D', 'intermediate': 'B', 'advanced': 'A'} | isolated=None
2026-09-01 05:10:59 | DEBUG    | student_sim | id=342 gold=C | joint={'beginner': 'B', 'intermediate': 'A', 'advanced': 'C'} | isolated=None
2026-09-01 05:11:00 | DEBUG    | student_sim | id=343 gold=A | joint={'beginner': 'D', 'intermediate': 'B', 'advanced': 'A'} | isolated=None
2026-09-01 05:11:01 | DEBUG    | student_sim | id=344 gold=D | joint={'beginner': 'B', 'intermediate': 'A', 'advanced': 'D'} | isolated=None
2026-09-01 05:11:01 | DEBUG    | student_sim | id=345 gold=B | joint={'beginner': 'B', 'intermediate': 'B', 'advanced': 'B'} | isolated=None
2026-09-01 05:11:02 | DEBUG    | student_sim | id=346 gold=A | joint={'beginner': 'D', 'intermediate': 'A', 'advanced': 'A'} | isolated=None
2026-09-01 05:11:03 | DEBUG    | student_sim | id=347 gold=A | joint={'beginner': 'D', 'intermediate': 'A', 'advanced': 'A'} | isolated=None
2026-09-01 05:11:03 | DEBUG    | student_sim | id=348 gold=A | joint={'beginner': 'B', 'intermediate': 'A', 'advanced': 'A'} | isolated=None
2026-09-01 05:11:04 | DEBUG    | student_sim | id=349 gold=C | joint={'beginner': 'D', 'intermediate': 'C', 'advanced': 'C'} | isolated=None
2026-09-01 05:11:04 | INFO     | student_sim |   [ 350/ 500]  70.0% | acc B/I/A  join 0.37/0.73/0.76 | 0.71s/sample | ETA 1.8 min
2026-09-01 05:11:05 | DEBUG    | student_sim | id=350 gold=B | joint={'beginner': 'C', 'intermediate': 'B', 'advanced': 'B'} | isolated=None
2026-09-01 05:11:06 | DEBUG    | student_sim | id=351 gold=D | joint={'beginner': 'D', 'intermediate': 'D', 'advanced': 'C'} | isolated=None
2026-09-01 05:11:06 | DEBUG    | student_sim | id=352 gold=C | joint={'beginner': 'C', 'intermediate': 'C', 'advanced': 'C'} | isolated=None
2026-09-01 05:11:07 | DEBUG    | student_sim | id=353 gold=A | joint={'beginner': 'C', 'intermediate': 'B', 'advanced': 'B'} | isolated=None
2026-09-01 05:11:08 | DEBUG    | student_sim | id=354 gold=B | joint={'beginner': 'D', 'intermediate': 'D', 'advanced': 'D'} | isolated=None
2026-09-01 05:11:08 | DEBUG    | student_sim | id=355 gold=A | joint={'beginner': 'C', 'intermediate': 'C', 'advanced': 'D'} | isolated=None
2026-09-01 05:11:09 | DEBUG    | student_sim | id=356 gold=A | joint={'beginner': 'C', 'intermediate': 'A', 'advanced': 'A'} | isolated=None
2026-09-01 05:11:10 | DEBUG    | student_sim | id=357 gold=B | joint={'beginner': 'D', 'intermediate': 'B', 'advanced': 'B'} | isolated=None
2026-09-01 05:11:10 | DEBUG    | student_sim | id=358 gold=B | joint={'beginner': 'B', 'intermediate': 'D', 'advanced': 'D'} | isolated=None
2026-09-01 05:11:11 | DEBUG    | student_sim | id=359 gold=B | joint={'beginner': 'D', 'intermediate': 'B', 'advanced': 'B'} | isolated=None
2026-09-01 05:11:12 | DEBUG    | student_sim | id=360 gold=D | joint={'beginner': 'D', 'intermediate': 'C', 'advanced': 'D'} | isolated=None
2026-09-01 05:11:13 | DEBUG    | student_sim | id=361 gold=D | joint={'beginner': 'D', 'intermediate': 'D', 'advanced': 'D'} | isolated=None
2026-09-01 05:11:13 | DEBUG    | student_sim | id=362 gold=B | joint={'beginner': 'D', 'intermediate': 'B', 'advanced': 'B'} | isolated=None
2026-09-01 05:11:14 | DEBUG    | student_sim | id=363 gold=A | joint={'beginner': 'A', 'intermediate': 'A', 'advanced': 'A'} | isolated=None
2026-09-01 05:11:15 | DEBUG    | student_sim | id=364 gold=C | joint={'beginner': 'B', 'intermediate': 'C', 'advanced': 'C'} | isolated=None
2026-09-01 05:11:15 | DEBUG    | student_sim | id=365 gold=D | joint={'beginner': 'D', 'intermediate': 'D', 'advanced': 'D'} | isolated=None
2026-09-01 05:11:16 | DEBUG    | student_sim | id=366 gold=B | joint={'beginner': 'B', 'intermediate': 'B', 'advanced': 'C'} | isolated=None
2026-09-01 05:11:17 | DEBUG    | student_sim | id=367 gold=C | joint={'beginner': 'D', 'intermediate': 'C', 'advanced': 'C'} | isolated=None
2026-09-01 05:11:18 | DEBUG    | student_sim | id=368 gold=B | joint={'beginner': 'D', 'intermediate': 'B', 'advanced': 'B'} | isolated=None
2026-09-01 05:11:18 | DEBUG    | student_sim | id=369 gold=B | joint={'beginner': 'D', 'intermediate': 'B', 'advanced': 'B'} | isolated=None
2026-09-01 05:11:19 | DEBUG    | student_sim | id=370 gold=B | joint={'beginner': 'B', 'intermediate': 'B', 'advanced': 'B'} | isolated=None
2026-09-01 05:11:20 | DEBUG    | student_sim | id=371 gold=C | joint={'beginner': 'C', 'intermediate': 'C', 'advanced': 'C'} | isolated=None
2026-09-01 05:11:20 | DEBUG    | student_sim | id=372 gold=B | joint={'beginner': 'D', 'intermediate': 'B', 'advanced': 'B'} | isolated=None
2026-09-01 05:11:21 | DEBUG    | student_sim | id=373 gold=A | joint={'beginner': 'D', 'intermediate': 'A', 'advanced': 'A'} | isolated=None
2026-09-01 05:11:22 | DEBUG    | student_sim | id=374 gold=C | joint={'beginner': 'D', 'intermediate': 'A', 'advanced': 'A'} | isolated=None
2026-09-01 05:11:22 | INFO     | student_sim |   [ 375/ 500]  75.0% | acc B/I/A  join 0.37/0.73/0.76 | 0.71s/sample | ETA 1.5 min
2026-09-01 05:11:22 | DEBUG    | student_sim | id=375 gold=A | joint={'beginner': 'D', 'intermediate': 'A', 'advanced': 'A'} | isolated=None
2026-09-01 05:11:23 | DEBUG    | student_sim | id=376 gold=B | joint={'beginner': 'B', 'intermediate': 'C', 'advanced': 'C'} | isolated=None
2026-09-01 05:11:24 | DEBUG    | student_sim | id=377 gold=C | joint={'beginner': 'C', 'intermediate': 'B', 'advanced': 'C'} | isolated=None
2026-09-01 05:11:25 | DEBUG    | student_sim | id=378 gold=D | joint={'beginner': 'D', 'intermediate': 'B', 'advanced': 'D'} | isolated=None
2026-09-01 05:11:25 | DEBUG    | student_sim | id=379 gold=C | joint={'beginner': 'D', 'intermediate': 'C', 'advanced': 'C'} | isolated=None
2026-09-01 05:11:26 | DEBUG    | student_sim | id=380 gold=B | joint={'beginner': 'D', 'intermediate': 'A', 'advanced': 'B'} | isolated=None
2026-09-01 05:11:27 | DEBUG    | student_sim | id=381 gold=A | joint={'beginner': 'D', 'intermediate': 'D', 'advanced': 'A'} | isolated=None
2026-09-01 05:11:27 | DEBUG    | student_sim | id=382 gold=D | joint={'beginner': 'D', 'intermediate': 'C', 'advanced': 'D'} | isolated=None
2026-09-01 05:11:28 | DEBUG    | student_sim | id=383 gold=A | joint={'beginner': 'D', 'intermediate': 'C', 'advanced': 'B'} | isolated=None
2026-09-01 05:11:29 | DEBUG    | student_sim | id=384 gold=C | joint={'beginner': 'C', 'intermediate': 'C', 'advanced': 'C'} | isolated=None
2026-09-01 05:11:29 | DEBUG    | student_sim | id=385 gold=A | joint={'beginner': 'A', 'intermediate': 'A', 'advanced': 'A'} | isolated=None
2026-09-01 05:11:30 | DEBUG    | student_sim | id=386 gold=B | joint={'beginner': 'B', 'intermediate': 'C', 'advanced': 'C'} | isolated=None
2026-09-01 05:11:31 | DEBUG    | student_sim | id=387 gold=D | joint={'beginner': 'C', 'intermediate': 'D', 'advanced': 'D'} | isolated=None
2026-09-01 05:11:32 | DEBUG    | student_sim | id=388 gold=C | joint={'beginner': 'B', 'intermediate': 'B', 'advanced': 'D'} | isolated=None
2026-09-01 05:11:32 | DEBUG    | student_sim | id=389 gold=A | joint={'beginner': 'D', 'intermediate': 'A', 'advanced': 'A'} | isolated=None
2026-09-01 05:11:33 | DEBUG    | student_sim | id=390 gold=C | joint={'beginner': 'B', 'intermediate': 'C', 'advanced': 'D'} | isolated=None
2026-09-01 05:11:34 | DEBUG    | student_sim | id=391 gold=B | joint={'beginner': 'D', 'intermediate': 'B', 'advanced': 'D'} | isolated=None
2026-09-01 05:11:34 | DEBUG    | student_sim | id=392 gold=B | joint={'beginner': 'B', 'intermediate': 'B', 'advanced': 'B'} | isolated=None
2026-09-01 05:11:35 | DEBUG    | student_sim | id=393 gold=C | joint={'beginner': 'C', 'intermediate': 'C', 'advanced': 'C'} | isolated=None
2026-09-01 05:11:36 | DEBUG    | student_sim | id=394 gold=A | joint={'beginner': 'D', 'intermediate': 'A', 'advanced': 'A'} | isolated=None
2026-09-01 05:11:37 | DEBUG    | student_sim | id=395 gold=D | joint={'beginner': 'D', 'intermediate': 'D', 'advanced': 'D'} | isolated=None
2026-09-01 05:11:37 | DEBUG    | student_sim | id=396 gold=A | joint={'beginner': 'A', 'intermediate': 'A', 'advanced': 'A'} | isolated=None
2026-09-01 05:11:38 | DEBUG    | student_sim | id=397 gold=A | joint={'beginner': 'A', 'intermediate': 'A', 'advanced': 'C'} | isolated=None
2026-09-01 05:11:39 | DEBUG    | student_sim | id=398 gold=D | joint={'beginner': 'D', 'intermediate': 'A', 'advanced': 'A'} | isolated=None
2026-09-01 05:11:39 | DEBUG    | student_sim | id=399 gold=C | joint={'beginner': 'D', 'intermediate': 'C', 'advanced': 'C'} | isolated=None
2026-09-01 05:11:39 | INFO     | student_sim |   [ 400/ 500]  80.0% | acc B/I/A  join 0.38/0.72/0.75 | 0.71s/sample | ETA 1.2 min
2026-09-01 05:11:40 | DEBUG    | student_sim | id=400 gold=A | joint={'beginner': 'C', 'intermediate': 'D', 'advanced': 'D'} | isolated=None
2026-09-01 05:11:41 | DEBUG    | student_sim | id=401 gold=B | joint={'beginner': 'C', 'intermediate': 'B', 'advanced': 'B'} | isolated=None
2026-09-01 05:11:41 | DEBUG    | student_sim | id=402 gold=C | joint={'beginner': 'D', 'intermediate': 'B', 'advanced': 'C'} | isolated=None
2026-09-01 05:11:42 | DEBUG    | student_sim | id=403 gold=A | joint={'beginner': 'D', 'intermediate': 'A', 'advanced': 'A'} | isolated=None
2026-09-01 05:11:43 | DEBUG    | student_sim | id=404 gold=D | joint={'beginner': 'D', 'intermediate': 'D', 'advanced': 'D'} | isolated=None
2026-09-01 05:11:44 | DEBUG    | student_sim | id=405 gold=B | joint={'beginner': 'D', 'intermediate': 'B', 'advanced': 'B'} | isolated=None
2026-09-01 05:11:44 | DEBUG    | student_sim | id=406 gold=A | joint={'beginner': 'D', 'intermediate': 'D', 'advanced': 'A'} | isolated=None
2026-09-01 05:11:45 | DEBUG    | student_sim | id=407 gold=B | joint={'beginner': 'D', 'intermediate': 'B', 'advanced': 'B'} | isolated=None
2026-09-01 05:11:46 | DEBUG    | student_sim | id=408 gold=D | joint={'beginner': 'D', 'intermediate': 'B', 'advanced': 'D'} | isolated=None
2026-09-01 05:11:46 | DEBUG    | student_sim | id=409 gold=D | joint={'beginner': 'D', 'intermediate': 'D', 'advanced': 'D'} | isolated=None
2026-09-01 05:11:47 | DEBUG    | student_sim | id=410 gold=D | joint={'beginner': 'D', 'intermediate': 'D', 'advanced': 'D'} | isolated=None
2026-09-01 05:11:48 | DEBUG    | student_sim | id=411 gold=B | joint={'beginner': 'C', 'intermediate': 'B', 'advanced': 'B'} | isolated=None
2026-09-01 05:11:49 | DEBUG    | student_sim | id=412 gold=A | joint={'beginner': 'A', 'intermediate': 'C', 'advanced': 'B'} | isolated=None
2026-09-01 05:11:49 | DEBUG    | student_sim | id=413 gold=B | joint={'beginner': 'B', 'intermediate': 'B', 'advanced': 'D'} | isolated=None
2026-09-01 05:11:50 | DEBUG    | student_sim | id=414 gold=B | joint={'beginner': 'D', 'intermediate': 'B', 'advanced': 'B'} | isolated=None
2026-09-01 05:11:51 | DEBUG    | student_sim | id=415 gold=A | joint={'beginner': 'D', 'intermediate': 'D', 'advanced': 'A'} | isolated=None
2026-09-01 05:11:51 | DEBUG    | student_sim | id=416 gold=A | joint={'beginner': 'D', 'intermediate': 'A', 'advanced': 'A'} | isolated=None
2026-09-01 05:11:52 | DEBUG    | student_sim | id=417 gold=C | joint={'beginner': 'D', 'intermediate': 'C', 'advanced': 'C'} | isolated=None
2026-09-01 05:11:53 | DEBUG    | student_sim | id=418 gold=A | joint={'beginner': 'D', 'intermediate': 'A', 'advanced': 'A'} | isolated=None
2026-09-01 05:11:54 | DEBUG    | student_sim | id=419 gold=C | joint={'beginner': 'B', 'intermediate': 'C', 'advanced': 'D'} | isolated=None
2026-09-01 05:11:54 | DEBUG    | student_sim | id=420 gold=C | joint={'beginner': 'B', 'intermediate': 'D', 'advanced': 'D'} | isolated=None
2026-09-01 05:11:55 | DEBUG    | student_sim | id=421 gold=C | joint={'beginner': 'D', 'intermediate': 'C', 'advanced': 'C'} | isolated=None
2026-09-01 05:11:56 | DEBUG    | student_sim | id=422 gold=C | joint={'beginner': 'D', 'intermediate': 'A', 'advanced': 'A'} | isolated=None
2026-09-01 05:11:56 | DEBUG    | student_sim | id=423 gold=C | joint={'beginner': 'D', 'intermediate': 'C', 'advanced': 'B'} | isolated=None
2026-09-01 05:11:57 | DEBUG    | student_sim | id=424 gold=A | joint={'beginner': 'D', 'intermediate': 'A', 'advanced': 'A'} | isolated=None
2026-09-01 05:11:57 | INFO     | student_sim |   [ 425/ 500]  85.0% | acc B/I/A  join 0.37/0.72/0.75 | 0.71s/sample | ETA 0.9 min
2026-09-01 05:11:58 | DEBUG    | student_sim | id=425 gold=A | joint={'beginner': 'D', 'intermediate': 'A', 'advanced': 'A'} | isolated=None
2026-09-01 05:11:58 | DEBUG    | student_sim | id=426 gold=C | joint={'beginner': 'B', 'intermediate': 'C', 'advanced': 'C'} | isolated=None
2026-09-01 05:11:59 | DEBUG    | student_sim | id=427 gold=C | joint={'beginner': 'C', 'intermediate': 'C', 'advanced': 'C'} | isolated=None
2026-09-01 05:12:00 | DEBUG    | student_sim | id=428 gold=A | joint={'beginner': 'C', 'intermediate': 'A', 'advanced': 'A'} | isolated=None
2026-09-01 05:12:01 | DEBUG    | student_sim | id=429 gold=C | joint={'beginner': 'C', 'intermediate': 'C', 'advanced': 'C'} | isolated=None
2026-09-01 05:12:01 | DEBUG    | student_sim | id=430 gold=A | joint={'beginner': 'C', 'intermediate': 'C', 'advanced': 'A'} | isolated=None
2026-09-01 05:12:02 | DEBUG    | student_sim | id=431 gold=B | joint={'beginner': 'C', 'intermediate': 'B', 'advanced': 'B'} | isolated=None
2026-09-01 05:12:03 | DEBUG    | student_sim | id=432 gold=B | joint={'beginner': 'D', 'intermediate': 'B', 'advanced': 'B'} | isolated=None
2026-09-01 05:12:03 | DEBUG    | student_sim | id=433 gold=C | joint={'beginner': 'C', 'intermediate': 'C', 'advanced': 'C'} | isolated=None
2026-09-01 05:12:04 | DEBUG    | student_sim | id=434 gold=B | joint={'beginner': 'C', 'intermediate': 'B', 'advanced': 'D'} | isolated=None
2026-09-01 05:12:05 | DEBUG    | student_sim | id=435 gold=C | joint={'beginner': 'D', 'intermediate': 'C', 'advanced': 'C'} | isolated=None
2026-09-01 05:12:06 | DEBUG    | student_sim | id=436 gold=A | joint={'beginner': 'A', 'intermediate': 'A', 'advanced': 'C'} | isolated=None
2026-09-01 05:12:06 | DEBUG    | student_sim | id=437 gold=A | joint={'beginner': 'D', 'intermediate': 'A', 'advanced': 'A'} | isolated=None
2026-09-01 05:12:07 | DEBUG    | student_sim | id=438 gold=A | joint={'beginner': 'D', 'intermediate': 'D', 'advanced': 'A'} | isolated=None
2026-09-01 05:12:08 | DEBUG    | student_sim | id=439 gold=A | joint={'beginner': 'D', 'intermediate': 'D', 'advanced': 'D'} | isolated=None
2026-09-01 05:12:08 | DEBUG    | student_sim | id=440 gold=C | joint={'beginner': 'C', 'intermediate': 'C', 'advanced': 'D'} | isolated=None
2026-09-01 05:12:09 | DEBUG    | student_sim | id=441 gold=C | joint={'beginner': 'D', 'intermediate': 'C', 'advanced': 'C'} | isolated=None
2026-09-01 05:12:10 | DEBUG    | student_sim | id=442 gold=A | joint={'beginner': 'A', 'intermediate': 'A', 'advanced': 'A'} | isolated=None
2026-09-01 05:12:11 | DEBUG    | student_sim | id=443 gold=D | joint={'beginner': 'B', 'intermediate': 'B', 'advanced': 'A'} | isolated=None
2026-09-01 05:12:11 | DEBUG    | student_sim | id=444 gold=D | joint={'beginner': 'D', 'intermediate': 'D', 'advanced': 'D'} | isolated=None
2026-09-01 05:12:12 | DEBUG    | student_sim | id=445 gold=B | joint={'beginner': 'D', 'intermediate': 'B', 'advanced': 'B'} | isolated=None
2026-09-01 05:12:13 | DEBUG    | student_sim | id=446 gold=B | joint={'beginner': 'D', 'intermediate': 'B', 'advanced': 'B'} | isolated=None
2026-09-01 05:12:13 | DEBUG    | student_sim | id=447 gold=D | joint={'beginner': 'D', 'intermediate': 'B', 'advanced': 'B'} | isolated=None
2026-09-01 05:12:14 | DEBUG    | student_sim | id=448 gold=D | joint={'beginner': 'C', 'intermediate': 'D', 'advanced': 'D'} | isolated=None
2026-09-01 05:12:15 | DEBUG    | student_sim | id=449 gold=B | joint={'beginner': 'C', 'intermediate': 'B', 'advanced': 'B'} | isolated=None
2026-09-01 05:12:15 | INFO     | student_sim |   [ 450/ 500]  90.0% | acc B/I/A  join 0.37/0.72/0.75 | 0.71s/sample | ETA 0.6 min
2026-09-01 05:12:15 | DEBUG    | student_sim | id=450 gold=A | joint={'beginner': 'C', 'intermediate': 'A', 'advanced': 'A'} | isolated=None
2026-09-01 05:12:16 | DEBUG    | student_sim | id=451 gold=B | joint={'beginner': 'D', 'intermediate': 'B', 'advanced': 'B'} | isolated=None
2026-09-01 05:12:17 | DEBUG    | student_sim | id=452 gold=A | joint={'beginner': 'C', 'intermediate': 'C', 'advanced': 'D'} | isolated=None
2026-09-01 05:12:18 | DEBUG    | student_sim | id=453 gold=A | joint={'beginner': 'D', 'intermediate': 'A', 'advanced': 'A'} | isolated=None
2026-09-01 05:12:18 | DEBUG    | student_sim | id=454 gold=B | joint={'beginner': 'D', 'intermediate': 'B', 'advanced': 'B'} | isolated=None
2026-09-01 05:12:19 | DEBUG    | student_sim | id=455 gold=D | joint={'beginner': 'C', 'intermediate': 'D', 'advanced': 'D'} | isolated=None
2026-09-01 05:12:20 | DEBUG    | student_sim | id=456 gold=B | joint={'beginner': 'D', 'intermediate': 'C', 'advanced': 'B'} | isolated=None
2026-09-01 05:12:20 | DEBUG    | student_sim | id=457 gold=B | joint={'beginner': 'D', 'intermediate': 'B', 'advanced': 'C'} | isolated=None
2026-09-01 05:12:21 | DEBUG    | student_sim | id=458 gold=C | joint={'beginner': 'D', 'intermediate': 'A', 'advanced': 'C'} | isolated=None
2026-09-01 05:12:22 | DEBUG    | student_sim | id=459 gold=D | joint={'beginner': 'D', 'intermediate': 'A', 'advanced': 'D'} | isolated=None
2026-09-01 05:12:23 | DEBUG    | student_sim | id=460 gold=B | joint={'beginner': 'D', 'intermediate': 'B', 'advanced': 'B'} | isolated=None
2026-09-01 05:12:23 | DEBUG    | student_sim | id=461 gold=C | joint={'beginner': 'D', 'intermediate': 'C', 'advanced': 'C'} | isolated=None
2026-09-01 05:12:24 | DEBUG    | student_sim | id=462 gold=C | joint={'beginner': 'B', 'intermediate': 'C', 'advanced': 'C'} | isolated=None
2026-09-01 05:12:25 | DEBUG    | student_sim | id=463 gold=A | joint={'beginner': 'A', 'intermediate': 'A', 'advanced': 'A'} | isolated=None
2026-09-01 05:12:25 | DEBUG    | student_sim | id=464 gold=C | joint={'beginner': 'D', 'intermediate': 'C', 'advanced': 'C'} | isolated=None
2026-09-01 05:12:26 | DEBUG    | student_sim | id=465 gold=C | joint={'beginner': 'D', 'intermediate': 'D', 'advanced': 'C'} | isolated=None
2026-09-01 05:12:27 | DEBUG    | student_sim | id=466 gold=C | joint={'beginner': 'D', 'intermediate': 'C', 'advanced': 'B'} | isolated=None
2026-09-01 05:12:27 | DEBUG    | student_sim | id=467 gold=C | joint={'beginner': 'D', 'intermediate': 'C', 'advanced': 'C'} | isolated=None
2026-09-01 05:12:28 | DEBUG    | student_sim | id=468 gold=B | joint={'beginner': 'D', 'intermediate': 'B', 'advanced': 'B'} | isolated=None
2026-09-01 05:12:29 | DEBUG    | student_sim | id=469 gold=A | joint={'beginner': 'C', 'intermediate': 'C', 'advanced': 'A'} | isolated=None
2026-09-01 05:12:30 | DEBUG    | student_sim | id=470 gold=B | joint={'beginner': 'B', 'intermediate': 'C', 'advanced': 'C'} | isolated=None
2026-09-01 05:12:30 | DEBUG    | student_sim | id=471 gold=B | joint={'beginner': 'D', 'intermediate': 'B', 'advanced': 'B'} | isolated=None
2026-09-01 05:12:31 | DEBUG    | student_sim | id=472 gold=C | joint={'beginner': 'C', 'intermediate': 'D', 'advanced': 'D'} | isolated=None
2026-09-01 05:12:32 | DEBUG    | student_sim | id=473 gold=B | joint={'beginner': 'D', 'intermediate': 'D', 'advanced': 'B'} | isolated=None
2026-09-01 05:12:32 | DEBUG    | student_sim | id=474 gold=D | joint={'beginner': 'D', 'intermediate': 'D', 'advanced': 'D'} | isolated=None
2026-09-01 05:12:32 | INFO     | student_sim |   [ 475/ 500]  95.0% | acc B/I/A  join 0.36/0.72/0.75 | 0.71s/sample | ETA 0.3 min
2026-09-01 05:12:33 | DEBUG    | student_sim | id=475 gold=D | joint={'beginner': 'D', 'intermediate': 'C', 'advanced': 'D'} | isolated=None
2026-09-01 05:12:34 | DEBUG    | student_sim | id=476 gold=C | joint={'beginner': 'D', 'intermediate': 'C', 'advanced': 'C'} | isolated=None
2026-09-01 05:12:35 | DEBUG    | student_sim | id=477 gold=C | joint={'beginner': 'D', 'intermediate': 'C', 'advanced': 'C'} | isolated=None
2026-09-01 05:12:35 | DEBUG    | student_sim | id=478 gold=B | joint={'beginner': 'D', 'intermediate': 'B', 'advanced': 'B'} | isolated=None
2026-09-01 05:12:36 | DEBUG    | student_sim | id=479 gold=A | joint={'beginner': 'D', 'intermediate': 'D', 'advanced': 'D'} | isolated=None
2026-09-01 05:12:37 | DEBUG    | student_sim | id=480 gold=D | joint={'beginner': 'D', 'intermediate': 'D', 'advanced': 'D'} | isolated=None
2026-09-01 05:12:37 | DEBUG    | student_sim | id=481 gold=A | joint={'beginner': 'D', 'intermediate': 'B', 'advanced': 'B'} | isolated=None
2026-09-01 05:12:38 | DEBUG    | student_sim | id=482 gold=D | joint={'beginner': 'A', 'intermediate': 'C', 'advanced': 'C'} | isolated=None
2026-09-01 05:12:39 | DEBUG    | student_sim | id=483 gold=B | joint={'beginner': 'D', 'intermediate': 'B', 'advanced': 'B'} | isolated=None
2026-09-01 05:12:40 | DEBUG    | student_sim | id=484 gold=C | joint={'beginner': 'B', 'intermediate': 'C', 'advanced': 'C'} | isolated=None
2026-09-01 05:12:40 | DEBUG    | student_sim | id=485 gold=C | joint={'beginner': 'D', 'intermediate': 'C', 'advanced': 'C'} | isolated=None
2026-09-01 05:12:41 | DEBUG    | student_sim | id=486 gold=B | joint={'beginner': 'B', 'intermediate': 'B', 'advanced': 'B'} | isolated=None
2026-09-01 05:12:42 | DEBUG    | student_sim | id=487 gold=D | joint={'beginner': 'C', 'intermediate': 'B', 'advanced': 'B'} | isolated=None
2026-09-01 05:12:42 | DEBUG    | student_sim | id=488 gold=B | joint={'beginner': 'C', 'intermediate': 'B', 'advanced': 'D'} | isolated=None
2026-09-01 05:12:43 | DEBUG    | student_sim | id=489 gold=B | joint={'beginner': 'C', 'intermediate': 'B', 'advanced': 'B'} | isolated=None
2026-09-01 05:12:44 | DEBUG    | student_sim | id=490 gold=A | joint={'beginner': 'D', 'intermediate': 'A', 'advanced': 'A'} | isolated=None
2026-09-01 05:12:44 | DEBUG    | student_sim | id=491 gold=A | joint={'beginner': 'D', 'intermediate': 'C', 'advanced': 'A'} | isolated=None
2026-09-01 05:12:45 | DEBUG    | student_sim | id=492 gold=C | joint={'beginner': 'D', 'intermediate': 'C', 'advanced': 'C'} | isolated=None
2026-09-01 05:12:46 | DEBUG    | student_sim | id=493 gold=C | joint={'beginner': 'C', 'intermediate': 'C', 'advanced': 'C'} | isolated=None
2026-09-01 05:12:47 | DEBUG    | student_sim | id=494 gold=A | joint={'beginner': 'C', 'intermediate': 'A', 'advanced': 'A'} | isolated=None
2026-09-01 05:12:47 | DEBUG    | student_sim | id=495 gold=A | joint={'beginner': 'B', 'intermediate': 'A', 'advanced': 'A'} | isolated=None
2026-09-01 05:12:48 | DEBUG    | student_sim | id=496 gold=C | joint={'beginner': 'D', 'intermediate': 'B', 'advanced': 'C'} | isolated=None
2026-09-01 05:12:49 | DEBUG    | student_sim | id=497 gold=C | joint={'beginner': 'D', 'intermediate': 'C', 'advanced': 'C'} | isolated=None
2026-09-01 05:12:50 | DEBUG    | student_sim | id=498 gold=B | joint={'beginner': 'D', 'intermediate': 'B', 'advanced': 'B'} | isolated=None
2026-09-01 05:12:50 | DEBUG    | student_sim | id=499 gold=C | joint={'beginner': 'D', 'intermediate': 'C', 'advanced': 'C'} | isolated=None
2026-09-01 05:12:50 | INFO     | student_sim |   [ 500/ 500] 100.0% | acc B/I/A  join 0.35/0.72/0.76 | 0.71s/sample | ETA 0.0 min
2026-09-01 05:12:50 | INFO     | student_sim | 
2026-09-01 05:12:50 | INFO     | student_sim |   OBQA -- ACCURACY STRATIFICATION
2026-09-01 05:12:50 | INFO     | student_sim |   ------------------------------------------------------------------------------------------------
2026-09-01 05:12:50 | INFO     | student_sim |     paradigm     beginner   intermediate       advanced        gap   monotone
2026-09-01 05:12:50 | INFO     | student_sim |     joint          0.3480         0.7200         0.7560     0.4080        yes
2026-09-01 05:12:50 | INFO     | student_sim | 
2026-09-01 05:12:50 | INFO     | student_sim |     joint scaffold differentiation pressure (order advanced -> intermediate -> beginner)
2026-09-01 05:12:50 | INFO     | student_sim |       all three tiers distinct        : 0.104 (chance if independent: 0.375)
2026-09-01 05:12:50 | INFO     | student_sim |       last tier (beginner) breaks a tie : 0.667  over 363 agreeing questions
2026-09-01 05:12:50 | INFO     | student_sim |       those breaks that are wrong     : 0.921
2026-09-01 05:12:50 | INFO     | student_sim |       breaks away from correct answer : 0.851
2026-09-01 05:12:50 | INFO     | student_sim | 
2026-09-01 05:12:50 | INFO     | student_sim |     trap-hit rate among errors (random distractor baseline = 0.333)
2026-09-01 05:12:50 | INFO     | student_sim |       joint     beginner      longest 0.339 (n= 168) | stem-overlap 0.371 (n= 35) | lookalike 0.362 (n= 246)
2026-09-01 05:12:50 | INFO     | student_sim |       joint     intermediate  longest 0.377 (n=  69) | stem-overlap 0.571 (n=  7) | lookalike 0.261 (n= 111)
2026-09-01 05:12:50 | INFO     | student_sim |       joint     advanced      longest 0.368 (n=  68) | stem-overlap 0.545 (n= 11) | lookalike 0.250 (n=  88)
2026-09-01 05:12:50 | INFO     | student_sim |   ------------------------------------------------------------------------------------------------
2026-09-01 05:12:50 | INFO     | student_sim |   wrote /home/nghben/Downloads/research/fsds/experiment/results/student_simulation/results_persona_simulation_obqa_order_desc.json
2026-09-01 05:12:50 | INFO     | student_sim | 
2026-09-01 05:12:50 | INFO     | student_sim | ====================================================================================================
2026-09-01 05:12:50 | INFO     | student_sim | SUMMARY -- accuracy by ability tier (zero context)
2026-09-01 05:12:50 | INFO     | student_sim | ====================================================================================================
2026-09-01 05:12:50 | INFO     | student_sim |   dataset  paradigm     beginner   intermediate       advanced        gap
2026-09-01 05:12:50 | INFO     | student_sim |   sciq     joint          0.2907         0.8529         0.9299     0.6391
2026-09-01 05:12:50 | INFO     | student_sim |   obqa     joint          0.3480         0.7200         0.7560     0.4080
2026-09-01 05:12:50 | INFO     | student_sim | 
2026-09-01 05:12:50 | INFO     | student_sim | Results sciq  : /home/nghben/Downloads/research/fsds/experiment/results/student_simulation/results_persona_simulation_sciq_order_desc.json
2026-09-01 05:12:50 | INFO     | student_sim | Results obqa  : /home/nghben/Downloads/research/fsds/experiment/results/student_simulation/results_persona_simulation_obqa_order_desc.json
2026-09-01 05:12:50 | INFO     | student_sim | Log           : /home/nghben/Downloads/research/fsds/experiment/results/student_simulation/order_control.log
2026-09-01 05:12:50 | INFO     | student_sim | Runtime       : 17.7 min
2026-09-01 05:12:50 | INFO     | student_sim | Done.
