2026-09-20 10:10:58 | INFO     | student_sim | ====================================================================================================
2026-09-20 10:10:58 | INFO     | student_sim | PERSONA-CONDITIONED STUDENT SIMULATION -- zero context (Setting A / no fact)
2026-09-20 10:10:58 | INFO     | student_sim | ====================================================================================================
2026-09-20 10:10:58 | INFO     | student_sim | Workspace   : /kaggle/temp/qwen25_persona_project
2026-09-20 10:10:58 | INFO     | student_sim | Model path  : /kaggle/temp/Qwen2.5-7B-Instruct
2026-09-20 10:10:58 | INFO     | student_sim | Python      : 3.12.13
2026-09-20 10:10:58 | INFO     | student_sim | Platform    : Linux-6.12.90+-x86_64-with-glibc2.35
2026-09-20 10:10:58 | INFO     | student_sim | torch       : 2.10.0+cu128 (cuda True)
2026-09-20 10:10:58 | INFO     | student_sim | GPU         : Tesla T4 (14.56 GB)
2026-09-20 10:10:58 | INFO     | student_sim | Datasets    : sciq, obqa
2026-09-20 10:10:58 | INFO     | student_sim | Paradigms   : joint
2026-09-20 10:10:58 | INFO     | student_sim | Tiers       : beginner, intermediate, advanced
2026-09-20 10:10:58 | INFO     | student_sim | Limit       : none (full split)
2026-09-20 10:10:58 | INFO     | student_sim | 
2026-09-20 10:11:04 | INFO     | numexpr.utils | NumExpr defaulting to 4 threads.
2026-09-20 10:11:04 | INFO     | student_sim | Loading tokenizer from /kaggle/temp/Qwen2.5-7B-Instruct
2026-09-20 10:11:05 | INFO     | student_sim | Quantisation : 4-bit NF4, compute dtype float16, double_quant=False
2026-09-20 10:11:23 | INFO     | student_sim | Loaded in 18.4s | 4.35B parameters (packed)
2026-09-20 10:11:23 | INFO     | student_sim | VRAM after load: 5.45 GB allocated / 5.63 GB reserved of 14.56 GB total
2026-09-20 10:11:23 | INFO     | student_sim | Resolving option-letter token ids ...
2026-09-20 10:11:23 | DEBUG    | student_sim |   letter A -> token ids [32, 362]
2026-09-20 10:11:23 | DEBUG    | student_sim |   letter B -> token ids [33, 425]
2026-09-20 10:11:23 | DEBUG    | student_sim |   letter C -> token ids [34, 356]
2026-09-20 10:11:23 | DEBUG    | student_sim |   letter D -> token ids [35, 422]
2026-09-20 10:11:23 | INFO     | student_sim |   {'A': [32, 362], 'B': [33, 425], 'C': [34, 356], 'D': [35, 422]}
2026-09-20 10:11:23 | INFO     | student_sim | 
2026-09-20 10:11:23 | INFO     | student_sim | ====================================================================================================
2026-09-20 10:11:23 | INFO     | student_sim | DATASET SCIQ (allenai/sciq, test) -- 884 samples, zero-context (no passage)
2026-09-20 10:11:23 | INFO     | student_sim |   file      : /kaggle/temp/qwen25_persona_project/datasets/sciq/sciq_test_full.json
2026-09-20 10:11:23 | INFO     | student_sim |   paradigms : joint
2026-09-20 10:11:23 | INFO     | student_sim |   joint order: advanced -> intermediate -> beginner
2026-09-20 10:11:23 | INFO     | student_sim | ====================================================================================================
2026-09-20 10:11:24 | DEBUG    | student_sim | id=0 gold=D | joint={'beginner': 'A', 'intermediate': 'D', 'advanced': 'D'} | isolated=None
2026-09-20 10:11:26 | DEBUG    | student_sim | id=1 gold=C | joint={'beginner': 'D', 'intermediate': 'C', 'advanced': 'C'} | isolated=None
2026-09-20 10:11:27 | DEBUG    | student_sim | id=2 gold=D | joint={'beginner': 'A', 'intermediate': 'D', 'advanced': 'D'} | isolated=None
2026-09-20 10:11:28 | DEBUG    | student_sim | id=3 gold=C | joint={'beginner': 'A', 'intermediate': 'C', 'advanced': 'C'} | isolated=None
2026-09-20 10:11:29 | DEBUG    | student_sim | id=4 gold=D | joint={'beginner': 'D', 'intermediate': 'D', 'advanced': 'D'} | isolated=None
2026-09-20 10:11:30 | DEBUG    | student_sim | id=5 gold=D | joint={'beginner': 'A', 'intermediate': 'D', 'advanced': 'D'} | isolated=None
2026-09-20 10:11:32 | DEBUG    | student_sim | id=6 gold=C | joint={'beginner': 'C', 'intermediate': 'C', 'advanced': 'C'} | isolated=None
2026-09-20 10:11:33 | DEBUG    | student_sim | id=7 gold=C | joint={'beginner': 'A', 'intermediate': 'C', 'advanced': 'C'} | isolated=None
2026-09-20 10:11:34 | DEBUG    | student_sim | id=8 gold=A | joint={'beginner': 'A', 'intermediate': 'A', 'advanced': 'A'} | isolated=None
2026-09-20 10:11:35 | DEBUG    | student_sim | id=9 gold=C | joint={'beginner': 'A', 'intermediate': 'C', 'advanced': 'C'} | isolated=None
2026-09-20 10:11:37 | DEBUG    | student_sim | id=10 gold=D | joint={'beginner': 'A', 'intermediate': 'D', 'advanced': 'D'} | isolated=None
2026-09-20 10:11:38 | DEBUG    | student_sim | id=11 gold=D | joint={'beginner': 'B', 'intermediate': 'D', 'advanced': 'D'} | isolated=None
2026-09-20 10:11:39 | DEBUG    | student_sim | id=12 gold=C | joint={'beginner': 'D', 'intermediate': 'C', 'advanced': 'C'} | isolated=None
2026-09-20 10:11:40 | DEBUG    | student_sim | id=13 gold=D | joint={'beginner': 'B', 'intermediate': 'D', 'advanced': 'D'} | isolated=None
2026-09-20 10:11:42 | DEBUG    | student_sim | id=14 gold=A | joint={'beginner': 'B', 'intermediate': 'A', 'advanced': 'A'} | isolated=None
2026-09-20 10:11:43 | DEBUG    | student_sim | id=15 gold=B | joint={'beginner': 'B', 'intermediate': 'B', 'advanced': 'B'} | isolated=None
2026-09-20 10:11:44 | DEBUG    | student_sim | id=16 gold=D | joint={'beginner': 'A', 'intermediate': 'D', 'advanced': 'D'} | isolated=None
2026-09-20 10:11:46 | DEBUG    | student_sim | id=17 gold=C | joint={'beginner': 'A', 'intermediate': 'A', 'advanced': 'A'} | isolated=None
2026-09-20 10:11:47 | DEBUG    | student_sim | id=18 gold=D | joint={'beginner': 'A', 'intermediate': 'B', 'advanced': 'B'} | isolated=None
2026-09-20 10:11:48 | DEBUG    | student_sim | id=19 gold=A | joint={'beginner': 'A', 'intermediate': 'A', 'advanced': 'A'} | isolated=None
2026-09-20 10:11:50 | DEBUG    | student_sim | id=20 gold=A | joint={'beginner': 'A', 'intermediate': 'A', 'advanced': 'A'} | isolated=None
2026-09-20 10:11:51 | DEBUG    | student_sim | id=21 gold=A | joint={'beginner': 'B', 'intermediate': 'A', 'advanced': 'A'} | isolated=None
2026-09-20 10:11:53 | DEBUG    | student_sim | id=22 gold=D | joint={'beginner': 'D', 'intermediate': 'D', 'advanced': 'D'} | isolated=None
2026-09-20 10:11:54 | DEBUG    | student_sim | id=23 gold=C | joint={'beginner': 'A', 'intermediate': 'C', 'advanced': 'C'} | isolated=None
2026-09-20 10:11:55 | DEBUG    | student_sim | id=24 gold=B | joint={'beginner': 'B', 'intermediate': 'A', 'advanced': 'A'} | isolated=None
2026-09-20 10:11:57 | DEBUG    | student_sim | id=25 gold=C | joint={'beginner': 'B', 'intermediate': 'D', 'advanced': 'D'} | isolated=None
2026-09-20 10:11:58 | DEBUG    | student_sim | id=26 gold=D | joint={'beginner': 'A', 'intermediate': 'D', 'advanced': 'D'} | isolated=None
2026-09-20 10:12:00 | DEBUG    | student_sim | id=27 gold=C | joint={'beginner': 'B', 'intermediate': 'C', 'advanced': 'C'} | isolated=None
2026-09-20 10:12:01 | DEBUG    | student_sim | id=28 gold=C | joint={'beginner': 'C', 'intermediate': 'C', 'advanced': 'C'} | isolated=None
2026-09-20 10:12:02 | DEBUG    | student_sim | id=29 gold=A | joint={'beginner': 'A', 'intermediate': 'A', 'advanced': 'A'} | isolated=None
2026-09-20 10:12:04 | DEBUG    | student_sim | id=30 gold=B | joint={'beginner': 'B', 'intermediate': 'B', 'advanced': 'B'} | isolated=None
2026-09-20 10:12:05 | DEBUG    | student_sim | id=31 gold=A | joint={'beginner': 'A', 'intermediate': 'A', 'advanced': 'A'} | isolated=None
2026-09-20 10:12:06 | DEBUG    | student_sim | id=32 gold=A | joint={'beginner': 'A', 'intermediate': 'A', 'advanced': 'A'} | isolated=None
2026-09-20 10:12:08 | DEBUG    | student_sim | id=33 gold=C | joint={'beginner': 'B', 'intermediate': 'C', 'advanced': 'C'} | isolated=None
2026-09-20 10:12:09 | DEBUG    | student_sim | id=34 gold=C | joint={'beginner': 'C', 'intermediate': 'C', 'advanced': 'C'} | isolated=None
2026-09-20 10:12:11 | DEBUG    | student_sim | id=35 gold=D | joint={'beginner': 'C', 'intermediate': 'D', 'advanced': 'D'} | isolated=None
2026-09-20 10:12:12 | DEBUG    | student_sim | id=36 gold=B | joint={'beginner': 'B', 'intermediate': 'B', 'advanced': 'B'} | isolated=None
2026-09-20 10:12:13 | DEBUG    | student_sim | id=37 gold=A | joint={'beginner': 'A', 'intermediate': 'A', 'advanced': 'A'} | isolated=None
2026-09-20 10:12:15 | DEBUG    | student_sim | id=38 gold=B | joint={'beginner': 'B', 'intermediate': 'A', 'advanced': 'A'} | isolated=None
2026-09-20 10:12:16 | DEBUG    | student_sim | id=39 gold=D | joint={'beginner': 'A', 'intermediate': 'D', 'advanced': 'D'} | isolated=None
2026-09-20 10:12:17 | DEBUG    | student_sim | id=40 gold=C | joint={'beginner': 'C', 'intermediate': 'C', 'advanced': 'C'} | isolated=None
2026-09-20 10:12:18 | DEBUG    | student_sim | id=41 gold=C | joint={'beginner': 'A', 'intermediate': 'C', 'advanced': 'C'} | isolated=None
2026-09-20 10:12:20 | DEBUG    | student_sim | id=42 gold=D | joint={'beginner': 'B', 'intermediate': 'D', 'advanced': 'D'} | isolated=None
2026-09-20 10:12:21 | DEBUG    | student_sim | id=43 gold=B | joint={'beginner': 'B', 'intermediate': 'B', 'advanced': 'B'} | isolated=None
2026-09-20 10:12:21 | INFO     | student_sim |   [  44/ 884]   5.0% | acc B/I/A  join 0.43/0.89/0.89 | 1.31s/sample | ETA 18.4 min
2026-09-20 10:12:22 | DEBUG    | student_sim | id=44 gold=B | joint={'beginner': 'C', 'intermediate': 'B', 'advanced': 'B'} | isolated=None
2026-09-20 10:12:23 | DEBUG    | student_sim | id=45 gold=B | joint={'beginner': 'B', 'intermediate': 'B', 'advanced': 'B'} | isolated=None
2026-09-20 10:12:25 | DEBUG    | student_sim | id=46 gold=D | joint={'beginner': 'B', 'intermediate': 'C', 'advanced': 'C'} | isolated=None
2026-09-20 10:12:26 | DEBUG    | student_sim | id=47 gold=C | joint={'beginner': 'C', 'intermediate': 'C', 'advanced': 'C'} | isolated=None
2026-09-20 10:12:27 | DEBUG    | student_sim | id=48 gold=B | joint={'beginner': 'A', 'intermediate': 'B', 'advanced': 'B'} | isolated=None
2026-09-20 10:12:28 | DEBUG    | student_sim | id=49 gold=D | joint={'beginner': 'B', 'intermediate': 'D', 'advanced': 'D'} | isolated=None
2026-09-20 10:12:30 | DEBUG    | student_sim | id=50 gold=D | joint={'beginner': 'B', 'intermediate': 'D', 'advanced': 'D'} | isolated=None
2026-09-20 10:12:31 | DEBUG    | student_sim | id=51 gold=D | joint={'beginner': 'D', 'intermediate': 'D', 'advanced': 'D'} | isolated=None
2026-09-20 10:12:32 | DEBUG    | student_sim | id=52 gold=A | joint={'beginner': 'A', 'intermediate': 'C', 'advanced': 'C'} | isolated=None
2026-09-20 10:12:33 | DEBUG    | student_sim | id=53 gold=A | joint={'beginner': 'A', 'intermediate': 'A', 'advanced': 'A'} | isolated=None
2026-09-20 10:12:34 | DEBUG    | student_sim | id=54 gold=B | joint={'beginner': 'B', 'intermediate': 'B', 'advanced': 'B'} | isolated=None
2026-09-20 10:12:36 | DEBUG    | student_sim | id=55 gold=A | joint={'beginner': 'A', 'intermediate': 'A', 'advanced': 'A'} | isolated=None
2026-09-20 10:12:37 | DEBUG    | student_sim | id=56 gold=A | joint={'beginner': 'A', 'intermediate': 'A', 'advanced': 'A'} | isolated=None
2026-09-20 10:12:38 | DEBUG    | student_sim | id=57 gold=D | joint={'beginner': 'B', 'intermediate': 'D', 'advanced': 'D'} | isolated=None
2026-09-20 10:12:39 | DEBUG    | student_sim | id=58 gold=D | joint={'beginner': 'D', 'intermediate': 'D', 'advanced': 'D'} | isolated=None
2026-09-20 10:12:41 | DEBUG    | student_sim | id=59 gold=B | joint={'beginner': 'B', 'intermediate': 'B', 'advanced': 'B'} | isolated=None
2026-09-20 10:12:42 | DEBUG    | student_sim | id=60 gold=D | joint={'beginner': 'A', 'intermediate': 'D', 'advanced': 'D'} | isolated=None
2026-09-20 10:12:43 | DEBUG    | student_sim | id=61 gold=C | joint={'beginner': 'C', 'intermediate': 'C', 'advanced': 'C'} | isolated=None
2026-09-20 10:12:44 | DEBUG    | student_sim | id=62 gold=C | joint={'beginner': 'A', 'intermediate': 'C', 'advanced': 'C'} | isolated=None
2026-09-20 10:12:45 | DEBUG    | student_sim | id=63 gold=A | joint={'beginner': 'A', 'intermediate': 'A', 'advanced': 'A'} | isolated=None
2026-09-20 10:12:47 | DEBUG    | student_sim | id=64 gold=B | joint={'beginner': 'B', 'intermediate': 'B', 'advanced': 'B'} | isolated=None
2026-09-20 10:12:48 | DEBUG    | student_sim | id=65 gold=C | joint={'beginner': 'C', 'intermediate': 'C', 'advanced': 'C'} | isolated=None
2026-09-20 10:12:49 | DEBUG    | student_sim | id=66 gold=C | joint={'beginner': 'A', 'intermediate': 'C', 'advanced': 'C'} | isolated=None
2026-09-20 10:12:50 | DEBUG    | student_sim | id=67 gold=D | joint={'beginner': 'D', 'intermediate': 'D', 'advanced': 'D'} | isolated=None
2026-09-20 10:12:52 | DEBUG    | student_sim | id=68 gold=A | joint={'beginner': 'A', 'intermediate': 'C', 'advanced': 'C'} | isolated=None
2026-09-20 10:12:53 | DEBUG    | student_sim | id=69 gold=B | joint={'beginner': 'B', 'intermediate': 'B', 'advanced': 'B'} | isolated=None
2026-09-20 10:12:54 | DEBUG    | student_sim | id=70 gold=D | joint={'beginner': 'A', 'intermediate': 'A', 'advanced': 'A'} | isolated=None
2026-09-20 10:12:55 | DEBUG    | student_sim | id=71 gold=C | joint={'beginner': 'C', 'intermediate': 'C', 'advanced': 'C'} | isolated=None
2026-09-20 10:12:56 | DEBUG    | student_sim | id=72 gold=C | joint={'beginner': 'C', 'intermediate': 'C', 'advanced': 'C'} | isolated=None
2026-09-20 10:12:58 | DEBUG    | student_sim | id=73 gold=B | joint={'beginner': 'B', 'intermediate': 'B', 'advanced': 'B'} | isolated=None
2026-09-20 10:12:59 | DEBUG    | student_sim | id=74 gold=B | joint={'beginner': 'B', 'intermediate': 'B', 'advanced': 'B'} | isolated=None
2026-09-20 10:13:00 | DEBUG    | student_sim | id=75 gold=D | joint={'beginner': 'A', 'intermediate': 'D', 'advanced': 'D'} | isolated=None
2026-09-20 10:13:01 | DEBUG    | student_sim | id=76 gold=D | joint={'beginner': 'C', 'intermediate': 'D', 'advanced': 'D'} | isolated=None
2026-09-20 10:13:03 | DEBUG    | student_sim | id=77 gold=D | joint={'beginner': 'A', 'intermediate': 'D', 'advanced': 'D'} | isolated=None
2026-09-20 10:13:04 | DEBUG    | student_sim | id=78 gold=A | joint={'beginner': 'A', 'intermediate': 'A', 'advanced': 'A'} | isolated=None
2026-09-20 10:13:05 | DEBUG    | student_sim | id=79 gold=B | joint={'beginner': 'B', 'intermediate': 'B', 'advanced': 'B'} | isolated=None
2026-09-20 10:13:07 | DEBUG    | student_sim | id=80 gold=B | joint={'beginner': 'B', 'intermediate': 'B', 'advanced': 'B'} | isolated=None
2026-09-20 10:13:08 | DEBUG    | student_sim | id=81 gold=A | joint={'beginner': 'A', 'intermediate': 'A', 'advanced': 'A'} | isolated=None
2026-09-20 10:13:09 | DEBUG    | student_sim | id=82 gold=A | joint={'beginner': 'A', 'intermediate': 'D', 'advanced': 'D'} | isolated=None
2026-09-20 10:13:10 | DEBUG    | student_sim | id=83 gold=C | joint={'beginner': 'C', 'intermediate': 'C', 'advanced': 'C'} | isolated=None
2026-09-20 10:13:12 | DEBUG    | student_sim | id=84 gold=C | joint={'beginner': 'C', 'intermediate': 'C', 'advanced': 'C'} | isolated=None
2026-09-20 10:13:13 | DEBUG    | student_sim | id=85 gold=C | joint={'beginner': 'A', 'intermediate': 'C', 'advanced': 'C'} | isolated=None
2026-09-20 10:13:14 | DEBUG    | student_sim | id=86 gold=B | joint={'beginner': 'B', 'intermediate': 'B', 'advanced': 'B'} | isolated=None
2026-09-20 10:13:15 | DEBUG    | student_sim | id=87 gold=D | joint={'beginner': 'A', 'intermediate': 'D', 'advanced': 'D'} | isolated=None
2026-09-20 10:13:15 | INFO     | student_sim |   [  88/ 884]  10.0% | acc B/I/A  join 0.55/0.89/0.89 | 1.28s/sample | ETA 16.9 min
2026-09-20 10:13:17 | DEBUG    | student_sim | id=88 gold=C | joint={'beginner': 'B', 'intermediate': 'C', 'advanced': 'C'} | isolated=None
2026-09-20 10:13:18 | DEBUG    | student_sim | id=89 gold=B | joint={'beginner': 'A', 'intermediate': 'D', 'advanced': 'D'} | isolated=None
2026-09-20 10:13:19 | DEBUG    | student_sim | id=90 gold=B | joint={'beginner': 'A', 'intermediate': 'D', 'advanced': 'D'} | isolated=None
2026-09-20 10:13:21 | DEBUG    | student_sim | id=91 gold=D | joint={'beginner': 'D', 'intermediate': 'D', 'advanced': 'D'} | isolated=None
2026-09-20 10:13:22 | DEBUG    | student_sim | id=92 gold=C | joint={'beginner': 'B', 'intermediate': 'C', 'advanced': 'C'} | isolated=None
2026-09-20 10:13:23 | DEBUG    | student_sim | id=93 gold=A | joint={'beginner': 'A', 'intermediate': 'A', 'advanced': 'A'} | isolated=None
2026-09-20 10:13:24 | DEBUG    | student_sim | id=94 gold=A | joint={'beginner': 'A', 'intermediate': 'A', 'advanced': 'A'} | isolated=None
2026-09-20 10:13:26 | DEBUG    | student_sim | id=95 gold=B | joint={'beginner': 'B', 'intermediate': 'B', 'advanced': 'B'} | isolated=None
2026-09-20 10:13:27 | DEBUG    | student_sim | id=96 gold=D | joint={'beginner': 'D', 'intermediate': 'D', 'advanced': 'D'} | isolated=None
2026-09-20 10:13:28 | DEBUG    | student_sim | id=97 gold=D | joint={'beginner': 'D', 'intermediate': 'D', 'advanced': 'D'} | isolated=None
2026-09-20 10:13:30 | DEBUG    | student_sim | id=98 gold=C | joint={'beginner': 'C', 'intermediate': 'C', 'advanced': 'C'} | isolated=None
2026-09-20 10:13:31 | DEBUG    | student_sim | id=99 gold=D | joint={'beginner': 'A', 'intermediate': 'D', 'advanced': 'D'} | isolated=None
2026-09-20 10:13:32 | DEBUG    | student_sim | id=100 gold=C | joint={'beginner': 'C', 'intermediate': 'C', 'advanced': 'C'} | isolated=None
2026-09-20 10:13:34 | DEBUG    | student_sim | id=101 gold=B | joint={'beginner': 'B', 'intermediate': 'B', 'advanced': 'B'} | isolated=None
2026-09-20 10:13:35 | DEBUG    | student_sim | id=102 gold=B | joint={'beginner': 'B', 'intermediate': 'B', 'advanced': 'B'} | isolated=None
2026-09-20 10:13:36 | DEBUG    | student_sim | id=103 gold=B | joint={'beginner': 'B', 'intermediate': 'B', 'advanced': 'B'} | isolated=None
2026-09-20 10:13:37 | DEBUG    | student_sim | id=104 gold=D | joint={'beginner': 'B', 'intermediate': 'D', 'advanced': 'D'} | isolated=None
2026-09-20 10:13:39 | DEBUG    | student_sim | id=105 gold=B | joint={'beginner': 'B', 'intermediate': 'B', 'advanced': 'B'} | isolated=None
2026-09-20 10:13:40 | DEBUG    | student_sim | id=106 gold=C | joint={'beginner': 'C', 'intermediate': 'B', 'advanced': 'B'} | isolated=None
2026-09-20 10:13:41 | DEBUG    | student_sim | id=107 gold=B | joint={'beginner': 'B', 'intermediate': 'B', 'advanced': 'B'} | isolated=None
2026-09-20 10:13:42 | DEBUG    | student_sim | id=108 gold=D | joint={'beginner': 'D', 'intermediate': 'D', 'advanced': 'D'} | isolated=None
2026-09-20 10:13:44 | DEBUG    | student_sim | id=109 gold=C | joint={'beginner': 'C', 'intermediate': 'C', 'advanced': 'C'} | isolated=None
2026-09-20 10:13:45 | DEBUG    | student_sim | id=110 gold=C | joint={'beginner': 'A', 'intermediate': 'C', 'advanced': 'C'} | isolated=None
2026-09-20 10:13:46 | DEBUG    | student_sim | id=111 gold=A | joint={'beginner': 'A', 'intermediate': 'A', 'advanced': 'A'} | isolated=None
2026-09-20 10:13:47 | DEBUG    | student_sim | id=112 gold=B | joint={'beginner': 'A', 'intermediate': 'B', 'advanced': 'B'} | isolated=None
2026-09-20 10:13:49 | DEBUG    | student_sim | id=113 gold=D | joint={'beginner': 'A', 'intermediate': 'D', 'advanced': 'D'} | isolated=None
2026-09-20 10:13:50 | DEBUG    | student_sim | id=114 gold=D | joint={'beginner': 'D', 'intermediate': 'D', 'advanced': 'D'} | isolated=None
2026-09-20 10:13:51 | DEBUG    | student_sim | id=115 gold=C | joint={'beginner': 'C', 'intermediate': 'C', 'advanced': 'C'} | isolated=None
2026-09-20 10:13:52 | DEBUG    | student_sim | id=116 gold=B | joint={'beginner': 'B', 'intermediate': 'B', 'advanced': 'B'} | isolated=None
2026-09-20 10:13:54 | DEBUG    | student_sim | id=117 gold=C | joint={'beginner': 'B', 'intermediate': 'C', 'advanced': 'C'} | isolated=None
2026-09-20 10:13:55 | DEBUG    | student_sim | id=118 gold=D | joint={'beginner': 'D', 'intermediate': 'D', 'advanced': 'D'} | isolated=None
2026-09-20 10:13:56 | DEBUG    | student_sim | id=119 gold=C | joint={'beginner': 'A', 'intermediate': 'C', 'advanced': 'C'} | isolated=None
2026-09-20 10:13:57 | DEBUG    | student_sim | id=120 gold=B | joint={'beginner': 'A', 'intermediate': 'B', 'advanced': 'B'} | isolated=None
2026-09-20 10:13:59 | DEBUG    | student_sim | id=121 gold=A | joint={'beginner': 'A', 'intermediate': 'A', 'advanced': 'A'} | isolated=None
2026-09-20 10:14:00 | DEBUG    | student_sim | id=122 gold=B | joint={'beginner': 'B', 'intermediate': 'B', 'advanced': 'B'} | isolated=None
2026-09-20 10:14:01 | DEBUG    | student_sim | id=123 gold=C | joint={'beginner': 'B', 'intermediate': 'C', 'advanced': 'C'} | isolated=None
2026-09-20 10:14:02 | DEBUG    | student_sim | id=124 gold=C | joint={'beginner': 'C', 'intermediate': 'C', 'advanced': 'C'} | isolated=None
2026-09-20 10:14:04 | DEBUG    | student_sim | id=125 gold=C | joint={'beginner': 'B', 'intermediate': 'C', 'advanced': 'C'} | isolated=None
2026-09-20 10:14:05 | DEBUG    | student_sim | id=126 gold=B | joint={'beginner': 'B', 'intermediate': 'B', 'advanced': 'B'} | isolated=None
2026-09-20 10:14:06 | DEBUG    | student_sim | id=127 gold=C | joint={'beginner': 'C', 'intermediate': 'C', 'advanced': 'C'} | isolated=None
2026-09-20 10:14:07 | DEBUG    | student_sim | id=128 gold=A | joint={'beginner': 'C', 'intermediate': 'A', 'advanced': 'A'} | isolated=None
2026-09-20 10:14:09 | DEBUG    | student_sim | id=129 gold=D | joint={'beginner': 'A', 'intermediate': 'D', 'advanced': 'D'} | isolated=None
2026-09-20 10:14:10 | DEBUG    | student_sim | id=130 gold=A | joint={'beginner': 'A', 'intermediate': 'A', 'advanced': 'A'} | isolated=None
2026-09-20 10:14:11 | DEBUG    | student_sim | id=131 gold=D | joint={'beginner': 'A', 'intermediate': 'D', 'advanced': 'D'} | isolated=None
2026-09-20 10:14:11 | INFO     | student_sim |   [ 132/ 884]  14.9% | acc B/I/A  join 0.57/0.90/0.90 | 1.27s/sample | ETA 16.0 min
2026-09-20 10:14:12 | DEBUG    | student_sim | id=132 gold=A | joint={'beginner': 'B', 'intermediate': 'A', 'advanced': 'A'} | isolated=None
2026-09-20 10:14:14 | DEBUG    | student_sim | id=133 gold=D | joint={'beginner': 'D', 'intermediate': 'D', 'advanced': 'D'} | isolated=None
2026-09-20 10:14:15 | DEBUG    | student_sim | id=134 gold=A | joint={'beginner': 'A', 'intermediate': 'A', 'advanced': 'A'} | isolated=None
2026-09-20 10:14:16 | DEBUG    | student_sim | id=135 gold=B | joint={'beginner': 'A', 'intermediate': 'B', 'advanced': 'B'} | isolated=None
2026-09-20 10:14:17 | DEBUG    | student_sim | id=136 gold=B | joint={'beginner': 'B', 'intermediate': 'B', 'advanced': 'B'} | isolated=None
2026-09-20 10:14:19 | DEBUG    | student_sim | id=137 gold=C | joint={'beginner': 'C', 'intermediate': 'C', 'advanced': 'C'} | isolated=None
2026-09-20 10:14:20 | DEBUG    | student_sim | id=138 gold=D | joint={'beginner': 'B', 'intermediate': 'B', 'advanced': 'B'} | isolated=None
2026-09-20 10:14:21 | DEBUG    | student_sim | id=139 gold=B | joint={'beginner': 'B', 'intermediate': 'B', 'advanced': 'B'} | isolated=None
2026-09-20 10:14:22 | DEBUG    | student_sim | id=140 gold=A | joint={'beginner': 'A', 'intermediate': 'A', 'advanced': 'A'} | isolated=None
2026-09-20 10:14:24 | DEBUG    | student_sim | id=141 gold=D | joint={'beginner': 'D', 'intermediate': 'D', 'advanced': 'D'} | isolated=None
2026-09-20 10:14:25 | DEBUG    | student_sim | id=142 gold=A | joint={'beginner': 'A', 'intermediate': 'A', 'advanced': 'A'} | isolated=None
2026-09-20 10:14:26 | DEBUG    | student_sim | id=143 gold=A | joint={'beginner': 'D', 'intermediate': 'A', 'advanced': 'A'} | isolated=None
2026-09-20 10:14:27 | DEBUG    | student_sim | id=144 gold=C | joint={'beginner': 'A', 'intermediate': 'A', 'advanced': 'A'} | isolated=None
2026-09-20 10:14:29 | DEBUG    | student_sim | id=145 gold=B | joint={'beginner': 'A', 'intermediate': 'B', 'advanced': 'B'} | isolated=None
2026-09-20 10:14:30 | DEBUG    | student_sim | id=146 gold=B | joint={'beginner': 'A', 'intermediate': 'A', 'advanced': 'A'} | isolated=None
2026-09-20 10:14:31 | DEBUG    | student_sim | id=147 gold=B | joint={'beginner': 'B', 'intermediate': 'B', 'advanced': 'B'} | isolated=None
2026-09-20 10:14:33 | DEBUG    | student_sim | id=148 gold=A | joint={'beginner': 'A', 'intermediate': 'A', 'advanced': 'A'} | isolated=None
2026-09-20 10:14:34 | DEBUG    | student_sim | id=149 gold=A | joint={'beginner': 'B', 'intermediate': 'A', 'advanced': 'A'} | isolated=None
2026-09-20 10:14:35 | DEBUG    | student_sim | id=150 gold=A | joint={'beginner': 'B', 'intermediate': 'A', 'advanced': 'A'} | isolated=None
2026-09-20 10:14:36 | DEBUG    | student_sim | id=151 gold=B | joint={'beginner': 'B', 'intermediate': 'B', 'advanced': 'B'} | isolated=None
2026-09-20 10:14:38 | DEBUG    | student_sim | id=152 gold=A | joint={'beginner': 'A', 'intermediate': 'A', 'advanced': 'A'} | isolated=None
2026-09-20 10:14:39 | DEBUG    | student_sim | id=153 gold=D | joint={'beginner': 'B', 'intermediate': 'C', 'advanced': 'C'} | isolated=None
2026-09-20 10:14:40 | DEBUG    | student_sim | id=154 gold=C | joint={'beginner': 'A', 'intermediate': 'C', 'advanced': 'C'} | isolated=None
2026-09-20 10:14:41 | DEBUG    | student_sim | id=155 gold=D | joint={'beginner': 'A', 'intermediate': 'D', 'advanced': 'D'} | isolated=None
2026-09-20 10:14:43 | DEBUG    | student_sim | id=156 gold=B | joint={'beginner': 'B', 'intermediate': 'B', 'advanced': 'B'} | isolated=None
2026-09-20 10:14:44 | DEBUG    | student_sim | id=157 gold=B | joint={'beginner': 'A', 'intermediate': 'B', 'advanced': 'B'} | isolated=None
2026-09-20 10:14:45 | DEBUG    | student_sim | id=158 gold=A | joint={'beginner': 'A', 'intermediate': 'A', 'advanced': 'A'} | isolated=None
2026-09-20 10:14:46 | DEBUG    | student_sim | id=159 gold=C | joint={'beginner': 'C', 'intermediate': 'C', 'advanced': 'C'} | isolated=None
2026-09-20 10:14:48 | DEBUG    | student_sim | id=160 gold=D | joint={'beginner': 'D', 'intermediate': 'D', 'advanced': 'D'} | isolated=None
2026-09-20 10:14:49 | DEBUG    | student_sim | id=161 gold=A | joint={'beginner': 'A', 'intermediate': 'A', 'advanced': 'A'} | isolated=None
2026-09-20 10:14:50 | DEBUG    | student_sim | id=162 gold=D | joint={'beginner': 'D', 'intermediate': 'D', 'advanced': 'D'} | isolated=None
2026-09-20 10:14:51 | DEBUG    | student_sim | id=163 gold=D | joint={'beginner': 'A', 'intermediate': 'D', 'advanced': 'D'} | isolated=None
2026-09-20 10:14:53 | DEBUG    | student_sim | id=164 gold=A | joint={'beginner': 'A', 'intermediate': 'A', 'advanced': 'A'} | isolated=None
2026-09-20 10:14:54 | DEBUG    | student_sim | id=165 gold=A | joint={'beginner': 'A', 'intermediate': 'A', 'advanced': 'A'} | isolated=None
2026-09-20 10:14:55 | DEBUG    | student_sim | id=166 gold=C | joint={'beginner': 'B', 'intermediate': 'C', 'advanced': 'C'} | isolated=None
2026-09-20 10:14:56 | DEBUG    | student_sim | id=167 gold=B | joint={'beginner': 'B', 'intermediate': 'B', 'advanced': 'B'} | isolated=None
2026-09-20 10:14:58 | DEBUG    | student_sim | id=168 gold=A | joint={'beginner': 'A', 'intermediate': 'A', 'advanced': 'A'} | isolated=None
2026-09-20 10:14:59 | DEBUG    | student_sim | id=169 gold=A | joint={'beginner': 'A', 'intermediate': 'A', 'advanced': 'A'} | isolated=None
2026-09-20 10:15:00 | DEBUG    | student_sim | id=170 gold=D | joint={'beginner': 'C', 'intermediate': 'D', 'advanced': 'D'} | isolated=None
2026-09-20 10:15:01 | DEBUG    | student_sim | id=171 gold=A | joint={'beginner': 'A', 'intermediate': 'C', 'advanced': 'C'} | isolated=None
2026-09-20 10:15:03 | DEBUG    | student_sim | id=172 gold=B | joint={'beginner': 'B', 'intermediate': 'B', 'advanced': 'B'} | isolated=None
2026-09-20 10:15:04 | DEBUG    | student_sim | id=173 gold=C | joint={'beginner': 'D', 'intermediate': 'C', 'advanced': 'C'} | isolated=None
2026-09-20 10:15:05 | DEBUG    | student_sim | id=174 gold=B | joint={'beginner': 'B', 'intermediate': 'B', 'advanced': 'B'} | isolated=None
2026-09-20 10:15:06 | DEBUG    | student_sim | id=175 gold=C | joint={'beginner': 'C', 'intermediate': 'C', 'advanced': 'C'} | isolated=None
2026-09-20 10:15:06 | INFO     | student_sim |   [ 176/ 884]  19.9% | acc B/I/A  join 0.58/0.90/0.90 | 1.27s/sample | ETA 15.0 min
2026-09-20 10:15:08 | DEBUG    | student_sim | id=176 gold=A | joint={'beginner': 'A', 'intermediate': 'A', 'advanced': 'A'} | isolated=None
2026-09-20 10:15:09 | DEBUG    | student_sim | id=177 gold=C | joint={'beginner': 'C', 'intermediate': 'C', 'advanced': 'C'} | isolated=None
2026-09-20 10:15:10 | DEBUG    | student_sim | id=178 gold=B | joint={'beginner': 'B', 'intermediate': 'B', 'advanced': 'B'} | isolated=None
2026-09-20 10:15:11 | DEBUG    | student_sim | id=179 gold=B | joint={'beginner': 'B', 'intermediate': 'B', 'advanced': 'B'} | isolated=None
2026-09-20 10:15:13 | DEBUG    | student_sim | id=180 gold=A | joint={'beginner': 'A', 'intermediate': 'A', 'advanced': 'A'} | isolated=None
2026-09-20 10:15:14 | DEBUG    | student_sim | id=181 gold=B | joint={'beginner': 'A', 'intermediate': 'D', 'advanced': 'D'} | isolated=None
2026-09-20 10:15:15 | DEBUG    | student_sim | id=182 gold=C | joint={'beginner': 'A', 'intermediate': 'C', 'advanced': 'C'} | isolated=None
2026-09-20 10:15:16 | DEBUG    | student_sim | id=183 gold=B | joint={'beginner': 'B', 'intermediate': 'B', 'advanced': 'B'} | isolated=None
2026-09-20 10:15:18 | DEBUG    | student_sim | id=184 gold=A | joint={'beginner': 'C', 'intermediate': 'A', 'advanced': 'A'} | isolated=None
2026-09-20 10:15:19 | DEBUG    | student_sim | id=185 gold=B | joint={'beginner': 'B', 'intermediate': 'B', 'advanced': 'B'} | isolated=None
2026-09-20 10:15:20 | DEBUG    | student_sim | id=186 gold=D | joint={'beginner': 'B', 'intermediate': 'D', 'advanced': 'D'} | isolated=None
2026-09-20 10:15:22 | DEBUG    | student_sim | id=187 gold=D | joint={'beginner': 'A', 'intermediate': 'D', 'advanced': 'D'} | isolated=None
2026-09-20 10:15:23 | DEBUG    | student_sim | id=188 gold=B | joint={'beginner': 'B', 'intermediate': 'B', 'advanced': 'B'} | isolated=None
2026-09-20 10:15:24 | DEBUG    | student_sim | id=189 gold=D | joint={'beginner': 'A', 'intermediate': 'D', 'advanced': 'D'} | isolated=None
2026-09-20 10:15:25 | DEBUG    | student_sim | id=190 gold=C | joint={'beginner': 'C', 'intermediate': 'C', 'advanced': 'C'} | isolated=None
2026-09-20 10:15:27 | DEBUG    | student_sim | id=191 gold=A | joint={'beginner': 'A', 'intermediate': 'A', 'advanced': 'A'} | isolated=None
2026-09-20 10:15:28 | DEBUG    | student_sim | id=192 gold=A | joint={'beginner': 'A', 'intermediate': 'A', 'advanced': 'A'} | isolated=None
2026-09-20 10:15:29 | DEBUG    | student_sim | id=193 gold=D | joint={'beginner': 'C', 'intermediate': 'D', 'advanced': 'D'} | isolated=None
2026-09-20 10:15:30 | DEBUG    | student_sim | id=194 gold=D | joint={'beginner': 'B', 'intermediate': 'D', 'advanced': 'D'} | isolated=None
2026-09-20 10:15:32 | DEBUG    | student_sim | id=195 gold=D | joint={'beginner': 'D', 'intermediate': 'D', 'advanced': 'D'} | isolated=None
2026-09-20 10:15:33 | DEBUG    | student_sim | id=196 gold=D | joint={'beginner': 'C', 'intermediate': 'D', 'advanced': 'D'} | isolated=None
2026-09-20 10:15:34 | DEBUG    | student_sim | id=197 gold=D | joint={'beginner': 'A', 'intermediate': 'D', 'advanced': 'D'} | isolated=None
2026-09-20 10:15:35 | DEBUG    | student_sim | id=198 gold=C | joint={'beginner': 'A', 'intermediate': 'C', 'advanced': 'C'} | isolated=None
2026-09-20 10:15:37 | DEBUG    | student_sim | id=199 gold=D | joint={'beginner': 'B', 'intermediate': 'D', 'advanced': 'D'} | isolated=None
2026-09-20 10:15:38 | DEBUG    | student_sim | id=200 gold=A | joint={'beginner': 'C', 'intermediate': 'B', 'advanced': 'B'} | isolated=None
2026-09-20 10:15:39 | DEBUG    | student_sim | id=201 gold=C | joint={'beginner': 'A', 'intermediate': 'A', 'advanced': 'A'} | isolated=None
2026-09-20 10:15:40 | DEBUG    | student_sim | id=202 gold=B | joint={'beginner': 'B', 'intermediate': 'B', 'advanced': 'B'} | isolated=None
2026-09-20 10:15:42 | DEBUG    | student_sim | id=203 gold=D | joint={'beginner': 'D', 'intermediate': 'D', 'advanced': 'A'} | isolated=None
2026-09-20 10:15:43 | DEBUG    | student_sim | id=204 gold=B | joint={'beginner': 'B', 'intermediate': 'B', 'advanced': 'B'} | isolated=None
2026-09-20 10:15:44 | DEBUG    | student_sim | id=205 gold=D | joint={'beginner': 'C', 'intermediate': 'D', 'advanced': 'D'} | isolated=None
2026-09-20 10:15:46 | DEBUG    | student_sim | id=206 gold=D | joint={'beginner': 'B', 'intermediate': 'D', 'advanced': 'D'} | isolated=None
2026-09-20 10:15:47 | DEBUG    | student_sim | id=207 gold=D | joint={'beginner': 'A', 'intermediate': 'D', 'advanced': 'D'} | isolated=None
2026-09-20 10:15:48 | DEBUG    | student_sim | id=208 gold=A | joint={'beginner': 'A', 'intermediate': 'A', 'advanced': 'A'} | isolated=None
2026-09-20 10:15:49 | DEBUG    | student_sim | id=209 gold=C | joint={'beginner': 'C', 'intermediate': 'C', 'advanced': 'C'} | isolated=None
2026-09-20 10:15:51 | DEBUG    | student_sim | id=210 gold=D | joint={'beginner': 'D', 'intermediate': 'D', 'advanced': 'D'} | isolated=None
2026-09-20 10:15:52 | DEBUG    | student_sim | id=211 gold=D | joint={'beginner': 'B', 'intermediate': 'D', 'advanced': 'D'} | isolated=None
2026-09-20 10:15:53 | DEBUG    | student_sim | id=212 gold=B | joint={'beginner': 'B', 'intermediate': 'B', 'advanced': 'B'} | isolated=None
2026-09-20 10:15:54 | DEBUG    | student_sim | id=213 gold=C | joint={'beginner': 'D', 'intermediate': 'C', 'advanced': 'C'} | isolated=None
2026-09-20 10:15:56 | DEBUG    | student_sim | id=214 gold=A | joint={'beginner': 'A', 'intermediate': 'A', 'advanced': 'A'} | isolated=None
2026-09-20 10:15:57 | DEBUG    | student_sim | id=215 gold=B | joint={'beginner': 'B', 'intermediate': 'B', 'advanced': 'B'} | isolated=None
2026-09-20 10:15:58 | DEBUG    | student_sim | id=216 gold=D | joint={'beginner': 'C', 'intermediate': 'D', 'advanced': 'D'} | isolated=None
2026-09-20 10:16:00 | DEBUG    | student_sim | id=217 gold=A | joint={'beginner': 'B', 'intermediate': 'A', 'advanced': 'A'} | isolated=None
2026-09-20 10:16:01 | DEBUG    | student_sim | id=218 gold=C | joint={'beginner': 'A', 'intermediate': 'C', 'advanced': 'C'} | isolated=None
2026-09-20 10:16:02 | DEBUG    | student_sim | id=219 gold=C | joint={'beginner': 'A', 'intermediate': 'C', 'advanced': 'C'} | isolated=None
2026-09-20 10:16:02 | INFO     | student_sim |   [ 220/ 884]  24.9% | acc B/I/A  join 0.56/0.90/0.90 | 1.27s/sample | ETA 14.0 min
2026-09-20 10:16:03 | DEBUG    | student_sim | id=220 gold=A | joint={'beginner': 'A', 'intermediate': 'A', 'advanced': 'A'} | isolated=None
2026-09-20 10:16:05 | DEBUG    | student_sim | id=221 gold=A | joint={'beginner': 'B', 'intermediate': 'A', 'advanced': 'A'} | isolated=None
2026-09-20 10:16:06 | DEBUG    | student_sim | id=222 gold=D | joint={'beginner': 'A', 'intermediate': 'D', 'advanced': 'D'} | isolated=None
2026-09-20 10:16:07 | DEBUG    | student_sim | id=223 gold=D | joint={'beginner': 'D', 'intermediate': 'D', 'advanced': 'D'} | isolated=None
2026-09-20 10:16:09 | DEBUG    | student_sim | id=224 gold=B | joint={'beginner': 'B', 'intermediate': 'B', 'advanced': 'C'} | isolated=None
2026-09-20 10:16:10 | DEBUG    | student_sim | id=225 gold=A | joint={'beginner': 'A', 'intermediate': 'A', 'advanced': 'A'} | isolated=None
2026-09-20 10:16:11 | DEBUG    | student_sim | id=226 gold=C | joint={'beginner': 'C', 'intermediate': 'C', 'advanced': 'C'} | isolated=None
2026-09-20 10:16:12 | DEBUG    | student_sim | id=227 gold=C | joint={'beginner': 'A', 'intermediate': 'C', 'advanced': 'C'} | isolated=None
2026-09-20 10:16:14 | DEBUG    | student_sim | id=228 gold=A | joint={'beginner': 'A', 'intermediate': 'A', 'advanced': 'A'} | isolated=None
2026-09-20 10:16:15 | DEBUG    | student_sim | id=229 gold=A | joint={'beginner': 'A', 'intermediate': 'A', 'advanced': 'A'} | isolated=None
2026-09-20 10:16:16 | DEBUG    | student_sim | id=230 gold=A | joint={'beginner': 'A', 'intermediate': 'A', 'advanced': 'A'} | isolated=None
2026-09-20 10:16:18 | DEBUG    | student_sim | id=231 gold=A | joint={'beginner': 'A', 'intermediate': 'A', 'advanced': 'A'} | isolated=None
2026-09-20 10:16:19 | DEBUG    | student_sim | id=232 gold=A | joint={'beginner': 'A', 'intermediate': 'A', 'advanced': 'A'} | isolated=None
2026-09-20 10:16:20 | DEBUG    | student_sim | id=233 gold=C | joint={'beginner': 'C', 'intermediate': 'C', 'advanced': 'C'} | isolated=None
2026-09-20 10:16:21 | DEBUG    | student_sim | id=234 gold=C | joint={'beginner': 'C', 'intermediate': 'C', 'advanced': 'C'} | isolated=None
2026-09-20 10:16:23 | DEBUG    | student_sim | id=235 gold=C | joint={'beginner': 'B', 'intermediate': 'D', 'advanced': 'D'} | isolated=None
2026-09-20 10:16:24 | DEBUG    | student_sim | id=236 gold=A | joint={'beginner': 'A', 'intermediate': 'A', 'advanced': 'A'} | isolated=None
2026-09-20 10:16:25 | DEBUG    | student_sim | id=237 gold=D | joint={'beginner': 'A', 'intermediate': 'D', 'advanced': 'D'} | isolated=None
2026-09-20 10:16:26 | DEBUG    | student_sim | id=238 gold=B | joint={'beginner': 'B', 'intermediate': 'B', 'advanced': 'B'} | isolated=None
2026-09-20 10:16:28 | DEBUG    | student_sim | id=239 gold=C | joint={'beginner': 'B', 'intermediate': 'C', 'advanced': 'C'} | isolated=None
2026-09-20 10:16:29 | DEBUG    | student_sim | id=240 gold=C | joint={'beginner': 'A', 'intermediate': 'A', 'advanced': 'A'} | isolated=None
2026-09-20 10:16:30 | DEBUG    | student_sim | id=241 gold=B | joint={'beginner': 'B', 'intermediate': 'B', 'advanced': 'B'} | isolated=None
2026-09-20 10:16:32 | DEBUG    | student_sim | id=242 gold=C | joint={'beginner': 'A', 'intermediate': 'C', 'advanced': 'C'} | isolated=None
2026-09-20 10:16:33 | DEBUG    | student_sim | id=243 gold=A | joint={'beginner': 'B', 'intermediate': 'A', 'advanced': 'A'} | isolated=None
2026-09-20 10:16:34 | DEBUG    | student_sim | id=244 gold=B | joint={'beginner': 'B', 'intermediate': 'B', 'advanced': 'B'} | isolated=None
2026-09-20 10:16:35 | DEBUG    | student_sim | id=245 gold=D | joint={'beginner': 'B', 'intermediate': 'D', 'advanced': 'D'} | isolated=None
2026-09-20 10:16:37 | DEBUG    | student_sim | id=246 gold=D | joint={'beginner': 'D', 'intermediate': 'D', 'advanced': 'D'} | isolated=None
2026-09-20 10:16:38 | DEBUG    | student_sim | id=247 gold=C | joint={'beginner': 'A', 'intermediate': 'D', 'advanced': 'D'} | isolated=None
2026-09-20 10:16:39 | DEBUG    | student_sim | id=248 gold=C | joint={'beginner': 'C', 'intermediate': 'C', 'advanced': 'C'} | isolated=None
2026-09-20 10:16:40 | DEBUG    | student_sim | id=249 gold=D | joint={'beginner': 'D', 'intermediate': 'D', 'advanced': 'D'} | isolated=None
2026-09-20 10:16:42 | DEBUG    | student_sim | id=250 gold=B | joint={'beginner': 'B', 'intermediate': 'B', 'advanced': 'B'} | isolated=None
2026-09-20 10:16:43 | DEBUG    | student_sim | id=251 gold=A | joint={'beginner': 'A', 'intermediate': 'A', 'advanced': 'A'} | isolated=None
2026-09-20 10:16:44 | DEBUG    | student_sim | id=252 gold=A | joint={'beginner': 'A', 'intermediate': 'A', 'advanced': 'A'} | isolated=None
2026-09-20 10:16:45 | DEBUG    | student_sim | id=253 gold=B | joint={'beginner': 'A', 'intermediate': 'B', 'advanced': 'B'} | isolated=None
2026-09-20 10:16:47 | DEBUG    | student_sim | id=254 gold=D | joint={'beginner': 'A', 'intermediate': 'A', 'advanced': 'A'} | isolated=None
2026-09-20 10:16:48 | DEBUG    | student_sim | id=255 gold=B | joint={'beginner': 'B', 'intermediate': 'B', 'advanced': 'B'} | isolated=None
2026-09-20 10:16:49 | DEBUG    | student_sim | id=256 gold=C | joint={'beginner': 'D', 'intermediate': 'C', 'advanced': 'C'} | isolated=None
2026-09-20 10:16:51 | DEBUG    | student_sim | id=257 gold=D | joint={'beginner': 'B', 'intermediate': 'D', 'advanced': 'D'} | isolated=None
2026-09-20 10:16:52 | DEBUG    | student_sim | id=258 gold=A | joint={'beginner': 'A', 'intermediate': 'A', 'advanced': 'A'} | isolated=None
2026-09-20 10:16:53 | DEBUG    | student_sim | id=259 gold=C | joint={'beginner': 'D', 'intermediate': 'D', 'advanced': 'D'} | isolated=None
2026-09-20 10:16:54 | DEBUG    | student_sim | id=260 gold=A | joint={'beginner': 'A', 'intermediate': 'A', 'advanced': 'A'} | isolated=None
2026-09-20 10:16:56 | DEBUG    | student_sim | id=261 gold=C | joint={'beginner': 'C', 'intermediate': 'C', 'advanced': 'C'} | isolated=None
2026-09-20 10:16:57 | DEBUG    | student_sim | id=262 gold=B | joint={'beginner': 'B', 'intermediate': 'B', 'advanced': 'B'} | isolated=None
2026-09-20 10:16:58 | DEBUG    | student_sim | id=263 gold=C | joint={'beginner': 'A', 'intermediate': 'C', 'advanced': 'C'} | isolated=None
2026-09-20 10:16:58 | INFO     | student_sim |   [ 264/ 884]  29.9% | acc B/I/A  join 0.57/0.90/0.89 | 1.27s/sample | ETA 13.1 min
2026-09-20 10:17:00 | DEBUG    | student_sim | id=264 gold=B | joint={'beginner': 'B', 'intermediate': 'B', 'advanced': 'B'} | isolated=None
2026-09-20 10:17:01 | DEBUG    | student_sim | id=265 gold=D | joint={'beginner': 'C', 'intermediate': 'D', 'advanced': 'D'} | isolated=None
2026-09-20 10:17:02 | DEBUG    | student_sim | id=266 gold=A | joint={'beginner': 'B', 'intermediate': 'A', 'advanced': 'A'} | isolated=None
2026-09-20 10:17:03 | DEBUG    | student_sim | id=267 gold=C | joint={'beginner': 'B', 'intermediate': 'C', 'advanced': 'C'} | isolated=None
2026-09-20 10:17:05 | DEBUG    | student_sim | id=268 gold=A | joint={'beginner': 'A', 'intermediate': 'A', 'advanced': 'A'} | isolated=None
2026-09-20 10:17:06 | DEBUG    | student_sim | id=269 gold=A | joint={'beginner': 'A', 'intermediate': 'A', 'advanced': 'A'} | isolated=None
2026-09-20 10:17:07 | DEBUG    | student_sim | id=270 gold=C | joint={'beginner': 'C', 'intermediate': 'C', 'advanced': 'C'} | isolated=None
2026-09-20 10:17:08 | DEBUG    | student_sim | id=271 gold=A | joint={'beginner': 'A', 'intermediate': 'A', 'advanced': 'A'} | isolated=None
2026-09-20 10:17:10 | DEBUG    | student_sim | id=272 gold=C | joint={'beginner': 'C', 'intermediate': 'C', 'advanced': 'C'} | isolated=None
2026-09-20 10:17:11 | DEBUG    | student_sim | id=273 gold=B | joint={'beginner': 'B', 'intermediate': 'C', 'advanced': 'C'} | isolated=None
2026-09-20 10:17:12 | DEBUG    | student_sim | id=274 gold=B | joint={'beginner': 'C', 'intermediate': 'B', 'advanced': 'B'} | isolated=None
2026-09-20 10:17:13 | DEBUG    | student_sim | id=275 gold=A | joint={'beginner': 'B', 'intermediate': 'A', 'advanced': 'A'} | isolated=None
2026-09-20 10:17:15 | DEBUG    | student_sim | id=276 gold=C | joint={'beginner': 'A', 'intermediate': 'C', 'advanced': 'C'} | isolated=None
2026-09-20 10:17:16 | DEBUG    | student_sim | id=277 gold=C | joint={'beginner': 'C', 'intermediate': 'C', 'advanced': 'C'} | isolated=None
2026-09-20 10:17:17 | DEBUG    | student_sim | id=278 gold=A | joint={'beginner': 'A', 'intermediate': 'D', 'advanced': 'D'} | isolated=None
2026-09-20 10:17:18 | DEBUG    | student_sim | id=279 gold=B | joint={'beginner': 'A', 'intermediate': 'B', 'advanced': 'B'} | isolated=None
2026-09-20 10:17:20 | DEBUG    | student_sim | id=280 gold=A | joint={'beginner': 'A', 'intermediate': 'A', 'advanced': 'A'} | isolated=None
2026-09-20 10:17:21 | DEBUG    | student_sim | id=281 gold=A | joint={'beginner': 'D', 'intermediate': 'A', 'advanced': 'A'} | isolated=None
2026-09-20 10:17:22 | DEBUG    | student_sim | id=282 gold=D | joint={'beginner': 'D', 'intermediate': 'D', 'advanced': 'D'} | isolated=None
2026-09-20 10:17:23 | DEBUG    | student_sim | id=283 gold=A | joint={'beginner': 'B', 'intermediate': 'A', 'advanced': 'A'} | isolated=None
2026-09-20 10:17:25 | DEBUG    | student_sim | id=284 gold=D | joint={'beginner': 'A', 'intermediate': 'D', 'advanced': 'D'} | isolated=None
2026-09-20 10:17:26 | DEBUG    | student_sim | id=285 gold=B | joint={'beginner': 'B', 'intermediate': 'B', 'advanced': 'B'} | isolated=None
2026-09-20 10:17:27 | DEBUG    | student_sim | id=286 gold=A | joint={'beginner': 'A', 'intermediate': 'A', 'advanced': 'A'} | isolated=None
2026-09-20 10:17:28 | DEBUG    | student_sim | id=287 gold=A | joint={'beginner': 'A', 'intermediate': 'A', 'advanced': 'A'} | isolated=None
2026-09-20 10:17:30 | DEBUG    | student_sim | id=288 gold=D | joint={'beginner': 'B', 'intermediate': 'D', 'advanced': 'D'} | isolated=None
2026-09-20 10:17:31 | DEBUG    | student_sim | id=289 gold=A | joint={'beginner': 'B', 'intermediate': 'A', 'advanced': 'A'} | isolated=None
2026-09-20 10:17:32 | DEBUG    | student_sim | id=290 gold=C | joint={'beginner': 'C', 'intermediate': 'C', 'advanced': 'C'} | isolated=None
2026-09-20 10:17:33 | DEBUG    | student_sim | id=291 gold=B | joint={'beginner': 'B', 'intermediate': 'B', 'advanced': 'B'} | isolated=None
2026-09-20 10:17:35 | DEBUG    | student_sim | id=292 gold=B | joint={'beginner': 'B', 'intermediate': 'D', 'advanced': 'D'} | isolated=None
2026-09-20 10:17:36 | DEBUG    | student_sim | id=293 gold=C | joint={'beginner': 'C', 'intermediate': 'C', 'advanced': 'C'} | isolated=None
2026-09-20 10:17:37 | DEBUG    | student_sim | id=294 gold=D | joint={'beginner': 'D', 'intermediate': 'D', 'advanced': 'D'} | isolated=None
2026-09-20 10:17:39 | DEBUG    | student_sim | id=295 gold=A | joint={'beginner': 'A', 'intermediate': 'A', 'advanced': 'A'} | isolated=None
2026-09-20 10:17:40 | DEBUG    | student_sim | id=296 gold=A | joint={'beginner': 'B', 'intermediate': 'A', 'advanced': 'A'} | isolated=None
2026-09-20 10:17:41 | DEBUG    | student_sim | id=297 gold=C | joint={'beginner': 'B', 'intermediate': 'B', 'advanced': 'B'} | isolated=None
2026-09-20 10:17:42 | DEBUG    | student_sim | id=298 gold=B | joint={'beginner': 'B', 'intermediate': 'B', 'advanced': 'B'} | isolated=None
2026-09-20 10:17:44 | DEBUG    | student_sim | id=299 gold=C | joint={'beginner': 'B', 'intermediate': 'C', 'advanced': 'C'} | isolated=None
2026-09-20 10:17:45 | DEBUG    | student_sim | id=300 gold=A | joint={'beginner': 'B', 'intermediate': 'A', 'advanced': 'A'} | isolated=None
2026-09-20 10:17:46 | DEBUG    | student_sim | id=301 gold=D | joint={'beginner': 'A', 'intermediate': 'D', 'advanced': 'D'} | isolated=None
2026-09-20 10:17:47 | DEBUG    | student_sim | id=302 gold=C | joint={'beginner': 'D', 'intermediate': 'C', 'advanced': 'C'} | isolated=None
2026-09-20 10:17:49 | DEBUG    | student_sim | id=303 gold=A | joint={'beginner': 'A', 'intermediate': 'A', 'advanced': 'A'} | isolated=None
2026-09-20 10:17:50 | DEBUG    | student_sim | id=304 gold=A | joint={'beginner': 'A', 'intermediate': 'A', 'advanced': 'A'} | isolated=None
2026-09-20 10:17:51 | DEBUG    | student_sim | id=305 gold=B | joint={'beginner': 'B', 'intermediate': 'B', 'advanced': 'B'} | isolated=None
2026-09-20 10:17:52 | DEBUG    | student_sim | id=306 gold=C | joint={'beginner': 'A', 'intermediate': 'C', 'advanced': 'C'} | isolated=None
2026-09-20 10:17:54 | DEBUG    | student_sim | id=307 gold=D | joint={'beginner': 'A', 'intermediate': 'D', 'advanced': 'D'} | isolated=None
2026-09-20 10:17:54 | INFO     | student_sim |   [ 308/ 884]  34.8% | acc B/I/A  join 0.56/0.90/0.90 | 1.27s/sample | ETA 12.2 min
2026-09-20 10:17:55 | DEBUG    | student_sim | id=308 gold=B | joint={'beginner': 'C', 'intermediate': 'D', 'advanced': 'D'} | isolated=None
2026-09-20 10:17:56 | DEBUG    | student_sim | id=309 gold=C | joint={'beginner': 'B', 'intermediate': 'C', 'advanced': 'C'} | isolated=None
2026-09-20 10:17:57 | DEBUG    | student_sim | id=310 gold=C | joint={'beginner': 'B', 'intermediate': 'C', 'advanced': 'C'} | isolated=None
2026-09-20 10:17:59 | DEBUG    | student_sim | id=311 gold=D | joint={'beginner': 'C', 'intermediate': 'D', 'advanced': 'D'} | isolated=None
2026-09-20 10:18:00 | DEBUG    | student_sim | id=312 gold=D | joint={'beginner': 'A', 'intermediate': 'D', 'advanced': 'D'} | isolated=None
2026-09-20 10:18:01 | DEBUG    | student_sim | id=313 gold=B | joint={'beginner': 'B', 'intermediate': 'B', 'advanced': 'B'} | isolated=None
2026-09-20 10:18:02 | DEBUG    | student_sim | id=314 gold=D | joint={'beginner': 'D', 'intermediate': 'D', 'advanced': 'D'} | isolated=None
2026-09-20 10:18:04 | DEBUG    | student_sim | id=315 gold=A | joint={'beginner': 'A', 'intermediate': 'A', 'advanced': 'A'} | isolated=None
2026-09-20 10:18:05 | DEBUG    | student_sim | id=316 gold=D | joint={'beginner': 'C', 'intermediate': 'D', 'advanced': 'D'} | isolated=None
2026-09-20 10:18:06 | DEBUG    | student_sim | id=317 gold=A | joint={'beginner': 'C', 'intermediate': 'A', 'advanced': 'A'} | isolated=None
2026-09-20 10:18:07 | DEBUG    | student_sim | id=318 gold=D | joint={'beginner': 'D', 'intermediate': 'D', 'advanced': 'D'} | isolated=None
2026-09-20 10:18:09 | DEBUG    | student_sim | id=319 gold=A | joint={'beginner': 'A', 'intermediate': 'A', 'advanced': 'A'} | isolated=None
2026-09-20 10:18:10 | DEBUG    | student_sim | id=320 gold=B | joint={'beginner': 'A', 'intermediate': 'B', 'advanced': 'B'} | isolated=None
2026-09-20 10:18:11 | DEBUG    | student_sim | id=321 gold=C | joint={'beginner': 'A', 'intermediate': 'C', 'advanced': 'C'} | isolated=None
2026-09-20 10:18:13 | DEBUG    | student_sim | id=322 gold=C | joint={'beginner': 'A', 'intermediate': 'C', 'advanced': 'C'} | isolated=None
2026-09-20 10:18:14 | DEBUG    | student_sim | id=323 gold=D | joint={'beginner': 'D', 'intermediate': 'D', 'advanced': 'D'} | isolated=None
2026-09-20 10:18:15 | DEBUG    | student_sim | id=324 gold=D | joint={'beginner': 'D', 'intermediate': 'D', 'advanced': 'D'} | isolated=None
2026-09-20 10:18:16 | DEBUG    | student_sim | id=325 gold=B | joint={'beginner': 'B', 'intermediate': 'B', 'advanced': 'B'} | isolated=None
2026-09-20 10:18:18 | DEBUG    | student_sim | id=326 gold=A | joint={'beginner': 'B', 'intermediate': 'B', 'advanced': 'B'} | isolated=None
2026-09-20 10:18:19 | DEBUG    | student_sim | id=327 gold=C | joint={'beginner': 'A', 'intermediate': 'C', 'advanced': 'C'} | isolated=None
2026-09-20 10:18:20 | DEBUG    | student_sim | id=328 gold=D | joint={'beginner': 'D', 'intermediate': 'D', 'advanced': 'D'} | isolated=None
2026-09-20 10:18:21 | DEBUG    | student_sim | id=329 gold=B | joint={'beginner': 'B', 'intermediate': 'B', 'advanced': 'B'} | isolated=None
2026-09-20 10:18:23 | DEBUG    | student_sim | id=330 gold=A | joint={'beginner': 'B', 'intermediate': 'A', 'advanced': 'A'} | isolated=None
2026-09-20 10:18:24 | DEBUG    | student_sim | id=331 gold=B | joint={'beginner': 'B', 'intermediate': 'B', 'advanced': 'B'} | isolated=None
2026-09-20 10:18:25 | DEBUG    | student_sim | id=332 gold=B | joint={'beginner': 'B', 'intermediate': 'B', 'advanced': 'B'} | isolated=None
2026-09-20 10:18:27 | DEBUG    | student_sim | id=333 gold=D | joint={'beginner': 'A', 'intermediate': 'D', 'advanced': 'D'} | isolated=None
2026-09-20 10:18:28 | DEBUG    | student_sim | id=334 gold=A | joint={'beginner': 'A', 'intermediate': 'A', 'advanced': 'A'} | isolated=None
2026-09-20 10:18:29 | DEBUG    | student_sim | id=335 gold=A | joint={'beginner': 'A', 'intermediate': 'A', 'advanced': 'A'} | isolated=None
2026-09-20 10:18:30 | DEBUG    | student_sim | id=336 gold=A | joint={'beginner': 'B', 'intermediate': 'A', 'advanced': 'A'} | isolated=None
2026-09-20 10:18:32 | DEBUG    | student_sim | id=337 gold=D | joint={'beginner': 'A', 'intermediate': 'D', 'advanced': 'D'} | isolated=None
2026-09-20 10:18:33 | DEBUG    | student_sim | id=338 gold=A | joint={'beginner': 'A', 'intermediate': 'A', 'advanced': 'A'} | isolated=None
2026-09-20 10:18:34 | DEBUG    | student_sim | id=339 gold=C | joint={'beginner': 'A', 'intermediate': 'A', 'advanced': 'A'} | isolated=None
2026-09-20 10:18:35 | DEBUG    | student_sim | id=340 gold=C | joint={'beginner': 'A', 'intermediate': 'C', 'advanced': 'C'} | isolated=None
2026-09-20 10:18:37 | DEBUG    | student_sim | id=341 gold=B | joint={'beginner': 'C', 'intermediate': 'B', 'advanced': 'B'} | isolated=None
2026-09-20 10:18:38 | DEBUG    | student_sim | id=342 gold=C | joint={'beginner': 'C', 'intermediate': 'C', 'advanced': 'C'} | isolated=None
2026-09-20 10:18:39 | DEBUG    | student_sim | id=343 gold=B | joint={'beginner': 'A', 'intermediate': 'B', 'advanced': 'B'} | isolated=None
2026-09-20 10:18:41 | DEBUG    | student_sim | id=344 gold=D | joint={'beginner': 'D', 'intermediate': 'D', 'advanced': 'D'} | isolated=None
2026-09-20 10:18:42 | DEBUG    | student_sim | id=345 gold=B | joint={'beginner': 'A', 'intermediate': 'C', 'advanced': 'C'} | isolated=None
2026-09-20 10:18:43 | DEBUG    | student_sim | id=346 gold=B | joint={'beginner': 'B', 'intermediate': 'B', 'advanced': 'B'} | isolated=None
2026-09-20 10:18:44 | DEBUG    | student_sim | id=347 gold=D | joint={'beginner': 'A', 'intermediate': 'D', 'advanced': 'D'} | isolated=None
2026-09-20 10:18:46 | DEBUG    | student_sim | id=348 gold=C | joint={'beginner': 'A', 'intermediate': 'C', 'advanced': 'C'} | isolated=None
2026-09-20 10:18:47 | DEBUG    | student_sim | id=349 gold=A | joint={'beginner': 'A', 'intermediate': 'A', 'advanced': 'A'} | isolated=None
2026-09-20 10:18:48 | DEBUG    | student_sim | id=350 gold=C | joint={'beginner': 'A', 'intermediate': 'C', 'advanced': 'C'} | isolated=None
2026-09-20 10:18:49 | DEBUG    | student_sim | id=351 gold=A | joint={'beginner': 'B', 'intermediate': 'A', 'advanced': 'A'} | isolated=None
2026-09-20 10:18:49 | INFO     | student_sim |   [ 352/ 884]  39.8% | acc B/I/A  join 0.55/0.90/0.90 | 1.27s/sample | ETA 11.2 min
2026-09-20 10:18:51 | DEBUG    | student_sim | id=352 gold=D | joint={'beginner': 'B', 'intermediate': 'D', 'advanced': 'D'} | isolated=None
2026-09-20 10:18:52 | DEBUG    | student_sim | id=353 gold=C | joint={'beginner': 'A', 'intermediate': 'C', 'advanced': 'C'} | isolated=None
2026-09-20 10:18:53 | DEBUG    | student_sim | id=354 gold=C | joint={'beginner': 'A', 'intermediate': 'C', 'advanced': 'C'} | isolated=None
2026-09-20 10:18:54 | DEBUG    | student_sim | id=355 gold=D | joint={'beginner': 'C', 'intermediate': 'D', 'advanced': 'D'} | isolated=None
2026-09-20 10:18:56 | DEBUG    | student_sim | id=356 gold=A | joint={'beginner': 'A', 'intermediate': 'A', 'advanced': 'A'} | isolated=None
2026-09-20 10:18:57 | DEBUG    | student_sim | id=357 gold=A | joint={'beginner': 'D', 'intermediate': 'A', 'advanced': 'A'} | isolated=None
2026-09-20 10:18:58 | DEBUG    | student_sim | id=358 gold=D | joint={'beginner': 'D', 'intermediate': 'D', 'advanced': 'D'} | isolated=None
2026-09-20 10:19:00 | DEBUG    | student_sim | id=359 gold=C | joint={'beginner': 'C', 'intermediate': 'C', 'advanced': 'C'} | isolated=None
2026-09-20 10:19:01 | DEBUG    | student_sim | id=360 gold=B | joint={'beginner': 'B', 'intermediate': 'B', 'advanced': 'B'} | isolated=None
2026-09-20 10:19:02 | DEBUG    | student_sim | id=361 gold=A | joint={'beginner': 'B', 'intermediate': 'A', 'advanced': 'A'} | isolated=None
2026-09-20 10:19:03 | DEBUG    | student_sim | id=362 gold=C | joint={'beginner': 'C', 'intermediate': 'C', 'advanced': 'C'} | isolated=None
2026-09-20 10:19:05 | DEBUG    | student_sim | id=363 gold=D | joint={'beginner': 'D', 'intermediate': 'D', 'advanced': 'D'} | isolated=None
2026-09-20 10:19:06 | DEBUG    | student_sim | id=364 gold=C | joint={'beginner': 'C', 'intermediate': 'C', 'advanced': 'C'} | isolated=None
2026-09-20 10:19:07 | DEBUG    | student_sim | id=365 gold=B | joint={'beginner': 'B', 'intermediate': 'B', 'advanced': 'B'} | isolated=None
2026-09-20 10:19:08 | DEBUG    | student_sim | id=366 gold=A | joint={'beginner': 'A', 'intermediate': 'D', 'advanced': 'D'} | isolated=None
2026-09-20 10:19:10 | DEBUG    | student_sim | id=367 gold=B | joint={'beginner': 'B', 'intermediate': 'B', 'advanced': 'B'} | isolated=None
2026-09-20 10:19:11 | DEBUG    | student_sim | id=368 gold=B | joint={'beginner': 'B', 'intermediate': 'B', 'advanced': 'B'} | isolated=None
2026-09-20 10:19:12 | DEBUG    | student_sim | id=369 gold=A | joint={'beginner': 'B', 'intermediate': 'A', 'advanced': 'A'} | isolated=None
2026-09-20 10:19:13 | DEBUG    | student_sim | id=370 gold=C | joint={'beginner': 'A', 'intermediate': 'C', 'advanced': 'C'} | isolated=None
2026-09-20 10:19:15 | DEBUG    | student_sim | id=371 gold=A | joint={'beginner': 'A', 'intermediate': 'A', 'advanced': 'A'} | isolated=None
2026-09-20 10:19:16 | DEBUG    | student_sim | id=372 gold=B | joint={'beginner': 'B', 'intermediate': 'B', 'advanced': 'B'} | isolated=None
2026-09-20 10:19:17 | DEBUG    | student_sim | id=373 gold=A | joint={'beginner': 'A', 'intermediate': 'A', 'advanced': 'A'} | isolated=None
2026-09-20 10:19:19 | DEBUG    | student_sim | id=374 gold=D | joint={'beginner': 'A', 'intermediate': 'D', 'advanced': 'D'} | isolated=None
2026-09-20 10:19:20 | DEBUG    | student_sim | id=375 gold=C | joint={'beginner': 'C', 'intermediate': 'C', 'advanced': 'C'} | isolated=None
2026-09-20 10:19:21 | DEBUG    | student_sim | id=376 gold=D | joint={'beginner': 'B', 'intermediate': 'D', 'advanced': 'D'} | isolated=None
2026-09-20 10:19:22 | DEBUG    | student_sim | id=377 gold=D | joint={'beginner': 'D', 'intermediate': 'D', 'advanced': 'D'} | isolated=None
2026-09-20 10:19:24 | DEBUG    | student_sim | id=378 gold=C | joint={'beginner': 'C', 'intermediate': 'C', 'advanced': 'C'} | isolated=None
2026-09-20 10:19:25 | DEBUG    | student_sim | id=379 gold=D | joint={'beginner': 'C', 'intermediate': 'D', 'advanced': 'D'} | isolated=None
2026-09-20 10:19:26 | DEBUG    | student_sim | id=380 gold=C | joint={'beginner': 'A', 'intermediate': 'C', 'advanced': 'C'} | isolated=None
2026-09-20 10:19:27 | DEBUG    | student_sim | id=381 gold=B | joint={'beginner': 'A', 'intermediate': 'B', 'advanced': 'B'} | isolated=None
2026-09-20 10:19:29 | DEBUG    | student_sim | id=382 gold=C | joint={'beginner': 'B', 'intermediate': 'C', 'advanced': 'C'} | isolated=None
2026-09-20 10:19:30 | DEBUG    | student_sim | id=383 gold=C | joint={'beginner': 'A', 'intermediate': 'C', 'advanced': 'C'} | isolated=None
2026-09-20 10:19:31 | DEBUG    | student_sim | id=384 gold=D | joint={'beginner': 'D', 'intermediate': 'D', 'advanced': 'D'} | isolated=None
2026-09-20 10:19:33 | DEBUG    | student_sim | id=385 gold=C | joint={'beginner': 'C', 'intermediate': 'A', 'advanced': 'A'} | isolated=None
2026-09-20 10:19:34 | DEBUG    | student_sim | id=386 gold=D | joint={'beginner': 'A', 'intermediate': 'D', 'advanced': 'D'} | isolated=None
2026-09-20 10:19:35 | DEBUG    | student_sim | id=387 gold=D | joint={'beginner': 'A', 'intermediate': 'D', 'advanced': 'D'} | isolated=None
2026-09-20 10:19:36 | DEBUG    | student_sim | id=388 gold=D | joint={'beginner': 'D', 'intermediate': 'D', 'advanced': 'D'} | isolated=None
2026-09-20 10:19:38 | DEBUG    | student_sim | id=389 gold=A | joint={'beginner': 'A', 'intermediate': 'A', 'advanced': 'A'} | isolated=None
2026-09-20 10:19:39 | DEBUG    | student_sim | id=390 gold=D | joint={'beginner': 'D', 'intermediate': 'D', 'advanced': 'D'} | isolated=None
2026-09-20 10:19:40 | DEBUG    | student_sim | id=391 gold=D | joint={'beginner': 'A', 'intermediate': 'D', 'advanced': 'D'} | isolated=None
2026-09-20 10:19:41 | DEBUG    | student_sim | id=392 gold=B | joint={'beginner': 'B', 'intermediate': 'B', 'advanced': 'B'} | isolated=None
2026-09-20 10:19:43 | DEBUG    | student_sim | id=393 gold=D | joint={'beginner': 'B', 'intermediate': 'D', 'advanced': 'D'} | isolated=None
2026-09-20 10:19:44 | DEBUG    | student_sim | id=394 gold=B | joint={'beginner': 'A', 'intermediate': 'A', 'advanced': 'A'} | isolated=None
2026-09-20 10:19:45 | DEBUG    | student_sim | id=395 gold=A | joint={'beginner': 'A', 'intermediate': 'A', 'advanced': 'A'} | isolated=None
2026-09-20 10:19:45 | INFO     | student_sim |   [ 396/ 884]  44.8% | acc B/I/A  join 0.55/0.91/0.90 | 1.27s/sample | ETA 10.3 min
2026-09-20 10:19:47 | DEBUG    | student_sim | id=396 gold=D | joint={'beginner': 'A', 'intermediate': 'D', 'advanced': 'D'} | isolated=None
2026-09-20 10:19:48 | DEBUG    | student_sim | id=397 gold=C | joint={'beginner': 'B', 'intermediate': 'C', 'advanced': 'C'} | isolated=None
2026-09-20 10:19:49 | DEBUG    | student_sim | id=398 gold=A | joint={'beginner': 'A', 'intermediate': 'A', 'advanced': 'A'} | isolated=None
2026-09-20 10:19:50 | DEBUG    | student_sim | id=399 gold=A | joint={'beginner': 'A', 'intermediate': 'A', 'advanced': 'A'} | isolated=None
2026-09-20 10:19:52 | DEBUG    | student_sim | id=400 gold=A | joint={'beginner': 'A', 'intermediate': 'A', 'advanced': 'A'} | isolated=None
2026-09-20 10:19:53 | DEBUG    | student_sim | id=401 gold=D | joint={'beginner': 'B', 'intermediate': 'D', 'advanced': 'D'} | isolated=None
2026-09-20 10:19:54 | DEBUG    | student_sim | id=402 gold=A | joint={'beginner': 'A', 'intermediate': 'A', 'advanced': 'A'} | isolated=None
2026-09-20 10:19:55 | DEBUG    | student_sim | id=403 gold=A | joint={'beginner': 'C', 'intermediate': 'A', 'advanced': 'A'} | isolated=None
2026-09-20 10:19:57 | DEBUG    | student_sim | id=404 gold=A | joint={'beginner': 'B', 'intermediate': 'A', 'advanced': 'A'} | isolated=None
2026-09-20 10:19:58 | DEBUG    | student_sim | id=405 gold=D | joint={'beginner': 'C', 'intermediate': 'D', 'advanced': 'D'} | isolated=None
2026-09-20 10:19:59 | DEBUG    | student_sim | id=406 gold=A | joint={'beginner': 'A', 'intermediate': 'A', 'advanced': 'A'} | isolated=None
2026-09-20 10:20:01 | DEBUG    | student_sim | id=407 gold=C | joint={'beginner': 'D', 'intermediate': 'D', 'advanced': 'D'} | isolated=None
2026-09-20 10:20:02 | DEBUG    | student_sim | id=408 gold=D | joint={'beginner': 'A', 'intermediate': 'D', 'advanced': 'D'} | isolated=None
2026-09-20 10:20:03 | DEBUG    | student_sim | id=409 gold=D | joint={'beginner': 'A', 'intermediate': 'D', 'advanced': 'D'} | isolated=None
2026-09-20 10:20:04 | DEBUG    | student_sim | id=410 gold=C | joint={'beginner': 'C', 'intermediate': 'C', 'advanced': 'C'} | isolated=None
2026-09-20 10:20:06 | DEBUG    | student_sim | id=411 gold=B | joint={'beginner': 'B', 'intermediate': 'B', 'advanced': 'B'} | isolated=None
2026-09-20 10:20:07 | DEBUG    | student_sim | id=412 gold=A | joint={'beginner': 'B', 'intermediate': 'A', 'advanced': 'A'} | isolated=None
2026-09-20 10:20:08 | DEBUG    | student_sim | id=413 gold=D | joint={'beginner': 'C', 'intermediate': 'C', 'advanced': 'C'} | isolated=None
2026-09-20 10:20:09 | DEBUG    | student_sim | id=414 gold=C | joint={'beginner': 'B', 'intermediate': 'C', 'advanced': 'C'} | isolated=None
2026-09-20 10:20:11 | DEBUG    | student_sim | id=415 gold=A | joint={'beginner': 'D', 'intermediate': 'A', 'advanced': 'A'} | isolated=None
2026-09-20 10:20:12 | DEBUG    | student_sim | id=416 gold=C | joint={'beginner': 'C', 'intermediate': 'C', 'advanced': 'C'} | isolated=None
2026-09-20 10:20:13 | DEBUG    | student_sim | id=417 gold=C | joint={'beginner': 'A', 'intermediate': 'C', 'advanced': 'C'} | isolated=None
2026-09-20 10:20:15 | DEBUG    | student_sim | id=418 gold=B | joint={'beginner': 'A', 'intermediate': 'B', 'advanced': 'B'} | isolated=None
2026-09-20 10:20:16 | DEBUG    | student_sim | id=419 gold=C | joint={'beginner': 'C', 'intermediate': 'C', 'advanced': 'C'} | isolated=None
2026-09-20 10:20:17 | DEBUG    | student_sim | id=420 gold=A | joint={'beginner': 'A', 'intermediate': 'A', 'advanced': 'A'} | isolated=None
2026-09-20 10:20:18 | DEBUG    | student_sim | id=421 gold=B | joint={'beginner': 'B', 'intermediate': 'B', 'advanced': 'B'} | isolated=None
2026-09-20 10:20:20 | DEBUG    | student_sim | id=422 gold=C | joint={'beginner': 'C', 'intermediate': 'C', 'advanced': 'C'} | isolated=None
2026-09-20 10:20:21 | DEBUG    | student_sim | id=423 gold=D | joint={'beginner': 'C', 'intermediate': 'D', 'advanced': 'D'} | isolated=None
2026-09-20 10:20:22 | DEBUG    | student_sim | id=424 gold=D | joint={'beginner': 'D', 'intermediate': 'D', 'advanced': 'D'} | isolated=None
2026-09-20 10:20:23 | DEBUG    | student_sim | id=425 gold=A | joint={'beginner': 'A', 'intermediate': 'A', 'advanced': 'A'} | isolated=None
2026-09-20 10:20:25 | DEBUG    | student_sim | id=426 gold=C | joint={'beginner': 'A', 'intermediate': 'C', 'advanced': 'C'} | isolated=None
2026-09-20 10:20:26 | DEBUG    | student_sim | id=427 gold=A | joint={'beginner': 'A', 'intermediate': 'A', 'advanced': 'A'} | isolated=None
2026-09-20 10:20:27 | DEBUG    | student_sim | id=428 gold=D | joint={'beginner': 'D', 'intermediate': 'D', 'advanced': 'D'} | isolated=None
2026-09-20 10:20:29 | DEBUG    | student_sim | id=429 gold=B | joint={'beginner': 'B', 'intermediate': 'B', 'advanced': 'B'} | isolated=None
2026-09-20 10:20:30 | DEBUG    | student_sim | id=430 gold=D | joint={'beginner': 'D', 'intermediate': 'D', 'advanced': 'D'} | isolated=None
2026-09-20 10:20:31 | DEBUG    | student_sim | id=431 gold=A | joint={'beginner': 'A', 'intermediate': 'A', 'advanced': 'A'} | isolated=None
2026-09-20 10:20:32 | DEBUG    | student_sim | id=432 gold=B | joint={'beginner': 'B', 'intermediate': 'B', 'advanced': 'B'} | isolated=None
2026-09-20 10:20:34 | DEBUG    | student_sim | id=433 gold=D | joint={'beginner': 'D', 'intermediate': 'D', 'advanced': 'D'} | isolated=None
2026-09-20 10:20:35 | DEBUG    | student_sim | id=434 gold=D | joint={'beginner': 'A', 'intermediate': 'D', 'advanced': 'D'} | isolated=None
2026-09-20 10:20:36 | DEBUG    | student_sim | id=435 gold=C | joint={'beginner': 'D', 'intermediate': 'D', 'advanced': 'D'} | isolated=None
2026-09-20 10:20:37 | DEBUG    | student_sim | id=436 gold=B | joint={'beginner': 'B', 'intermediate': 'B', 'advanced': 'B'} | isolated=None
2026-09-20 10:20:39 | DEBUG    | student_sim | id=437 gold=D | joint={'beginner': 'D', 'intermediate': 'D', 'advanced': 'D'} | isolated=None
2026-09-20 10:20:40 | DEBUG    | student_sim | id=438 gold=C | joint={'beginner': 'C', 'intermediate': 'C', 'advanced': 'C'} | isolated=None
2026-09-20 10:20:41 | DEBUG    | student_sim | id=439 gold=B | joint={'beginner': 'B', 'intermediate': 'B', 'advanced': 'B'} | isolated=None
2026-09-20 10:20:41 | INFO     | student_sim |   [ 440/ 884]  49.8% | acc B/I/A  join 0.55/0.91/0.90 | 1.27s/sample | ETA 9.4 min
2026-09-20 10:20:42 | DEBUG    | student_sim | id=440 gold=D | joint={'beginner': 'D', 'intermediate': 'D', 'advanced': 'D'} | isolated=None
2026-09-20 10:20:44 | DEBUG    | student_sim | id=441 gold=C | joint={'beginner': 'A', 'intermediate': 'A', 'advanced': 'A'} | isolated=None
2026-09-20 10:20:45 | DEBUG    | student_sim | id=442 gold=A | joint={'beginner': 'A', 'intermediate': 'A', 'advanced': 'A'} | isolated=None
2026-09-20 10:20:46 | DEBUG    | student_sim | id=443 gold=D | joint={'beginner': 'B', 'intermediate': 'D', 'advanced': 'D'} | isolated=None
2026-09-20 10:20:47 | DEBUG    | student_sim | id=444 gold=C | joint={'beginner': 'A', 'intermediate': 'C', 'advanced': 'C'} | isolated=None
2026-09-20 10:20:49 | DEBUG    | student_sim | id=445 gold=D | joint={'beginner': 'A', 'intermediate': 'D', 'advanced': 'D'} | isolated=None
2026-09-20 10:20:50 | DEBUG    | student_sim | id=446 gold=A | joint={'beginner': 'B', 'intermediate': 'A', 'advanced': 'A'} | isolated=None
2026-09-20 10:20:51 | DEBUG    | student_sim | id=447 gold=C | joint={'beginner': 'C', 'intermediate': 'C', 'advanced': 'C'} | isolated=None
2026-09-20 10:20:52 | DEBUG    | student_sim | id=448 gold=D | joint={'beginner': 'D', 'intermediate': 'D', 'advanced': 'D'} | isolated=None
2026-09-20 10:20:54 | DEBUG    | student_sim | id=449 gold=A | joint={'beginner': 'A', 'intermediate': 'A', 'advanced': 'A'} | isolated=None
2026-09-20 10:20:55 | DEBUG    | student_sim | id=450 gold=D | joint={'beginner': 'A', 'intermediate': 'D', 'advanced': 'D'} | isolated=None
2026-09-20 10:20:56 | DEBUG    | student_sim | id=451 gold=A | joint={'beginner': 'A', 'intermediate': 'A', 'advanced': 'A'} | isolated=None
2026-09-20 10:20:57 | DEBUG    | student_sim | id=452 gold=D | joint={'beginner': 'B', 'intermediate': 'D', 'advanced': 'D'} | isolated=None
2026-09-20 10:20:59 | DEBUG    | student_sim | id=453 gold=C | joint={'beginner': 'D', 'intermediate': 'C', 'advanced': 'C'} | isolated=None
2026-09-20 10:21:00 | DEBUG    | student_sim | id=454 gold=C | joint={'beginner': 'B', 'intermediate': 'C', 'advanced': 'C'} | isolated=None
2026-09-20 10:21:01 | DEBUG    | student_sim | id=455 gold=A | joint={'beginner': 'A', 'intermediate': 'A', 'advanced': 'A'} | isolated=None
2026-09-20 10:21:02 | DEBUG    | student_sim | id=456 gold=C | joint={'beginner': 'C', 'intermediate': 'C', 'advanced': 'C'} | isolated=None
2026-09-20 10:21:04 | DEBUG    | student_sim | id=457 gold=B | joint={'beginner': 'A', 'intermediate': 'B', 'advanced': 'B'} | isolated=None
2026-09-20 10:21:05 | DEBUG    | student_sim | id=458 gold=B | joint={'beginner': 'B', 'intermediate': 'B', 'advanced': 'B'} | isolated=None
2026-09-20 10:21:06 | DEBUG    | student_sim | id=459 gold=D | joint={'beginner': 'D', 'intermediate': 'D', 'advanced': 'D'} | isolated=None
2026-09-20 10:21:07 | DEBUG    | student_sim | id=460 gold=A | joint={'beginner': 'A', 'intermediate': 'A', 'advanced': 'A'} | isolated=None
2026-09-20 10:21:09 | DEBUG    | student_sim | id=461 gold=A | joint={'beginner': 'A', 'intermediate': 'A', 'advanced': 'A'} | isolated=None
2026-09-20 10:21:10 | DEBUG    | student_sim | id=462 gold=B | joint={'beginner': 'B', 'intermediate': 'B', 'advanced': 'B'} | isolated=None
2026-09-20 10:21:11 | DEBUG    | student_sim | id=463 gold=A | joint={'beginner': 'A', 'intermediate': 'D', 'advanced': 'D'} | isolated=None
2026-09-20 10:21:12 | DEBUG    | student_sim | id=464 gold=B | joint={'beginner': 'B', 'intermediate': 'B', 'advanced': 'B'} | isolated=None
2026-09-20 10:21:14 | DEBUG    | student_sim | id=465 gold=B | joint={'beginner': 'B', 'intermediate': 'B', 'advanced': 'B'} | isolated=None
2026-09-20 10:21:15 | DEBUG    | student_sim | id=466 gold=A | joint={'beginner': 'B', 'intermediate': 'A', 'advanced': 'A'} | isolated=None
2026-09-20 10:21:16 | DEBUG    | student_sim | id=467 gold=D | joint={'beginner': 'D', 'intermediate': 'D', 'advanced': 'D'} | isolated=None
2026-09-20 10:21:17 | DEBUG    | student_sim | id=468 gold=C | joint={'beginner': 'B', 'intermediate': 'C', 'advanced': 'C'} | isolated=None
2026-09-20 10:21:19 | DEBUG    | student_sim | id=469 gold=B | joint={'beginner': 'B', 'intermediate': 'B', 'advanced': 'B'} | isolated=None
2026-09-20 10:21:20 | DEBUG    | student_sim | id=470 gold=B | joint={'beginner': 'A', 'intermediate': 'B', 'advanced': 'B'} | isolated=None
2026-09-20 10:21:21 | DEBUG    | student_sim | id=471 gold=A | joint={'beginner': 'A', 'intermediate': 'A', 'advanced': 'A'} | isolated=None
2026-09-20 10:21:23 | DEBUG    | student_sim | id=472 gold=C | joint={'beginner': 'C', 'intermediate': 'C', 'advanced': 'C'} | isolated=None
2026-09-20 10:21:24 | DEBUG    | student_sim | id=473 gold=D | joint={'beginner': 'B', 'intermediate': 'D', 'advanced': 'D'} | isolated=None
2026-09-20 10:21:25 | DEBUG    | student_sim | id=474 gold=C | joint={'beginner': 'C', 'intermediate': 'C', 'advanced': 'C'} | isolated=None
2026-09-20 10:21:26 | DEBUG    | student_sim | id=475 gold=B | joint={'beginner': 'A', 'intermediate': 'B', 'advanced': 'B'} | isolated=None
2026-09-20 10:21:28 | DEBUG    | student_sim | id=476 gold=A | joint={'beginner': 'A', 'intermediate': 'A', 'advanced': 'A'} | isolated=None
2026-09-20 10:21:29 | DEBUG    | student_sim | id=477 gold=A | joint={'beginner': 'A', 'intermediate': 'A', 'advanced': 'A'} | isolated=None
2026-09-20 10:21:30 | DEBUG    | student_sim | id=478 gold=D | joint={'beginner': 'A', 'intermediate': 'D', 'advanced': 'D'} | isolated=None
2026-09-20 10:21:31 | DEBUG    | student_sim | id=479 gold=D | joint={'beginner': 'C', 'intermediate': 'D', 'advanced': 'D'} | isolated=None
2026-09-20 10:21:33 | DEBUG    | student_sim | id=480 gold=A | joint={'beginner': 'A', 'intermediate': 'A', 'advanced': 'A'} | isolated=None
2026-09-20 10:21:34 | DEBUG    | student_sim | id=481 gold=B | joint={'beginner': 'C', 'intermediate': 'B', 'advanced': 'B'} | isolated=None
2026-09-20 10:21:35 | DEBUG    | student_sim | id=482 gold=A | joint={'beginner': 'A', 'intermediate': 'A', 'advanced': 'A'} | isolated=None
2026-09-20 10:21:36 | DEBUG    | student_sim | id=483 gold=C | joint={'beginner': 'D', 'intermediate': 'C', 'advanced': 'C'} | isolated=None
2026-09-20 10:21:36 | INFO     | student_sim |   [ 484/ 884]  54.8% | acc B/I/A  join 0.55/0.91/0.91 | 1.27s/sample | ETA 8.4 min
2026-09-20 10:21:38 | DEBUG    | student_sim | id=484 gold=A | joint={'beginner': 'A', 'intermediate': 'A', 'advanced': 'A'} | isolated=None
2026-09-20 10:21:39 | DEBUG    | student_sim | id=485 gold=C | joint={'beginner': 'C', 'intermediate': 'C', 'advanced': 'C'} | isolated=None
2026-09-20 10:21:40 | DEBUG    | student_sim | id=486 gold=A | joint={'beginner': 'A', 'intermediate': 'A', 'advanced': 'A'} | isolated=None
2026-09-20 10:21:42 | DEBUG    | student_sim | id=487 gold=D | joint={'beginner': 'B', 'intermediate': 'D', 'advanced': 'D'} | isolated=None
2026-09-20 10:21:43 | DEBUG    | student_sim | id=488 gold=C | joint={'beginner': 'D', 'intermediate': 'C', 'advanced': 'C'} | isolated=None
2026-09-20 10:21:44 | DEBUG    | student_sim | id=489 gold=C | joint={'beginner': 'A', 'intermediate': 'C', 'advanced': 'C'} | isolated=None
2026-09-20 10:21:45 | DEBUG    | student_sim | id=490 gold=C | joint={'beginner': 'A', 'intermediate': 'C', 'advanced': 'C'} | isolated=None
2026-09-20 10:21:47 | DEBUG    | student_sim | id=491 gold=C | joint={'beginner': 'C', 'intermediate': 'C', 'advanced': 'C'} | isolated=None
2026-09-20 10:21:48 | DEBUG    | student_sim | id=492 gold=B | joint={'beginner': 'B', 'intermediate': 'B', 'advanced': 'B'} | isolated=None
2026-09-20 10:21:49 | DEBUG    | student_sim | id=493 gold=C | joint={'beginner': 'B', 'intermediate': 'C', 'advanced': 'C'} | isolated=None
2026-09-20 10:21:50 | DEBUG    | student_sim | id=494 gold=B | joint={'beginner': 'A', 'intermediate': 'B', 'advanced': 'B'} | isolated=None
2026-09-20 10:21:52 | DEBUG    | student_sim | id=495 gold=C | joint={'beginner': 'A', 'intermediate': 'C', 'advanced': 'C'} | isolated=None
2026-09-20 10:21:53 | DEBUG    | student_sim | id=496 gold=B | joint={'beginner': 'A', 'intermediate': 'A', 'advanced': 'A'} | isolated=None
2026-09-20 10:21:54 | DEBUG    | student_sim | id=497 gold=A | joint={'beginner': 'A', 'intermediate': 'A', 'advanced': 'A'} | isolated=None
2026-09-20 10:21:55 | DEBUG    | student_sim | id=498 gold=C | joint={'beginner': 'A', 'intermediate': 'C', 'advanced': 'C'} | isolated=None
2026-09-20 10:21:57 | DEBUG    | student_sim | id=499 gold=B | joint={'beginner': 'A', 'intermediate': 'B', 'advanced': 'B'} | isolated=None
2026-09-20 10:21:58 | DEBUG    | student_sim | id=500 gold=A | joint={'beginner': 'A', 'intermediate': 'A', 'advanced': 'A'} | isolated=None
2026-09-20 10:21:59 | DEBUG    | student_sim | id=501 gold=A | joint={'beginner': 'C', 'intermediate': 'A', 'advanced': 'A'} | isolated=None
2026-09-20 10:22:00 | DEBUG    | student_sim | id=502 gold=C | joint={'beginner': 'B', 'intermediate': 'C', 'advanced': 'C'} | isolated=None
2026-09-20 10:22:02 | DEBUG    | student_sim | id=503 gold=B | joint={'beginner': 'B', 'intermediate': 'B', 'advanced': 'B'} | isolated=None
2026-09-20 10:22:03 | DEBUG    | student_sim | id=504 gold=B | joint={'beginner': 'B', 'intermediate': 'B', 'advanced': 'B'} | isolated=None
2026-09-20 10:22:04 | DEBUG    | student_sim | id=505 gold=D | joint={'beginner': 'D', 'intermediate': 'D', 'advanced': 'D'} | isolated=None
2026-09-20 10:22:05 | DEBUG    | student_sim | id=506 gold=A | joint={'beginner': 'A', 'intermediate': 'A', 'advanced': 'A'} | isolated=None
2026-09-20 10:22:07 | DEBUG    | student_sim | id=507 gold=B | joint={'beginner': 'B', 'intermediate': 'B', 'advanced': 'B'} | isolated=None
2026-09-20 10:22:08 | DEBUG    | student_sim | id=508 gold=A | joint={'beginner': 'A', 'intermediate': 'A', 'advanced': 'A'} | isolated=None
2026-09-20 10:22:09 | DEBUG    | student_sim | id=509 gold=D | joint={'beginner': 'D', 'intermediate': 'D', 'advanced': 'D'} | isolated=None
2026-09-20 10:22:11 | DEBUG    | student_sim | id=510 gold=A | joint={'beginner': 'B', 'intermediate': 'A', 'advanced': 'A'} | isolated=None
2026-09-20 10:22:12 | DEBUG    | student_sim | id=511 gold=B | joint={'beginner': 'B', 'intermediate': 'B', 'advanced': 'B'} | isolated=None
2026-09-20 10:22:13 | DEBUG    | student_sim | id=512 gold=C | joint={'beginner': 'D', 'intermediate': 'C', 'advanced': 'C'} | isolated=None
2026-09-20 10:22:14 | DEBUG    | student_sim | id=513 gold=C | joint={'beginner': 'C', 'intermediate': 'C', 'advanced': 'C'} | isolated=None
2026-09-20 10:22:16 | DEBUG    | student_sim | id=514 gold=C | joint={'beginner': 'D', 'intermediate': 'C', 'advanced': 'C'} | isolated=None
2026-09-20 10:22:17 | DEBUG    | student_sim | id=515 gold=B | joint={'beginner': 'B', 'intermediate': 'B', 'advanced': 'B'} | isolated=None
2026-09-20 10:22:18 | DEBUG    | student_sim | id=516 gold=B | joint={'beginner': 'B', 'intermediate': 'B', 'advanced': 'B'} | isolated=None
2026-09-20 10:22:19 | DEBUG    | student_sim | id=517 gold=D | joint={'beginner': 'B', 'intermediate': 'D', 'advanced': 'D'} | isolated=None
2026-09-20 10:22:21 | DEBUG    | student_sim | id=518 gold=C | joint={'beginner': 'A', 'intermediate': 'C', 'advanced': 'C'} | isolated=None
2026-09-20 10:22:22 | DEBUG    | student_sim | id=519 gold=D | joint={'beginner': 'A', 'intermediate': 'D', 'advanced': 'D'} | isolated=None
2026-09-20 10:22:23 | DEBUG    | student_sim | id=520 gold=C | joint={'beginner': 'C', 'intermediate': 'C', 'advanced': 'C'} | isolated=None
2026-09-20 10:22:24 | DEBUG    | student_sim | id=521 gold=A | joint={'beginner': 'A', 'intermediate': 'A', 'advanced': 'A'} | isolated=None
2026-09-20 10:22:26 | DEBUG    | student_sim | id=522 gold=D | joint={'beginner': 'A', 'intermediate': 'D', 'advanced': 'D'} | isolated=None
2026-09-20 10:22:27 | DEBUG    | student_sim | id=523 gold=D | joint={'beginner': 'A', 'intermediate': 'D', 'advanced': 'D'} | isolated=None
2026-09-20 10:22:28 | DEBUG    | student_sim | id=524 gold=A | joint={'beginner': 'A', 'intermediate': 'A', 'advanced': 'A'} | isolated=None
2026-09-20 10:22:29 | DEBUG    | student_sim | id=525 gold=D | joint={'beginner': 'D', 'intermediate': 'D', 'advanced': 'D'} | isolated=None
2026-09-20 10:22:31 | DEBUG    | student_sim | id=526 gold=A | joint={'beginner': 'A', 'intermediate': 'A', 'advanced': 'A'} | isolated=None
2026-09-20 10:22:32 | DEBUG    | student_sim | id=527 gold=B | joint={'beginner': 'B', 'intermediate': 'B', 'advanced': 'B'} | isolated=None
2026-09-20 10:22:32 | INFO     | student_sim |   [ 528/ 884]  59.7% | acc B/I/A  join 0.55/0.92/0.91 | 1.27s/sample | ETA 7.5 min
2026-09-20 10:22:33 | DEBUG    | student_sim | id=528 gold=C | joint={'beginner': 'C', 'intermediate': 'C', 'advanced': 'C'} | isolated=None
2026-09-20 10:22:34 | DEBUG    | student_sim | id=529 gold=B | joint={'beginner': 'C', 'intermediate': 'B', 'advanced': 'B'} | isolated=None
2026-09-20 10:22:36 | DEBUG    | student_sim | id=530 gold=A | joint={'beginner': 'A', 'intermediate': 'A', 'advanced': 'A'} | isolated=None
2026-09-20 10:22:37 | DEBUG    | student_sim | id=531 gold=D | joint={'beginner': 'A', 'intermediate': 'D', 'advanced': 'D'} | isolated=None
2026-09-20 10:22:38 | DEBUG    | student_sim | id=532 gold=C | joint={'beginner': 'A', 'intermediate': 'C', 'advanced': 'C'} | isolated=None
2026-09-20 10:22:39 | DEBUG    | student_sim | id=533 gold=C | joint={'beginner': 'C', 'intermediate': 'C', 'advanced': 'C'} | isolated=None
2026-09-20 10:22:41 | DEBUG    | student_sim | id=534 gold=A | joint={'beginner': 'A', 'intermediate': 'A', 'advanced': 'A'} | isolated=None
2026-09-20 10:22:42 | DEBUG    | student_sim | id=535 gold=A | joint={'beginner': 'A', 'intermediate': 'A', 'advanced': 'A'} | isolated=None
2026-09-20 10:22:43 | DEBUG    | student_sim | id=536 gold=B | joint={'beginner': 'A', 'intermediate': 'B', 'advanced': 'B'} | isolated=None
2026-09-20 10:22:44 | DEBUG    | student_sim | id=537 gold=C | joint={'beginner': 'C', 'intermediate': 'C', 'advanced': 'C'} | isolated=None
2026-09-20 10:22:46 | DEBUG    | student_sim | id=538 gold=D | joint={'beginner': 'B', 'intermediate': 'D', 'advanced': 'D'} | isolated=None
2026-09-20 10:22:47 | DEBUG    | student_sim | id=539 gold=D | joint={'beginner': 'A', 'intermediate': 'D', 'advanced': 'D'} | isolated=None
2026-09-20 10:22:48 | DEBUG    | student_sim | id=540 gold=A | joint={'beginner': 'A', 'intermediate': 'A', 'advanced': 'A'} | isolated=None
2026-09-20 10:22:49 | DEBUG    | student_sim | id=541 gold=B | joint={'beginner': 'B', 'intermediate': 'B', 'advanced': 'B'} | isolated=None
2026-09-20 10:22:51 | DEBUG    | student_sim | id=542 gold=A | joint={'beginner': 'A', 'intermediate': 'A', 'advanced': 'A'} | isolated=None
2026-09-20 10:22:52 | DEBUG    | student_sim | id=543 gold=D | joint={'beginner': 'B', 'intermediate': 'D', 'advanced': 'D'} | isolated=None
2026-09-20 10:22:53 | DEBUG    | student_sim | id=544 gold=C | joint={'beginner': 'D', 'intermediate': 'C', 'advanced': 'C'} | isolated=None
2026-09-20 10:22:54 | DEBUG    | student_sim | id=545 gold=A | joint={'beginner': 'A', 'intermediate': 'A', 'advanced': 'A'} | isolated=None
2026-09-20 10:22:56 | DEBUG    | student_sim | id=546 gold=B | joint={'beginner': 'B', 'intermediate': 'B', 'advanced': 'B'} | isolated=None
2026-09-20 10:22:57 | DEBUG    | student_sim | id=547 gold=A | joint={'beginner': 'A', 'intermediate': 'A', 'advanced': 'A'} | isolated=None
2026-09-20 10:22:58 | DEBUG    | student_sim | id=548 gold=A | joint={'beginner': 'A', 'intermediate': 'A', 'advanced': 'A'} | isolated=None
2026-09-20 10:22:59 | DEBUG    | student_sim | id=549 gold=D | joint={'beginner': 'B', 'intermediate': 'D', 'advanced': 'D'} | isolated=None
2026-09-20 10:23:01 | DEBUG    | student_sim | id=550 gold=D | joint={'beginner': 'C', 'intermediate': 'D', 'advanced': 'D'} | isolated=None
2026-09-20 10:23:02 | DEBUG    | student_sim | id=551 gold=B | joint={'beginner': 'B', 'intermediate': 'B', 'advanced': 'B'} | isolated=None
2026-09-20 10:23:03 | DEBUG    | student_sim | id=552 gold=D | joint={'beginner': 'A', 'intermediate': 'D', 'advanced': 'D'} | isolated=None
2026-09-20 10:23:04 | DEBUG    | student_sim | id=553 gold=A | joint={'beginner': 'C', 'intermediate': 'A', 'advanced': 'A'} | isolated=None
2026-09-20 10:23:06 | DEBUG    | student_sim | id=554 gold=A | joint={'beginner': 'A', 'intermediate': 'A', 'advanced': 'A'} | isolated=None
2026-09-20 10:23:07 | DEBUG    | student_sim | id=555 gold=B | joint={'beginner': 'B', 'intermediate': 'B', 'advanced': 'B'} | isolated=None
2026-09-20 10:23:08 | DEBUG    | student_sim | id=556 gold=A | joint={'beginner': 'A', 'intermediate': 'A', 'advanced': 'A'} | isolated=None
2026-09-20 10:23:09 | DEBUG    | student_sim | id=557 gold=B | joint={'beginner': 'B', 'intermediate': 'B', 'advanced': 'B'} | isolated=None
2026-09-20 10:23:11 | DEBUG    | student_sim | id=558 gold=D | joint={'beginner': 'C', 'intermediate': 'C', 'advanced': 'C'} | isolated=None
2026-09-20 10:23:12 | DEBUG    | student_sim | id=559 gold=B | joint={'beginner': 'B', 'intermediate': 'B', 'advanced': 'B'} | isolated=None
2026-09-20 10:23:13 | DEBUG    | student_sim | id=560 gold=D | joint={'beginner': 'A', 'intermediate': 'D', 'advanced': 'D'} | isolated=None
2026-09-20 10:23:14 | DEBUG    | student_sim | id=561 gold=D | joint={'beginner': 'B', 'intermediate': 'D', 'advanced': 'D'} | isolated=None
2026-09-20 10:23:16 | DEBUG    | student_sim | id=562 gold=A | joint={'beginner': 'A', 'intermediate': 'D', 'advanced': 'D'} | isolated=None
2026-09-20 10:23:17 | DEBUG    | student_sim | id=563 gold=B | joint={'beginner': 'B', 'intermediate': 'B', 'advanced': 'B'} | isolated=None
2026-09-20 10:23:18 | DEBUG    | student_sim | id=564 gold=A | joint={'beginner': 'A', 'intermediate': 'A', 'advanced': 'A'} | isolated=None
2026-09-20 10:23:19 | DEBUG    | student_sim | id=565 gold=A | joint={'beginner': 'A', 'intermediate': 'A', 'advanced': 'A'} | isolated=None
2026-09-20 10:23:21 | DEBUG    | student_sim | id=566 gold=D | joint={'beginner': 'D', 'intermediate': 'D', 'advanced': 'D'} | isolated=None
2026-09-20 10:23:22 | DEBUG    | student_sim | id=567 gold=A | joint={'beginner': 'A', 'intermediate': 'A', 'advanced': 'A'} | isolated=None
2026-09-20 10:23:23 | DEBUG    | student_sim | id=568 gold=C | joint={'beginner': 'C', 'intermediate': 'C', 'advanced': 'C'} | isolated=None
2026-09-20 10:23:24 | DEBUG    | student_sim | id=569 gold=D | joint={'beginner': 'D', 'intermediate': 'D', 'advanced': 'D'} | isolated=None
2026-09-20 10:23:26 | DEBUG    | student_sim | id=570 gold=A | joint={'beginner': 'A', 'intermediate': 'A', 'advanced': 'A'} | isolated=None
2026-09-20 10:23:27 | DEBUG    | student_sim | id=571 gold=D | joint={'beginner': 'D', 'intermediate': 'D', 'advanced': 'D'} | isolated=None
2026-09-20 10:23:27 | INFO     | student_sim |   [ 572/ 884]  64.7% | acc B/I/A  join 0.56/0.92/0.92 | 1.27s/sample | ETA 6.6 min
2026-09-20 10:23:28 | DEBUG    | student_sim | id=572 gold=C | joint={'beginner': 'A', 'intermediate': 'C', 'advanced': 'C'} | isolated=None
2026-09-20 10:23:29 | DEBUG    | student_sim | id=573 gold=C | joint={'beginner': 'C', 'intermediate': 'C', 'advanced': 'C'} | isolated=None
2026-09-20 10:23:31 | DEBUG    | student_sim | id=574 gold=C | joint={'beginner': 'A', 'intermediate': 'C', 'advanced': 'C'} | isolated=None
2026-09-20 10:23:32 | DEBUG    | student_sim | id=575 gold=A | joint={'beginner': 'A', 'intermediate': 'A', 'advanced': 'A'} | isolated=None
2026-09-20 10:23:33 | DEBUG    | student_sim | id=576 gold=D | joint={'beginner': 'D', 'intermediate': 'D', 'advanced': 'D'} | isolated=None
2026-09-20 10:23:35 | DEBUG    | student_sim | id=577 gold=B | joint={'beginner': 'B', 'intermediate': 'B', 'advanced': 'B'} | isolated=None
2026-09-20 10:23:36 | DEBUG    | student_sim | id=578 gold=B | joint={'beginner': 'B', 'intermediate': 'B', 'advanced': 'B'} | isolated=None
2026-09-20 10:23:37 | DEBUG    | student_sim | id=579 gold=B | joint={'beginner': 'D', 'intermediate': 'B', 'advanced': 'B'} | isolated=None
2026-09-20 10:23:38 | DEBUG    | student_sim | id=580 gold=D | joint={'beginner': 'A', 'intermediate': 'D', 'advanced': 'D'} | isolated=None
2026-09-20 10:23:40 | DEBUG    | student_sim | id=581 gold=B | joint={'beginner': 'B', 'intermediate': 'B', 'advanced': 'B'} | isolated=None
2026-09-20 10:23:41 | DEBUG    | student_sim | id=582 gold=A | joint={'beginner': 'A', 'intermediate': 'A', 'advanced': 'A'} | isolated=None
2026-09-20 10:23:42 | DEBUG    | student_sim | id=583 gold=B | joint={'beginner': 'B', 'intermediate': 'B', 'advanced': 'B'} | isolated=None
2026-09-20 10:23:43 | DEBUG    | student_sim | id=584 gold=D | joint={'beginner': 'B', 'intermediate': 'D', 'advanced': 'D'} | isolated=None
2026-09-20 10:23:45 | DEBUG    | student_sim | id=585 gold=A | joint={'beginner': 'A', 'intermediate': 'A', 'advanced': 'A'} | isolated=None
2026-09-20 10:23:46 | DEBUG    | student_sim | id=586 gold=B | joint={'beginner': 'A', 'intermediate': 'A', 'advanced': 'A'} | isolated=None
2026-09-20 10:23:47 | DEBUG    | student_sim | id=587 gold=B | joint={'beginner': 'C', 'intermediate': 'B', 'advanced': 'B'} | isolated=None
2026-09-20 10:23:48 | DEBUG    | student_sim | id=588 gold=A | joint={'beginner': 'A', 'intermediate': 'A', 'advanced': 'A'} | isolated=None
2026-09-20 10:23:50 | DEBUG    | student_sim | id=589 gold=B | joint={'beginner': 'D', 'intermediate': 'B', 'advanced': 'B'} | isolated=None
2026-09-20 10:23:51 | DEBUG    | student_sim | id=590 gold=B | joint={'beginner': 'B', 'intermediate': 'B', 'advanced': 'B'} | isolated=None
2026-09-20 10:23:52 | DEBUG    | student_sim | id=591 gold=D | joint={'beginner': 'A', 'intermediate': 'D', 'advanced': 'D'} | isolated=None
2026-09-20 10:23:53 | DEBUG    | student_sim | id=592 gold=C | joint={'beginner': 'C', 'intermediate': 'C', 'advanced': 'C'} | isolated=None
2026-09-20 10:23:55 | DEBUG    | student_sim | id=593 gold=B | joint={'beginner': 'B', 'intermediate': 'B', 'advanced': 'B'} | isolated=None
2026-09-20 10:23:56 | DEBUG    | student_sim | id=594 gold=A | joint={'beginner': 'A', 'intermediate': 'B', 'advanced': 'B'} | isolated=None
2026-09-20 10:23:57 | DEBUG    | student_sim | id=595 gold=D | joint={'beginner': 'A', 'intermediate': 'D', 'advanced': 'D'} | isolated=None
2026-09-20 10:23:58 | DEBUG    | student_sim | id=596 gold=C | joint={'beginner': 'C', 'intermediate': 'C', 'advanced': 'C'} | isolated=None
2026-09-20 10:24:00 | DEBUG    | student_sim | id=597 gold=D | joint={'beginner': 'D', 'intermediate': 'D', 'advanced': 'D'} | isolated=None
2026-09-20 10:24:01 | DEBUG    | student_sim | id=598 gold=C | joint={'beginner': 'A', 'intermediate': 'C', 'advanced': 'C'} | isolated=None
2026-09-20 10:24:02 | DEBUG    | student_sim | id=599 gold=D | joint={'beginner': 'C', 'intermediate': 'D', 'advanced': 'D'} | isolated=None
2026-09-20 10:24:03 | DEBUG    | student_sim | id=600 gold=D | joint={'beginner': 'A', 'intermediate': 'A', 'advanced': 'A'} | isolated=None
2026-09-20 10:24:05 | DEBUG    | student_sim | id=601 gold=A | joint={'beginner': 'A', 'intermediate': 'A', 'advanced': 'A'} | isolated=None
2026-09-20 10:24:06 | DEBUG    | student_sim | id=602 gold=D | joint={'beginner': 'A', 'intermediate': 'D', 'advanced': 'D'} | isolated=None
2026-09-20 10:24:07 | DEBUG    | student_sim | id=603 gold=B | joint={'beginner': 'A', 'intermediate': 'D', 'advanced': 'D'} | isolated=None
2026-09-20 10:24:08 | DEBUG    | student_sim | id=604 gold=A | joint={'beginner': 'B', 'intermediate': 'A', 'advanced': 'A'} | isolated=None
2026-09-20 10:24:10 | DEBUG    | student_sim | id=605 gold=D | joint={'beginner': 'B', 'intermediate': 'D', 'advanced': 'D'} | isolated=None
2026-09-20 10:24:11 | DEBUG    | student_sim | id=606 gold=A | joint={'beginner': 'A', 'intermediate': 'A', 'advanced': 'A'} | isolated=None
2026-09-20 10:24:12 | DEBUG    | student_sim | id=607 gold=B | joint={'beginner': 'A', 'intermediate': 'B', 'advanced': 'B'} | isolated=None
2026-09-20 10:24:13 | DEBUG    | student_sim | id=608 gold=B | joint={'beginner': 'B', 'intermediate': 'C', 'advanced': 'C'} | isolated=None
2026-09-20 10:24:15 | DEBUG    | student_sim | id=609 gold=A | joint={'beginner': 'A', 'intermediate': 'A', 'advanced': 'A'} | isolated=None
2026-09-20 10:24:16 | DEBUG    | student_sim | id=610 gold=B | joint={'beginner': 'B', 'intermediate': 'B', 'advanced': 'B'} | isolated=None
2026-09-20 10:24:17 | DEBUG    | student_sim | id=611 gold=B | joint={'beginner': 'C', 'intermediate': 'B', 'advanced': 'B'} | isolated=None
2026-09-20 10:24:18 | DEBUG    | student_sim | id=612 gold=C | joint={'beginner': 'A', 'intermediate': 'C', 'advanced': 'C'} | isolated=None
2026-09-20 10:24:20 | DEBUG    | student_sim | id=613 gold=D | joint={'beginner': 'A', 'intermediate': 'D', 'advanced': 'D'} | isolated=None
2026-09-20 10:24:21 | DEBUG    | student_sim | id=614 gold=C | joint={'beginner': 'A', 'intermediate': 'C', 'advanced': 'C'} | isolated=None
2026-09-20 10:24:22 | DEBUG    | student_sim | id=615 gold=D | joint={'beginner': 'D', 'intermediate': 'D', 'advanced': 'D'} | isolated=None
2026-09-20 10:24:22 | INFO     | student_sim |   [ 616/ 884]  69.7% | acc B/I/A  join 0.56/0.92/0.92 | 1.26s/sample | ETA 5.6 min
2026-09-20 10:24:23 | DEBUG    | student_sim | id=616 gold=C | joint={'beginner': 'C', 'intermediate': 'C', 'advanced': 'C'} | isolated=None
2026-09-20 10:24:25 | DEBUG    | student_sim | id=617 gold=A | joint={'beginner': 'A', 'intermediate': 'A', 'advanced': 'A'} | isolated=None
2026-09-20 10:24:26 | DEBUG    | student_sim | id=618 gold=C | joint={'beginner': 'A', 'intermediate': 'C', 'advanced': 'C'} | isolated=None
2026-09-20 10:24:27 | DEBUG    | student_sim | id=619 gold=A | joint={'beginner': 'A', 'intermediate': 'A', 'advanced': 'A'} | isolated=None
2026-09-20 10:24:28 | DEBUG    | student_sim | id=620 gold=C | joint={'beginner': 'C', 'intermediate': 'C', 'advanced': 'C'} | isolated=None
2026-09-20 10:24:30 | DEBUG    | student_sim | id=621 gold=A | joint={'beginner': 'A', 'intermediate': 'A', 'advanced': 'A'} | isolated=None
2026-09-20 10:24:31 | DEBUG    | student_sim | id=622 gold=C | joint={'beginner': 'C', 'intermediate': 'C', 'advanced': 'C'} | isolated=None
2026-09-20 10:24:32 | DEBUG    | student_sim | id=623 gold=D | joint={'beginner': 'B', 'intermediate': 'D', 'advanced': 'D'} | isolated=None
2026-09-20 10:24:33 | DEBUG    | student_sim | id=624 gold=A | joint={'beginner': 'A', 'intermediate': 'A', 'advanced': 'A'} | isolated=None
2026-09-20 10:24:35 | DEBUG    | student_sim | id=625 gold=B | joint={'beginner': 'B', 'intermediate': 'B', 'advanced': 'B'} | isolated=None
2026-09-20 10:24:36 | DEBUG    | student_sim | id=626 gold=D | joint={'beginner': 'A', 'intermediate': 'D', 'advanced': 'D'} | isolated=None
2026-09-20 10:24:37 | DEBUG    | student_sim | id=627 gold=A | joint={'beginner': 'A', 'intermediate': 'D', 'advanced': 'D'} | isolated=None
2026-09-20 10:24:38 | DEBUG    | student_sim | id=628 gold=B | joint={'beginner': 'B', 'intermediate': 'B', 'advanced': 'B'} | isolated=None
2026-09-20 10:24:40 | DEBUG    | student_sim | id=629 gold=C | joint={'beginner': 'B', 'intermediate': 'B', 'advanced': 'B'} | isolated=None
2026-09-20 10:24:41 | DEBUG    | student_sim | id=630 gold=A | joint={'beginner': 'A', 'intermediate': 'A', 'advanced': 'A'} | isolated=None
2026-09-20 10:24:42 | DEBUG    | student_sim | id=631 gold=D | joint={'beginner': 'D', 'intermediate': 'D', 'advanced': 'D'} | isolated=None
2026-09-20 10:24:43 | DEBUG    | student_sim | id=632 gold=B | joint={'beginner': 'A', 'intermediate': 'C', 'advanced': 'C'} | isolated=None
2026-09-20 10:24:45 | DEBUG    | student_sim | id=633 gold=C | joint={'beginner': 'C', 'intermediate': 'C', 'advanced': 'C'} | isolated=None
2026-09-20 10:24:46 | DEBUG    | student_sim | id=634 gold=A | joint={'beginner': 'A', 'intermediate': 'A', 'advanced': 'A'} | isolated=None
2026-09-20 10:24:47 | DEBUG    | student_sim | id=635 gold=C | joint={'beginner': 'C', 'intermediate': 'C', 'advanced': 'C'} | isolated=None
2026-09-20 10:24:49 | DEBUG    | student_sim | id=636 gold=D | joint={'beginner': 'A', 'intermediate': 'D', 'advanced': 'D'} | isolated=None
2026-09-20 10:24:50 | DEBUG    | student_sim | id=637 gold=A | joint={'beginner': 'A', 'intermediate': 'A', 'advanced': 'A'} | isolated=None
2026-09-20 10:24:51 | DEBUG    | student_sim | id=638 gold=A | joint={'beginner': 'A', 'intermediate': 'A', 'advanced': 'A'} | isolated=None
2026-09-20 10:24:52 | DEBUG    | student_sim | id=639 gold=B | joint={'beginner': 'B', 'intermediate': 'B', 'advanced': 'B'} | isolated=None
2026-09-20 10:24:54 | DEBUG    | student_sim | id=640 gold=A | joint={'beginner': 'A', 'intermediate': 'A', 'advanced': 'A'} | isolated=None
2026-09-20 10:24:55 | DEBUG    | student_sim | id=641 gold=A | joint={'beginner': 'B', 'intermediate': 'A', 'advanced': 'A'} | isolated=None
2026-09-20 10:24:56 | DEBUG    | student_sim | id=642 gold=A | joint={'beginner': 'C', 'intermediate': 'A', 'advanced': 'A'} | isolated=None
2026-09-20 10:24:57 | DEBUG    | student_sim | id=643 gold=B | joint={'beginner': 'B', 'intermediate': 'B', 'advanced': 'B'} | isolated=None
2026-09-20 10:24:59 | DEBUG    | student_sim | id=644 gold=B | joint={'beginner': 'B', 'intermediate': 'B', 'advanced': 'B'} | isolated=None
2026-09-20 10:25:00 | DEBUG    | student_sim | id=645 gold=A | joint={'beginner': 'A', 'intermediate': 'A', 'advanced': 'A'} | isolated=None
2026-09-20 10:25:01 | DEBUG    | student_sim | id=646 gold=D | joint={'beginner': 'C', 'intermediate': 'D', 'advanced': 'D'} | isolated=None
2026-09-20 10:25:03 | DEBUG    | student_sim | id=647 gold=B | joint={'beginner': 'A', 'intermediate': 'B', 'advanced': 'B'} | isolated=None
2026-09-20 10:25:04 | DEBUG    | student_sim | id=648 gold=D | joint={'beginner': 'C', 'intermediate': 'D', 'advanced': 'D'} | isolated=None
2026-09-20 10:25:05 | DEBUG    | student_sim | id=649 gold=A | joint={'beginner': 'C', 'intermediate': 'C', 'advanced': 'C'} | isolated=None
2026-09-20 10:25:06 | DEBUG    | student_sim | id=650 gold=B | joint={'beginner': 'B', 'intermediate': 'B', 'advanced': 'B'} | isolated=None
2026-09-20 10:25:08 | DEBUG    | student_sim | id=651 gold=D | joint={'beginner': 'B', 'intermediate': 'D', 'advanced': 'D'} | isolated=None
2026-09-20 10:25:09 | DEBUG    | student_sim | id=652 gold=C | joint={'beginner': 'B', 'intermediate': 'C', 'advanced': 'C'} | isolated=None
2026-09-20 10:25:10 | DEBUG    | student_sim | id=653 gold=B | joint={'beginner': 'B', 'intermediate': 'B', 'advanced': 'B'} | isolated=None
2026-09-20 10:25:11 | DEBUG    | student_sim | id=654 gold=B | joint={'beginner': 'B', 'intermediate': 'B', 'advanced': 'B'} | isolated=None
2026-09-20 10:25:13 | DEBUG    | student_sim | id=655 gold=A | joint={'beginner': 'C', 'intermediate': 'A', 'advanced': 'A'} | isolated=None
2026-09-20 10:25:14 | DEBUG    | student_sim | id=656 gold=D | joint={'beginner': 'D', 'intermediate': 'D', 'advanced': 'D'} | isolated=None
2026-09-20 10:25:15 | DEBUG    | student_sim | id=657 gold=A | joint={'beginner': 'A', 'intermediate': 'A', 'advanced': 'A'} | isolated=None
2026-09-20 10:25:16 | DEBUG    | student_sim | id=658 gold=A | joint={'beginner': 'A', 'intermediate': 'A', 'advanced': 'A'} | isolated=None
2026-09-20 10:25:18 | DEBUG    | student_sim | id=659 gold=C | joint={'beginner': 'A', 'intermediate': 'C', 'advanced': 'C'} | isolated=None
2026-09-20 10:25:18 | INFO     | student_sim |   [ 660/ 884]  74.7% | acc B/I/A  join 0.56/0.92/0.92 | 1.26s/sample | ETA 4.7 min
2026-09-20 10:25:19 | DEBUG    | student_sim | id=660 gold=A | joint={'beginner': 'A', 'intermediate': 'A', 'advanced': 'C'} | isolated=None
2026-09-20 10:25:20 | DEBUG    | student_sim | id=661 gold=A | joint={'beginner': 'A', 'intermediate': 'A', 'advanced': 'A'} | isolated=None
2026-09-20 10:25:21 | DEBUG    | student_sim | id=662 gold=C | joint={'beginner': 'A', 'intermediate': 'C', 'advanced': 'C'} | isolated=None
2026-09-20 10:25:23 | DEBUG    | student_sim | id=663 gold=C | joint={'beginner': 'D', 'intermediate': 'C', 'advanced': 'C'} | isolated=None
2026-09-20 10:25:24 | DEBUG    | student_sim | id=664 gold=B | joint={'beginner': 'B', 'intermediate': 'B', 'advanced': 'B'} | isolated=None
2026-09-20 10:25:25 | DEBUG    | student_sim | id=665 gold=A | joint={'beginner': 'A', 'intermediate': 'A', 'advanced': 'A'} | isolated=None
2026-09-20 10:25:26 | DEBUG    | student_sim | id=666 gold=A | joint={'beginner': 'B', 'intermediate': 'C', 'advanced': 'C'} | isolated=None
2026-09-20 10:25:28 | DEBUG    | student_sim | id=667 gold=C | joint={'beginner': 'A', 'intermediate': 'C', 'advanced': 'C'} | isolated=None
2026-09-20 10:25:29 | DEBUG    | student_sim | id=668 gold=B | joint={'beginner': 'B', 'intermediate': 'B', 'advanced': 'B'} | isolated=None
2026-09-20 10:25:30 | DEBUG    | student_sim | id=669 gold=C | joint={'beginner': 'D', 'intermediate': 'C', 'advanced': 'C'} | isolated=None
2026-09-20 10:25:31 | DEBUG    | student_sim | id=670 gold=D | joint={'beginner': 'D', 'intermediate': 'D', 'advanced': 'D'} | isolated=None
2026-09-20 10:25:33 | DEBUG    | student_sim | id=671 gold=A | joint={'beginner': 'A', 'intermediate': 'A', 'advanced': 'A'} | isolated=None
2026-09-20 10:25:34 | DEBUG    | student_sim | id=672 gold=C | joint={'beginner': 'A', 'intermediate': 'C', 'advanced': 'C'} | isolated=None
2026-09-20 10:25:35 | DEBUG    | student_sim | id=673 gold=C | joint={'beginner': 'A', 'intermediate': 'C', 'advanced': 'C'} | isolated=None
2026-09-20 10:25:36 | DEBUG    | student_sim | id=674 gold=C | joint={'beginner': 'C', 'intermediate': 'C', 'advanced': 'C'} | isolated=None
2026-09-20 10:25:38 | DEBUG    | student_sim | id=675 gold=B | joint={'beginner': 'B', 'intermediate': 'B', 'advanced': 'B'} | isolated=None
2026-09-20 10:25:39 | DEBUG    | student_sim | id=676 gold=D | joint={'beginner': 'A', 'intermediate': 'D', 'advanced': 'D'} | isolated=None
2026-09-20 10:25:40 | DEBUG    | student_sim | id=677 gold=A | joint={'beginner': 'B', 'intermediate': 'A', 'advanced': 'A'} | isolated=None
2026-09-20 10:25:41 | DEBUG    | student_sim | id=678 gold=D | joint={'beginner': 'A', 'intermediate': 'D', 'advanced': 'D'} | isolated=None
2026-09-20 10:25:43 | DEBUG    | student_sim | id=679 gold=D | joint={'beginner': 'C', 'intermediate': 'C', 'advanced': 'C'} | isolated=None
2026-09-20 10:25:44 | DEBUG    | student_sim | id=680 gold=A | joint={'beginner': 'A', 'intermediate': 'A', 'advanced': 'A'} | isolated=None
2026-09-20 10:25:45 | DEBUG    | student_sim | id=681 gold=B | joint={'beginner': 'B', 'intermediate': 'B', 'advanced': 'B'} | isolated=None
2026-09-20 10:25:46 | DEBUG    | student_sim | id=682 gold=A | joint={'beginner': 'A', 'intermediate': 'A', 'advanced': 'A'} | isolated=None
2026-09-20 10:25:48 | DEBUG    | student_sim | id=683 gold=D | joint={'beginner': 'A', 'intermediate': 'D', 'advanced': 'D'} | isolated=None
2026-09-20 10:25:49 | DEBUG    | student_sim | id=684 gold=D | joint={'beginner': 'A', 'intermediate': 'D', 'advanced': 'D'} | isolated=None
2026-09-20 10:25:50 | DEBUG    | student_sim | id=685 gold=C | joint={'beginner': 'B', 'intermediate': 'B', 'advanced': 'B'} | isolated=None
2026-09-20 10:25:51 | DEBUG    | student_sim | id=686 gold=C | joint={'beginner': 'A', 'intermediate': 'C', 'advanced': 'C'} | isolated=None
2026-09-20 10:25:53 | DEBUG    | student_sim | id=687 gold=D | joint={'beginner': 'B', 'intermediate': 'D', 'advanced': 'D'} | isolated=None
2026-09-20 10:25:54 | DEBUG    | student_sim | id=688 gold=D | joint={'beginner': 'D', 'intermediate': 'D', 'advanced': 'D'} | isolated=None
2026-09-20 10:25:55 | DEBUG    | student_sim | id=689 gold=A | joint={'beginner': 'A', 'intermediate': 'A', 'advanced': 'A'} | isolated=None
2026-09-20 10:25:56 | DEBUG    | student_sim | id=690 gold=A | joint={'beginner': 'A', 'intermediate': 'A', 'advanced': 'A'} | isolated=None
2026-09-20 10:25:58 | DEBUG    | student_sim | id=691 gold=C | joint={'beginner': 'C', 'intermediate': 'C', 'advanced': 'C'} | isolated=None
2026-09-20 10:25:59 | DEBUG    | student_sim | id=692 gold=C | joint={'beginner': 'A', 'intermediate': 'C', 'advanced': 'C'} | isolated=None
2026-09-20 10:26:00 | DEBUG    | student_sim | id=693 gold=B | joint={'beginner': 'B', 'intermediate': 'B', 'advanced': 'B'} | isolated=None
2026-09-20 10:26:01 | DEBUG    | student_sim | id=694 gold=D | joint={'beginner': 'A', 'intermediate': 'D', 'advanced': 'D'} | isolated=None
2026-09-20 10:26:03 | DEBUG    | student_sim | id=695 gold=B | joint={'beginner': 'A', 'intermediate': 'B', 'advanced': 'B'} | isolated=None
2026-09-20 10:26:04 | DEBUG    | student_sim | id=696 gold=A | joint={'beginner': 'A', 'intermediate': 'A', 'advanced': 'A'} | isolated=None
2026-09-20 10:26:05 | DEBUG    | student_sim | id=697 gold=A | joint={'beginner': 'A', 'intermediate': 'A', 'advanced': 'A'} | isolated=None
2026-09-20 10:26:06 | DEBUG    | student_sim | id=698 gold=D | joint={'beginner': 'C', 'intermediate': 'D', 'advanced': 'D'} | isolated=None
2026-09-20 10:26:08 | DEBUG    | student_sim | id=699 gold=C | joint={'beginner': 'C', 'intermediate': 'C', 'advanced': 'C'} | isolated=None
2026-09-20 10:26:09 | DEBUG    | student_sim | id=700 gold=C | joint={'beginner': 'A', 'intermediate': 'C', 'advanced': 'C'} | isolated=None
2026-09-20 10:26:10 | DEBUG    | student_sim | id=701 gold=B | joint={'beginner': 'A', 'intermediate': 'B', 'advanced': 'B'} | isolated=None
2026-09-20 10:26:12 | DEBUG    | student_sim | id=702 gold=A | joint={'beginner': 'A', 'intermediate': 'A', 'advanced': 'A'} | isolated=None
2026-09-20 10:26:13 | DEBUG    | student_sim | id=703 gold=B | joint={'beginner': 'A', 'intermediate': 'C', 'advanced': 'C'} | isolated=None
2026-09-20 10:26:13 | INFO     | student_sim |   [ 704/ 884]  79.6% | acc B/I/A  join 0.56/0.92/0.91 | 1.26s/sample | ETA 3.8 min
2026-09-20 10:26:14 | DEBUG    | student_sim | id=704 gold=A | joint={'beginner': 'B', 'intermediate': 'A', 'advanced': 'A'} | isolated=None
2026-09-20 10:26:15 | DEBUG    | student_sim | id=705 gold=C | joint={'beginner': 'B', 'intermediate': 'C', 'advanced': 'C'} | isolated=None
2026-09-20 10:26:17 | DEBUG    | student_sim | id=706 gold=B | joint={'beginner': 'A', 'intermediate': 'D', 'advanced': 'D'} | isolated=None
2026-09-20 10:26:18 | DEBUG    | student_sim | id=707 gold=A | joint={'beginner': 'B', 'intermediate': 'A', 'advanced': 'A'} | isolated=None
2026-09-20 10:26:19 | DEBUG    | student_sim | id=708 gold=D | joint={'beginner': 'C', 'intermediate': 'D', 'advanced': 'D'} | isolated=None
2026-09-20 10:26:20 | DEBUG    | student_sim | id=709 gold=B | joint={'beginner': 'B', 'intermediate': 'B', 'advanced': 'B'} | isolated=None
2026-09-20 10:26:22 | DEBUG    | student_sim | id=710 gold=C | joint={'beginner': 'A', 'intermediate': 'C', 'advanced': 'C'} | isolated=None
2026-09-20 10:26:23 | DEBUG    | student_sim | id=711 gold=A | joint={'beginner': 'A', 'intermediate': 'A', 'advanced': 'A'} | isolated=None
2026-09-20 10:26:24 | DEBUG    | student_sim | id=712 gold=A | joint={'beginner': 'A', 'intermediate': 'A', 'advanced': 'A'} | isolated=None
2026-09-20 10:26:25 | DEBUG    | student_sim | id=713 gold=C | joint={'beginner': 'A', 'intermediate': 'C', 'advanced': 'C'} | isolated=None
2026-09-20 10:26:27 | DEBUG    | student_sim | id=714 gold=A | joint={'beginner': 'A', 'intermediate': 'A', 'advanced': 'A'} | isolated=None
2026-09-20 10:26:28 | DEBUG    | student_sim | id=715 gold=D | joint={'beginner': 'C', 'intermediate': 'D', 'advanced': 'D'} | isolated=None
2026-09-20 10:26:29 | DEBUG    | student_sim | id=716 gold=D | joint={'beginner': 'C', 'intermediate': 'D', 'advanced': 'D'} | isolated=None
2026-09-20 10:26:30 | DEBUG    | student_sim | id=717 gold=C | joint={'beginner': 'C', 'intermediate': 'C', 'advanced': 'C'} | isolated=None
2026-09-20 10:26:32 | DEBUG    | student_sim | id=718 gold=C | joint={'beginner': 'B', 'intermediate': 'C', 'advanced': 'A'} | isolated=None
2026-09-20 10:26:33 | DEBUG    | student_sim | id=719 gold=C | joint={'beginner': 'B', 'intermediate': 'C', 'advanced': 'C'} | isolated=None
2026-09-20 10:26:34 | DEBUG    | student_sim | id=720 gold=D | joint={'beginner': 'D', 'intermediate': 'D', 'advanced': 'D'} | isolated=None
2026-09-20 10:26:35 | DEBUG    | student_sim | id=721 gold=B | joint={'beginner': 'B', 'intermediate': 'B', 'advanced': 'B'} | isolated=None
2026-09-20 10:26:37 | DEBUG    | student_sim | id=722 gold=A | joint={'beginner': 'A', 'intermediate': 'A', 'advanced': 'A'} | isolated=None
2026-09-20 10:26:38 | DEBUG    | student_sim | id=723 gold=D | joint={'beginner': 'B', 'intermediate': 'D', 'advanced': 'D'} | isolated=None
2026-09-20 10:26:39 | DEBUG    | student_sim | id=724 gold=D | joint={'beginner': 'A', 'intermediate': 'D', 'advanced': 'D'} | isolated=None
2026-09-20 10:26:41 | DEBUG    | student_sim | id=725 gold=D | joint={'beginner': 'B', 'intermediate': 'D', 'advanced': 'D'} | isolated=None
2026-09-20 10:26:42 | DEBUG    | student_sim | id=726 gold=B | joint={'beginner': 'B', 'intermediate': 'C', 'advanced': 'C'} | isolated=None
2026-09-20 10:26:43 | DEBUG    | student_sim | id=727 gold=D | joint={'beginner': 'A', 'intermediate': 'D', 'advanced': 'D'} | isolated=None
2026-09-20 10:26:44 | DEBUG    | student_sim | id=728 gold=D | joint={'beginner': 'C', 'intermediate': 'D', 'advanced': 'D'} | isolated=None
2026-09-20 10:26:45 | DEBUG    | student_sim | id=729 gold=C | joint={'beginner': 'C', 'intermediate': 'C', 'advanced': 'C'} | isolated=None
2026-09-20 10:26:47 | DEBUG    | student_sim | id=730 gold=A | joint={'beginner': 'A', 'intermediate': 'A', 'advanced': 'A'} | isolated=None
2026-09-20 10:26:48 | DEBUG    | student_sim | id=731 gold=B | joint={'beginner': 'A', 'intermediate': 'B', 'advanced': 'B'} | isolated=None
2026-09-20 10:26:49 | DEBUG    | student_sim | id=732 gold=A | joint={'beginner': 'A', 'intermediate': 'A', 'advanced': 'A'} | isolated=None
2026-09-20 10:26:50 | DEBUG    | student_sim | id=733 gold=D | joint={'beginner': 'D', 'intermediate': 'D', 'advanced': 'D'} | isolated=None
2026-09-20 10:26:52 | DEBUG    | student_sim | id=734 gold=B | joint={'beginner': 'A', 'intermediate': 'B', 'advanced': 'B'} | isolated=None
2026-09-20 10:26:53 | DEBUG    | student_sim | id=735 gold=D | joint={'beginner': 'A', 'intermediate': 'D', 'advanced': 'D'} | isolated=None
2026-09-20 10:26:54 | DEBUG    | student_sim | id=736 gold=A | joint={'beginner': 'A', 'intermediate': 'A', 'advanced': 'A'} | isolated=None
2026-09-20 10:26:56 | DEBUG    | student_sim | id=737 gold=C | joint={'beginner': 'B', 'intermediate': 'C', 'advanced': 'C'} | isolated=None
2026-09-20 10:26:57 | DEBUG    | student_sim | id=738 gold=B | joint={'beginner': 'B', 'intermediate': 'B', 'advanced': 'B'} | isolated=None
2026-09-20 10:26:58 | DEBUG    | student_sim | id=739 gold=C | joint={'beginner': 'B', 'intermediate': 'C', 'advanced': 'C'} | isolated=None
2026-09-20 10:26:59 | DEBUG    | student_sim | id=740 gold=D | joint={'beginner': 'B', 'intermediate': 'B', 'advanced': 'B'} | isolated=None
2026-09-20 10:27:01 | DEBUG    | student_sim | id=741 gold=D | joint={'beginner': 'A', 'intermediate': 'D', 'advanced': 'D'} | isolated=None
2026-09-20 10:27:02 | DEBUG    | student_sim | id=742 gold=D | joint={'beginner': 'C', 'intermediate': 'D', 'advanced': 'D'} | isolated=None
2026-09-20 10:27:03 | DEBUG    | student_sim | id=743 gold=B | joint={'beginner': 'B', 'intermediate': 'B', 'advanced': 'B'} | isolated=None
2026-09-20 10:27:04 | DEBUG    | student_sim | id=744 gold=B | joint={'beginner': 'B', 'intermediate': 'B', 'advanced': 'B'} | isolated=None
2026-09-20 10:27:06 | DEBUG    | student_sim | id=745 gold=B | joint={'beginner': 'B', 'intermediate': 'B', 'advanced': 'B'} | isolated=None
2026-09-20 10:27:07 | DEBUG    | student_sim | id=746 gold=C | joint={'beginner': 'A', 'intermediate': 'C', 'advanced': 'C'} | isolated=None
2026-09-20 10:27:08 | DEBUG    | student_sim | id=747 gold=C | joint={'beginner': 'A', 'intermediate': 'C', 'advanced': 'C'} | isolated=None
2026-09-20 10:27:08 | INFO     | student_sim |   [ 748/ 884]  84.6% | acc B/I/A  join 0.55/0.92/0.91 | 1.26s/sample | ETA 2.9 min
2026-09-20 10:27:09 | DEBUG    | student_sim | id=748 gold=C | joint={'beginner': 'B', 'intermediate': 'B', 'advanced': 'B'} | isolated=None
2026-09-20 10:27:11 | DEBUG    | student_sim | id=749 gold=B | joint={'beginner': 'B', 'intermediate': 'B', 'advanced': 'B'} | isolated=None
2026-09-20 10:27:12 | DEBUG    | student_sim | id=750 gold=A | joint={'beginner': 'B', 'intermediate': 'A', 'advanced': 'A'} | isolated=None
2026-09-20 10:27:13 | DEBUG    | student_sim | id=751 gold=D | joint={'beginner': 'D', 'intermediate': 'D', 'advanced': 'D'} | isolated=None
2026-09-20 10:27:14 | DEBUG    | student_sim | id=752 gold=A | joint={'beginner': 'D', 'intermediate': 'D', 'advanced': 'D'} | isolated=None
2026-09-20 10:27:16 | DEBUG    | student_sim | id=753 gold=D | joint={'beginner': 'D', 'intermediate': 'D', 'advanced': 'D'} | isolated=None
2026-09-20 10:27:17 | DEBUG    | student_sim | id=754 gold=A | joint={'beginner': 'A', 'intermediate': 'A', 'advanced': 'A'} | isolated=None
2026-09-20 10:27:18 | DEBUG    | student_sim | id=755 gold=C | joint={'beginner': 'B', 'intermediate': 'C', 'advanced': 'C'} | isolated=None
2026-09-20 10:27:20 | DEBUG    | student_sim | id=756 gold=C | joint={'beginner': 'A', 'intermediate': 'C', 'advanced': 'C'} | isolated=None
2026-09-20 10:27:21 | DEBUG    | student_sim | id=757 gold=C | joint={'beginner': 'B', 'intermediate': 'C', 'advanced': 'C'} | isolated=None
2026-09-20 10:27:22 | DEBUG    | student_sim | id=758 gold=B | joint={'beginner': 'B', 'intermediate': 'B', 'advanced': 'B'} | isolated=None
2026-09-20 10:27:23 | DEBUG    | student_sim | id=759 gold=B | joint={'beginner': 'B', 'intermediate': 'B', 'advanced': 'B'} | isolated=None
2026-09-20 10:27:25 | DEBUG    | student_sim | id=760 gold=C | joint={'beginner': 'B', 'intermediate': 'C', 'advanced': 'C'} | isolated=None
2026-09-20 10:27:26 | DEBUG    | student_sim | id=761 gold=B | joint={'beginner': 'A', 'intermediate': 'B', 'advanced': 'B'} | isolated=None
2026-09-20 10:27:27 | DEBUG    | student_sim | id=762 gold=B | joint={'beginner': 'B', 'intermediate': 'B', 'advanced': 'B'} | isolated=None
2026-09-20 10:27:28 | DEBUG    | student_sim | id=763 gold=C | joint={'beginner': 'A', 'intermediate': 'C', 'advanced': 'C'} | isolated=None
2026-09-20 10:27:30 | DEBUG    | student_sim | id=764 gold=B | joint={'beginner': 'A', 'intermediate': 'B', 'advanced': 'B'} | isolated=None
2026-09-20 10:27:31 | DEBUG    | student_sim | id=765 gold=D | joint={'beginner': 'D', 'intermediate': 'D', 'advanced': 'D'} | isolated=None
2026-09-20 10:27:32 | DEBUG    | student_sim | id=766 gold=C | joint={'beginner': 'C', 'intermediate': 'C', 'advanced': 'C'} | isolated=None
2026-09-20 10:27:33 | DEBUG    | student_sim | id=767 gold=C | joint={'beginner': 'A', 'intermediate': 'C', 'advanced': 'C'} | isolated=None
2026-09-20 10:27:35 | DEBUG    | student_sim | id=768 gold=B | joint={'beginner': 'B', 'intermediate': 'B', 'advanced': 'B'} | isolated=None
2026-09-20 10:27:36 | DEBUG    | student_sim | id=769 gold=C | joint={'beginner': 'C', 'intermediate': 'C', 'advanced': 'C'} | isolated=None
2026-09-20 10:27:37 | DEBUG    | student_sim | id=770 gold=C | joint={'beginner': 'C', 'intermediate': 'C', 'advanced': 'C'} | isolated=None
2026-09-20 10:27:38 | DEBUG    | student_sim | id=771 gold=A | joint={'beginner': 'A', 'intermediate': 'A', 'advanced': 'A'} | isolated=None
2026-09-20 10:27:40 | DEBUG    | student_sim | id=772 gold=A | joint={'beginner': 'C', 'intermediate': 'A', 'advanced': 'A'} | isolated=None
2026-09-20 10:27:41 | DEBUG    | student_sim | id=773 gold=A | joint={'beginner': 'A', 'intermediate': 'A', 'advanced': 'A'} | isolated=None
2026-09-20 10:27:42 | DEBUG    | student_sim | id=774 gold=C | joint={'beginner': 'C', 'intermediate': 'C', 'advanced': 'C'} | isolated=None
2026-09-20 10:27:44 | DEBUG    | student_sim | id=775 gold=C | joint={'beginner': 'A', 'intermediate': 'C', 'advanced': 'C'} | isolated=None
2026-09-20 10:27:45 | DEBUG    | student_sim | id=776 gold=B | joint={'beginner': 'A', 'intermediate': 'B', 'advanced': 'B'} | isolated=None
2026-09-20 10:27:46 | DEBUG    | student_sim | id=777 gold=B | joint={'beginner': 'B', 'intermediate': 'B', 'advanced': 'B'} | isolated=None
2026-09-20 10:27:47 | DEBUG    | student_sim | id=778 gold=D | joint={'beginner': 'A', 'intermediate': 'D', 'advanced': 'D'} | isolated=None
2026-09-20 10:27:48 | DEBUG    | student_sim | id=779 gold=C | joint={'beginner': 'B', 'intermediate': 'C', 'advanced': 'C'} | isolated=None
2026-09-20 10:27:50 | DEBUG    | student_sim | id=780 gold=C | joint={'beginner': 'A', 'intermediate': 'C', 'advanced': 'C'} | isolated=None
2026-09-20 10:27:51 | DEBUG    | student_sim | id=781 gold=A | joint={'beginner': 'A', 'intermediate': 'A', 'advanced': 'A'} | isolated=None
2026-09-20 10:27:52 | DEBUG    | student_sim | id=782 gold=A | joint={'beginner': 'B', 'intermediate': 'A', 'advanced': 'A'} | isolated=None
2026-09-20 10:27:54 | DEBUG    | student_sim | id=783 gold=C | joint={'beginner': 'C', 'intermediate': 'C', 'advanced': 'C'} | isolated=None
2026-09-20 10:27:55 | DEBUG    | student_sim | id=784 gold=C | joint={'beginner': 'B', 'intermediate': 'C', 'advanced': 'C'} | isolated=None
2026-09-20 10:27:56 | DEBUG    | student_sim | id=785 gold=B | joint={'beginner': 'B', 'intermediate': 'B', 'advanced': 'B'} | isolated=None
2026-09-20 10:27:57 | DEBUG    | student_sim | id=786 gold=D | joint={'beginner': 'D', 'intermediate': 'D', 'advanced': 'D'} | isolated=None
2026-09-20 10:27:59 | DEBUG    | student_sim | id=787 gold=D | joint={'beginner': 'B', 'intermediate': 'D', 'advanced': 'D'} | isolated=None
2026-09-20 10:28:00 | DEBUG    | student_sim | id=788 gold=C | joint={'beginner': 'B', 'intermediate': 'C', 'advanced': 'C'} | isolated=None
2026-09-20 10:28:01 | DEBUG    | student_sim | id=789 gold=D | joint={'beginner': 'C', 'intermediate': 'D', 'advanced': 'D'} | isolated=None
2026-09-20 10:28:02 | DEBUG    | student_sim | id=790 gold=C | joint={'beginner': 'C', 'intermediate': 'C', 'advanced': 'C'} | isolated=None
2026-09-20 10:28:04 | DEBUG    | student_sim | id=791 gold=C | joint={'beginner': 'C', 'intermediate': 'C', 'advanced': 'C'} | isolated=None
2026-09-20 10:28:04 | INFO     | student_sim |   [ 792/ 884]  89.6% | acc B/I/A  join 0.54/0.92/0.92 | 1.26s/sample | ETA 1.9 min
2026-09-20 10:28:05 | DEBUG    | student_sim | id=792 gold=C | joint={'beginner': 'A', 'intermediate': 'C', 'advanced': 'C'} | isolated=None
2026-09-20 10:28:06 | DEBUG    | student_sim | id=793 gold=A | joint={'beginner': 'A', 'intermediate': 'A', 'advanced': 'A'} | isolated=None
2026-09-20 10:28:07 | DEBUG    | student_sim | id=794 gold=D | joint={'beginner': 'A', 'intermediate': 'D', 'advanced': 'D'} | isolated=None
2026-09-20 10:28:09 | DEBUG    | student_sim | id=795 gold=C | joint={'beginner': 'B', 'intermediate': 'C', 'advanced': 'C'} | isolated=None
2026-09-20 10:28:10 | DEBUG    | student_sim | id=796 gold=C | joint={'beginner': 'C', 'intermediate': 'C', 'advanced': 'C'} | isolated=None
2026-09-20 10:28:11 | DEBUG    | student_sim | id=797 gold=A | joint={'beginner': 'A', 'intermediate': 'A', 'advanced': 'A'} | isolated=None
2026-09-20 10:28:13 | DEBUG    | student_sim | id=798 gold=C | joint={'beginner': 'C', 'intermediate': 'C', 'advanced': 'C'} | isolated=None
2026-09-20 10:28:14 | DEBUG    | student_sim | id=799 gold=B | joint={'beginner': 'B', 'intermediate': 'D', 'advanced': 'D'} | isolated=None
2026-09-20 10:28:15 | DEBUG    | student_sim | id=800 gold=B | joint={'beginner': 'B', 'intermediate': 'C', 'advanced': 'C'} | isolated=None
2026-09-20 10:28:16 | DEBUG    | student_sim | id=801 gold=D | joint={'beginner': 'D', 'intermediate': 'D', 'advanced': 'D'} | isolated=None
2026-09-20 10:28:18 | DEBUG    | student_sim | id=802 gold=A | joint={'beginner': 'B', 'intermediate': 'A', 'advanced': 'A'} | isolated=None
2026-09-20 10:28:19 | DEBUG    | student_sim | id=803 gold=D | joint={'beginner': 'D', 'intermediate': 'D', 'advanced': 'D'} | isolated=None
2026-09-20 10:28:20 | DEBUG    | student_sim | id=804 gold=C | joint={'beginner': 'A', 'intermediate': 'C', 'advanced': 'C'} | isolated=None
2026-09-20 10:28:21 | DEBUG    | student_sim | id=805 gold=A | joint={'beginner': 'A', 'intermediate': 'A', 'advanced': 'A'} | isolated=None
2026-09-20 10:28:23 | DEBUG    | student_sim | id=806 gold=D | joint={'beginner': 'B', 'intermediate': 'D', 'advanced': 'D'} | isolated=None
2026-09-20 10:28:24 | DEBUG    | student_sim | id=807 gold=C | joint={'beginner': 'A', 'intermediate': 'C', 'advanced': 'C'} | isolated=None
2026-09-20 10:28:25 | DEBUG    | student_sim | id=808 gold=C | joint={'beginner': 'C', 'intermediate': 'C', 'advanced': 'C'} | isolated=None
2026-09-20 10:28:26 | DEBUG    | student_sim | id=809 gold=B | joint={'beginner': 'B', 'intermediate': 'B', 'advanced': 'B'} | isolated=None
2026-09-20 10:28:28 | DEBUG    | student_sim | id=810 gold=B | joint={'beginner': 'B', 'intermediate': 'B', 'advanced': 'B'} | isolated=None
2026-09-20 10:28:29 | DEBUG    | student_sim | id=811 gold=B | joint={'beginner': 'B', 'intermediate': 'B', 'advanced': 'B'} | isolated=None
2026-09-20 10:28:30 | DEBUG    | student_sim | id=812 gold=C | joint={'beginner': 'A', 'intermediate': 'C', 'advanced': 'C'} | isolated=None
2026-09-20 10:28:31 | DEBUG    | student_sim | id=813 gold=B | joint={'beginner': 'A', 'intermediate': 'B', 'advanced': 'B'} | isolated=None
2026-09-20 10:28:33 | DEBUG    | student_sim | id=814 gold=A | joint={'beginner': 'A', 'intermediate': 'A', 'advanced': 'A'} | isolated=None
2026-09-20 10:28:34 | DEBUG    | student_sim | id=815 gold=B | joint={'beginner': 'B', 'intermediate': 'B', 'advanced': 'B'} | isolated=None
2026-09-20 10:28:35 | DEBUG    | student_sim | id=816 gold=D | joint={'beginner': 'A', 'intermediate': 'D', 'advanced': 'D'} | isolated=None
2026-09-20 10:28:36 | DEBUG    | student_sim | id=817 gold=D | joint={'beginner': 'B', 'intermediate': 'D', 'advanced': 'D'} | isolated=None
2026-09-20 10:28:38 | DEBUG    | student_sim | id=818 gold=C | joint={'beginner': 'A', 'intermediate': 'C', 'advanced': 'C'} | isolated=None
2026-09-20 10:28:39 | DEBUG    | student_sim | id=819 gold=B | joint={'beginner': 'B', 'intermediate': 'B', 'advanced': 'B'} | isolated=None
2026-09-20 10:28:40 | DEBUG    | student_sim | id=820 gold=A | joint={'beginner': 'A', 'intermediate': 'A', 'advanced': 'A'} | isolated=None
2026-09-20 10:28:41 | DEBUG    | student_sim | id=821 gold=A | joint={'beginner': 'C', 'intermediate': 'A', 'advanced': 'A'} | isolated=None
2026-09-20 10:28:43 | DEBUG    | student_sim | id=822 gold=C | joint={'beginner': 'A', 'intermediate': 'C', 'advanced': 'C'} | isolated=None
2026-09-20 10:28:44 | DEBUG    | student_sim | id=823 gold=D | joint={'beginner': 'D', 'intermediate': 'D', 'advanced': 'D'} | isolated=None
2026-09-20 10:28:45 | DEBUG    | student_sim | id=824 gold=B | joint={'beginner': 'B', 'intermediate': 'B', 'advanced': 'B'} | isolated=None
2026-09-20 10:28:46 | DEBUG    | student_sim | id=825 gold=D | joint={'beginner': 'A', 'intermediate': 'D', 'advanced': 'D'} | isolated=None
2026-09-20 10:28:48 | DEBUG    | student_sim | id=826 gold=B | joint={'beginner': 'B', 'intermediate': 'B', 'advanced': 'B'} | isolated=None
2026-09-20 10:28:49 | DEBUG    | student_sim | id=827 gold=A | joint={'beginner': 'A', 'intermediate': 'A', 'advanced': 'A'} | isolated=None
2026-09-20 10:28:50 | DEBUG    | student_sim | id=828 gold=D | joint={'beginner': 'A', 'intermediate': 'D', 'advanced': 'D'} | isolated=None
2026-09-20 10:28:52 | DEBUG    | student_sim | id=829 gold=A | joint={'beginner': 'A', 'intermediate': 'A', 'advanced': 'A'} | isolated=None
2026-09-20 10:28:53 | DEBUG    | student_sim | id=830 gold=C | joint={'beginner': 'D', 'intermediate': 'C', 'advanced': 'C'} | isolated=None
2026-09-20 10:28:54 | DEBUG    | student_sim | id=831 gold=D | joint={'beginner': 'D', 'intermediate': 'D', 'advanced': 'D'} | isolated=None
2026-09-20 10:28:55 | DEBUG    | student_sim | id=832 gold=A | joint={'beginner': 'A', 'intermediate': 'A', 'advanced': 'A'} | isolated=None
2026-09-20 10:28:57 | DEBUG    | student_sim | id=833 gold=D | joint={'beginner': 'D', 'intermediate': 'D', 'advanced': 'D'} | isolated=None
2026-09-20 10:28:58 | DEBUG    | student_sim | id=834 gold=B | joint={'beginner': 'B', 'intermediate': 'B', 'advanced': 'B'} | isolated=None
2026-09-20 10:28:59 | DEBUG    | student_sim | id=835 gold=B | joint={'beginner': 'B', 'intermediate': 'B', 'advanced': 'B'} | isolated=None
2026-09-20 10:28:59 | INFO     | student_sim |   [ 836/ 884]  94.6% | acc B/I/A  join 0.55/0.92/0.92 | 1.26s/sample | ETA 1.0 min
2026-09-20 10:29:00 | DEBUG    | student_sim | id=836 gold=A | joint={'beginner': 'B', 'intermediate': 'A', 'advanced': 'A'} | isolated=None
2026-09-20 10:29:02 | DEBUG    | student_sim | id=837 gold=D | joint={'beginner': 'C', 'intermediate': 'D', 'advanced': 'D'} | isolated=None
2026-09-20 10:29:03 | DEBUG    | student_sim | id=838 gold=A | joint={'beginner': 'A', 'intermediate': 'A', 'advanced': 'A'} | isolated=None
2026-09-20 10:29:04 | DEBUG    | student_sim | id=839 gold=C | joint={'beginner': 'B', 'intermediate': 'C', 'advanced': 'C'} | isolated=None
2026-09-20 10:29:05 | DEBUG    | student_sim | id=840 gold=A | joint={'beginner': 'A', 'intermediate': 'A', 'advanced': 'A'} | isolated=None
2026-09-20 10:29:07 | DEBUG    | student_sim | id=841 gold=C | joint={'beginner': 'C', 'intermediate': 'C', 'advanced': 'C'} | isolated=None
2026-09-20 10:29:08 | DEBUG    | student_sim | id=842 gold=A | joint={'beginner': 'A', 'intermediate': 'A', 'advanced': 'A'} | isolated=None
2026-09-20 10:29:09 | DEBUG    | student_sim | id=843 gold=B | joint={'beginner': 'B', 'intermediate': 'B', 'advanced': 'B'} | isolated=None
2026-09-20 10:29:11 | DEBUG    | student_sim | id=844 gold=B | joint={'beginner': 'A', 'intermediate': 'B', 'advanced': 'B'} | isolated=None
2026-09-20 10:29:12 | DEBUG    | student_sim | id=845 gold=B | joint={'beginner': 'B', 'intermediate': 'B', 'advanced': 'B'} | isolated=None
2026-09-20 10:29:13 | DEBUG    | student_sim | id=846 gold=C | joint={'beginner': 'C', 'intermediate': 'C', 'advanced': 'C'} | isolated=None
2026-09-20 10:29:14 | DEBUG    | student_sim | id=847 gold=C | joint={'beginner': 'A', 'intermediate': 'C', 'advanced': 'C'} | isolated=None
2026-09-20 10:29:15 | DEBUG    | student_sim | id=848 gold=A | joint={'beginner': 'A', 'intermediate': 'A', 'advanced': 'A'} | isolated=None
2026-09-20 10:29:17 | DEBUG    | student_sim | id=849 gold=A | joint={'beginner': 'B', 'intermediate': 'A', 'advanced': 'A'} | isolated=None
2026-09-20 10:29:18 | DEBUG    | student_sim | id=850 gold=B | joint={'beginner': 'B', 'intermediate': 'B', 'advanced': 'B'} | isolated=None
2026-09-20 10:29:19 | DEBUG    | student_sim | id=851 gold=B | joint={'beginner': 'B', 'intermediate': 'B', 'advanced': 'B'} | isolated=None
2026-09-20 10:29:21 | DEBUG    | student_sim | id=852 gold=B | joint={'beginner': 'B', 'intermediate': 'B', 'advanced': 'B'} | isolated=None
2026-09-20 10:29:22 | DEBUG    | student_sim | id=853 gold=A | joint={'beginner': 'A', 'intermediate': 'A', 'advanced': 'A'} | isolated=None
2026-09-20 10:29:23 | DEBUG    | student_sim | id=854 gold=B | joint={'beginner': 'B', 'intermediate': 'B', 'advanced': 'B'} | isolated=None
2026-09-20 10:29:24 | DEBUG    | student_sim | id=855 gold=A | joint={'beginner': 'A', 'intermediate': 'A', 'advanced': 'A'} | isolated=None
2026-09-20 10:29:25 | DEBUG    | student_sim | id=856 gold=B | joint={'beginner': 'B', 'intermediate': 'B', 'advanced': 'B'} | isolated=None
2026-09-20 10:29:27 | DEBUG    | student_sim | id=857 gold=B | joint={'beginner': 'B', 'intermediate': 'B', 'advanced': 'B'} | isolated=None
2026-09-20 10:29:28 | DEBUG    | student_sim | id=858 gold=D | joint={'beginner': 'A', 'intermediate': 'D', 'advanced': 'D'} | isolated=None
2026-09-20 10:29:29 | DEBUG    | student_sim | id=859 gold=A | joint={'beginner': 'A', 'intermediate': 'A', 'advanced': 'A'} | isolated=None
2026-09-20 10:29:31 | DEBUG    | student_sim | id=860 gold=D | joint={'beginner': 'D', 'intermediate': 'D', 'advanced': 'D'} | isolated=None
2026-09-20 10:29:32 | DEBUG    | student_sim | id=861 gold=A | joint={'beginner': 'A', 'intermediate': 'A', 'advanced': 'A'} | isolated=None
2026-09-20 10:29:33 | DEBUG    | student_sim | id=862 gold=B | joint={'beginner': 'B', 'intermediate': 'B', 'advanced': 'B'} | isolated=None
2026-09-20 10:29:34 | DEBUG    | student_sim | id=863 gold=B | joint={'beginner': 'B', 'intermediate': 'B', 'advanced': 'B'} | isolated=None
2026-09-20 10:29:36 | DEBUG    | student_sim | id=864 gold=A | joint={'beginner': 'A', 'intermediate': 'A', 'advanced': 'A'} | isolated=None
2026-09-20 10:29:37 | DEBUG    | student_sim | id=865 gold=A | joint={'beginner': 'A', 'intermediate': 'A', 'advanced': 'A'} | isolated=None
2026-09-20 10:29:38 | DEBUG    | student_sim | id=866 gold=D | joint={'beginner': 'B', 'intermediate': 'D', 'advanced': 'D'} | isolated=None
2026-09-20 10:29:39 | DEBUG    | student_sim | id=867 gold=D | joint={'beginner': 'A', 'intermediate': 'C', 'advanced': 'C'} | isolated=None
2026-09-20 10:29:41 | DEBUG    | student_sim | id=868 gold=B | joint={'beginner': 'B', 'intermediate': 'B', 'advanced': 'B'} | isolated=None
2026-09-20 10:29:42 | DEBUG    | student_sim | id=869 gold=A | joint={'beginner': 'D', 'intermediate': 'A', 'advanced': 'A'} | isolated=None
2026-09-20 10:29:43 | DEBUG    | student_sim | id=870 gold=D | joint={'beginner': 'D', 'intermediate': 'D', 'advanced': 'D'} | isolated=None
2026-09-20 10:29:45 | DEBUG    | student_sim | id=871 gold=C | joint={'beginner': 'A', 'intermediate': 'C', 'advanced': 'C'} | isolated=None
2026-09-20 10:29:46 | DEBUG    | student_sim | id=872 gold=A | joint={'beginner': 'A', 'intermediate': 'A', 'advanced': 'A'} | isolated=None
2026-09-20 10:29:47 | DEBUG    | student_sim | id=873 gold=B | joint={'beginner': 'B', 'intermediate': 'B', 'advanced': 'B'} | isolated=None
2026-09-20 10:29:48 | DEBUG    | student_sim | id=874 gold=C | joint={'beginner': 'A', 'intermediate': 'C', 'advanced': 'C'} | isolated=None
2026-09-20 10:29:50 | DEBUG    | student_sim | id=875 gold=D | joint={'beginner': 'D', 'intermediate': 'D', 'advanced': 'D'} | isolated=None
2026-09-20 10:29:51 | DEBUG    | student_sim | id=876 gold=D | joint={'beginner': 'A', 'intermediate': 'D', 'advanced': 'D'} | isolated=None
2026-09-20 10:29:52 | DEBUG    | student_sim | id=877 gold=A | joint={'beginner': 'A', 'intermediate': 'A', 'advanced': 'A'} | isolated=None
2026-09-20 10:29:53 | DEBUG    | student_sim | id=878 gold=C | joint={'beginner': 'A', 'intermediate': 'C', 'advanced': 'C'} | isolated=None
2026-09-20 10:29:55 | DEBUG    | student_sim | id=879 gold=B | joint={'beginner': 'B', 'intermediate': 'B', 'advanced': 'B'} | isolated=None
2026-09-20 10:29:55 | INFO     | student_sim |   [ 880/ 884]  99.5% | acc B/I/A  join 0.55/0.93/0.92 | 1.26s/sample | ETA 0.1 min
2026-09-20 10:29:56 | DEBUG    | student_sim | id=880 gold=A | joint={'beginner': 'B', 'intermediate': 'A', 'advanced': 'A'} | isolated=None
2026-09-20 10:29:57 | DEBUG    | student_sim | id=881 gold=C | joint={'beginner': 'B', 'intermediate': 'C', 'advanced': 'C'} | isolated=None
2026-09-20 10:29:58 | DEBUG    | student_sim | id=882 gold=D | joint={'beginner': 'C', 'intermediate': 'D', 'advanced': 'D'} | isolated=None
2026-09-20 10:30:00 | DEBUG    | student_sim | id=883 gold=D | joint={'beginner': 'A', 'intermediate': 'D', 'advanced': 'D'} | isolated=None
2026-09-20 10:30:00 | INFO     | student_sim |   [ 884/ 884] 100.0% | acc B/I/A  join 0.55/0.93/0.92 | 1.26s/sample | ETA 0.0 min
2026-09-20 10:30:00 | INFO     | student_sim | 
2026-09-20 10:30:00 | INFO     | student_sim |   SCIQ -- ACCURACY STRATIFICATION
2026-09-20 10:30:00 | INFO     | student_sim |   ------------------------------------------------------------------------------------------------
2026-09-20 10:30:00 | INFO     | student_sim |     paradigm     beginner   intermediate       advanced        gap   monotone
2026-09-20 10:30:00 | INFO     | student_sim |     joint          0.5520         0.9253         0.9208     0.3688         NO
2026-09-20 10:30:00 | INFO     | student_sim | 
2026-09-20 10:30:00 | INFO     | student_sim |     joint scaffold differentiation pressure (order advanced -> intermediate -> beginner)
2026-09-20 10:30:00 | INFO     | student_sim |       all three tiers distinct        : 0.001 (chance if independent: 0.375)
2026-09-20 10:30:00 | INFO     | student_sim |       last tier (beginner) breaks a tie : 0.440  over 880 agreeing questions
2026-09-20 10:30:00 | INFO     | student_sim |       those breaks that are wrong     : 0.948
2026-09-20 10:30:00 | INFO     | student_sim |       breaks away from correct answer : 0.902
2026-09-20 10:30:00 | INFO     | student_sim | 
2026-09-20 10:30:00 | INFO     | student_sim |     trap-hit rate among errors (random distractor baseline = 0.333)
2026-09-20 10:30:00 | INFO     | student_sim |       joint     beginner      longest 0.303 (n= 231) | stem-overlap 0.737 (n= 19) | lookalike 0.343 (n= 312)
2026-09-20 10:30:00 | INFO     | student_sim |       joint     intermediate  longest 0.316 (n=  38) | stem-overlap 0.500 (n=  2) | lookalike 0.404 (n=  52)
2026-09-20 10:30:00 | INFO     | student_sim |       joint     advanced      longest 0.308 (n=  39) | stem-overlap 0.500 (n=  2) | lookalike 0.382 (n=  55)
2026-09-20 10:30:00 | INFO     | student_sim |   ------------------------------------------------------------------------------------------------
2026-09-20 10:30:00 | INFO     | student_sim |   wrote /kaggle/working/results_persona_simulation_sciq_qwen2.5_7b_order_desc.json
2026-09-20 10:30:00 | INFO     | student_sim | 
2026-09-20 10:30:00 | INFO     | student_sim | ====================================================================================================
2026-09-20 10:30:00 | INFO     | student_sim | DATASET OBQA (allenai/openbookqa, test) -- 500 samples, zero-context (no passage)
2026-09-20 10:30:00 | INFO     | student_sim |   file      : /kaggle/temp/qwen25_persona_project/datasets/openbookqa/obqa_test_full.json
2026-09-20 10:30:00 | INFO     | student_sim |   paradigms : joint
2026-09-20 10:30:00 | INFO     | student_sim |   joint order: advanced -> intermediate -> beginner
2026-09-20 10:30:00 | INFO     | student_sim | ====================================================================================================
2026-09-20 10:30:01 | DEBUG    | student_sim | id=0 gold=B | joint={'beginner': 'B', 'intermediate': 'B', 'advanced': 'B'} | isolated=None
2026-09-20 10:30:02 | DEBUG    | student_sim | id=1 gold=A | joint={'beginner': 'A', 'intermediate': 'A', 'advanced': 'A'} | isolated=None
2026-09-20 10:30:03 | DEBUG    | student_sim | id=2 gold=C | joint={'beginner': 'A', 'intermediate': 'A', 'advanced': 'D'} | isolated=None
2026-09-20 10:30:04 | DEBUG    | student_sim | id=3 gold=C | joint={'beginner': 'C', 'intermediate': 'C', 'advanced': 'C'} | isolated=None
2026-09-20 10:30:05 | DEBUG    | student_sim | id=4 gold=C | joint={'beginner': 'B', 'intermediate': 'C', 'advanced': 'C'} | isolated=None
2026-09-20 10:30:07 | DEBUG    | student_sim | id=5 gold=C | joint={'beginner': 'D', 'intermediate': 'C', 'advanced': 'C'} | isolated=None
2026-09-20 10:30:08 | DEBUG    | student_sim | id=6 gold=C | joint={'beginner': 'D', 'intermediate': 'B', 'advanced': 'B'} | isolated=None
2026-09-20 10:30:09 | DEBUG    | student_sim | id=7 gold=B | joint={'beginner': 'B', 'intermediate': 'B', 'advanced': 'B'} | isolated=None
2026-09-20 10:30:10 | DEBUG    | student_sim | id=8 gold=D | joint={'beginner': 'B', 'intermediate': 'B', 'advanced': 'B'} | isolated=None
2026-09-20 10:30:11 | DEBUG    | student_sim | id=9 gold=B | joint={'beginner': 'D', 'intermediate': 'A', 'advanced': 'A'} | isolated=None
2026-09-20 10:30:12 | DEBUG    | student_sim | id=10 gold=C | joint={'beginner': 'A', 'intermediate': 'C', 'advanced': 'C'} | isolated=None
2026-09-20 10:30:13 | DEBUG    | student_sim | id=11 gold=B | joint={'beginner': 'C', 'intermediate': 'B', 'advanced': 'B'} | isolated=None
2026-09-20 10:30:14 | DEBUG    | student_sim | id=12 gold=C | joint={'beginner': 'C', 'intermediate': 'D', 'advanced': 'D'} | isolated=None
2026-09-20 10:30:15 | DEBUG    | student_sim | id=13 gold=A | joint={'beginner': 'A', 'intermediate': 'A', 'advanced': 'A'} | isolated=None
2026-09-20 10:30:17 | DEBUG    | student_sim | id=14 gold=C | joint={'beginner': 'C', 'intermediate': 'C', 'advanced': 'C'} | isolated=None
2026-09-20 10:30:18 | DEBUG    | student_sim | id=15 gold=D | joint={'beginner': 'B', 'intermediate': 'D', 'advanced': 'D'} | isolated=None
2026-09-20 10:30:19 | DEBUG    | student_sim | id=16 gold=C | joint={'beginner': 'D', 'intermediate': 'C', 'advanced': 'C'} | isolated=None
2026-09-20 10:30:20 | DEBUG    | student_sim | id=17 gold=C | joint={'beginner': 'B', 'intermediate': 'C', 'advanced': 'C'} | isolated=None
2026-09-20 10:30:21 | DEBUG    | student_sim | id=18 gold=A | joint={'beginner': 'D', 'intermediate': 'D', 'advanced': 'D'} | isolated=None
2026-09-20 10:30:22 | DEBUG    | student_sim | id=19 gold=B | joint={'beginner': 'C', 'intermediate': 'C', 'advanced': 'C'} | isolated=None
2026-09-20 10:30:23 | DEBUG    | student_sim | id=20 gold=A | joint={'beginner': 'A', 'intermediate': 'D', 'advanced': 'D'} | isolated=None
2026-09-20 10:30:24 | DEBUG    | student_sim | id=21 gold=A | joint={'beginner': 'A', 'intermediate': 'A', 'advanced': 'A'} | isolated=None
2026-09-20 10:30:25 | DEBUG    | student_sim | id=22 gold=A | joint={'beginner': 'A', 'intermediate': 'A', 'advanced': 'A'} | isolated=None
2026-09-20 10:30:27 | DEBUG    | student_sim | id=23 gold=B | joint={'beginner': 'B', 'intermediate': 'B', 'advanced': 'B'} | isolated=None
2026-09-20 10:30:28 | DEBUG    | student_sim | id=24 gold=B | joint={'beginner': 'A', 'intermediate': 'A', 'advanced': 'A'} | isolated=None
2026-09-20 10:30:28 | INFO     | student_sim |   [  25/ 500]   5.0% | acc B/I/A  join 0.44/0.64/0.64 | 1.12s/sample | ETA 8.8 min
2026-09-20 10:30:29 | DEBUG    | student_sim | id=25 gold=B | joint={'beginner': 'B', 'intermediate': 'D', 'advanced': 'D'} | isolated=None
2026-09-20 10:30:30 | DEBUG    | student_sim | id=26 gold=D | joint={'beginner': 'A', 'intermediate': 'D', 'advanced': 'D'} | isolated=None
2026-09-20 10:30:31 | DEBUG    | student_sim | id=27 gold=A | joint={'beginner': 'B', 'intermediate': 'A', 'advanced': 'A'} | isolated=None
2026-09-20 10:30:32 | DEBUG    | student_sim | id=28 gold=D | joint={'beginner': 'A', 'intermediate': 'D', 'advanced': 'D'} | isolated=None
2026-09-20 10:30:33 | DEBUG    | student_sim | id=29 gold=B | joint={'beginner': 'B', 'intermediate': 'C', 'advanced': 'C'} | isolated=None
2026-09-20 10:30:34 | DEBUG    | student_sim | id=30 gold=C | joint={'beginner': 'C', 'intermediate': 'C', 'advanced': 'C'} | isolated=None
2026-09-20 10:30:36 | DEBUG    | student_sim | id=31 gold=D | joint={'beginner': 'B', 'intermediate': 'D', 'advanced': 'D'} | isolated=None
2026-09-20 10:30:37 | DEBUG    | student_sim | id=32 gold=B | joint={'beginner': 'B', 'intermediate': 'D', 'advanced': 'D'} | isolated=None
2026-09-20 10:30:38 | DEBUG    | student_sim | id=33 gold=A | joint={'beginner': 'B', 'intermediate': 'A', 'advanced': 'A'} | isolated=None
2026-09-20 10:30:39 | DEBUG    | student_sim | id=34 gold=B | joint={'beginner': 'B', 'intermediate': 'C', 'advanced': 'C'} | isolated=None
2026-09-20 10:30:40 | DEBUG    | student_sim | id=35 gold=A | joint={'beginner': 'A', 'intermediate': 'B', 'advanced': 'B'} | isolated=None
2026-09-20 10:30:41 | DEBUG    | student_sim | id=36 gold=A | joint={'beginner': 'A', 'intermediate': 'A', 'advanced': 'A'} | isolated=None
2026-09-20 10:30:42 | DEBUG    | student_sim | id=37 gold=D | joint={'beginner': 'D', 'intermediate': 'D', 'advanced': 'D'} | isolated=None
2026-09-20 10:30:43 | DEBUG    | student_sim | id=38 gold=D | joint={'beginner': 'A', 'intermediate': 'D', 'advanced': 'D'} | isolated=None
2026-09-20 10:30:44 | DEBUG    | student_sim | id=39 gold=A | joint={'beginner': 'A', 'intermediate': 'A', 'advanced': 'A'} | isolated=None
2026-09-20 10:30:46 | DEBUG    | student_sim | id=40 gold=D | joint={'beginner': 'B', 'intermediate': 'D', 'advanced': 'D'} | isolated=None
2026-09-20 10:30:47 | DEBUG    | student_sim | id=41 gold=D | joint={'beginner': 'D', 'intermediate': 'D', 'advanced': 'D'} | isolated=None
2026-09-20 10:30:48 | DEBUG    | student_sim | id=42 gold=A | joint={'beginner': 'A', 'intermediate': 'A', 'advanced': 'A'} | isolated=None
2026-09-20 10:30:49 | DEBUG    | student_sim | id=43 gold=D | joint={'beginner': 'C', 'intermediate': 'D', 'advanced': 'D'} | isolated=None
2026-09-20 10:30:50 | DEBUG    | student_sim | id=44 gold=A | joint={'beginner': 'A', 'intermediate': 'A', 'advanced': 'A'} | isolated=None
2026-09-20 10:30:51 | DEBUG    | student_sim | id=45 gold=A | joint={'beginner': 'B', 'intermediate': 'A', 'advanced': 'A'} | isolated=None
2026-09-20 10:30:52 | DEBUG    | student_sim | id=46 gold=A | joint={'beginner': 'A', 'intermediate': 'A', 'advanced': 'A'} | isolated=None
2026-09-20 10:30:53 | DEBUG    | student_sim | id=47 gold=A | joint={'beginner': 'A', 'intermediate': 'A', 'advanced': 'A'} | isolated=None
2026-09-20 10:30:55 | DEBUG    | student_sim | id=48 gold=B | joint={'beginner': 'C', 'intermediate': 'B', 'advanced': 'B'} | isolated=None
2026-09-20 10:30:56 | DEBUG    | student_sim | id=49 gold=C | joint={'beginner': 'A', 'intermediate': 'C', 'advanced': 'C'} | isolated=None
2026-09-20 10:30:56 | INFO     | student_sim |   [  50/ 500]  10.0% | acc B/I/A  join 0.50/0.72/0.72 | 1.12s/sample | ETA 8.4 min
2026-09-20 10:30:57 | DEBUG    | student_sim | id=50 gold=A | joint={'beginner': 'A', 'intermediate': 'A', 'advanced': 'A'} | isolated=None
2026-09-20 10:30:58 | DEBUG    | student_sim | id=51 gold=D | joint={'beginner': 'C', 'intermediate': 'D', 'advanced': 'D'} | isolated=None
2026-09-20 10:30:59 | DEBUG    | student_sim | id=52 gold=A | joint={'beginner': 'A', 'intermediate': 'A', 'advanced': 'A'} | isolated=None
2026-09-20 10:31:00 | DEBUG    | student_sim | id=53 gold=D | joint={'beginner': 'B', 'intermediate': 'D', 'advanced': 'D'} | isolated=None
2026-09-20 10:31:01 | DEBUG    | student_sim | id=54 gold=C | joint={'beginner': 'B', 'intermediate': 'A', 'advanced': 'A'} | isolated=None
2026-09-20 10:31:02 | DEBUG    | student_sim | id=55 gold=A | joint={'beginner': 'A', 'intermediate': 'C', 'advanced': 'C'} | isolated=None
2026-09-20 10:31:03 | DEBUG    | student_sim | id=56 gold=C | joint={'beginner': 'B', 'intermediate': 'C', 'advanced': 'C'} | isolated=None
2026-09-20 10:31:05 | DEBUG    | student_sim | id=57 gold=D | joint={'beginner': 'C', 'intermediate': 'D', 'advanced': 'D'} | isolated=None
2026-09-20 10:31:06 | DEBUG    | student_sim | id=58 gold=B | joint={'beginner': 'C', 'intermediate': 'B', 'advanced': 'B'} | isolated=None
2026-09-20 10:31:07 | DEBUG    | student_sim | id=59 gold=A | joint={'beginner': 'A', 'intermediate': 'A', 'advanced': 'A'} | isolated=None
2026-09-20 10:31:08 | DEBUG    | student_sim | id=60 gold=C | joint={'beginner': 'A', 'intermediate': 'A', 'advanced': 'A'} | isolated=None
2026-09-20 10:31:09 | DEBUG    | student_sim | id=61 gold=C | joint={'beginner': 'B', 'intermediate': 'C', 'advanced': 'B'} | isolated=None
2026-09-20 10:31:10 | DEBUG    | student_sim | id=62 gold=A | joint={'beginner': 'B', 'intermediate': 'D', 'advanced': 'D'} | isolated=None
2026-09-20 10:31:11 | DEBUG    | student_sim | id=63 gold=B | joint={'beginner': 'B', 'intermediate': 'B', 'advanced': 'B'} | isolated=None
2026-09-20 10:31:13 | DEBUG    | student_sim | id=64 gold=B | joint={'beginner': 'C', 'intermediate': 'B', 'advanced': 'B'} | isolated=None
2026-09-20 10:31:14 | DEBUG    | student_sim | id=65 gold=C | joint={'beginner': 'C', 'intermediate': 'C', 'advanced': 'C'} | isolated=None
2026-09-20 10:31:15 | DEBUG    | student_sim | id=66 gold=A | joint={'beginner': 'D', 'intermediate': 'C', 'advanced': 'C'} | isolated=None
2026-09-20 10:31:16 | DEBUG    | student_sim | id=67 gold=A | joint={'beginner': 'A', 'intermediate': 'A', 'advanced': 'A'} | isolated=None
2026-09-20 10:31:17 | DEBUG    | student_sim | id=68 gold=A | joint={'beginner': 'A', 'intermediate': 'A', 'advanced': 'A'} | isolated=None
2026-09-20 10:31:18 | DEBUG    | student_sim | id=69 gold=D | joint={'beginner': 'A', 'intermediate': 'D', 'advanced': 'D'} | isolated=None
2026-09-20 10:31:19 | DEBUG    | student_sim | id=70 gold=B | joint={'beginner': 'B', 'intermediate': 'B', 'advanced': 'B'} | isolated=None
2026-09-20 10:31:20 | DEBUG    | student_sim | id=71 gold=C | joint={'beginner': 'C', 'intermediate': 'D', 'advanced': 'D'} | isolated=None
2026-09-20 10:31:22 | DEBUG    | student_sim | id=72 gold=C | joint={'beginner': 'C', 'intermediate': 'C', 'advanced': 'C'} | isolated=None
2026-09-20 10:31:23 | DEBUG    | student_sim | id=73 gold=A | joint={'beginner': 'C', 'intermediate': 'A', 'advanced': 'A'} | isolated=None
2026-09-20 10:31:24 | DEBUG    | student_sim | id=74 gold=C | joint={'beginner': 'B', 'intermediate': 'C', 'advanced': 'C'} | isolated=None
2026-09-20 10:31:24 | INFO     | student_sim |   [  75/ 500]  15.0% | acc B/I/A  join 0.48/0.73/0.72 | 1.12s/sample | ETA 7.9 min
2026-09-20 10:31:25 | DEBUG    | student_sim | id=75 gold=C | joint={'beginner': 'A', 'intermediate': 'D', 'advanced': 'D'} | isolated=None
2026-09-20 10:31:26 | DEBUG    | student_sim | id=76 gold=A | joint={'beginner': 'A', 'intermediate': 'A', 'advanced': 'A'} | isolated=None
2026-09-20 10:31:27 | DEBUG    | student_sim | id=77 gold=C | joint={'beginner': 'C', 'intermediate': 'C', 'advanced': 'C'} | isolated=None
2026-09-20 10:31:28 | DEBUG    | student_sim | id=78 gold=B | joint={'beginner': 'B', 'intermediate': 'B', 'advanced': 'B'} | isolated=None
2026-09-20 10:31:29 | DEBUG    | student_sim | id=79 gold=C | joint={'beginner': 'B', 'intermediate': 'C', 'advanced': 'C'} | isolated=None
2026-09-20 10:31:31 | DEBUG    | student_sim | id=80 gold=C | joint={'beginner': 'C', 'intermediate': 'C', 'advanced': 'C'} | isolated=None
2026-09-20 10:31:32 | DEBUG    | student_sim | id=81 gold=A | joint={'beginner': 'A', 'intermediate': 'A', 'advanced': 'D'} | isolated=None
2026-09-20 10:31:33 | DEBUG    | student_sim | id=82 gold=A | joint={'beginner': 'B', 'intermediate': 'A', 'advanced': 'A'} | isolated=None
2026-09-20 10:31:34 | DEBUG    | student_sim | id=83 gold=B | joint={'beginner': 'B', 'intermediate': 'B', 'advanced': 'B'} | isolated=None
2026-09-20 10:31:35 | DEBUG    | student_sim | id=84 gold=D | joint={'beginner': 'B', 'intermediate': 'D', 'advanced': 'D'} | isolated=None
2026-09-20 10:31:36 | DEBUG    | student_sim | id=85 gold=B | joint={'beginner': 'B', 'intermediate': 'B', 'advanced': 'B'} | isolated=None
2026-09-20 10:31:37 | DEBUG    | student_sim | id=86 gold=D | joint={'beginner': 'C', 'intermediate': 'D', 'advanced': 'D'} | isolated=None
2026-09-20 10:31:38 | DEBUG    | student_sim | id=87 gold=D | joint={'beginner': 'B', 'intermediate': 'D', 'advanced': 'D'} | isolated=None
2026-09-20 10:31:40 | DEBUG    | student_sim | id=88 gold=C | joint={'beginner': 'C', 'intermediate': 'C', 'advanced': 'C'} | isolated=None
2026-09-20 10:31:41 | DEBUG    | student_sim | id=89 gold=A | joint={'beginner': 'A', 'intermediate': 'B', 'advanced': 'B'} | isolated=None
2026-09-20 10:31:42 | DEBUG    | student_sim | id=90 gold=A | joint={'beginner': 'C', 'intermediate': 'A', 'advanced': 'A'} | isolated=None
2026-09-20 10:31:43 | DEBUG    | student_sim | id=91 gold=D | joint={'beginner': 'A', 'intermediate': 'B', 'advanced': 'B'} | isolated=None
2026-09-20 10:31:44 | DEBUG    | student_sim | id=92 gold=C | joint={'beginner': 'C', 'intermediate': 'C', 'advanced': 'C'} | isolated=None
2026-09-20 10:31:45 | DEBUG    | student_sim | id=93 gold=A | joint={'beginner': 'A', 'intermediate': 'A', 'advanced': 'A'} | isolated=None
2026-09-20 10:31:46 | DEBUG    | student_sim | id=94 gold=C | joint={'beginner': 'D', 'intermediate': 'C', 'advanced': 'C'} | isolated=None
2026-09-20 10:31:47 | DEBUG    | student_sim | id=95 gold=C | joint={'beginner': 'A', 'intermediate': 'C', 'advanced': 'C'} | isolated=None
2026-09-20 10:31:48 | DEBUG    | student_sim | id=96 gold=C | joint={'beginner': 'C', 'intermediate': 'C', 'advanced': 'C'} | isolated=None
2026-09-20 10:31:50 | DEBUG    | student_sim | id=97 gold=B | joint={'beginner': 'B', 'intermediate': 'B', 'advanced': 'B'} | isolated=None
2026-09-20 10:31:51 | DEBUG    | student_sim | id=98 gold=A | joint={'beginner': 'A', 'intermediate': 'A', 'advanced': 'A'} | isolated=None
2026-09-20 10:31:52 | DEBUG    | student_sim | id=99 gold=C | joint={'beginner': 'C', 'intermediate': 'D', 'advanced': 'D'} | isolated=None
2026-09-20 10:31:52 | INFO     | student_sim |   [ 100/ 500]  20.0% | acc B/I/A  join 0.51/0.76/0.74 | 1.12s/sample | ETA 7.5 min
2026-09-20 10:31:53 | DEBUG    | student_sim | id=100 gold=B | joint={'beginner': 'B', 'intermediate': 'B', 'advanced': 'B'} | isolated=None
2026-09-20 10:31:54 | DEBUG    | student_sim | id=101 gold=B | joint={'beginner': 'C', 'intermediate': 'B', 'advanced': 'B'} | isolated=None
2026-09-20 10:31:55 | DEBUG    | student_sim | id=102 gold=A | joint={'beginner': 'B', 'intermediate': 'A', 'advanced': 'A'} | isolated=None
2026-09-20 10:31:56 | DEBUG    | student_sim | id=103 gold=D | joint={'beginner': 'B', 'intermediate': 'D', 'advanced': 'D'} | isolated=None
2026-09-20 10:31:57 | DEBUG    | student_sim | id=104 gold=B | joint={'beginner': 'D', 'intermediate': 'B', 'advanced': 'B'} | isolated=None
2026-09-20 10:31:58 | DEBUG    | student_sim | id=105 gold=D | joint={'beginner': 'B', 'intermediate': 'D', 'advanced': 'D'} | isolated=None
2026-09-20 10:32:00 | DEBUG    | student_sim | id=106 gold=B | joint={'beginner': 'B', 'intermediate': 'B', 'advanced': 'B'} | isolated=None
2026-09-20 10:32:01 | DEBUG    | student_sim | id=107 gold=A | joint={'beginner': 'A', 'intermediate': 'A', 'advanced': 'A'} | isolated=None
2026-09-20 10:32:02 | DEBUG    | student_sim | id=108 gold=D | joint={'beginner': 'C', 'intermediate': 'D', 'advanced': 'D'} | isolated=None
2026-09-20 10:32:03 | DEBUG    | student_sim | id=109 gold=C | joint={'beginner': 'C', 'intermediate': 'D', 'advanced': 'D'} | isolated=None
2026-09-20 10:32:04 | DEBUG    | student_sim | id=110 gold=C | joint={'beginner': 'D', 'intermediate': 'C', 'advanced': 'C'} | isolated=None
2026-09-20 10:32:05 | DEBUG    | student_sim | id=111 gold=B | joint={'beginner': 'B', 'intermediate': 'C', 'advanced': 'C'} | isolated=None
2026-09-20 10:32:06 | DEBUG    | student_sim | id=112 gold=B | joint={'beginner': 'B', 'intermediate': 'B', 'advanced': 'B'} | isolated=None
2026-09-20 10:32:08 | DEBUG    | student_sim | id=113 gold=C | joint={'beginner': 'A', 'intermediate': 'A', 'advanced': 'A'} | isolated=None
2026-09-20 10:32:09 | DEBUG    | student_sim | id=114 gold=A | joint={'beginner': 'A', 'intermediate': 'D', 'advanced': 'D'} | isolated=None
2026-09-20 10:32:10 | DEBUG    | student_sim | id=115 gold=C | joint={'beginner': 'C', 'intermediate': 'C', 'advanced': 'C'} | isolated=None
2026-09-20 10:32:11 | DEBUG    | student_sim | id=116 gold=D | joint={'beginner': 'A', 'intermediate': 'D', 'advanced': 'D'} | isolated=None
2026-09-20 10:32:12 | DEBUG    | student_sim | id=117 gold=D | joint={'beginner': 'D', 'intermediate': 'D', 'advanced': 'D'} | isolated=None
2026-09-20 10:32:13 | DEBUG    | student_sim | id=118 gold=A | joint={'beginner': 'A', 'intermediate': 'A', 'advanced': 'A'} | isolated=None
2026-09-20 10:32:14 | DEBUG    | student_sim | id=119 gold=B | joint={'beginner': 'C', 'intermediate': 'B', 'advanced': 'B'} | isolated=None
2026-09-20 10:32:15 | DEBUG    | student_sim | id=120 gold=A | joint={'beginner': 'A', 'intermediate': 'A', 'advanced': 'A'} | isolated=None
2026-09-20 10:32:17 | DEBUG    | student_sim | id=121 gold=D | joint={'beginner': 'A', 'intermediate': 'A', 'advanced': 'A'} | isolated=None
2026-09-20 10:32:18 | DEBUG    | student_sim | id=122 gold=A | joint={'beginner': 'B', 'intermediate': 'B', 'advanced': 'B'} | isolated=None
2026-09-20 10:32:19 | DEBUG    | student_sim | id=123 gold=D | joint={'beginner': 'B', 'intermediate': 'D', 'advanced': 'D'} | isolated=None
2026-09-20 10:32:20 | DEBUG    | student_sim | id=124 gold=B | joint={'beginner': 'B', 'intermediate': 'B', 'advanced': 'B'} | isolated=None
2026-09-20 10:32:20 | INFO     | student_sim |   [ 125/ 500]  25.0% | acc B/I/A  join 0.50/0.76/0.74 | 1.12s/sample | ETA 7.0 min
2026-09-20 10:32:21 | DEBUG    | student_sim | id=125 gold=A | joint={'beginner': 'B', 'intermediate': 'D', 'advanced': 'D'} | isolated=None
2026-09-20 10:32:22 | DEBUG    | student_sim | id=126 gold=A | joint={'beginner': 'A', 'intermediate': 'A', 'advanced': 'A'} | isolated=None
2026-09-20 10:32:23 | DEBUG    | student_sim | id=127 gold=D | joint={'beginner': 'B', 'intermediate': 'D', 'advanced': 'D'} | isolated=None
2026-09-20 10:32:24 | DEBUG    | student_sim | id=128 gold=B | joint={'beginner': 'B', 'intermediate': 'D', 'advanced': 'D'} | isolated=None
2026-09-20 10:32:26 | DEBUG    | student_sim | id=129 gold=C | joint={'beginner': 'C', 'intermediate': 'C', 'advanced': 'C'} | isolated=None
2026-09-20 10:32:27 | DEBUG    | student_sim | id=130 gold=B | joint={'beginner': 'B', 'intermediate': 'B', 'advanced': 'B'} | isolated=None
2026-09-20 10:32:28 | DEBUG    | student_sim | id=131 gold=D | joint={'beginner': 'A', 'intermediate': 'D', 'advanced': 'D'} | isolated=None
2026-09-20 10:32:29 | DEBUG    | student_sim | id=132 gold=C | joint={'beginner': 'D', 'intermediate': 'C', 'advanced': 'C'} | isolated=None
2026-09-20 10:32:30 | DEBUG    | student_sim | id=133 gold=A | joint={'beginner': 'A', 'intermediate': 'A', 'advanced': 'A'} | isolated=None
2026-09-20 10:32:31 | DEBUG    | student_sim | id=134 gold=D | joint={'beginner': 'B', 'intermediate': 'D', 'advanced': 'D'} | isolated=None
2026-09-20 10:32:32 | DEBUG    | student_sim | id=135 gold=A | joint={'beginner': 'A', 'intermediate': 'A', 'advanced': 'A'} | isolated=None
2026-09-20 10:32:33 | DEBUG    | student_sim | id=136 gold=D | joint={'beginner': 'D', 'intermediate': 'C', 'advanced': 'C'} | isolated=None
2026-09-20 10:32:35 | DEBUG    | student_sim | id=137 gold=B | joint={'beginner': 'A', 'intermediate': 'B', 'advanced': 'B'} | isolated=None
2026-09-20 10:32:36 | DEBUG    | student_sim | id=138 gold=B | joint={'beginner': 'B', 'intermediate': 'D', 'advanced': 'D'} | isolated=None
2026-09-20 10:32:37 | DEBUG    | student_sim | id=139 gold=A | joint={'beginner': 'C', 'intermediate': 'A', 'advanced': 'D'} | isolated=None
2026-09-20 10:32:38 | DEBUG    | student_sim | id=140 gold=C | joint={'beginner': 'D', 'intermediate': 'D', 'advanced': 'D'} | isolated=None
2026-09-20 10:32:39 | DEBUG    | student_sim | id=141 gold=A | joint={'beginner': 'B', 'intermediate': 'D', 'advanced': 'D'} | isolated=None
2026-09-20 10:32:40 | DEBUG    | student_sim | id=142 gold=D | joint={'beginner': 'C', 'intermediate': 'D', 'advanced': 'D'} | isolated=None
2026-09-20 10:32:41 | DEBUG    | student_sim | id=143 gold=D | joint={'beginner': 'D', 'intermediate': 'D', 'advanced': 'D'} | isolated=None
2026-09-20 10:32:42 | DEBUG    | student_sim | id=144 gold=A | joint={'beginner': 'A', 'intermediate': 'A', 'advanced': 'A'} | isolated=None
2026-09-20 10:32:44 | DEBUG    | student_sim | id=145 gold=D | joint={'beginner': 'D', 'intermediate': 'D', 'advanced': 'D'} | isolated=None
2026-09-20 10:32:45 | DEBUG    | student_sim | id=146 gold=A | joint={'beginner': 'B', 'intermediate': 'C', 'advanced': 'C'} | isolated=None
2026-09-20 10:32:46 | DEBUG    | student_sim | id=147 gold=A | joint={'beginner': 'A', 'intermediate': 'A', 'advanced': 'A'} | isolated=None
2026-09-20 10:32:47 | DEBUG    | student_sim | id=148 gold=A | joint={'beginner': 'B', 'intermediate': 'A', 'advanced': 'A'} | isolated=None
2026-09-20 10:32:48 | DEBUG    | student_sim | id=149 gold=A | joint={'beginner': 'A', 'intermediate': 'A', 'advanced': 'A'} | isolated=None
2026-09-20 10:32:48 | INFO     | student_sim |   [ 150/ 500]  30.0% | acc B/I/A  join 0.51/0.75/0.73 | 1.12s/sample | ETA 6.5 min
2026-09-20 10:32:49 | DEBUG    | student_sim | id=150 gold=C | joint={'beginner': 'C', 'intermediate': 'C', 'advanced': 'C'} | isolated=None
2026-09-20 10:32:50 | DEBUG    | student_sim | id=151 gold=D | joint={'beginner': 'D', 'intermediate': 'D', 'advanced': 'D'} | isolated=None
2026-09-20 10:32:51 | DEBUG    | student_sim | id=152 gold=B | joint={'beginner': 'B', 'intermediate': 'B', 'advanced': 'B'} | isolated=None
2026-09-20 10:32:52 | DEBUG    | student_sim | id=153 gold=C | joint={'beginner': 'A', 'intermediate': 'C', 'advanced': 'C'} | isolated=None
2026-09-20 10:32:54 | DEBUG    | student_sim | id=154 gold=A | joint={'beginner': 'B', 'intermediate': 'A', 'advanced': 'A'} | isolated=None
2026-09-20 10:32:55 | DEBUG    | student_sim | id=155 gold=B | joint={'beginner': 'B', 'intermediate': 'B', 'advanced': 'B'} | isolated=None
2026-09-20 10:32:56 | DEBUG    | student_sim | id=156 gold=A | joint={'beginner': 'A', 'intermediate': 'A', 'advanced': 'A'} | isolated=None
2026-09-20 10:32:57 | DEBUG    | student_sim | id=157 gold=C | joint={'beginner': 'A', 'intermediate': 'C', 'advanced': 'C'} | isolated=None
2026-09-20 10:32:58 | DEBUG    | student_sim | id=158 gold=C | joint={'beginner': 'A', 'intermediate': 'C', 'advanced': 'C'} | isolated=None
2026-09-20 10:32:59 | DEBUG    | student_sim | id=159 gold=B | joint={'beginner': 'B', 'intermediate': 'B', 'advanced': 'B'} | isolated=None
2026-09-20 10:33:00 | DEBUG    | student_sim | id=160 gold=C | joint={'beginner': 'D', 'intermediate': 'C', 'advanced': 'C'} | isolated=None
2026-09-20 10:33:01 | DEBUG    | student_sim | id=161 gold=A | joint={'beginner': 'A', 'intermediate': 'A', 'advanced': 'A'} | isolated=None
2026-09-20 10:33:03 | DEBUG    | student_sim | id=162 gold=B | joint={'beginner': 'B', 'intermediate': 'D', 'advanced': 'D'} | isolated=None
2026-09-20 10:33:04 | DEBUG    | student_sim | id=163 gold=C | joint={'beginner': 'B', 'intermediate': 'B', 'advanced': 'C'} | isolated=None
2026-09-20 10:33:05 | DEBUG    | student_sim | id=164 gold=A | joint={'beginner': 'B', 'intermediate': 'A', 'advanced': 'A'} | isolated=None
2026-09-20 10:33:06 | DEBUG    | student_sim | id=165 gold=C | joint={'beginner': 'C', 'intermediate': 'C', 'advanced': 'C'} | isolated=None
2026-09-20 10:33:07 | DEBUG    | student_sim | id=166 gold=A | joint={'beginner': 'A', 'intermediate': 'A', 'advanced': 'A'} | isolated=None
2026-09-20 10:33:08 | DEBUG    | student_sim | id=167 gold=C | joint={'beginner': 'B', 'intermediate': 'C', 'advanced': 'C'} | isolated=None
2026-09-20 10:33:09 | DEBUG    | student_sim | id=168 gold=C | joint={'beginner': 'A', 'intermediate': 'C', 'advanced': 'C'} | isolated=None
2026-09-20 10:33:10 | DEBUG    | student_sim | id=169 gold=B | joint={'beginner': 'B', 'intermediate': 'B', 'advanced': 'B'} | isolated=None
2026-09-20 10:33:11 | DEBUG    | student_sim | id=170 gold=C | joint={'beginner': 'B', 'intermediate': 'C', 'advanced': 'C'} | isolated=None
2026-09-20 10:33:13 | DEBUG    | student_sim | id=171 gold=A | joint={'beginner': 'A', 'intermediate': 'A', 'advanced': 'A'} | isolated=None
2026-09-20 10:33:14 | DEBUG    | student_sim | id=172 gold=C | joint={'beginner': 'C', 'intermediate': 'D', 'advanced': 'D'} | isolated=None
2026-09-20 10:33:15 | DEBUG    | student_sim | id=173 gold=A | joint={'beginner': 'A', 'intermediate': 'A', 'advanced': 'A'} | isolated=None
2026-09-20 10:33:16 | DEBUG    | student_sim | id=174 gold=B | joint={'beginner': 'B', 'intermediate': 'B', 'advanced': 'B'} | isolated=None
2026-09-20 10:33:16 | INFO     | student_sim |   [ 175/ 500]  35.0% | acc B/I/A  join 0.52/0.77/0.76 | 1.12s/sample | ETA 6.1 min
2026-09-20 10:33:17 | DEBUG    | student_sim | id=175 gold=B | joint={'beginner': 'D', 'intermediate': 'C', 'advanced': 'B'} | isolated=None
2026-09-20 10:33:18 | DEBUG    | student_sim | id=176 gold=B | joint={'beginner': 'B', 'intermediate': 'B', 'advanced': 'B'} | isolated=None
2026-09-20 10:33:19 | DEBUG    | student_sim | id=177 gold=A | joint={'beginner': 'A', 'intermediate': 'A', 'advanced': 'A'} | isolated=None
2026-09-20 10:33:20 | DEBUG    | student_sim | id=178 gold=D | joint={'beginner': 'A', 'intermediate': 'D', 'advanced': 'D'} | isolated=None
2026-09-20 10:33:22 | DEBUG    | student_sim | id=179 gold=B | joint={'beginner': 'B', 'intermediate': 'D', 'advanced': 'D'} | isolated=None
2026-09-20 10:33:23 | DEBUG    | student_sim | id=180 gold=C | joint={'beginner': 'D', 'intermediate': 'C', 'advanced': 'C'} | isolated=None
2026-09-20 10:33:24 | DEBUG    | student_sim | id=181 gold=C | joint={'beginner': 'B', 'intermediate': 'C', 'advanced': 'C'} | isolated=None
2026-09-20 10:33:25 | DEBUG    | student_sim | id=182 gold=C | joint={'beginner': 'C', 'intermediate': 'C', 'advanced': 'C'} | isolated=None
2026-09-20 10:33:26 | DEBUG    | student_sim | id=183 gold=C | joint={'beginner': 'D', 'intermediate': 'C', 'advanced': 'C'} | isolated=None
2026-09-20 10:33:27 | DEBUG    | student_sim | id=184 gold=D | joint={'beginner': 'D', 'intermediate': 'D', 'advanced': 'D'} | isolated=None
2026-09-20 10:33:28 | DEBUG    | student_sim | id=185 gold=A | joint={'beginner': 'D', 'intermediate': 'A', 'advanced': 'A'} | isolated=None
2026-09-20 10:33:29 | DEBUG    | student_sim | id=186 gold=D | joint={'beginner': 'A', 'intermediate': 'D', 'advanced': 'D'} | isolated=None
2026-09-20 10:33:31 | DEBUG    | student_sim | id=187 gold=C | joint={'beginner': 'C', 'intermediate': 'C', 'advanced': 'C'} | isolated=None
2026-09-20 10:33:32 | DEBUG    | student_sim | id=188 gold=D | joint={'beginner': 'C', 'intermediate': 'D', 'advanced': 'D'} | isolated=None
2026-09-20 10:33:33 | DEBUG    | student_sim | id=189 gold=C | joint={'beginner': 'B', 'intermediate': 'C', 'advanced': 'C'} | isolated=None
2026-09-20 10:33:34 | DEBUG    | student_sim | id=190 gold=C | joint={'beginner': 'D', 'intermediate': 'D', 'advanced': 'D'} | isolated=None
2026-09-20 10:33:35 | DEBUG    | student_sim | id=191 gold=B | joint={'beginner': 'C', 'intermediate': 'B', 'advanced': 'B'} | isolated=None
2026-09-20 10:33:36 | DEBUG    | student_sim | id=192 gold=D | joint={'beginner': 'A', 'intermediate': 'D', 'advanced': 'D'} | isolated=None
2026-09-20 10:33:37 | DEBUG    | student_sim | id=193 gold=A | joint={'beginner': 'A', 'intermediate': 'A', 'advanced': 'A'} | isolated=None
2026-09-20 10:33:38 | DEBUG    | student_sim | id=194 gold=C | joint={'beginner': 'B', 'intermediate': 'D', 'advanced': 'D'} | isolated=None
2026-09-20 10:33:39 | DEBUG    | student_sim | id=195 gold=B | joint={'beginner': 'B', 'intermediate': 'B', 'advanced': 'C'} | isolated=None
2026-09-20 10:33:41 | DEBUG    | student_sim | id=196 gold=A | joint={'beginner': 'A', 'intermediate': 'D', 'advanced': 'D'} | isolated=None
2026-09-20 10:33:42 | DEBUG    | student_sim | id=197 gold=A | joint={'beginner': 'A', 'intermediate': 'A', 'advanced': 'A'} | isolated=None
2026-09-20 10:33:43 | DEBUG    | student_sim | id=198 gold=C | joint={'beginner': 'D', 'intermediate': 'C', 'advanced': 'C'} | isolated=None
2026-09-20 10:33:44 | DEBUG    | student_sim | id=199 gold=C | joint={'beginner': 'C', 'intermediate': 'C', 'advanced': 'C'} | isolated=None
2026-09-20 10:33:44 | INFO     | student_sim |   [ 200/ 500]  40.0% | acc B/I/A  join 0.51/0.78/0.77 | 1.12s/sample | ETA 5.6 min
2026-09-20 10:33:45 | DEBUG    | student_sim | id=200 gold=D | joint={'beginner': 'D', 'intermediate': 'D', 'advanced': 'D'} | isolated=None
2026-09-20 10:33:46 | DEBUG    | student_sim | id=201 gold=D | joint={'beginner': 'A', 'intermediate': 'D', 'advanced': 'D'} | isolated=None
2026-09-20 10:33:47 | DEBUG    | student_sim | id=202 gold=C | joint={'beginner': 'D', 'intermediate': 'C', 'advanced': 'C'} | isolated=None
2026-09-20 10:33:48 | DEBUG    | student_sim | id=203 gold=A | joint={'beginner': 'A', 'intermediate': 'D', 'advanced': 'D'} | isolated=None
2026-09-20 10:33:50 | DEBUG    | student_sim | id=204 gold=C | joint={'beginner': 'C', 'intermediate': 'C', 'advanced': 'C'} | isolated=None
2026-09-20 10:33:51 | DEBUG    | student_sim | id=205 gold=C | joint={'beginner': 'C', 'intermediate': 'C', 'advanced': 'C'} | isolated=None
2026-09-20 10:33:52 | DEBUG    | student_sim | id=206 gold=D | joint={'beginner': 'C', 'intermediate': 'D', 'advanced': 'D'} | isolated=None
2026-09-20 10:33:53 | DEBUG    | student_sim | id=207 gold=D | joint={'beginner': 'B', 'intermediate': 'D', 'advanced': 'D'} | isolated=None
2026-09-20 10:33:54 | DEBUG    | student_sim | id=208 gold=B | joint={'beginner': 'D', 'intermediate': 'B', 'advanced': 'B'} | isolated=None
2026-09-20 10:33:55 | DEBUG    | student_sim | id=209 gold=A | joint={'beginner': 'A', 'intermediate': 'A', 'advanced': 'A'} | isolated=None
2026-09-20 10:33:56 | DEBUG    | student_sim | id=210 gold=B | joint={'beginner': 'B', 'intermediate': 'B', 'advanced': 'B'} | isolated=None
2026-09-20 10:33:57 | DEBUG    | student_sim | id=211 gold=B | joint={'beginner': 'A', 'intermediate': 'A', 'advanced': 'A'} | isolated=None
2026-09-20 10:33:59 | DEBUG    | student_sim | id=212 gold=D | joint={'beginner': 'B', 'intermediate': 'D', 'advanced': 'D'} | isolated=None
2026-09-20 10:34:00 | DEBUG    | student_sim | id=213 gold=B | joint={'beginner': 'B', 'intermediate': 'B', 'advanced': 'B'} | isolated=None
2026-09-20 10:34:01 | DEBUG    | student_sim | id=214 gold=B | joint={'beginner': 'A', 'intermediate': 'B', 'advanced': 'B'} | isolated=None
2026-09-20 10:34:02 | DEBUG    | student_sim | id=215 gold=C | joint={'beginner': 'D', 'intermediate': 'C', 'advanced': 'C'} | isolated=None
2026-09-20 10:34:03 | DEBUG    | student_sim | id=216 gold=C | joint={'beginner': 'C', 'intermediate': 'B', 'advanced': 'B'} | isolated=None
2026-09-20 10:34:04 | DEBUG    | student_sim | id=217 gold=D | joint={'beginner': 'A', 'intermediate': 'D', 'advanced': 'D'} | isolated=None
2026-09-20 10:34:05 | DEBUG    | student_sim | id=218 gold=D | joint={'beginner': 'D', 'intermediate': 'D', 'advanced': 'D'} | isolated=None
2026-09-20 10:34:06 | DEBUG    | student_sim | id=219 gold=A | joint={'beginner': 'A', 'intermediate': 'A', 'advanced': 'A'} | isolated=None
2026-09-20 10:34:08 | DEBUG    | student_sim | id=220 gold=A | joint={'beginner': 'A', 'intermediate': 'A', 'advanced': 'A'} | isolated=None
2026-09-20 10:34:09 | DEBUG    | student_sim | id=221 gold=D | joint={'beginner': 'B', 'intermediate': 'D', 'advanced': 'D'} | isolated=None
2026-09-20 10:34:10 | DEBUG    | student_sim | id=222 gold=A | joint={'beginner': 'A', 'intermediate': 'A', 'advanced': 'C'} | isolated=None
2026-09-20 10:34:11 | DEBUG    | student_sim | id=223 gold=D | joint={'beginner': 'A', 'intermediate': 'D', 'advanced': 'D'} | isolated=None
2026-09-20 10:34:12 | DEBUG    | student_sim | id=224 gold=B | joint={'beginner': 'B', 'intermediate': 'B', 'advanced': 'B'} | isolated=None
2026-09-20 10:34:12 | INFO     | student_sim |   [ 225/ 500]  45.0% | acc B/I/A  join 0.51/0.79/0.77 | 1.12s/sample | ETA 5.1 min
2026-09-20 10:34:13 | DEBUG    | student_sim | id=225 gold=C | joint={'beginner': 'B', 'intermediate': 'C', 'advanced': 'C'} | isolated=None
2026-09-20 10:34:14 | DEBUG    | student_sim | id=226 gold=D | joint={'beginner': 'D', 'intermediate': 'D', 'advanced': 'D'} | isolated=None
2026-09-20 10:34:15 | DEBUG    | student_sim | id=227 gold=B | joint={'beginner': 'B', 'intermediate': 'B', 'advanced': 'B'} | isolated=None
2026-09-20 10:34:16 | DEBUG    | student_sim | id=228 gold=B | joint={'beginner': 'B', 'intermediate': 'B', 'advanced': 'A'} | isolated=None
2026-09-20 10:34:18 | DEBUG    | student_sim | id=229 gold=B | joint={'beginner': 'A', 'intermediate': 'B', 'advanced': 'B'} | isolated=None
2026-09-20 10:34:19 | DEBUG    | student_sim | id=230 gold=D | joint={'beginner': 'B', 'intermediate': 'D', 'advanced': 'D'} | isolated=None
2026-09-20 10:34:20 | DEBUG    | student_sim | id=231 gold=B | joint={'beginner': 'B', 'intermediate': 'B', 'advanced': 'B'} | isolated=None
2026-09-20 10:34:21 | DEBUG    | student_sim | id=232 gold=A | joint={'beginner': 'A', 'intermediate': 'D', 'advanced': 'D'} | isolated=None
2026-09-20 10:34:22 | DEBUG    | student_sim | id=233 gold=C | joint={'beginner': 'B', 'intermediate': 'C', 'advanced': 'C'} | isolated=None
2026-09-20 10:34:23 | DEBUG    | student_sim | id=234 gold=C | joint={'beginner': 'D', 'intermediate': 'C', 'advanced': 'C'} | isolated=None
2026-09-20 10:34:24 | DEBUG    | student_sim | id=235 gold=B | joint={'beginner': 'D', 'intermediate': 'D', 'advanced': 'D'} | isolated=None
2026-09-20 10:34:25 | DEBUG    | student_sim | id=236 gold=A | joint={'beginner': 'B', 'intermediate': 'D', 'advanced': 'D'} | isolated=None
2026-09-20 10:34:27 | DEBUG    | student_sim | id=237 gold=A | joint={'beginner': 'D', 'intermediate': 'B', 'advanced': 'B'} | isolated=None
2026-09-20 10:34:28 | DEBUG    | student_sim | id=238 gold=C | joint={'beginner': 'B', 'intermediate': 'C', 'advanced': 'C'} | isolated=None
2026-09-20 10:34:29 | DEBUG    | student_sim | id=239 gold=D | joint={'beginner': 'B', 'intermediate': 'D', 'advanced': 'D'} | isolated=None
2026-09-20 10:34:30 | DEBUG    | student_sim | id=240 gold=A | joint={'beginner': 'A', 'intermediate': 'A', 'advanced': 'A'} | isolated=None
2026-09-20 10:34:31 | DEBUG    | student_sim | id=241 gold=D | joint={'beginner': 'D', 'intermediate': 'D', 'advanced': 'D'} | isolated=None
2026-09-20 10:34:32 | DEBUG    | student_sim | id=242 gold=D | joint={'beginner': 'B', 'intermediate': 'D', 'advanced': 'D'} | isolated=None
2026-09-20 10:34:33 | DEBUG    | student_sim | id=243 gold=B | joint={'beginner': 'B', 'intermediate': 'D', 'advanced': 'D'} | isolated=None
2026-09-20 10:34:34 | DEBUG    | student_sim | id=244 gold=A | joint={'beginner': 'A', 'intermediate': 'A', 'advanced': 'A'} | isolated=None
2026-09-20 10:34:36 | DEBUG    | student_sim | id=245 gold=A | joint={'beginner': 'B', 'intermediate': 'A', 'advanced': 'A'} | isolated=None
2026-09-20 10:34:37 | DEBUG    | student_sim | id=246 gold=A | joint={'beginner': 'B', 'intermediate': 'A', 'advanced': 'A'} | isolated=None
2026-09-20 10:34:38 | DEBUG    | student_sim | id=247 gold=C | joint={'beginner': 'C', 'intermediate': 'C', 'advanced': 'C'} | isolated=None
2026-09-20 10:34:39 | DEBUG    | student_sim | id=248 gold=D | joint={'beginner': 'C', 'intermediate': 'D', 'advanced': 'D'} | isolated=None
2026-09-20 10:34:40 | DEBUG    | student_sim | id=249 gold=D | joint={'beginner': 'D', 'intermediate': 'D', 'advanced': 'D'} | isolated=None
2026-09-20 10:34:40 | INFO     | student_sim |   [ 250/ 500]  50.0% | acc B/I/A  join 0.50/0.79/0.77 | 1.12s/sample | ETA 4.7 min
2026-09-20 10:34:41 | DEBUG    | student_sim | id=250 gold=D | joint={'beginner': 'B', 'intermediate': 'D', 'advanced': 'D'} | isolated=None
2026-09-20 10:34:42 | DEBUG    | student_sim | id=251 gold=B | joint={'beginner': 'B', 'intermediate': 'B', 'advanced': 'B'} | isolated=None
2026-09-20 10:34:43 | DEBUG    | student_sim | id=252 gold=C | joint={'beginner': 'C', 'intermediate': 'C', 'advanced': 'C'} | isolated=None
2026-09-20 10:34:44 | DEBUG    | student_sim | id=253 gold=A | joint={'beginner': 'A', 'intermediate': 'A', 'advanced': 'A'} | isolated=None
2026-09-20 10:34:46 | DEBUG    | student_sim | id=254 gold=B | joint={'beginner': 'B', 'intermediate': 'A', 'advanced': 'A'} | isolated=None
2026-09-20 10:34:47 | DEBUG    | student_sim | id=255 gold=D | joint={'beginner': 'B', 'intermediate': 'D', 'advanced': 'D'} | isolated=None
2026-09-20 10:34:48 | DEBUG    | student_sim | id=256 gold=D | joint={'beginner': 'A', 'intermediate': 'D', 'advanced': 'D'} | isolated=None
2026-09-20 10:34:49 | DEBUG    | student_sim | id=257 gold=A | joint={'beginner': 'A', 'intermediate': 'A', 'advanced': 'A'} | isolated=None
2026-09-20 10:34:50 | DEBUG    | student_sim | id=258 gold=D | joint={'beginner': 'C', 'intermediate': 'D', 'advanced': 'D'} | isolated=None
2026-09-20 10:34:51 | DEBUG    | student_sim | id=259 gold=D | joint={'beginner': 'B', 'intermediate': 'D', 'advanced': 'D'} | isolated=None
2026-09-20 10:34:52 | DEBUG    | student_sim | id=260 gold=B | joint={'beginner': 'B', 'intermediate': 'B', 'advanced': 'B'} | isolated=None
2026-09-20 10:34:53 | DEBUG    | student_sim | id=261 gold=B | joint={'beginner': 'C', 'intermediate': 'C', 'advanced': 'C'} | isolated=None
2026-09-20 10:34:55 | DEBUG    | student_sim | id=262 gold=B | joint={'beginner': 'C', 'intermediate': 'C', 'advanced': 'C'} | isolated=None
2026-09-20 10:34:56 | DEBUG    | student_sim | id=263 gold=B | joint={'beginner': 'B', 'intermediate': 'D', 'advanced': 'D'} | isolated=None
2026-09-20 10:34:57 | DEBUG    | student_sim | id=264 gold=C | joint={'beginner': 'B', 'intermediate': 'C', 'advanced': 'D'} | isolated=None
2026-09-20 10:34:58 | DEBUG    | student_sim | id=265 gold=D | joint={'beginner': 'A', 'intermediate': 'D', 'advanced': 'D'} | isolated=None
2026-09-20 10:34:59 | DEBUG    | student_sim | id=266 gold=A | joint={'beginner': 'A', 'intermediate': 'A', 'advanced': 'A'} | isolated=None
2026-09-20 10:35:00 | DEBUG    | student_sim | id=267 gold=C | joint={'beginner': 'A', 'intermediate': 'A', 'advanced': 'A'} | isolated=None
2026-09-20 10:35:01 | DEBUG    | student_sim | id=268 gold=D | joint={'beginner': 'C', 'intermediate': 'D', 'advanced': 'D'} | isolated=None
2026-09-20 10:35:02 | DEBUG    | student_sim | id=269 gold=D | joint={'beginner': 'D', 'intermediate': 'A', 'advanced': 'A'} | isolated=None
2026-09-20 10:35:04 | DEBUG    | student_sim | id=270 gold=C | joint={'beginner': 'C', 'intermediate': 'D', 'advanced': 'D'} | isolated=None
2026-09-20 10:35:05 | DEBUG    | student_sim | id=271 gold=A | joint={'beginner': 'A', 'intermediate': 'A', 'advanced': 'A'} | isolated=None
2026-09-20 10:35:06 | DEBUG    | student_sim | id=272 gold=B | joint={'beginner': 'B', 'intermediate': 'B', 'advanced': 'B'} | isolated=None
2026-09-20 10:35:07 | DEBUG    | student_sim | id=273 gold=D | joint={'beginner': 'B', 'intermediate': 'D', 'advanced': 'D'} | isolated=None
2026-09-20 10:35:08 | DEBUG    | student_sim | id=274 gold=D | joint={'beginner': 'B', 'intermediate': 'D', 'advanced': 'D'} | isolated=None
2026-09-20 10:35:08 | INFO     | student_sim |   [ 275/ 500]  55.0% | acc B/I/A  join 0.50/0.78/0.76 | 1.12s/sample | ETA 4.2 min
2026-09-20 10:35:09 | DEBUG    | student_sim | id=275 gold=D | joint={'beginner': 'D', 'intermediate': 'D', 'advanced': 'D'} | isolated=None
2026-09-20 10:35:10 | DEBUG    | student_sim | id=276 gold=B | joint={'beginner': 'B', 'intermediate': 'B', 'advanced': 'B'} | isolated=None
2026-09-20 10:35:11 | DEBUG    | student_sim | id=277 gold=C | joint={'beginner': 'B', 'intermediate': 'D', 'advanced': 'C'} | isolated=None
2026-09-20 10:35:13 | DEBUG    | student_sim | id=278 gold=D | joint={'beginner': 'B', 'intermediate': 'D', 'advanced': 'D'} | isolated=None
2026-09-20 10:35:14 | DEBUG    | student_sim | id=279 gold=B | joint={'beginner': 'B', 'intermediate': 'A', 'advanced': 'A'} | isolated=None
2026-09-20 10:35:15 | DEBUG    | student_sim | id=280 gold=A | joint={'beginner': 'B', 'intermediate': 'A', 'advanced': 'A'} | isolated=None
2026-09-20 10:35:16 | DEBUG    | student_sim | id=281 gold=D | joint={'beginner': 'B', 'intermediate': 'D', 'advanced': 'D'} | isolated=None
2026-09-20 10:35:17 | DEBUG    | student_sim | id=282 gold=C | joint={'beginner': 'A', 'intermediate': 'A', 'advanced': 'A'} | isolated=None
2026-09-20 10:35:18 | DEBUG    | student_sim | id=283 gold=D | joint={'beginner': 'B', 'intermediate': 'D', 'advanced': 'D'} | isolated=None
2026-09-20 10:35:19 | DEBUG    | student_sim | id=284 gold=B | joint={'beginner': 'B', 'intermediate': 'B', 'advanced': 'B'} | isolated=None
2026-09-20 10:35:20 | DEBUG    | student_sim | id=285 gold=A | joint={'beginner': 'A', 'intermediate': 'A', 'advanced': 'A'} | isolated=None
2026-09-20 10:35:21 | DEBUG    | student_sim | id=286 gold=B | joint={'beginner': 'B', 'intermediate': 'B', 'advanced': 'B'} | isolated=None
2026-09-20 10:35:23 | DEBUG    | student_sim | id=287 gold=B | joint={'beginner': 'C', 'intermediate': 'B', 'advanced': 'B'} | isolated=None
2026-09-20 10:35:24 | DEBUG    | student_sim | id=288 gold=B | joint={'beginner': 'B', 'intermediate': 'B', 'advanced': 'B'} | isolated=None
2026-09-20 10:35:25 | DEBUG    | student_sim | id=289 gold=A | joint={'beginner': 'C', 'intermediate': 'A', 'advanced': 'A'} | isolated=None
2026-09-20 10:35:26 | DEBUG    | student_sim | id=290 gold=A | joint={'beginner': 'A', 'intermediate': 'A', 'advanced': 'A'} | isolated=None
2026-09-20 10:35:27 | DEBUG    | student_sim | id=291 gold=C | joint={'beginner': 'C', 'intermediate': 'C', 'advanced': 'D'} | isolated=None
2026-09-20 10:35:28 | DEBUG    | student_sim | id=292 gold=C | joint={'beginner': 'C', 'intermediate': 'C', 'advanced': 'C'} | isolated=None
2026-09-20 10:35:29 | DEBUG    | student_sim | id=293 gold=A | joint={'beginner': 'B', 'intermediate': 'C', 'advanced': 'C'} | isolated=None
2026-09-20 10:35:30 | DEBUG    | student_sim | id=294 gold=A | joint={'beginner': 'D', 'intermediate': 'D', 'advanced': 'D'} | isolated=None
2026-09-20 10:35:32 | DEBUG    | student_sim | id=295 gold=A | joint={'beginner': 'A', 'intermediate': 'A', 'advanced': 'A'} | isolated=None
2026-09-20 10:35:33 | DEBUG    | student_sim | id=296 gold=D | joint={'beginner': 'B', 'intermediate': 'D', 'advanced': 'D'} | isolated=None
2026-09-20 10:35:34 | DEBUG    | student_sim | id=297 gold=C | joint={'beginner': 'D', 'intermediate': 'C', 'advanced': 'C'} | isolated=None
2026-09-20 10:35:35 | DEBUG    | student_sim | id=298 gold=C | joint={'beginner': 'C', 'intermediate': 'C', 'advanced': 'C'} | isolated=None
2026-09-20 10:35:36 | DEBUG    | student_sim | id=299 gold=A | joint={'beginner': 'B', 'intermediate': 'A', 'advanced': 'A'} | isolated=None
2026-09-20 10:35:36 | INFO     | student_sim |   [ 300/ 500]  60.0% | acc B/I/A  join 0.50/0.78/0.77 | 1.12s/sample | ETA 3.7 min
2026-09-20 10:35:37 | DEBUG    | student_sim | id=300 gold=B | joint={'beginner': 'A', 'intermediate': 'B', 'advanced': 'B'} | isolated=None
2026-09-20 10:35:38 | DEBUG    | student_sim | id=301 gold=D | joint={'beginner': 'A', 'intermediate': 'D', 'advanced': 'D'} | isolated=None
2026-09-20 10:35:39 | DEBUG    | student_sim | id=302 gold=D | joint={'beginner': 'A', 'intermediate': 'D', 'advanced': 'D'} | isolated=None
2026-09-20 10:35:40 | DEBUG    | student_sim | id=303 gold=A | joint={'beginner': 'A', 'intermediate': 'A', 'advanced': 'A'} | isolated=None
2026-09-20 10:35:42 | DEBUG    | student_sim | id=304 gold=C | joint={'beginner': 'B', 'intermediate': 'C', 'advanced': 'C'} | isolated=None
2026-09-20 10:35:43 | DEBUG    | student_sim | id=305 gold=A | joint={'beginner': 'C', 'intermediate': 'A', 'advanced': 'A'} | isolated=None
2026-09-20 10:35:44 | DEBUG    | student_sim | id=306 gold=C | joint={'beginner': 'A', 'intermediate': 'C', 'advanced': 'C'} | isolated=None
2026-09-20 10:35:45 | DEBUG    | student_sim | id=307 gold=B | joint={'beginner': 'B', 'intermediate': 'B', 'advanced': 'B'} | isolated=None
2026-09-20 10:35:46 | DEBUG    | student_sim | id=308 gold=C | joint={'beginner': 'A', 'intermediate': 'D', 'advanced': 'D'} | isolated=None
2026-09-20 10:35:47 | DEBUG    | student_sim | id=309 gold=B | joint={'beginner': 'B', 'intermediate': 'B', 'advanced': 'B'} | isolated=None
2026-09-20 10:35:48 | DEBUG    | student_sim | id=310 gold=B | joint={'beginner': 'B', 'intermediate': 'D', 'advanced': 'D'} | isolated=None
2026-09-20 10:35:49 | DEBUG    | student_sim | id=311 gold=A | joint={'beginner': 'A', 'intermediate': 'A', 'advanced': 'A'} | isolated=None
2026-09-20 10:35:51 | DEBUG    | student_sim | id=312 gold=B | joint={'beginner': 'B', 'intermediate': 'B', 'advanced': 'B'} | isolated=None
2026-09-20 10:35:52 | DEBUG    | student_sim | id=313 gold=D | joint={'beginner': 'C', 'intermediate': 'D', 'advanced': 'D'} | isolated=None
2026-09-20 10:35:53 | DEBUG    | student_sim | id=314 gold=B | joint={'beginner': 'B', 'intermediate': 'B', 'advanced': 'B'} | isolated=None
2026-09-20 10:35:54 | DEBUG    | student_sim | id=315 gold=C | joint={'beginner': 'B', 'intermediate': 'C', 'advanced': 'C'} | isolated=None
2026-09-20 10:35:55 | DEBUG    | student_sim | id=316 gold=C | joint={'beginner': 'D', 'intermediate': 'C', 'advanced': 'C'} | isolated=None
2026-09-20 10:35:56 | DEBUG    | student_sim | id=317 gold=B | joint={'beginner': 'C', 'intermediate': 'C', 'advanced': 'C'} | isolated=None
2026-09-20 10:35:57 | DEBUG    | student_sim | id=318 gold=B | joint={'beginner': 'B', 'intermediate': 'B', 'advanced': 'B'} | isolated=None
2026-09-20 10:35:58 | DEBUG    | student_sim | id=319 gold=B | joint={'beginner': 'B', 'intermediate': 'B', 'advanced': 'B'} | isolated=None
2026-09-20 10:35:59 | DEBUG    | student_sim | id=320 gold=A | joint={'beginner': 'A', 'intermediate': 'A', 'advanced': 'A'} | isolated=None
2026-09-20 10:36:01 | DEBUG    | student_sim | id=321 gold=D | joint={'beginner': 'D', 'intermediate': 'D', 'advanced': 'D'} | isolated=None
2026-09-20 10:36:02 | DEBUG    | student_sim | id=322 gold=B | joint={'beginner': 'B', 'intermediate': 'B', 'advanced': 'B'} | isolated=None
2026-09-20 10:36:03 | DEBUG    | student_sim | id=323 gold=C | joint={'beginner': 'D', 'intermediate': 'C', 'advanced': 'C'} | isolated=None
2026-09-20 10:36:04 | DEBUG    | student_sim | id=324 gold=D | joint={'beginner': 'A', 'intermediate': 'D', 'advanced': 'D'} | isolated=None
2026-09-20 10:36:04 | INFO     | student_sim |   [ 325/ 500]  65.0% | acc B/I/A  join 0.50/0.79/0.78 | 1.12s/sample | ETA 3.3 min
2026-09-20 10:36:05 | DEBUG    | student_sim | id=325 gold=C | joint={'beginner': 'A', 'intermediate': 'C', 'advanced': 'C'} | isolated=None
2026-09-20 10:36:06 | DEBUG    | student_sim | id=326 gold=A | joint={'beginner': 'A', 'intermediate': 'D', 'advanced': 'D'} | isolated=None
2026-09-20 10:36:07 | DEBUG    | student_sim | id=327 gold=D | joint={'beginner': 'C', 'intermediate': 'D', 'advanced': 'D'} | isolated=None
2026-09-20 10:36:08 | DEBUG    | student_sim | id=328 gold=C | joint={'beginner': 'D', 'intermediate': 'C', 'advanced': 'C'} | isolated=None
2026-09-20 10:36:09 | DEBUG    | student_sim | id=329 gold=D | joint={'beginner': 'B', 'intermediate': 'D', 'advanced': 'D'} | isolated=None
2026-09-20 10:36:11 | DEBUG    | student_sim | id=330 gold=A | joint={'beginner': 'A', 'intermediate': 'A', 'advanced': 'A'} | isolated=None
2026-09-20 10:36:12 | DEBUG    | student_sim | id=331 gold=A | joint={'beginner': 'B', 'intermediate': 'B', 'advanced': 'B'} | isolated=None
2026-09-20 10:36:13 | DEBUG    | student_sim | id=332 gold=D | joint={'beginner': 'D', 'intermediate': 'B', 'advanced': 'B'} | isolated=None
2026-09-20 10:36:14 | DEBUG    | student_sim | id=333 gold=D | joint={'beginner': 'B', 'intermediate': 'B', 'advanced': 'D'} | isolated=None
2026-09-20 10:36:15 | DEBUG    | student_sim | id=334 gold=B | joint={'beginner': 'B', 'intermediate': 'B', 'advanced': 'B'} | isolated=None
2026-09-20 10:36:16 | DEBUG    | student_sim | id=335 gold=D | joint={'beginner': 'D', 'intermediate': 'D', 'advanced': 'D'} | isolated=None
2026-09-20 10:36:17 | DEBUG    | student_sim | id=336 gold=B | joint={'beginner': 'B', 'intermediate': 'B', 'advanced': 'B'} | isolated=None
2026-09-20 10:36:18 | DEBUG    | student_sim | id=337 gold=A | joint={'beginner': 'A', 'intermediate': 'A', 'advanced': 'A'} | isolated=None
2026-09-20 10:36:20 | DEBUG    | student_sim | id=338 gold=B | joint={'beginner': 'B', 'intermediate': 'B', 'advanced': 'B'} | isolated=None
2026-09-20 10:36:21 | DEBUG    | student_sim | id=339 gold=A | joint={'beginner': 'B', 'intermediate': 'A', 'advanced': 'A'} | isolated=None
2026-09-20 10:36:22 | DEBUG    | student_sim | id=340 gold=C | joint={'beginner': 'C', 'intermediate': 'C', 'advanced': 'C'} | isolated=None
2026-09-20 10:36:23 | DEBUG    | student_sim | id=341 gold=B | joint={'beginner': 'D', 'intermediate': 'B', 'advanced': 'B'} | isolated=None
2026-09-20 10:36:24 | DEBUG    | student_sim | id=342 gold=C | joint={'beginner': 'C', 'intermediate': 'B', 'advanced': 'D'} | isolated=None
2026-09-20 10:36:25 | DEBUG    | student_sim | id=343 gold=A | joint={'beginner': 'B', 'intermediate': 'A', 'advanced': 'A'} | isolated=None
2026-09-20 10:36:26 | DEBUG    | student_sim | id=344 gold=D | joint={'beginner': 'B', 'intermediate': 'D', 'advanced': 'D'} | isolated=None
2026-09-20 10:36:27 | DEBUG    | student_sim | id=345 gold=B | joint={'beginner': 'B', 'intermediate': 'B', 'advanced': 'B'} | isolated=None
2026-09-20 10:36:29 | DEBUG    | student_sim | id=346 gold=A | joint={'beginner': 'A', 'intermediate': 'A', 'advanced': 'A'} | isolated=None
2026-09-20 10:36:30 | DEBUG    | student_sim | id=347 gold=A | joint={'beginner': 'A', 'intermediate': 'A', 'advanced': 'A'} | isolated=None
2026-09-20 10:36:31 | DEBUG    | student_sim | id=348 gold=A | joint={'beginner': 'A', 'intermediate': 'A', 'advanced': 'A'} | isolated=None
2026-09-20 10:36:32 | DEBUG    | student_sim | id=349 gold=C | joint={'beginner': 'A', 'intermediate': 'C', 'advanced': 'C'} | isolated=None
2026-09-20 10:36:32 | INFO     | student_sim |   [ 350/ 500]  70.0% | acc B/I/A  join 0.50/0.79/0.78 | 1.12s/sample | ETA 2.8 min
2026-09-20 10:36:33 | DEBUG    | student_sim | id=350 gold=B | joint={'beginner': 'B', 'intermediate': 'B', 'advanced': 'B'} | isolated=None
2026-09-20 10:36:34 | DEBUG    | student_sim | id=351 gold=D | joint={'beginner': 'D', 'intermediate': 'C', 'advanced': 'C'} | isolated=None
2026-09-20 10:36:35 | DEBUG    | student_sim | id=352 gold=C | joint={'beginner': 'C', 'intermediate': 'C', 'advanced': 'C'} | isolated=None
2026-09-20 10:36:36 | DEBUG    | student_sim | id=353 gold=A | joint={'beginner': 'B', 'intermediate': 'B', 'advanced': 'B'} | isolated=None
2026-09-20 10:36:37 | DEBUG    | student_sim | id=354 gold=B | joint={'beginner': 'B', 'intermediate': 'D', 'advanced': 'D'} | isolated=None
2026-09-20 10:36:39 | DEBUG    | student_sim | id=355 gold=A | joint={'beginner': 'C', 'intermediate': 'B', 'advanced': 'B'} | isolated=None
2026-09-20 10:36:40 | DEBUG    | student_sim | id=356 gold=A | joint={'beginner': 'A', 'intermediate': 'A', 'advanced': 'A'} | isolated=None
2026-09-20 10:36:41 | DEBUG    | student_sim | id=357 gold=B | joint={'beginner': 'C', 'intermediate': 'B', 'advanced': 'B'} | isolated=None
2026-09-20 10:36:42 | DEBUG    | student_sim | id=358 gold=B | joint={'beginner': 'B', 'intermediate': 'A', 'advanced': 'A'} | isolated=None
2026-09-20 10:36:43 | DEBUG    | student_sim | id=359 gold=B | joint={'beginner': 'D', 'intermediate': 'B', 'advanced': 'C'} | isolated=None
2026-09-20 10:36:44 | DEBUG    | student_sim | id=360 gold=D | joint={'beginner': 'D', 'intermediate': 'D', 'advanced': 'D'} | isolated=None
2026-09-20 10:36:45 | DEBUG    | student_sim | id=361 gold=D | joint={'beginner': 'B', 'intermediate': 'D', 'advanced': 'D'} | isolated=None
2026-09-20 10:36:46 | DEBUG    | student_sim | id=362 gold=B | joint={'beginner': 'D', 'intermediate': 'B', 'advanced': 'B'} | isolated=None
2026-09-20 10:36:48 | DEBUG    | student_sim | id=363 gold=A | joint={'beginner': 'A', 'intermediate': 'A', 'advanced': 'A'} | isolated=None
2026-09-20 10:36:49 | DEBUG    | student_sim | id=364 gold=C | joint={'beginner': 'B', 'intermediate': 'C', 'advanced': 'C'} | isolated=None
2026-09-20 10:36:50 | DEBUG    | student_sim | id=365 gold=D | joint={'beginner': 'B', 'intermediate': 'D', 'advanced': 'D'} | isolated=None
2026-09-20 10:36:51 | DEBUG    | student_sim | id=366 gold=B | joint={'beginner': 'B', 'intermediate': 'A', 'advanced': 'A'} | isolated=None
2026-09-20 10:36:52 | DEBUG    | student_sim | id=367 gold=C | joint={'beginner': 'D', 'intermediate': 'C', 'advanced': 'C'} | isolated=None
2026-09-20 10:36:53 | DEBUG    | student_sim | id=368 gold=B | joint={'beginner': 'B', 'intermediate': 'B', 'advanced': 'B'} | isolated=None
2026-09-20 10:36:54 | DEBUG    | student_sim | id=369 gold=B | joint={'beginner': 'B', 'intermediate': 'A', 'advanced': 'A'} | isolated=None
2026-09-20 10:36:55 | DEBUG    | student_sim | id=370 gold=B | joint={'beginner': 'B', 'intermediate': 'B', 'advanced': 'B'} | isolated=None
2026-09-20 10:36:56 | DEBUG    | student_sim | id=371 gold=C | joint={'beginner': 'C', 'intermediate': 'C', 'advanced': 'C'} | isolated=None
2026-09-20 10:36:58 | DEBUG    | student_sim | id=372 gold=B | joint={'beginner': 'A', 'intermediate': 'B', 'advanced': 'B'} | isolated=None
2026-09-20 10:36:59 | DEBUG    | student_sim | id=373 gold=A | joint={'beginner': 'B', 'intermediate': 'A', 'advanced': 'A'} | isolated=None
2026-09-20 10:37:00 | DEBUG    | student_sim | id=374 gold=C | joint={'beginner': 'B', 'intermediate': 'C', 'advanced': 'C'} | isolated=None
2026-09-20 10:37:00 | INFO     | student_sim |   [ 375/ 500]  75.0% | acc B/I/A  join 0.50/0.79/0.77 | 1.12s/sample | ETA 2.3 min
2026-09-20 10:37:01 | DEBUG    | student_sim | id=375 gold=A | joint={'beginner': 'A', 'intermediate': 'A', 'advanced': 'A'} | isolated=None
2026-09-20 10:37:02 | DEBUG    | student_sim | id=376 gold=B | joint={'beginner': 'B', 'intermediate': 'B', 'advanced': 'B'} | isolated=None
2026-09-20 10:37:03 | DEBUG    | student_sim | id=377 gold=C | joint={'beginner': 'B', 'intermediate': 'D', 'advanced': 'C'} | isolated=None
2026-09-20 10:37:04 | DEBUG    | student_sim | id=378 gold=D | joint={'beginner': 'B', 'intermediate': 'D', 'advanced': 'D'} | isolated=None
2026-09-20 10:37:05 | DEBUG    | student_sim | id=379 gold=C | joint={'beginner': 'D', 'intermediate': 'C', 'advanced': 'C'} | isolated=None
2026-09-20 10:37:07 | DEBUG    | student_sim | id=380 gold=B | joint={'beginner': 'B', 'intermediate': 'B', 'advanced': 'B'} | isolated=None
2026-09-20 10:37:08 | DEBUG    | student_sim | id=381 gold=A | joint={'beginner': 'A', 'intermediate': 'A', 'advanced': 'A'} | isolated=None
2026-09-20 10:37:09 | DEBUG    | student_sim | id=382 gold=D | joint={'beginner': 'C', 'intermediate': 'D', 'advanced': 'D'} | isolated=None
2026-09-20 10:37:10 | DEBUG    | student_sim | id=383 gold=A | joint={'beginner': 'C', 'intermediate': 'B', 'advanced': 'B'} | isolated=None
2026-09-20 10:37:11 | DEBUG    | student_sim | id=384 gold=C | joint={'beginner': 'D', 'intermediate': 'D', 'advanced': 'D'} | isolated=None
2026-09-20 10:37:12 | DEBUG    | student_sim | id=385 gold=A | joint={'beginner': 'A', 'intermediate': 'A', 'advanced': 'A'} | isolated=None
2026-09-20 10:37:13 | DEBUG    | student_sim | id=386 gold=B | joint={'beginner': 'C', 'intermediate': 'C', 'advanced': 'B'} | isolated=None
2026-09-20 10:37:14 | DEBUG    | student_sim | id=387 gold=D | joint={'beginner': 'D', 'intermediate': 'D', 'advanced': 'D'} | isolated=None
2026-09-20 10:37:15 | DEBUG    | student_sim | id=388 gold=C | joint={'beginner': 'B', 'intermediate': 'B', 'advanced': 'B'} | isolated=None
2026-09-20 10:37:17 | DEBUG    | student_sim | id=389 gold=A | joint={'beginner': 'A', 'intermediate': 'A', 'advanced': 'A'} | isolated=None
2026-09-20 10:37:18 | DEBUG    | student_sim | id=390 gold=C | joint={'beginner': 'B', 'intermediate': 'C', 'advanced': 'C'} | isolated=None
2026-09-20 10:37:19 | DEBUG    | student_sim | id=391 gold=B | joint={'beginner': 'C', 'intermediate': 'B', 'advanced': 'B'} | isolated=None
2026-09-20 10:37:20 | DEBUG    | student_sim | id=392 gold=B | joint={'beginner': 'B', 'intermediate': 'D', 'advanced': 'D'} | isolated=None
2026-09-20 10:37:21 | DEBUG    | student_sim | id=393 gold=C | joint={'beginner': 'C', 'intermediate': 'C', 'advanced': 'C'} | isolated=None
2026-09-20 10:37:22 | DEBUG    | student_sim | id=394 gold=A | joint={'beginner': 'A', 'intermediate': 'A', 'advanced': 'A'} | isolated=None
2026-09-20 10:37:23 | DEBUG    | student_sim | id=395 gold=D | joint={'beginner': 'B', 'intermediate': 'D', 'advanced': 'D'} | isolated=None
2026-09-20 10:37:24 | DEBUG    | student_sim | id=396 gold=A | joint={'beginner': 'A', 'intermediate': 'A', 'advanced': 'A'} | isolated=None
2026-09-20 10:37:26 | DEBUG    | student_sim | id=397 gold=A | joint={'beginner': 'A', 'intermediate': 'A', 'advanced': 'A'} | isolated=None
2026-09-20 10:37:27 | DEBUG    | student_sim | id=398 gold=D | joint={'beginner': 'B', 'intermediate': 'D', 'advanced': 'D'} | isolated=None
2026-09-20 10:37:28 | DEBUG    | student_sim | id=399 gold=C | joint={'beginner': 'C', 'intermediate': 'B', 'advanced': 'A'} | isolated=None
2026-09-20 10:37:28 | INFO     | student_sim |   [ 400/ 500]  80.0% | acc B/I/A  join 0.51/0.78/0.78 | 1.12s/sample | ETA 1.9 min
2026-09-20 10:37:29 | DEBUG    | student_sim | id=400 gold=A | joint={'beginner': 'A', 'intermediate': 'D', 'advanced': 'D'} | isolated=None
2026-09-20 10:37:30 | DEBUG    | student_sim | id=401 gold=B | joint={'beginner': 'B', 'intermediate': 'B', 'advanced': 'B'} | isolated=None
2026-09-20 10:37:31 | DEBUG    | student_sim | id=402 gold=C | joint={'beginner': 'B', 'intermediate': 'C', 'advanced': 'C'} | isolated=None
2026-09-20 10:37:32 | DEBUG    | student_sim | id=403 gold=A | joint={'beginner': 'B', 'intermediate': 'A', 'advanced': 'A'} | isolated=None
2026-09-20 10:37:33 | DEBUG    | student_sim | id=404 gold=D | joint={'beginner': 'D', 'intermediate': 'C', 'advanced': 'C'} | isolated=None
2026-09-20 10:37:34 | DEBUG    | student_sim | id=405 gold=B | joint={'beginner': 'B', 'intermediate': 'B', 'advanced': 'B'} | isolated=None
2026-09-20 10:37:36 | DEBUG    | student_sim | id=406 gold=A | joint={'beginner': 'B', 'intermediate': 'A', 'advanced': 'A'} | isolated=None
2026-09-20 10:37:37 | DEBUG    | student_sim | id=407 gold=B | joint={'beginner': 'B', 'intermediate': 'B', 'advanced': 'B'} | isolated=None
2026-09-20 10:37:38 | DEBUG    | student_sim | id=408 gold=D | joint={'beginner': 'A', 'intermediate': 'B', 'advanced': 'D'} | isolated=None
2026-09-20 10:37:39 | DEBUG    | student_sim | id=409 gold=D | joint={'beginner': 'B', 'intermediate': 'A', 'advanced': 'D'} | isolated=None
2026-09-20 10:37:40 | DEBUG    | student_sim | id=410 gold=D | joint={'beginner': 'A', 'intermediate': 'D', 'advanced': 'D'} | isolated=None
2026-09-20 10:37:41 | DEBUG    | student_sim | id=411 gold=B | joint={'beginner': 'A', 'intermediate': 'B', 'advanced': 'B'} | isolated=None
2026-09-20 10:37:42 | DEBUG    | student_sim | id=412 gold=A | joint={'beginner': 'A', 'intermediate': 'A', 'advanced': 'A'} | isolated=None
2026-09-20 10:37:43 | DEBUG    | student_sim | id=413 gold=B | joint={'beginner': 'B', 'intermediate': 'B', 'advanced': 'B'} | isolated=None
2026-09-20 10:37:44 | DEBUG    | student_sim | id=414 gold=B | joint={'beginner': 'B', 'intermediate': 'B', 'advanced': 'B'} | isolated=None
2026-09-20 10:37:46 | DEBUG    | student_sim | id=415 gold=A | joint={'beginner': 'D', 'intermediate': 'A', 'advanced': 'A'} | isolated=None
2026-09-20 10:37:47 | DEBUG    | student_sim | id=416 gold=A | joint={'beginner': 'A', 'intermediate': 'A', 'advanced': 'A'} | isolated=None
2026-09-20 10:37:48 | DEBUG    | student_sim | id=417 gold=C | joint={'beginner': 'C', 'intermediate': 'C', 'advanced': 'C'} | isolated=None
2026-09-20 10:37:49 | DEBUG    | student_sim | id=418 gold=A | joint={'beginner': 'A', 'intermediate': 'A', 'advanced': 'A'} | isolated=None
2026-09-20 10:37:50 | DEBUG    | student_sim | id=419 gold=C | joint={'beginner': 'B', 'intermediate': 'D', 'advanced': 'D'} | isolated=None
2026-09-20 10:37:51 | DEBUG    | student_sim | id=420 gold=C | joint={'beginner': 'B', 'intermediate': 'D', 'advanced': 'D'} | isolated=None
2026-09-20 10:37:52 | DEBUG    | student_sim | id=421 gold=C | joint={'beginner': 'D', 'intermediate': 'C', 'advanced': 'C'} | isolated=None
2026-09-20 10:37:53 | DEBUG    | student_sim | id=422 gold=C | joint={'beginner': 'A', 'intermediate': 'A', 'advanced': 'A'} | isolated=None
2026-09-20 10:37:55 | DEBUG    | student_sim | id=423 gold=C | joint={'beginner': 'B', 'intermediate': 'B', 'advanced': 'C'} | isolated=None
2026-09-20 10:37:56 | DEBUG    | student_sim | id=424 gold=A | joint={'beginner': 'C', 'intermediate': 'A', 'advanced': 'A'} | isolated=None
2026-09-20 10:37:56 | INFO     | student_sim |   [ 425/ 500]  85.0% | acc B/I/A  join 0.50/0.78/0.78 | 1.12s/sample | ETA 1.4 min
2026-09-20 10:37:57 | DEBUG    | student_sim | id=425 gold=A | joint={'beginner': 'A', 'intermediate': 'A', 'advanced': 'A'} | isolated=None
2026-09-20 10:37:58 | DEBUG    | student_sim | id=426 gold=C | joint={'beginner': 'B', 'intermediate': 'C', 'advanced': 'C'} | isolated=None
2026-09-20 10:37:59 | DEBUG    | student_sim | id=427 gold=C | joint={'beginner': 'C', 'intermediate': 'C', 'advanced': 'C'} | isolated=None
2026-09-20 10:38:00 | DEBUG    | student_sim | id=428 gold=A | joint={'beginner': 'A', 'intermediate': 'A', 'advanced': 'A'} | isolated=None
2026-09-20 10:38:01 | DEBUG    | student_sim | id=429 gold=C | joint={'beginner': 'C', 'intermediate': 'C', 'advanced': 'C'} | isolated=None
2026-09-20 10:38:02 | DEBUG    | student_sim | id=430 gold=A | joint={'beginner': 'A', 'intermediate': 'A', 'advanced': 'A'} | isolated=None
2026-09-20 10:38:04 | DEBUG    | student_sim | id=431 gold=B | joint={'beginner': 'B', 'intermediate': 'B', 'advanced': 'B'} | isolated=None
2026-09-20 10:38:05 | DEBUG    | student_sim | id=432 gold=B | joint={'beginner': 'B', 'intermediate': 'B', 'advanced': 'B'} | isolated=None
2026-09-20 10:38:06 | DEBUG    | student_sim | id=433 gold=C | joint={'beginner': 'C', 'intermediate': 'C', 'advanced': 'C'} | isolated=None
2026-09-20 10:38:07 | DEBUG    | student_sim | id=434 gold=B | joint={'beginner': 'B', 'intermediate': 'B', 'advanced': 'B'} | isolated=None
2026-09-20 10:38:08 | DEBUG    | student_sim | id=435 gold=C | joint={'beginner': 'C', 'intermediate': 'C', 'advanced': 'C'} | isolated=None
2026-09-20 10:38:09 | DEBUG    | student_sim | id=436 gold=A | joint={'beginner': 'A', 'intermediate': 'A', 'advanced': 'A'} | isolated=None
2026-09-20 10:38:10 | DEBUG    | student_sim | id=437 gold=A | joint={'beginner': 'A', 'intermediate': 'A', 'advanced': 'A'} | isolated=None
2026-09-20 10:38:11 | DEBUG    | student_sim | id=438 gold=A | joint={'beginner': 'D', 'intermediate': 'D', 'advanced': 'D'} | isolated=None
2026-09-20 10:38:13 | DEBUG    | student_sim | id=439 gold=A | joint={'beginner': 'A', 'intermediate': 'A', 'advanced': 'A'} | isolated=None
2026-09-20 10:38:14 | DEBUG    | student_sim | id=440 gold=C | joint={'beginner': 'C', 'intermediate': 'C', 'advanced': 'C'} | isolated=None
2026-09-20 10:38:15 | DEBUG    | student_sim | id=441 gold=C | joint={'beginner': 'C', 'intermediate': 'C', 'advanced': 'C'} | isolated=None
2026-09-20 10:38:16 | DEBUG    | student_sim | id=442 gold=A | joint={'beginner': 'A', 'intermediate': 'A', 'advanced': 'A'} | isolated=None
2026-09-20 10:38:17 | DEBUG    | student_sim | id=443 gold=D | joint={'beginner': 'B', 'intermediate': 'D', 'advanced': 'D'} | isolated=None
2026-09-20 10:38:18 | DEBUG    | student_sim | id=444 gold=D | joint={'beginner': 'D', 'intermediate': 'D', 'advanced': 'D'} | isolated=None
2026-09-20 10:38:19 | DEBUG    | student_sim | id=445 gold=B | joint={'beginner': 'B', 'intermediate': 'D', 'advanced': 'D'} | isolated=None
2026-09-20 10:38:20 | DEBUG    | student_sim | id=446 gold=B | joint={'beginner': 'C', 'intermediate': 'B', 'advanced': 'B'} | isolated=None
2026-09-20 10:38:22 | DEBUG    | student_sim | id=447 gold=D | joint={'beginner': 'D', 'intermediate': 'D', 'advanced': 'D'} | isolated=None
2026-09-20 10:38:23 | DEBUG    | student_sim | id=448 gold=D | joint={'beginner': 'C', 'intermediate': 'D', 'advanced': 'D'} | isolated=None
2026-09-20 10:38:24 | DEBUG    | student_sim | id=449 gold=B | joint={'beginner': 'A', 'intermediate': 'B', 'advanced': 'B'} | isolated=None
2026-09-20 10:38:24 | INFO     | student_sim |   [ 450/ 500]  90.0% | acc B/I/A  join 0.52/0.78/0.78 | 1.12s/sample | ETA 0.9 min
2026-09-20 10:38:25 | DEBUG    | student_sim | id=450 gold=A | joint={'beginner': 'A', 'intermediate': 'A', 'advanced': 'A'} | isolated=None
2026-09-20 10:38:26 | DEBUG    | student_sim | id=451 gold=B | joint={'beginner': 'B', 'intermediate': 'B', 'advanced': 'B'} | isolated=None
2026-09-20 10:38:27 | DEBUG    | student_sim | id=452 gold=A | joint={'beginner': 'B', 'intermediate': 'D', 'advanced': 'D'} | isolated=None
2026-09-20 10:38:28 | DEBUG    | student_sim | id=453 gold=A | joint={'beginner': 'A', 'intermediate': 'A', 'advanced': 'A'} | isolated=None
2026-09-20 10:38:29 | DEBUG    | student_sim | id=454 gold=B | joint={'beginner': 'B', 'intermediate': 'B', 'advanced': 'B'} | isolated=None
2026-09-20 10:38:30 | DEBUG    | student_sim | id=455 gold=D | joint={'beginner': 'C', 'intermediate': 'D', 'advanced': 'D'} | isolated=None
2026-09-20 10:38:32 | DEBUG    | student_sim | id=456 gold=B | joint={'beginner': 'B', 'intermediate': 'B', 'advanced': 'B'} | isolated=None
2026-09-20 10:38:33 | DEBUG    | student_sim | id=457 gold=B | joint={'beginner': 'B', 'intermediate': 'B', 'advanced': 'B'} | isolated=None
2026-09-20 10:38:34 | DEBUG    | student_sim | id=458 gold=C | joint={'beginner': 'A', 'intermediate': 'D', 'advanced': 'D'} | isolated=None
2026-09-20 10:38:35 | DEBUG    | student_sim | id=459 gold=D | joint={'beginner': 'B', 'intermediate': 'D', 'advanced': 'D'} | isolated=None
2026-09-20 10:38:36 | DEBUG    | student_sim | id=460 gold=B | joint={'beginner': 'B', 'intermediate': 'D', 'advanced': 'D'} | isolated=None
2026-09-20 10:38:37 | DEBUG    | student_sim | id=461 gold=C | joint={'beginner': 'C', 'intermediate': 'C', 'advanced': 'C'} | isolated=None
2026-09-20 10:38:38 | DEBUG    | student_sim | id=462 gold=C | joint={'beginner': 'B', 'intermediate': 'C', 'advanced': 'A'} | isolated=None
2026-09-20 10:38:39 | DEBUG    | student_sim | id=463 gold=A | joint={'beginner': 'A', 'intermediate': 'D', 'advanced': 'D'} | isolated=None
2026-09-20 10:38:40 | DEBUG    | student_sim | id=464 gold=C | joint={'beginner': 'C', 'intermediate': 'C', 'advanced': 'C'} | isolated=None
2026-09-20 10:38:42 | DEBUG    | student_sim | id=465 gold=C | joint={'beginner': 'D', 'intermediate': 'C', 'advanced': 'C'} | isolated=None
2026-09-20 10:38:43 | DEBUG    | student_sim | id=466 gold=C | joint={'beginner': 'B', 'intermediate': 'C', 'advanced': 'C'} | isolated=None
2026-09-20 10:38:44 | DEBUG    | student_sim | id=467 gold=C | joint={'beginner': 'A', 'intermediate': 'C', 'advanced': 'C'} | isolated=None
2026-09-20 10:38:45 | DEBUG    | student_sim | id=468 gold=B | joint={'beginner': 'B', 'intermediate': 'B', 'advanced': 'B'} | isolated=None
2026-09-20 10:38:46 | DEBUG    | student_sim | id=469 gold=A | joint={'beginner': 'C', 'intermediate': 'A', 'advanced': 'A'} | isolated=None
2026-09-20 10:38:47 | DEBUG    | student_sim | id=470 gold=B | joint={'beginner': 'B', 'intermediate': 'B', 'advanced': 'D'} | isolated=None
2026-09-20 10:38:48 | DEBUG    | student_sim | id=471 gold=B | joint={'beginner': 'A', 'intermediate': 'D', 'advanced': 'D'} | isolated=None
2026-09-20 10:38:49 | DEBUG    | student_sim | id=472 gold=C | joint={'beginner': 'C', 'intermediate': 'C', 'advanced': 'C'} | isolated=None
2026-09-20 10:38:50 | DEBUG    | student_sim | id=473 gold=B | joint={'beginner': 'B', 'intermediate': 'B', 'advanced': 'B'} | isolated=None
2026-09-20 10:38:52 | DEBUG    | student_sim | id=474 gold=D | joint={'beginner': 'C', 'intermediate': 'D', 'advanced': 'D'} | isolated=None
2026-09-20 10:38:52 | INFO     | student_sim |   [ 475/ 500]  95.0% | acc B/I/A  join 0.52/0.79/0.78 | 1.12s/sample | ETA 0.5 min
2026-09-20 10:38:53 | DEBUG    | student_sim | id=475 gold=D | joint={'beginner': 'A', 'intermediate': 'D', 'advanced': 'D'} | isolated=None
2026-09-20 10:38:54 | DEBUG    | student_sim | id=476 gold=C | joint={'beginner': 'B', 'intermediate': 'C', 'advanced': 'C'} | isolated=None
2026-09-20 10:38:55 | DEBUG    | student_sim | id=477 gold=C | joint={'beginner': 'C', 'intermediate': 'B', 'advanced': 'B'} | isolated=None
2026-09-20 10:38:56 | DEBUG    | student_sim | id=478 gold=B | joint={'beginner': 'D', 'intermediate': 'B', 'advanced': 'B'} | isolated=None
2026-09-20 10:38:57 | DEBUG    | student_sim | id=479 gold=A | joint={'beginner': 'A', 'intermediate': 'A', 'advanced': 'A'} | isolated=None
2026-09-20 10:38:58 | DEBUG    | student_sim | id=480 gold=D | joint={'beginner': 'B', 'intermediate': 'D', 'advanced': 'D'} | isolated=None
2026-09-20 10:38:59 | DEBUG    | student_sim | id=481 gold=A | joint={'beginner': 'B', 'intermediate': 'D', 'advanced': 'D'} | isolated=None
2026-09-20 10:39:00 | DEBUG    | student_sim | id=482 gold=D | joint={'beginner': 'B', 'intermediate': 'C', 'advanced': 'C'} | isolated=None
2026-09-20 10:39:02 | DEBUG    | student_sim | id=483 gold=B | joint={'beginner': 'B', 'intermediate': 'B', 'advanced': 'B'} | isolated=None
2026-09-20 10:39:03 | DEBUG    | student_sim | id=484 gold=C | joint={'beginner': 'B', 'intermediate': 'C', 'advanced': 'C'} | isolated=None
2026-09-20 10:39:04 | DEBUG    | student_sim | id=485 gold=C | joint={'beginner': 'C', 'intermediate': 'D', 'advanced': 'D'} | isolated=None
2026-09-20 10:39:05 | DEBUG    | student_sim | id=486 gold=B | joint={'beginner': 'B', 'intermediate': 'B', 'advanced': 'B'} | isolated=None
2026-09-20 10:39:06 | DEBUG    | student_sim | id=487 gold=D | joint={'beginner': 'B', 'intermediate': 'D', 'advanced': 'D'} | isolated=None
2026-09-20 10:39:07 | DEBUG    | student_sim | id=488 gold=B | joint={'beginner': 'B', 'intermediate': 'B', 'advanced': 'B'} | isolated=None
2026-09-20 10:39:08 | DEBUG    | student_sim | id=489 gold=B | joint={'beginner': 'B', 'intermediate': 'B', 'advanced': 'B'} | isolated=None
2026-09-20 10:39:09 | DEBUG    | student_sim | id=490 gold=A | joint={'beginner': 'A', 'intermediate': 'A', 'advanced': 'A'} | isolated=None
2026-09-20 10:39:10 | DEBUG    | student_sim | id=491 gold=A | joint={'beginner': 'B', 'intermediate': 'A', 'advanced': 'A'} | isolated=None
2026-09-20 10:39:12 | DEBUG    | student_sim | id=492 gold=C | joint={'beginner': 'C', 'intermediate': 'C', 'advanced': 'C'} | isolated=None
2026-09-20 10:39:13 | DEBUG    | student_sim | id=493 gold=C | joint={'beginner': 'B', 'intermediate': 'B', 'advanced': 'B'} | isolated=None
2026-09-20 10:39:14 | DEBUG    | student_sim | id=494 gold=A | joint={'beginner': 'B', 'intermediate': 'A', 'advanced': 'A'} | isolated=None
2026-09-20 10:39:15 | DEBUG    | student_sim | id=495 gold=A | joint={'beginner': 'A', 'intermediate': 'A', 'advanced': 'A'} | isolated=None
2026-09-20 10:39:16 | DEBUG    | student_sim | id=496 gold=C | joint={'beginner': 'B', 'intermediate': 'C', 'advanced': 'C'} | isolated=None
2026-09-20 10:39:17 | DEBUG    | student_sim | id=497 gold=C | joint={'beginner': 'D', 'intermediate': 'C', 'advanced': 'C'} | isolated=None
2026-09-20 10:39:18 | DEBUG    | student_sim | id=498 gold=B | joint={'beginner': 'A', 'intermediate': 'B', 'advanced': 'B'} | isolated=None
2026-09-20 10:39:19 | DEBUG    | student_sim | id=499 gold=C | joint={'beginner': 'B', 'intermediate': 'A', 'advanced': 'A'} | isolated=None
2026-09-20 10:39:19 | INFO     | student_sim |   [ 500/ 500] 100.0% | acc B/I/A  join 0.51/0.78/0.78 | 1.12s/sample | ETA 0.0 min
2026-09-20 10:39:20 | INFO     | student_sim | 
2026-09-20 10:39:20 | INFO     | student_sim |   OBQA -- ACCURACY STRATIFICATION
2026-09-20 10:39:20 | INFO     | student_sim |   ------------------------------------------------------------------------------------------------
2026-09-20 10:39:20 | INFO     | student_sim |     paradigm     beginner   intermediate       advanced        gap   monotone
2026-09-20 10:39:20 | INFO     | student_sim |     joint          0.5120         0.7840         0.7800     0.2680         NO
2026-09-20 10:39:20 | INFO     | student_sim | 
2026-09-20 10:39:20 | INFO     | student_sim |     joint scaffold differentiation pressure (order advanced -> intermediate -> beginner)
2026-09-20 10:39:20 | INFO     | student_sim |       all three tiers distinct        : 0.022 (chance if independent: 0.375)
2026-09-20 10:39:20 | INFO     | student_sim |       last tier (beginner) breaks a tie : 0.524  over 477 agreeing questions
2026-09-20 10:39:20 | INFO     | student_sim |       those breaks that are wrong     : 0.816
2026-09-20 10:39:20 | INFO     | student_sim |       breaks away from correct answer : 0.716
2026-09-20 10:39:20 | INFO     | student_sim | 
2026-09-20 10:39:20 | INFO     | student_sim |     trap-hit rate among errors (random distractor baseline = 0.333)
2026-09-20 10:39:20 | INFO     | student_sim |       joint     beginner      longest 0.420 (n= 131) | stem-overlap 0.542 (n= 24) | lookalike 0.361 (n= 191)
2026-09-20 10:39:20 | INFO     | student_sim |       joint     intermediate  longest 0.448 (n=  67) | stem-overlap 0.375 (n=  8) | lookalike 0.317 (n=  82)
2026-09-20 10:39:20 | INFO     | student_sim |       joint     advanced      longest 0.446 (n=  65) | stem-overlap 0.250 (n=  8) | lookalike 0.313 (n=  83)
2026-09-20 10:39:20 | INFO     | student_sim |   ------------------------------------------------------------------------------------------------
2026-09-20 10:39:20 | INFO     | student_sim |   wrote /kaggle/working/results_persona_simulation_obqa_qwen2.5_7b_order_desc.json
2026-09-20 10:39:20 | INFO     | student_sim | 
2026-09-20 10:39:20 | INFO     | student_sim | ====================================================================================================
2026-09-20 10:39:20 | INFO     | student_sim | SUMMARY -- accuracy by ability tier (zero context)
2026-09-20 10:39:20 | INFO     | student_sim | ====================================================================================================
2026-09-20 10:39:20 | INFO     | student_sim |   dataset  paradigm     beginner   intermediate       advanced        gap
2026-09-20 10:39:20 | INFO     | student_sim |   sciq     joint          0.5520         0.9253         0.9208     0.3688
2026-09-20 10:39:20 | INFO     | student_sim |   obqa     joint          0.5120         0.7840         0.7800     0.2680
2026-09-20 10:39:20 | INFO     | student_sim | 
2026-09-20 10:39:20 | INFO     | student_sim | Results sciq  : /kaggle/working/results_persona_simulation_sciq_qwen2.5_7b_order_desc.json
2026-09-20 10:39:20 | INFO     | student_sim | Results obqa  : /kaggle/working/results_persona_simulation_obqa_qwen2.5_7b_order_desc.json
2026-09-20 10:39:20 | INFO     | student_sim | Log           : /kaggle/working/order_desc_qwen2.5_7b.log
2026-09-20 10:39:20 | INFO     | student_sim | Runtime       : 28.4 min
2026-09-20 10:39:20 | INFO     | student_sim | Done.
