2026-09-01 04:13:26 | INFO     | student_sim | ====================================================================================================
2026-09-01 04:13:26 | INFO     | student_sim | PERSONA-CONDITIONED STUDENT SIMULATION -- zero context (Setting A / no fact)
2026-09-01 04:13:26 | INFO     | student_sim | ====================================================================================================
2026-09-01 04:13:26 | INFO     | student_sim | Workspace   : /home/nghben/Downloads/research/fsds/experiment
2026-09-01 04:13:26 | INFO     | student_sim | Model path  : /home/nghben/Downloads/research/fsds/experiment/models/Qwen3-4B-Instruct-2507
2026-09-01 04:13:26 | INFO     | student_sim | Python      : 3.12.3
2026-09-01 04:13:26 | INFO     | student_sim | Platform    : Linux-7.0.0-30-generic-x86_64-with-glibc2.39
2026-09-01 04:13:28 | INFO     | student_sim | torch       : 2.13.0+cu130 (cuda True)
2026-09-01 04:13:28 | INFO     | student_sim | GPU         : NVIDIA GeForce RTX 3050 Laptop GPU (3.68 GB)
2026-09-01 04:13:28 | INFO     | student_sim | Datasets    : sciq, obqa
2026-09-01 04:13:28 | INFO     | student_sim | Paradigms   : joint, isolated
2026-09-01 04:13:28 | INFO     | student_sim | Tiers       : beginner, intermediate, advanced
2026-09-01 04:13:28 | INFO     | student_sim | Limit       : none (full split)
2026-09-01 04:13:28 | INFO     | student_sim | 
2026-09-01 04:13:30 | INFO     | student_sim | Loading tokenizer from /home/nghben/Downloads/research/fsds/experiment/models/Qwen3-4B-Instruct-2507
2026-09-01 04:13:30 | INFO     | student_sim | Quantisation : 4-bit NF4, compute dtype float16, double_quant=False
2026-09-01 04:13:36 | INFO     | student_sim | Loaded in 5.4s | 2.21B parameters (packed)
2026-09-01 04:13:36 | INFO     | student_sim | VRAM after load: 2.66 GB allocated / 2.70 GB reserved of 3.68 GB total
2026-09-01 04:13:36 | INFO     | student_sim | Resolving option-letter token ids ...
2026-09-01 04:13:36 | DEBUG    | student_sim |   letter A -> token ids [32, 362]
2026-09-01 04:13:36 | DEBUG    | student_sim |   letter B -> token ids [33, 425]
2026-09-01 04:13:36 | DEBUG    | student_sim |   letter C -> token ids [34, 356]
2026-09-01 04:13:36 | DEBUG    | student_sim |   letter D -> token ids [35, 422]
2026-09-01 04:13:36 | INFO     | student_sim |   {'A': [32, 362], 'B': [33, 425], 'C': [34, 356], 'D': [35, 422]}
2026-09-01 04:13:36 | INFO     | student_sim | 
2026-09-01 04:13:36 | INFO     | student_sim | ====================================================================================================
2026-09-01 04:13:36 | INFO     | student_sim | DATASET SCIQ (allenai/sciq, test) -- 884 samples, zero-context (no passage)
2026-09-01 04:13:36 | INFO     | student_sim |   file      : /home/nghben/Downloads/research/fsds/experiment/datasets/sciq/sciq_test_full.json
2026-09-01 04:13:36 | INFO     | student_sim |   paradigms : joint, isolated
2026-09-01 04:13:36 | INFO     | student_sim |   joint order: beginner -> intermediate -> advanced
2026-09-01 04:13:36 | INFO     | student_sim | ====================================================================================================
2026-09-01 04:13:39 | DEBUG    | student_sim | id=0 gold=D | joint={'beginner': 'A', 'intermediate': 'D', 'advanced': 'D'} | isolated={'beginner': 'D', 'intermediate': 'D', 'advanced': 'D'}
2026-09-01 04:13:41 | DEBUG    | student_sim | id=1 gold=C | joint={'beginner': 'C', 'intermediate': 'C', 'advanced': 'C'} | isolated={'beginner': 'C', 'intermediate': 'C', 'advanced': 'C'}
2026-09-01 04:13:43 | DEBUG    | student_sim | id=2 gold=D | joint={'beginner': 'D', 'intermediate': 'D', 'advanced': 'D'} | isolated={'beginner': 'D', 'intermediate': 'D', 'advanced': 'D'}
2026-09-01 04:13:44 | DEBUG    | student_sim | id=3 gold=C | joint={'beginner': 'A', 'intermediate': 'C', 'advanced': 'C'} | isolated={'beginner': 'C', 'intermediate': 'C', 'advanced': 'C'}
2026-09-01 04:13:46 | DEBUG    | student_sim | id=4 gold=D | joint={'beginner': 'D', 'intermediate': 'D', 'advanced': 'B'} | isolated={'beginner': 'D', 'intermediate': 'D', 'advanced': 'D'}
2026-09-01 04:13:48 | DEBUG    | student_sim | id=5 gold=D | joint={'beginner': 'A', 'intermediate': 'D', 'advanced': 'D'} | isolated={'beginner': 'D', 'intermediate': 'D', 'advanced': 'D'}
2026-09-01 04:13:50 | DEBUG    | student_sim | id=6 gold=C | joint={'beginner': 'A', 'intermediate': 'C', 'advanced': 'C'} | isolated={'beginner': 'C', 'intermediate': 'C', 'advanced': 'C'}
2026-09-01 04:13:52 | DEBUG    | student_sim | id=7 gold=C | joint={'beginner': 'C', 'intermediate': 'C', 'advanced': 'C'} | isolated={'beginner': 'C', 'intermediate': 'C', 'advanced': 'C'}
2026-09-01 04:13:53 | DEBUG    | student_sim | id=8 gold=A | joint={'beginner': 'A', 'intermediate': 'A', 'advanced': 'B'} | isolated={'beginner': 'A', 'intermediate': 'A', 'advanced': 'A'}
2026-09-01 04:13:55 | DEBUG    | student_sim | id=9 gold=C | joint={'beginner': 'C', 'intermediate': 'C', 'advanced': 'C'} | isolated={'beginner': 'C', 'intermediate': 'C', 'advanced': 'C'}
2026-09-01 04:13:57 | DEBUG    | student_sim | id=10 gold=D | joint={'beginner': 'B', 'intermediate': 'B', 'advanced': 'D'} | isolated={'beginner': 'D', 'intermediate': 'B', 'advanced': 'D'}
2026-09-01 04:13:59 | DEBUG    | student_sim | id=11 gold=D | joint={'beginner': 'D', 'intermediate': 'D', 'advanced': 'A'} | isolated={'beginner': 'D', 'intermediate': 'D', 'advanced': 'D'}
2026-09-01 04:14:00 | DEBUG    | student_sim | id=12 gold=C | joint={'beginner': 'C', 'intermediate': 'C', 'advanced': 'C'} | isolated={'beginner': 'C', 'intermediate': 'C', 'advanced': 'C'}
2026-09-01 04:14:02 | DEBUG    | student_sim | id=13 gold=D | joint={'beginner': 'A', 'intermediate': 'D', 'advanced': 'D'} | isolated={'beginner': 'D', 'intermediate': 'D', 'advanced': 'D'}
2026-09-01 04:14:04 | DEBUG    | student_sim | id=14 gold=A | joint={'beginner': 'A', 'intermediate': 'A', 'advanced': 'A'} | isolated={'beginner': 'A', 'intermediate': 'A', 'advanced': 'A'}
2026-09-01 04:14:06 | DEBUG    | student_sim | id=15 gold=B | joint={'beginner': 'A', 'intermediate': 'D', 'advanced': 'B'} | isolated={'beginner': 'D', 'intermediate': 'B', 'advanced': 'B'}
2026-09-01 04:14:08 | DEBUG    | student_sim | id=16 gold=D | joint={'beginner': 'A', 'intermediate': 'D', 'advanced': 'D'} | isolated={'beginner': 'D', 'intermediate': 'D', 'advanced': 'D'}
2026-09-01 04:14:09 | DEBUG    | student_sim | id=17 gold=C | joint={'beginner': 'A', 'intermediate': 'A', 'advanced': 'C'} | isolated={'beginner': 'C', 'intermediate': 'C', 'advanced': 'C'}
2026-09-01 04:14:11 | DEBUG    | student_sim | id=18 gold=D | joint={'beginner': 'A', 'intermediate': 'B', 'advanced': 'D'} | isolated={'beginner': 'A', 'intermediate': 'D', 'advanced': 'D'}
2026-09-01 04:14:13 | DEBUG    | student_sim | id=19 gold=A | joint={'beginner': 'A', 'intermediate': 'A', 'advanced': 'A'} | isolated={'beginner': 'A', 'intermediate': 'A', 'advanced': 'A'}
2026-09-01 04:14:15 | DEBUG    | student_sim | id=20 gold=A | joint={'beginner': 'A', 'intermediate': 'A', 'advanced': 'A'} | isolated={'beginner': 'A', 'intermediate': 'A', 'advanced': 'A'}
2026-09-01 04:14:17 | DEBUG    | student_sim | id=21 gold=A | joint={'beginner': 'A', 'intermediate': 'A', 'advanced': 'A'} | isolated={'beginner': 'A', 'intermediate': 'A', 'advanced': 'A'}
2026-09-01 04:14:18 | DEBUG    | student_sim | id=22 gold=D | joint={'beginner': 'C', 'intermediate': 'D', 'advanced': 'D'} | isolated={'beginner': 'D', 'intermediate': 'D', 'advanced': 'D'}
2026-09-01 04:14:20 | DEBUG    | student_sim | id=23 gold=C | joint={'beginner': 'C', 'intermediate': 'C', 'advanced': 'C'} | isolated={'beginner': 'C', 'intermediate': 'C', 'advanced': 'C'}
2026-09-01 04:14:22 | DEBUG    | student_sim | id=24 gold=B | joint={'beginner': 'A', 'intermediate': 'B', 'advanced': 'D'} | isolated={'beginner': 'D', 'intermediate': 'D', 'advanced': 'D'}
2026-09-01 04:14:24 | DEBUG    | student_sim | id=25 gold=C | joint={'beginner': 'A', 'intermediate': 'D', 'advanced': 'D'} | isolated={'beginner': 'D', 'intermediate': 'D', 'advanced': 'D'}
2026-09-01 04:14:26 | DEBUG    | student_sim | id=26 gold=D | joint={'beginner': 'D', 'intermediate': 'D', 'advanced': 'D'} | isolated={'beginner': 'D', 'intermediate': 'D', 'advanced': 'D'}
2026-09-01 04:14:27 | DEBUG    | student_sim | id=27 gold=C | joint={'beginner': 'B', 'intermediate': 'B', 'advanced': 'C'} | isolated={'beginner': 'C', 'intermediate': 'C', 'advanced': 'C'}
2026-09-01 04:14:29 | DEBUG    | student_sim | id=28 gold=C | joint={'beginner': 'C', 'intermediate': 'C', 'advanced': 'C'} | isolated={'beginner': 'C', 'intermediate': 'C', 'advanced': 'C'}
2026-09-01 04:14:31 | DEBUG    | student_sim | id=29 gold=A | joint={'beginner': 'A', 'intermediate': 'A', 'advanced': 'A'} | isolated={'beginner': 'A', 'intermediate': 'A', 'advanced': 'A'}
2026-09-01 04:14:33 | DEBUG    | student_sim | id=30 gold=B | joint={'beginner': 'B', 'intermediate': 'B', 'advanced': 'B'} | isolated={'beginner': 'B', 'intermediate': 'B', 'advanced': 'B'}
2026-09-01 04:14:34 | DEBUG    | student_sim | id=31 gold=A | joint={'beginner': 'A', 'intermediate': 'A', 'advanced': 'A'} | isolated={'beginner': 'A', 'intermediate': 'A', 'advanced': 'A'}
2026-09-01 04:14:36 | DEBUG    | student_sim | id=32 gold=A | joint={'beginner': 'A', 'intermediate': 'A', 'advanced': 'A'} | isolated={'beginner': 'A', 'intermediate': 'A', 'advanced': 'A'}
2026-09-01 04:14:38 | DEBUG    | student_sim | id=33 gold=C | joint={'beginner': 'C', 'intermediate': 'C', 'advanced': 'C'} | isolated={'beginner': 'C', 'intermediate': 'C', 'advanced': 'C'}
2026-09-01 04:14:40 | DEBUG    | student_sim | id=34 gold=C | joint={'beginner': 'A', 'intermediate': 'C', 'advanced': 'C'} | isolated={'beginner': 'C', 'intermediate': 'C', 'advanced': 'C'}
2026-09-01 04:14:42 | DEBUG    | student_sim | id=35 gold=D | joint={'beginner': 'C', 'intermediate': 'B', 'advanced': 'D'} | isolated={'beginner': 'D', 'intermediate': 'D', 'advanced': 'D'}
2026-09-01 04:14:43 | DEBUG    | student_sim | id=36 gold=B | joint={'beginner': 'A', 'intermediate': 'B', 'advanced': 'B'} | isolated={'beginner': 'B', 'intermediate': 'B', 'advanced': 'B'}
2026-09-01 04:14:45 | DEBUG    | student_sim | id=37 gold=A | joint={'beginner': 'A', 'intermediate': 'A', 'advanced': 'A'} | isolated={'beginner': 'A', 'intermediate': 'A', 'advanced': 'A'}
2026-09-01 04:14:47 | DEBUG    | student_sim | id=38 gold=B | joint={'beginner': 'D', 'intermediate': 'A', 'advanced': 'C'} | isolated={'beginner': 'D', 'intermediate': 'D', 'advanced': 'A'}
2026-09-01 04:14:49 | DEBUG    | student_sim | id=39 gold=D | joint={'beginner': 'A', 'intermediate': 'D', 'advanced': 'D'} | isolated={'beginner': 'D', 'intermediate': 'D', 'advanced': 'D'}
2026-09-01 04:14:51 | DEBUG    | student_sim | id=40 gold=C | joint={'beginner': 'A', 'intermediate': 'C', 'advanced': 'C'} | isolated={'beginner': 'C', 'intermediate': 'C', 'advanced': 'C'}
2026-09-01 04:14:52 | DEBUG    | student_sim | id=41 gold=C | joint={'beginner': 'C', 'intermediate': 'C', 'advanced': 'A'} | isolated={'beginner': 'C', 'intermediate': 'C', 'advanced': 'C'}
2026-09-01 04:14:54 | DEBUG    | student_sim | id=42 gold=D | joint={'beginner': 'A', 'intermediate': 'D', 'advanced': 'D'} | isolated={'beginner': 'D', 'intermediate': 'D', 'advanced': 'D'}
2026-09-01 04:14:56 | DEBUG    | student_sim | id=43 gold=B | joint={'beginner': 'A', 'intermediate': 'B', 'advanced': 'B'} | isolated={'beginner': 'B', 'intermediate': 'B', 'advanced': 'B'}
2026-09-01 04:14:56 | INFO     | student_sim |   [  44/ 884]   5.0% | acc B/I/A  join 0.50/0.82/0.84 | isol 0.89/0.91/0.93 | 1.82s/sample | ETA 25.5 min
2026-09-01 04:14:58 | DEBUG    | student_sim | id=44 gold=B | joint={'beginner': 'C', 'intermediate': 'B', 'advanced': 'B'} | isolated={'beginner': 'B', 'intermediate': 'B', 'advanced': 'B'}
2026-09-01 04:14:59 | DEBUG    | student_sim | id=45 gold=B | joint={'beginner': 'A', 'intermediate': 'B', 'advanced': 'B'} | isolated={'beginner': 'B', 'intermediate': 'B', 'advanced': 'B'}
2026-09-01 04:15:01 | DEBUG    | student_sim | id=46 gold=D | joint={'beginner': 'D', 'intermediate': 'C', 'advanced': 'D'} | isolated={'beginner': 'C', 'intermediate': 'D', 'advanced': 'C'}
2026-09-01 04:15:03 | DEBUG    | student_sim | id=47 gold=C | joint={'beginner': 'B', 'intermediate': 'C', 'advanced': 'C'} | isolated={'beginner': 'C', 'intermediate': 'C', 'advanced': 'C'}
2026-09-01 04:15:05 | DEBUG    | student_sim | id=48 gold=B | joint={'beginner': 'A', 'intermediate': 'B', 'advanced': 'B'} | isolated={'beginner': 'B', 'intermediate': 'B', 'advanced': 'B'}
2026-09-01 04:15:07 | DEBUG    | student_sim | id=49 gold=D | joint={'beginner': 'A', 'intermediate': 'D', 'advanced': 'D'} | isolated={'beginner': 'D', 'intermediate': 'D', 'advanced': 'D'}
2026-09-01 04:15:08 | DEBUG    | student_sim | id=50 gold=D | joint={'beginner': 'A', 'intermediate': 'D', 'advanced': 'D'} | isolated={'beginner': 'D', 'intermediate': 'D', 'advanced': 'D'}
2026-09-01 04:15:10 | DEBUG    | student_sim | id=51 gold=D | joint={'beginner': 'D', 'intermediate': 'D', 'advanced': 'A'} | isolated={'beginner': 'D', 'intermediate': 'D', 'advanced': 'D'}
2026-09-01 04:15:12 | DEBUG    | student_sim | id=52 gold=A | joint={'beginner': 'A', 'intermediate': 'A', 'advanced': 'A'} | isolated={'beginner': 'A', 'intermediate': 'A', 'advanced': 'A'}
2026-09-01 04:15:14 | DEBUG    | student_sim | id=53 gold=A | joint={'beginner': 'A', 'intermediate': 'A', 'advanced': 'A'} | isolated={'beginner': 'A', 'intermediate': 'A', 'advanced': 'A'}
2026-09-01 04:15:16 | DEBUG    | student_sim | id=54 gold=B | joint={'beginner': 'B', 'intermediate': 'B', 'advanced': 'B'} | isolated={'beginner': 'B', 'intermediate': 'B', 'advanced': 'B'}
2026-09-01 04:15:18 | DEBUG    | student_sim | id=55 gold=A | joint={'beginner': 'A', 'intermediate': 'A', 'advanced': 'A'} | isolated={'beginner': 'A', 'intermediate': 'A', 'advanced': 'A'}
2026-09-01 04:15:19 | DEBUG    | student_sim | id=56 gold=A | joint={'beginner': 'A', 'intermediate': 'A', 'advanced': 'A'} | isolated={'beginner': 'A', 'intermediate': 'A', 'advanced': 'A'}
2026-09-01 04:15:21 | DEBUG    | student_sim | id=57 gold=D | joint={'beginner': 'D', 'intermediate': 'C', 'advanced': 'D'} | isolated={'beginner': 'D', 'intermediate': 'D', 'advanced': 'D'}
2026-09-01 04:15:23 | DEBUG    | student_sim | id=58 gold=D | joint={'beginner': 'D', 'intermediate': 'D', 'advanced': 'D'} | isolated={'beginner': 'D', 'intermediate': 'D', 'advanced': 'D'}
2026-09-01 04:15:25 | DEBUG    | student_sim | id=59 gold=B | joint={'beginner': 'B', 'intermediate': 'B', 'advanced': 'C'} | isolated={'beginner': 'B', 'intermediate': 'B', 'advanced': 'B'}
2026-09-01 04:15:26 | DEBUG    | student_sim | id=60 gold=D | joint={'beginner': 'A', 'intermediate': 'B', 'advanced': 'D'} | isolated={'beginner': 'D', 'intermediate': 'D', 'advanced': 'D'}
2026-09-01 04:15:28 | DEBUG    | student_sim | id=61 gold=C | joint={'beginner': 'C', 'intermediate': 'C', 'advanced': 'C'} | isolated={'beginner': 'C', 'intermediate': 'C', 'advanced': 'C'}
2026-09-01 04:15:30 | DEBUG    | student_sim | id=62 gold=C | joint={'beginner': 'A', 'intermediate': 'C', 'advanced': 'C'} | isolated={'beginner': 'C', 'intermediate': 'C', 'advanced': 'C'}
2026-09-01 04:15:32 | DEBUG    | student_sim | id=63 gold=A | joint={'beginner': 'A', 'intermediate': 'A', 'advanced': 'A'} | isolated={'beginner': 'A', 'intermediate': 'A', 'advanced': 'A'}
2026-09-01 04:15:34 | DEBUG    | student_sim | id=64 gold=B | joint={'beginner': 'B', 'intermediate': 'B', 'advanced': 'C'} | isolated={'beginner': 'B', 'intermediate': 'B', 'advanced': 'B'}
2026-09-01 04:15:35 | DEBUG    | student_sim | id=65 gold=C | joint={'beginner': 'C', 'intermediate': 'C', 'advanced': 'C'} | isolated={'beginner': 'C', 'intermediate': 'C', 'advanced': 'C'}
2026-09-01 04:15:37 | DEBUG    | student_sim | id=66 gold=C | joint={'beginner': 'C', 'intermediate': 'C', 'advanced': 'C'} | isolated={'beginner': 'C', 'intermediate': 'C', 'advanced': 'C'}
2026-09-01 04:15:39 | DEBUG    | student_sim | id=67 gold=D | joint={'beginner': 'A', 'intermediate': 'D', 'advanced': 'D'} | isolated={'beginner': 'D', 'intermediate': 'D', 'advanced': 'D'}
2026-09-01 04:15:41 | DEBUG    | student_sim | id=68 gold=A | joint={'beginner': 'A', 'intermediate': 'A', 'advanced': 'C'} | isolated={'beginner': 'C', 'intermediate': 'C', 'advanced': 'C'}
2026-09-01 04:15:43 | DEBUG    | student_sim | id=69 gold=B | joint={'beginner': 'B', 'intermediate': 'B', 'advanced': 'B'} | isolated={'beginner': 'B', 'intermediate': 'B', 'advanced': 'B'}
2026-09-01 04:15:44 | DEBUG    | student_sim | id=70 gold=D | joint={'beginner': 'D', 'intermediate': 'D', 'advanced': 'B'} | isolated={'beginner': 'D', 'intermediate': 'D', 'advanced': 'D'}
2026-09-01 04:15:46 | DEBUG    | student_sim | id=71 gold=C | joint={'beginner': 'A', 'intermediate': 'C', 'advanced': 'C'} | isolated={'beginner': 'C', 'intermediate': 'C', 'advanced': 'C'}
2026-09-01 04:15:48 | DEBUG    | student_sim | id=72 gold=C | joint={'beginner': 'D', 'intermediate': 'C', 'advanced': 'C'} | isolated={'beginner': 'C', 'intermediate': 'C', 'advanced': 'C'}
2026-09-01 04:15:50 | DEBUG    | student_sim | id=73 gold=B | joint={'beginner': 'B', 'intermediate': 'B', 'advanced': 'B'} | isolated={'beginner': 'B', 'intermediate': 'B', 'advanced': 'B'}
2026-09-01 04:15:51 | DEBUG    | student_sim | id=74 gold=B | joint={'beginner': 'B', 'intermediate': 'B', 'advanced': 'B'} | isolated={'beginner': 'B', 'intermediate': 'B', 'advanced': 'B'}
2026-09-01 04:15:53 | DEBUG    | student_sim | id=75 gold=D | joint={'beginner': 'D', 'intermediate': 'D', 'advanced': 'D'} | isolated={'beginner': 'D', 'intermediate': 'D', 'advanced': 'D'}
2026-09-01 04:15:55 | DEBUG    | student_sim | id=76 gold=D | joint={'beginner': 'C', 'intermediate': 'D', 'advanced': 'D'} | isolated={'beginner': 'D', 'intermediate': 'D', 'advanced': 'D'}
2026-09-01 04:15:57 | DEBUG    | student_sim | id=77 gold=D | joint={'beginner': 'C', 'intermediate': 'D', 'advanced': 'D'} | isolated={'beginner': 'D', 'intermediate': 'D', 'advanced': 'D'}
2026-09-01 04:15:59 | DEBUG    | student_sim | id=78 gold=A | joint={'beginner': 'A', 'intermediate': 'A', 'advanced': 'A'} | isolated={'beginner': 'A', 'intermediate': 'A', 'advanced': 'A'}
2026-09-01 04:16:00 | DEBUG    | student_sim | id=79 gold=B | joint={'beginner': 'B', 'intermediate': 'B', 'advanced': 'B'} | isolated={'beginner': 'B', 'intermediate': 'B', 'advanced': 'B'}
2026-09-01 04:16:02 | DEBUG    | student_sim | id=80 gold=B | joint={'beginner': 'A', 'intermediate': 'B', 'advanced': 'B'} | isolated={'beginner': 'B', 'intermediate': 'B', 'advanced': 'B'}
2026-09-01 04:16:04 | DEBUG    | student_sim | id=81 gold=A | joint={'beginner': 'A', 'intermediate': 'A', 'advanced': 'A'} | isolated={'beginner': 'A', 'intermediate': 'A', 'advanced': 'A'}
2026-09-01 04:16:06 | DEBUG    | student_sim | id=82 gold=A | joint={'beginner': 'A', 'intermediate': 'A', 'advanced': 'A'} | isolated={'beginner': 'A', 'intermediate': 'A', 'advanced': 'A'}
2026-09-01 04:16:08 | DEBUG    | student_sim | id=83 gold=C | joint={'beginner': 'C', 'intermediate': 'C', 'advanced': 'C'} | isolated={'beginner': 'C', 'intermediate': 'C', 'advanced': 'C'}
2026-09-01 04:16:09 | DEBUG    | student_sim | id=84 gold=C | joint={'beginner': 'A', 'intermediate': 'C', 'advanced': 'C'} | isolated={'beginner': 'C', 'intermediate': 'C', 'advanced': 'C'}
2026-09-01 04:16:11 | DEBUG    | student_sim | id=85 gold=C | joint={'beginner': 'A', 'intermediate': 'C', 'advanced': 'B'} | isolated={'beginner': 'C', 'intermediate': 'C', 'advanced': 'C'}
2026-09-01 04:16:13 | DEBUG    | student_sim | id=86 gold=B | joint={'beginner': 'A', 'intermediate': 'B', 'advanced': 'B'} | isolated={'beginner': 'B', 'intermediate': 'B', 'advanced': 'B'}
2026-09-01 04:16:15 | DEBUG    | student_sim | id=87 gold=D | joint={'beginner': 'A', 'intermediate': 'D', 'advanced': 'D'} | isolated={'beginner': 'D', 'intermediate': 'D', 'advanced': 'D'}
2026-09-01 04:16:15 | INFO     | student_sim |   [  88/ 884]  10.0% | acc B/I/A  join 0.55/0.88/0.85 | isol 0.92/0.94/0.94 | 1.80s/sample | ETA 23.9 min
2026-09-01 04:16:16 | DEBUG    | student_sim | id=88 gold=C | joint={'beginner': 'B', 'intermediate': 'C', 'advanced': 'C'} | isolated={'beginner': 'C', 'intermediate': 'C', 'advanced': 'B'}
2026-09-01 04:16:18 | DEBUG    | student_sim | id=89 gold=B | joint={'beginner': 'A', 'intermediate': 'D', 'advanced': 'D'} | isolated={'beginner': 'C', 'intermediate': 'D', 'advanced': 'D'}
2026-09-01 04:16:20 | DEBUG    | student_sim | id=90 gold=B | joint={'beginner': 'B', 'intermediate': 'B', 'advanced': 'B'} | isolated={'beginner': 'C', 'intermediate': 'B', 'advanced': 'B'}
2026-09-01 04:16:22 | DEBUG    | student_sim | id=91 gold=D | joint={'beginner': 'A', 'intermediate': 'D', 'advanced': 'D'} | isolated={'beginner': 'D', 'intermediate': 'D', 'advanced': 'D'}
2026-09-01 04:16:24 | DEBUG    | student_sim | id=92 gold=C | joint={'beginner': 'A', 'intermediate': 'B', 'advanced': 'C'} | isolated={'beginner': 'C', 'intermediate': 'C', 'advanced': 'C'}
2026-09-01 04:16:25 | DEBUG    | student_sim | id=93 gold=A | joint={'beginner': 'A', 'intermediate': 'A', 'advanced': 'A'} | isolated={'beginner': 'A', 'intermediate': 'A', 'advanced': 'A'}
2026-09-01 04:16:27 | DEBUG    | student_sim | id=94 gold=A | joint={'beginner': 'A', 'intermediate': 'A', 'advanced': 'A'} | isolated={'beginner': 'A', 'intermediate': 'A', 'advanced': 'A'}
2026-09-01 04:16:29 | DEBUG    | student_sim | id=95 gold=B | joint={'beginner': 'A', 'intermediate': 'B', 'advanced': 'B'} | isolated={'beginner': 'B', 'intermediate': 'B', 'advanced': 'B'}
2026-09-01 04:16:31 | DEBUG    | student_sim | id=96 gold=D | joint={'beginner': 'C', 'intermediate': 'C', 'advanced': 'D'} | isolated={'beginner': 'D', 'intermediate': 'D', 'advanced': 'D'}
2026-09-01 04:16:32 | DEBUG    | student_sim | id=97 gold=D | joint={'beginner': 'A', 'intermediate': 'D', 'advanced': 'D'} | isolated={'beginner': 'D', 'intermediate': 'D', 'advanced': 'D'}
2026-09-01 04:16:34 | DEBUG    | student_sim | id=98 gold=C | joint={'beginner': 'D', 'intermediate': 'C', 'advanced': 'C'} | isolated={'beginner': 'C', 'intermediate': 'C', 'advanced': 'C'}
2026-09-01 04:16:36 | DEBUG    | student_sim | id=99 gold=D | joint={'beginner': 'D', 'intermediate': 'D', 'advanced': 'D'} | isolated={'beginner': 'D', 'intermediate': 'D', 'advanced': 'D'}
2026-09-01 04:16:38 | DEBUG    | student_sim | id=100 gold=C | joint={'beginner': 'D', 'intermediate': 'C', 'advanced': 'C'} | isolated={'beginner': 'C', 'intermediate': 'C', 'advanced': 'C'}
2026-09-01 04:16:40 | DEBUG    | student_sim | id=101 gold=B | joint={'beginner': 'B', 'intermediate': 'B', 'advanced': 'B'} | isolated={'beginner': 'B', 'intermediate': 'B', 'advanced': 'B'}
2026-09-01 04:16:41 | DEBUG    | student_sim | id=102 gold=B | joint={'beginner': 'A', 'intermediate': 'B', 'advanced': 'C'} | isolated={'beginner': 'B', 'intermediate': 'B', 'advanced': 'B'}
2026-09-01 04:16:43 | DEBUG    | student_sim | id=103 gold=B | joint={'beginner': 'B', 'intermediate': 'B', 'advanced': 'B'} | isolated={'beginner': 'B', 'intermediate': 'B', 'advanced': 'B'}
2026-09-01 04:16:45 | DEBUG    | student_sim | id=104 gold=D | joint={'beginner': 'D', 'intermediate': 'D', 'advanced': 'B'} | isolated={'beginner': 'D', 'intermediate': 'D', 'advanced': 'D'}
2026-09-01 04:16:47 | DEBUG    | student_sim | id=105 gold=B | joint={'beginner': 'D', 'intermediate': 'B', 'advanced': 'B'} | isolated={'beginner': 'B', 'intermediate': 'B', 'advanced': 'B'}
2026-09-01 04:16:48 | DEBUG    | student_sim | id=106 gold=C | joint={'beginner': 'B', 'intermediate': 'B', 'advanced': 'B'} | isolated={'beginner': 'C', 'intermediate': 'C', 'advanced': 'B'}
2026-09-01 04:16:50 | DEBUG    | student_sim | id=107 gold=B | joint={'beginner': 'B', 'intermediate': 'B', 'advanced': 'B'} | isolated={'beginner': 'B', 'intermediate': 'B', 'advanced': 'B'}
2026-09-01 04:16:52 | DEBUG    | student_sim | id=108 gold=D | joint={'beginner': 'C', 'intermediate': 'D', 'advanced': 'D'} | isolated={'beginner': 'D', 'intermediate': 'D', 'advanced': 'D'}
2026-09-01 04:16:54 | DEBUG    | student_sim | id=109 gold=C | joint={'beginner': 'A', 'intermediate': 'C', 'advanced': 'C'} | isolated={'beginner': 'C', 'intermediate': 'C', 'advanced': 'C'}
2026-09-01 04:16:56 | DEBUG    | student_sim | id=110 gold=C | joint={'beginner': 'A', 'intermediate': 'C', 'advanced': 'C'} | isolated={'beginner': 'C', 'intermediate': 'C', 'advanced': 'C'}
2026-09-01 04:16:57 | DEBUG    | student_sim | id=111 gold=A | joint={'beginner': 'A', 'intermediate': 'A', 'advanced': 'A'} | isolated={'beginner': 'A', 'intermediate': 'A', 'advanced': 'A'}
2026-09-01 04:16:59 | DEBUG    | student_sim | id=112 gold=B | joint={'beginner': 'A', 'intermediate': 'B', 'advanced': 'B'} | isolated={'beginner': 'B', 'intermediate': 'B', 'advanced': 'B'}
2026-09-01 04:17:01 | DEBUG    | student_sim | id=113 gold=D | joint={'beginner': 'A', 'intermediate': 'D', 'advanced': 'D'} | isolated={'beginner': 'D', 'intermediate': 'D', 'advanced': 'D'}
2026-09-01 04:17:03 | DEBUG    | student_sim | id=114 gold=D | joint={'beginner': 'A', 'intermediate': 'D', 'advanced': 'D'} | isolated={'beginner': 'D', 'intermediate': 'D', 'advanced': 'D'}
2026-09-01 04:17:05 | DEBUG    | student_sim | id=115 gold=C | joint={'beginner': 'C', 'intermediate': 'C', 'advanced': 'C'} | isolated={'beginner': 'C', 'intermediate': 'C', 'advanced': 'C'}
2026-09-01 04:17:06 | DEBUG    | student_sim | id=116 gold=B | joint={'beginner': 'A', 'intermediate': 'B', 'advanced': 'B'} | isolated={'beginner': 'B', 'intermediate': 'B', 'advanced': 'B'}
2026-09-01 04:17:08 | DEBUG    | student_sim | id=117 gold=C | joint={'beginner': 'B', 'intermediate': 'C', 'advanced': 'C'} | isolated={'beginner': 'C', 'intermediate': 'C', 'advanced': 'C'}
2026-09-01 04:17:10 | DEBUG    | student_sim | id=118 gold=D | joint={'beginner': 'D', 'intermediate': 'D', 'advanced': 'D'} | isolated={'beginner': 'D', 'intermediate': 'D', 'advanced': 'D'}
2026-09-01 04:17:12 | DEBUG    | student_sim | id=119 gold=C | joint={'beginner': 'B', 'intermediate': 'C', 'advanced': 'C'} | isolated={'beginner': 'C', 'intermediate': 'C', 'advanced': 'C'}
2026-09-01 04:17:14 | DEBUG    | student_sim | id=120 gold=B | joint={'beginner': 'A', 'intermediate': 'B', 'advanced': 'B'} | isolated={'beginner': 'B', 'intermediate': 'B', 'advanced': 'B'}
2026-09-01 04:17:15 | DEBUG    | student_sim | id=121 gold=A | joint={'beginner': 'B', 'intermediate': 'A', 'advanced': 'A'} | isolated={'beginner': 'B', 'intermediate': 'A', 'advanced': 'A'}
2026-09-01 04:17:17 | DEBUG    | student_sim | id=122 gold=B | joint={'beginner': 'B', 'intermediate': 'B', 'advanced': 'B'} | isolated={'beginner': 'B', 'intermediate': 'B', 'advanced': 'B'}
2026-09-01 04:17:19 | DEBUG    | student_sim | id=123 gold=C | joint={'beginner': 'B', 'intermediate': 'C', 'advanced': 'C'} | isolated={'beginner': 'C', 'intermediate': 'C', 'advanced': 'C'}
2026-09-01 04:17:21 | DEBUG    | student_sim | id=124 gold=C | joint={'beginner': 'C', 'intermediate': 'C', 'advanced': 'C'} | isolated={'beginner': 'C', 'intermediate': 'C', 'advanced': 'C'}
2026-09-01 04:17:23 | DEBUG    | student_sim | id=125 gold=C | joint={'beginner': 'C', 'intermediate': 'C', 'advanced': 'D'} | isolated={'beginner': 'C', 'intermediate': 'C', 'advanced': 'C'}
2026-09-01 04:17:24 | DEBUG    | student_sim | id=126 gold=B | joint={'beginner': 'B', 'intermediate': 'B', 'advanced': 'B'} | isolated={'beginner': 'B', 'intermediate': 'B', 'advanced': 'B'}
2026-09-01 04:17:26 | DEBUG    | student_sim | id=127 gold=C | joint={'beginner': 'C', 'intermediate': 'C', 'advanced': 'C'} | isolated={'beginner': 'C', 'intermediate': 'C', 'advanced': 'C'}
2026-09-01 04:17:28 | DEBUG    | student_sim | id=128 gold=A | joint={'beginner': 'A', 'intermediate': 'A', 'advanced': 'A'} | isolated={'beginner': 'A', 'intermediate': 'A', 'advanced': 'A'}
2026-09-01 04:17:30 | DEBUG    | student_sim | id=129 gold=D | joint={'beginner': 'D', 'intermediate': 'B', 'advanced': 'D'} | isolated={'beginner': 'D', 'intermediate': 'D', 'advanced': 'D'}
2026-09-01 04:17:31 | DEBUG    | student_sim | id=130 gold=A | joint={'beginner': 'A', 'intermediate': 'A', 'advanced': 'A'} | isolated={'beginner': 'A', 'intermediate': 'A', 'advanced': 'A'}
2026-09-01 04:17:33 | DEBUG    | student_sim | id=131 gold=D | joint={'beginner': 'A', 'intermediate': 'D', 'advanced': 'D'} | isolated={'beginner': 'D', 'intermediate': 'D', 'advanced': 'D'}
2026-09-01 04:17:33 | INFO     | student_sim |   [ 132/ 884]  14.9% | acc B/I/A  join 0.51/0.88/0.86 | isol 0.92/0.95/0.94 | 1.80s/sample | ETA 22.5 min
2026-09-01 04:17:35 | DEBUG    | student_sim | id=132 gold=A | joint={'beginner': 'A', 'intermediate': 'A', 'advanced': 'A'} | isolated={'beginner': 'A', 'intermediate': 'A', 'advanced': 'A'}
2026-09-01 04:17:37 | DEBUG    | student_sim | id=133 gold=D | joint={'beginner': 'C', 'intermediate': 'D', 'advanced': 'D'} | isolated={'beginner': 'D', 'intermediate': 'D', 'advanced': 'D'}
2026-09-01 04:17:39 | DEBUG    | student_sim | id=134 gold=A | joint={'beginner': 'A', 'intermediate': 'A', 'advanced': 'A'} | isolated={'beginner': 'A', 'intermediate': 'A', 'advanced': 'A'}
2026-09-01 04:17:40 | DEBUG    | student_sim | id=135 gold=B | joint={'beginner': 'A', 'intermediate': 'B', 'advanced': 'B'} | isolated={'beginner': 'B', 'intermediate': 'B', 'advanced': 'B'}
2026-09-01 04:17:42 | DEBUG    | student_sim | id=136 gold=B | joint={'beginner': 'B', 'intermediate': 'B', 'advanced': 'D'} | isolated={'beginner': 'B', 'intermediate': 'D', 'advanced': 'D'}
2026-09-01 04:17:44 | DEBUG    | student_sim | id=137 gold=C | joint={'beginner': 'A', 'intermediate': 'C', 'advanced': 'C'} | isolated={'beginner': 'C', 'intermediate': 'C', 'advanced': 'C'}
2026-09-01 04:17:46 | DEBUG    | student_sim | id=138 gold=D | joint={'beginner': 'B', 'intermediate': 'B', 'advanced': 'C'} | isolated={'beginner': 'B', 'intermediate': 'B', 'advanced': 'A'}
2026-09-01 04:17:47 | DEBUG    | student_sim | id=139 gold=B | joint={'beginner': 'A', 'intermediate': 'B', 'advanced': 'B'} | isolated={'beginner': 'B', 'intermediate': 'B', 'advanced': 'B'}
2026-09-01 04:17:49 | DEBUG    | student_sim | id=140 gold=A | joint={'beginner': 'A', 'intermediate': 'A', 'advanced': 'A'} | isolated={'beginner': 'A', 'intermediate': 'A', 'advanced': 'A'}
2026-09-01 04:17:51 | DEBUG    | student_sim | id=141 gold=D | joint={'beginner': 'A', 'intermediate': 'D', 'advanced': 'D'} | isolated={'beginner': 'D', 'intermediate': 'D', 'advanced': 'D'}
2026-09-01 04:17:53 | DEBUG    | student_sim | id=142 gold=A | joint={'beginner': 'B', 'intermediate': 'A', 'advanced': 'A'} | isolated={'beginner': 'A', 'intermediate': 'A', 'advanced': 'A'}
2026-09-01 04:17:55 | DEBUG    | student_sim | id=143 gold=A | joint={'beginner': 'A', 'intermediate': 'A', 'advanced': 'A'} | isolated={'beginner': 'A', 'intermediate': 'A', 'advanced': 'A'}
2026-09-01 04:17:56 | DEBUG    | student_sim | id=144 gold=C | joint={'beginner': 'C', 'intermediate': 'C', 'advanced': 'B'} | isolated={'beginner': 'C', 'intermediate': 'C', 'advanced': 'C'}
2026-09-01 04:17:58 | DEBUG    | student_sim | id=145 gold=B | joint={'beginner': 'A', 'intermediate': 'B', 'advanced': 'B'} | isolated={'beginner': 'B', 'intermediate': 'B', 'advanced': 'B'}
2026-09-01 04:18:00 | DEBUG    | student_sim | id=146 gold=B | joint={'beginner': 'B', 'intermediate': 'B', 'advanced': 'B'} | isolated={'beginner': 'B', 'intermediate': 'B', 'advanced': 'B'}
2026-09-01 04:18:02 | DEBUG    | student_sim | id=147 gold=B | joint={'beginner': 'B', 'intermediate': 'B', 'advanced': 'B'} | isolated={'beginner': 'B', 'intermediate': 'B', 'advanced': 'B'}
2026-09-01 04:18:04 | DEBUG    | student_sim | id=148 gold=A | joint={'beginner': 'A', 'intermediate': 'A', 'advanced': 'D'} | isolated={'beginner': 'A', 'intermediate': 'A', 'advanced': 'A'}
2026-09-01 04:18:05 | DEBUG    | student_sim | id=149 gold=A | joint={'beginner': 'A', 'intermediate': 'A', 'advanced': 'A'} | isolated={'beginner': 'A', 'intermediate': 'A', 'advanced': 'A'}
2026-09-01 04:18:07 | DEBUG    | student_sim | id=150 gold=A | joint={'beginner': 'A', 'intermediate': 'A', 'advanced': 'A'} | isolated={'beginner': 'A', 'intermediate': 'A', 'advanced': 'A'}
2026-09-01 04:18:09 | DEBUG    | student_sim | id=151 gold=B | joint={'beginner': 'A', 'intermediate': 'B', 'advanced': 'B'} | isolated={'beginner': 'B', 'intermediate': 'B', 'advanced': 'B'}
2026-09-01 04:18:11 | DEBUG    | student_sim | id=152 gold=A | joint={'beginner': 'A', 'intermediate': 'A', 'advanced': 'A'} | isolated={'beginner': 'A', 'intermediate': 'A', 'advanced': 'A'}
2026-09-01 04:18:13 | DEBUG    | student_sim | id=153 gold=D | joint={'beginner': 'A', 'intermediate': 'C', 'advanced': 'D'} | isolated={'beginner': 'D', 'intermediate': 'D', 'advanced': 'D'}
2026-09-01 04:18:15 | DEBUG    | student_sim | id=154 gold=C | joint={'beginner': 'A', 'intermediate': 'C', 'advanced': 'C'} | isolated={'beginner': 'C', 'intermediate': 'C', 'advanced': 'C'}
2026-09-01 04:18:16 | DEBUG    | student_sim | id=155 gold=D | joint={'beginner': 'A', 'intermediate': 'D', 'advanced': 'D'} | isolated={'beginner': 'D', 'intermediate': 'D', 'advanced': 'D'}
2026-09-01 04:18:18 | DEBUG    | student_sim | id=156 gold=B | joint={'beginner': 'B', 'intermediate': 'B', 'advanced': 'B'} | isolated={'beginner': 'B', 'intermediate': 'B', 'advanced': 'B'}
2026-09-01 04:18:20 | DEBUG    | student_sim | id=157 gold=B | joint={'beginner': 'A', 'intermediate': 'B', 'advanced': 'B'} | isolated={'beginner': 'B', 'intermediate': 'B', 'advanced': 'B'}
2026-09-01 04:18:22 | DEBUG    | student_sim | id=158 gold=A | joint={'beginner': 'A', 'intermediate': 'A', 'advanced': 'A'} | isolated={'beginner': 'A', 'intermediate': 'A', 'advanced': 'A'}
2026-09-01 04:18:24 | DEBUG    | student_sim | id=159 gold=C | joint={'beginner': 'A', 'intermediate': 'C', 'advanced': 'C'} | isolated={'beginner': 'C', 'intermediate': 'C', 'advanced': 'C'}
2026-09-01 04:18:25 | DEBUG    | student_sim | id=160 gold=D | joint={'beginner': 'D', 'intermediate': 'D', 'advanced': 'A'} | isolated={'beginner': 'D', 'intermediate': 'D', 'advanced': 'D'}
2026-09-01 04:18:27 | DEBUG    | student_sim | id=161 gold=A | joint={'beginner': 'A', 'intermediate': 'A', 'advanced': 'A'} | isolated={'beginner': 'A', 'intermediate': 'A', 'advanced': 'A'}
2026-09-01 04:18:29 | DEBUG    | student_sim | id=162 gold=D | joint={'beginner': 'D', 'intermediate': 'D', 'advanced': 'D'} | isolated={'beginner': 'D', 'intermediate': 'D', 'advanced': 'D'}
2026-09-01 04:18:31 | DEBUG    | student_sim | id=163 gold=D | joint={'beginner': 'B', 'intermediate': 'B', 'advanced': 'D'} | isolated={'beginner': 'D', 'intermediate': 'D', 'advanced': 'D'}
2026-09-01 04:18:32 | DEBUG    | student_sim | id=164 gold=A | joint={'beginner': 'A', 'intermediate': 'A', 'advanced': 'D'} | isolated={'beginner': 'A', 'intermediate': 'A', 'advanced': 'A'}
2026-09-01 04:18:34 | DEBUG    | student_sim | id=165 gold=A | joint={'beginner': 'A', 'intermediate': 'A', 'advanced': 'A'} | isolated={'beginner': 'A', 'intermediate': 'A', 'advanced': 'A'}
2026-09-01 04:18:36 | DEBUG    | student_sim | id=166 gold=C | joint={'beginner': 'B', 'intermediate': 'B', 'advanced': 'C'} | isolated={'beginner': 'C', 'intermediate': 'C', 'advanced': 'C'}
2026-09-01 04:18:38 | DEBUG    | student_sim | id=167 gold=B | joint={'beginner': 'A', 'intermediate': 'B', 'advanced': 'B'} | isolated={'beginner': 'B', 'intermediate': 'B', 'advanced': 'B'}
2026-09-01 04:18:40 | DEBUG    | student_sim | id=168 gold=A | joint={'beginner': 'A', 'intermediate': 'A', 'advanced': 'A'} | isolated={'beginner': 'A', 'intermediate': 'A', 'advanced': 'A'}
2026-09-01 04:18:41 | DEBUG    | student_sim | id=169 gold=A | joint={'beginner': 'A', 'intermediate': 'A', 'advanced': 'A'} | isolated={'beginner': 'A', 'intermediate': 'A', 'advanced': 'A'}
2026-09-01 04:18:43 | DEBUG    | student_sim | id=170 gold=D | joint={'beginner': 'C', 'intermediate': 'C', 'advanced': 'D'} | isolated={'beginner': 'C', 'intermediate': 'C', 'advanced': 'C'}
2026-09-01 04:18:45 | DEBUG    | student_sim | id=171 gold=A | joint={'beginner': 'D', 'intermediate': 'C', 'advanced': 'C'} | isolated={'beginner': 'C', 'intermediate': 'C', 'advanced': 'C'}
2026-09-01 04:18:47 | DEBUG    | student_sim | id=172 gold=B | joint={'beginner': 'A', 'intermediate': 'B', 'advanced': 'B'} | isolated={'beginner': 'B', 'intermediate': 'B', 'advanced': 'B'}
2026-09-01 04:18:49 | DEBUG    | student_sim | id=173 gold=C | joint={'beginner': 'C', 'intermediate': 'C', 'advanced': 'C'} | isolated={'beginner': 'C', 'intermediate': 'C', 'advanced': 'C'}
2026-09-01 04:18:51 | DEBUG    | student_sim | id=174 gold=B | joint={'beginner': 'A', 'intermediate': 'B', 'advanced': 'B'} | isolated={'beginner': 'B', 'intermediate': 'B', 'advanced': 'B'}
2026-09-01 04:18:52 | DEBUG    | student_sim | id=175 gold=C | joint={'beginner': 'C', 'intermediate': 'C', 'advanced': 'C'} | isolated={'beginner': 'C', 'intermediate': 'C', 'advanced': 'C'}
2026-09-01 04:18:52 | INFO     | student_sim |   [ 176/ 884]  19.9% | acc B/I/A  join 0.51/0.88/0.86 | isol 0.93/0.94/0.93 | 1.80s/sample | ETA 21.2 min
2026-09-01 04:18:54 | DEBUG    | student_sim | id=176 gold=A | joint={'beginner': 'A', 'intermediate': 'A', 'advanced': 'A'} | isolated={'beginner': 'A', 'intermediate': 'A', 'advanced': 'A'}
2026-09-01 04:18:56 | DEBUG    | student_sim | id=177 gold=C | joint={'beginner': 'C', 'intermediate': 'C', 'advanced': 'C'} | isolated={'beginner': 'C', 'intermediate': 'C', 'advanced': 'C'}
2026-09-01 04:18:58 | DEBUG    | student_sim | id=178 gold=B | joint={'beginner': 'A', 'intermediate': 'B', 'advanced': 'B'} | isolated={'beginner': 'B', 'intermediate': 'B', 'advanced': 'B'}
2026-09-01 04:19:00 | DEBUG    | student_sim | id=179 gold=B | joint={'beginner': 'A', 'intermediate': 'B', 'advanced': 'B'} | isolated={'beginner': 'B', 'intermediate': 'B', 'advanced': 'B'}
2026-09-01 04:19:01 | DEBUG    | student_sim | id=180 gold=A | joint={'beginner': 'A', 'intermediate': 'A', 'advanced': 'A'} | isolated={'beginner': 'A', 'intermediate': 'A', 'advanced': 'A'}
2026-09-01 04:19:03 | DEBUG    | student_sim | id=181 gold=B | joint={'beginner': 'A', 'intermediate': 'B', 'advanced': 'C'} | isolated={'beginner': 'B', 'intermediate': 'B', 'advanced': 'B'}
2026-09-01 04:19:05 | DEBUG    | student_sim | id=182 gold=C | joint={'beginner': 'C', 'intermediate': 'C', 'advanced': 'C'} | isolated={'beginner': 'C', 'intermediate': 'C', 'advanced': 'C'}
2026-09-01 04:19:07 | DEBUG    | student_sim | id=183 gold=B | joint={'beginner': 'B', 'intermediate': 'B', 'advanced': 'B'} | isolated={'beginner': 'B', 'intermediate': 'B', 'advanced': 'B'}
2026-09-01 04:19:08 | DEBUG    | student_sim | id=184 gold=A | joint={'beginner': 'A', 'intermediate': 'A', 'advanced': 'B'} | isolated={'beginner': 'A', 'intermediate': 'A', 'advanced': 'A'}
2026-09-01 04:19:10 | DEBUG    | student_sim | id=185 gold=B | joint={'beginner': 'B', 'intermediate': 'B', 'advanced': 'B'} | isolated={'beginner': 'B', 'intermediate': 'B', 'advanced': 'B'}
2026-09-01 04:19:12 | DEBUG    | student_sim | id=186 gold=D | joint={'beginner': 'C', 'intermediate': 'D', 'advanced': 'B'} | isolated={'beginner': 'B', 'intermediate': 'D', 'advanced': 'D'}
2026-09-01 04:19:14 | DEBUG    | student_sim | id=187 gold=D | joint={'beginner': 'A', 'intermediate': 'D', 'advanced': 'D'} | isolated={'beginner': 'D', 'intermediate': 'D', 'advanced': 'D'}
2026-09-01 04:19:16 | DEBUG    | student_sim | id=188 gold=B | joint={'beginner': 'B', 'intermediate': 'B', 'advanced': 'B'} | isolated={'beginner': 'B', 'intermediate': 'B', 'advanced': 'B'}
2026-09-01 04:19:17 | DEBUG    | student_sim | id=189 gold=D | joint={'beginner': 'A', 'intermediate': 'D', 'advanced': 'D'} | isolated={'beginner': 'D', 'intermediate': 'D', 'advanced': 'D'}
2026-09-01 04:19:19 | DEBUG    | student_sim | id=190 gold=C | joint={'beginner': 'C', 'intermediate': 'C', 'advanced': 'B'} | isolated={'beginner': 'C', 'intermediate': 'C', 'advanced': 'C'}
2026-09-01 04:19:21 | DEBUG    | student_sim | id=191 gold=A | joint={'beginner': 'A', 'intermediate': 'A', 'advanced': 'A'} | isolated={'beginner': 'A', 'intermediate': 'A', 'advanced': 'A'}
2026-09-01 04:19:23 | DEBUG    | student_sim | id=192 gold=A | joint={'beginner': 'B', 'intermediate': 'B', 'advanced': 'A'} | isolated={'beginner': 'B', 'intermediate': 'A', 'advanced': 'A'}
2026-09-01 04:19:25 | DEBUG    | student_sim | id=193 gold=D | joint={'beginner': 'A', 'intermediate': 'A', 'advanced': 'D'} | isolated={'beginner': 'A', 'intermediate': 'D', 'advanced': 'D'}
2026-09-01 04:19:26 | DEBUG    | student_sim | id=194 gold=D | joint={'beginner': 'D', 'intermediate': 'D', 'advanced': 'D'} | isolated={'beginner': 'D', 'intermediate': 'D', 'advanced': 'D'}
2026-09-01 04:19:28 | DEBUG    | student_sim | id=195 gold=D | joint={'beginner': 'D', 'intermediate': 'D', 'advanced': 'D'} | isolated={'beginner': 'D', 'intermediate': 'D', 'advanced': 'D'}
2026-09-01 04:19:30 | DEBUG    | student_sim | id=196 gold=D | joint={'beginner': 'A', 'intermediate': 'D', 'advanced': 'D'} | isolated={'beginner': 'D', 'intermediate': 'D', 'advanced': 'D'}
2026-09-01 04:19:32 | DEBUG    | student_sim | id=197 gold=D | joint={'beginner': 'A', 'intermediate': 'D', 'advanced': 'D'} | isolated={'beginner': 'D', 'intermediate': 'D', 'advanced': 'D'}
2026-09-01 04:19:33 | DEBUG    | student_sim | id=198 gold=C | joint={'beginner': 'A', 'intermediate': 'C', 'advanced': 'C'} | isolated={'beginner': 'C', 'intermediate': 'C', 'advanced': 'C'}
2026-09-01 04:19:35 | DEBUG    | student_sim | id=199 gold=D | joint={'beginner': 'C', 'intermediate': 'D', 'advanced': 'D'} | isolated={'beginner': 'D', 'intermediate': 'D', 'advanced': 'D'}
2026-09-01 04:19:37 | DEBUG    | student_sim | id=200 gold=A | joint={'beginner': 'A', 'intermediate': 'A', 'advanced': 'B'} | isolated={'beginner': 'A', 'intermediate': 'A', 'advanced': 'A'}
2026-09-01 04:19:39 | DEBUG    | student_sim | id=201 gold=C | joint={'beginner': 'A', 'intermediate': 'C', 'advanced': 'C'} | isolated={'beginner': 'C', 'intermediate': 'C', 'advanced': 'C'}
2026-09-01 04:19:41 | DEBUG    | student_sim | id=202 gold=B | joint={'beginner': 'B', 'intermediate': 'B', 'advanced': 'B'} | isolated={'beginner': 'B', 'intermediate': 'B', 'advanced': 'B'}
2026-09-01 04:19:42 | DEBUG    | student_sim | id=203 gold=D | joint={'beginner': 'A', 'intermediate': 'D', 'advanced': 'D'} | isolated={'beginner': 'A', 'intermediate': 'A', 'advanced': 'A'}
2026-09-01 04:19:44 | DEBUG    | student_sim | id=204 gold=B | joint={'beginner': 'A', 'intermediate': 'B', 'advanced': 'B'} | isolated={'beginner': 'B', 'intermediate': 'B', 'advanced': 'B'}
2026-09-01 04:19:46 | DEBUG    | student_sim | id=205 gold=D | joint={'beginner': 'C', 'intermediate': 'D', 'advanced': 'D'} | isolated={'beginner': 'D', 'intermediate': 'D', 'advanced': 'D'}
2026-09-01 04:19:48 | DEBUG    | student_sim | id=206 gold=D | joint={'beginner': 'A', 'intermediate': 'B', 'advanced': 'D'} | isolated={'beginner': 'A', 'intermediate': 'B', 'advanced': 'D'}
2026-09-01 04:19:50 | DEBUG    | student_sim | id=207 gold=D | joint={'beginner': 'A', 'intermediate': 'D', 'advanced': 'D'} | isolated={'beginner': 'D', 'intermediate': 'D', 'advanced': 'D'}
2026-09-01 04:19:51 | DEBUG    | student_sim | id=208 gold=A | joint={'beginner': 'A', 'intermediate': 'A', 'advanced': 'A'} | isolated={'beginner': 'A', 'intermediate': 'A', 'advanced': 'A'}
2026-09-01 04:19:53 | DEBUG    | student_sim | id=209 gold=C | joint={'beginner': 'B', 'intermediate': 'C', 'advanced': 'C'} | isolated={'beginner': 'C', 'intermediate': 'C', 'advanced': 'C'}
2026-09-01 04:19:55 | DEBUG    | student_sim | id=210 gold=D | joint={'beginner': 'D', 'intermediate': 'D', 'advanced': 'D'} | isolated={'beginner': 'D', 'intermediate': 'D', 'advanced': 'D'}
2026-09-01 04:19:57 | DEBUG    | student_sim | id=211 gold=D | joint={'beginner': 'D', 'intermediate': 'D', 'advanced': 'D'} | isolated={'beginner': 'D', 'intermediate': 'D', 'advanced': 'D'}
2026-09-01 04:19:58 | DEBUG    | student_sim | id=212 gold=B | joint={'beginner': 'B', 'intermediate': 'B', 'advanced': 'B'} | isolated={'beginner': 'B', 'intermediate': 'B', 'advanced': 'B'}
2026-09-01 04:20:00 | DEBUG    | student_sim | id=213 gold=C | joint={'beginner': 'A', 'intermediate': 'C', 'advanced': 'C'} | isolated={'beginner': 'C', 'intermediate': 'C', 'advanced': 'C'}
2026-09-01 04:20:02 | DEBUG    | student_sim | id=214 gold=A | joint={'beginner': 'A', 'intermediate': 'A', 'advanced': 'A'} | isolated={'beginner': 'A', 'intermediate': 'A', 'advanced': 'A'}
2026-09-01 04:20:04 | DEBUG    | student_sim | id=215 gold=B | joint={'beginner': 'B', 'intermediate': 'B', 'advanced': 'D'} | isolated={'beginner': 'B', 'intermediate': 'B', 'advanced': 'B'}
2026-09-01 04:20:06 | DEBUG    | student_sim | id=216 gold=D | joint={'beginner': 'C', 'intermediate': 'D', 'advanced': 'D'} | isolated={'beginner': 'D', 'intermediate': 'D', 'advanced': 'D'}
2026-09-01 04:20:07 | DEBUG    | student_sim | id=217 gold=A | joint={'beginner': 'A', 'intermediate': 'A', 'advanced': 'A'} | isolated={'beginner': 'A', 'intermediate': 'A', 'advanced': 'A'}
2026-09-01 04:20:09 | DEBUG    | student_sim | id=218 gold=C | joint={'beginner': 'A', 'intermediate': 'C', 'advanced': 'C'} | isolated={'beginner': 'C', 'intermediate': 'C', 'advanced': 'C'}
2026-09-01 04:20:11 | DEBUG    | student_sim | id=219 gold=C | joint={'beginner': 'A', 'intermediate': 'A', 'advanced': 'B'} | isolated={'beginner': 'A', 'intermediate': 'A', 'advanced': 'A'}
2026-09-01 04:20:11 | INFO     | student_sim |   [ 220/ 884]  24.9% | acc B/I/A  join 0.50/0.88/0.85 | isol 0.91/0.94/0.94 | 1.80s/sample | ETA 19.9 min
2026-09-01 04:20:13 | DEBUG    | student_sim | id=220 gold=A | joint={'beginner': 'A', 'intermediate': 'A', 'advanced': 'A'} | isolated={'beginner': 'A', 'intermediate': 'A', 'advanced': 'A'}
2026-09-01 04:20:15 | DEBUG    | student_sim | id=221 gold=A | joint={'beginner': 'A', 'intermediate': 'A', 'advanced': 'A'} | isolated={'beginner': 'A', 'intermediate': 'A', 'advanced': 'A'}
2026-09-01 04:20:16 | DEBUG    | student_sim | id=222 gold=D | joint={'beginner': 'A', 'intermediate': 'D', 'advanced': 'D'} | isolated={'beginner': 'D', 'intermediate': 'D', 'advanced': 'D'}
2026-09-01 04:20:18 | DEBUG    | student_sim | id=223 gold=D | joint={'beginner': 'A', 'intermediate': 'A', 'advanced': 'D'} | isolated={'beginner': 'D', 'intermediate': 'D', 'advanced': 'D'}
2026-09-01 04:20:20 | DEBUG    | student_sim | id=224 gold=B | joint={'beginner': 'B', 'intermediate': 'B', 'advanced': 'C'} | isolated={'beginner': 'B', 'intermediate': 'B', 'advanced': 'B'}
2026-09-01 04:20:22 | DEBUG    | student_sim | id=225 gold=A | joint={'beginner': 'A', 'intermediate': 'A', 'advanced': 'A'} | isolated={'beginner': 'A', 'intermediate': 'A', 'advanced': 'A'}
2026-09-01 04:20:24 | DEBUG    | student_sim | id=226 gold=C | joint={'beginner': 'C', 'intermediate': 'C', 'advanced': 'A'} | isolated={'beginner': 'C', 'intermediate': 'C', 'advanced': 'C'}
2026-09-01 04:20:25 | DEBUG    | student_sim | id=227 gold=C | joint={'beginner': 'A', 'intermediate': 'C', 'advanced': 'C'} | isolated={'beginner': 'C', 'intermediate': 'C', 'advanced': 'C'}
2026-09-01 04:20:27 | DEBUG    | student_sim | id=228 gold=A | joint={'beginner': 'A', 'intermediate': 'A', 'advanced': 'B'} | isolated={'beginner': 'A', 'intermediate': 'A', 'advanced': 'A'}
2026-09-01 04:20:29 | DEBUG    | student_sim | id=229 gold=A | joint={'beginner': 'A', 'intermediate': 'A', 'advanced': 'A'} | isolated={'beginner': 'A', 'intermediate': 'A', 'advanced': 'A'}
2026-09-01 04:20:31 | DEBUG    | student_sim | id=230 gold=A | joint={'beginner': 'A', 'intermediate': 'A', 'advanced': 'A'} | isolated={'beginner': 'A', 'intermediate': 'A', 'advanced': 'A'}
2026-09-01 04:20:33 | DEBUG    | student_sim | id=231 gold=A | joint={'beginner': 'D', 'intermediate': 'A', 'advanced': 'A'} | isolated={'beginner': 'A', 'intermediate': 'A', 'advanced': 'A'}
2026-09-01 04:20:34 | DEBUG    | student_sim | id=232 gold=A | joint={'beginner': 'A', 'intermediate': 'A', 'advanced': 'A'} | isolated={'beginner': 'A', 'intermediate': 'A', 'advanced': 'A'}
2026-09-01 04:20:36 | DEBUG    | student_sim | id=233 gold=C | joint={'beginner': 'A', 'intermediate': 'C', 'advanced': 'C'} | isolated={'beginner': 'C', 'intermediate': 'C', 'advanced': 'C'}
2026-09-01 04:20:38 | DEBUG    | student_sim | id=234 gold=C | joint={'beginner': 'C', 'intermediate': 'C', 'advanced': 'C'} | isolated={'beginner': 'C', 'intermediate': 'C', 'advanced': 'C'}
2026-09-01 04:20:40 | DEBUG    | student_sim | id=235 gold=C | joint={'beginner': 'C', 'intermediate': 'C', 'advanced': 'D'} | isolated={'beginner': 'C', 'intermediate': 'C', 'advanced': 'C'}
2026-09-01 04:20:42 | DEBUG    | student_sim | id=236 gold=A | joint={'beginner': 'A', 'intermediate': 'A', 'advanced': 'A'} | isolated={'beginner': 'A', 'intermediate': 'A', 'advanced': 'A'}
2026-09-01 04:20:43 | DEBUG    | student_sim | id=237 gold=D | joint={'beginner': 'B', 'intermediate': 'B', 'advanced': 'D'} | isolated={'beginner': 'D', 'intermediate': 'D', 'advanced': 'D'}
2026-09-01 04:20:45 | DEBUG    | student_sim | id=238 gold=B | joint={'beginner': 'A', 'intermediate': 'B', 'advanced': 'B'} | isolated={'beginner': 'B', 'intermediate': 'B', 'advanced': 'B'}
2026-09-01 04:20:47 | DEBUG    | student_sim | id=239 gold=C | joint={'beginner': 'D', 'intermediate': 'C', 'advanced': 'C'} | isolated={'beginner': 'C', 'intermediate': 'C', 'advanced': 'C'}
2026-09-01 04:20:49 | DEBUG    | student_sim | id=240 gold=C | joint={'beginner': 'A', 'intermediate': 'C', 'advanced': 'A'} | isolated={'beginner': 'A', 'intermediate': 'A', 'advanced': 'A'}
2026-09-01 04:20:50 | DEBUG    | student_sim | id=241 gold=B | joint={'beginner': 'B', 'intermediate': 'B', 'advanced': 'B'} | isolated={'beginner': 'B', 'intermediate': 'B', 'advanced': 'B'}
2026-09-01 04:20:52 | DEBUG    | student_sim | id=242 gold=C | joint={'beginner': 'A', 'intermediate': 'C', 'advanced': 'C'} | isolated={'beginner': 'C', 'intermediate': 'C', 'advanced': 'C'}
2026-09-01 04:20:54 | DEBUG    | student_sim | id=243 gold=A | joint={'beginner': 'A', 'intermediate': 'A', 'advanced': 'B'} | isolated={'beginner': 'A', 'intermediate': 'A', 'advanced': 'A'}
2026-09-01 04:20:56 | DEBUG    | student_sim | id=244 gold=B | joint={'beginner': 'B', 'intermediate': 'C', 'advanced': 'B'} | isolated={'beginner': 'B', 'intermediate': 'C', 'advanced': 'B'}
2026-09-01 04:20:57 | DEBUG    | student_sim | id=245 gold=D | joint={'beginner': 'B', 'intermediate': 'B', 'advanced': 'D'} | isolated={'beginner': 'B', 'intermediate': 'B', 'advanced': 'B'}
2026-09-01 04:20:59 | DEBUG    | student_sim | id=246 gold=D | joint={'beginner': 'D', 'intermediate': 'D', 'advanced': 'D'} | isolated={'beginner': 'D', 'intermediate': 'D', 'advanced': 'D'}
2026-09-01 04:21:01 | DEBUG    | student_sim | id=247 gold=C | joint={'beginner': 'B', 'intermediate': 'C', 'advanced': 'C'} | isolated={'beginner': 'C', 'intermediate': 'C', 'advanced': 'C'}
2026-09-01 04:21:03 | DEBUG    | student_sim | id=248 gold=C | joint={'beginner': 'A', 'intermediate': 'C', 'advanced': 'C'} | isolated={'beginner': 'C', 'intermediate': 'C', 'advanced': 'C'}
2026-09-01 04:21:05 | DEBUG    | student_sim | id=249 gold=D | joint={'beginner': 'D', 'intermediate': 'D', 'advanced': 'D'} | isolated={'beginner': 'D', 'intermediate': 'D', 'advanced': 'D'}
2026-09-01 04:21:06 | DEBUG    | student_sim | id=250 gold=B | joint={'beginner': 'A', 'intermediate': 'B', 'advanced': 'B'} | isolated={'beginner': 'B', 'intermediate': 'B', 'advanced': 'B'}
2026-09-01 04:21:08 | DEBUG    | student_sim | id=251 gold=A | joint={'beginner': 'A', 'intermediate': 'A', 'advanced': 'A'} | isolated={'beginner': 'A', 'intermediate': 'A', 'advanced': 'A'}
2026-09-01 04:21:10 | DEBUG    | student_sim | id=252 gold=A | joint={'beginner': 'A', 'intermediate': 'A', 'advanced': 'C'} | isolated={'beginner': 'A', 'intermediate': 'A', 'advanced': 'A'}
2026-09-01 04:21:12 | DEBUG    | student_sim | id=253 gold=B | joint={'beginner': 'A', 'intermediate': 'A', 'advanced': 'B'} | isolated={'beginner': 'B', 'intermediate': 'B', 'advanced': 'B'}
2026-09-01 04:21:14 | DEBUG    | student_sim | id=254 gold=D | joint={'beginner': 'A', 'intermediate': 'A', 'advanced': 'D'} | isolated={'beginner': 'A', 'intermediate': 'D', 'advanced': 'D'}
2026-09-01 04:21:15 | DEBUG    | student_sim | id=255 gold=B | joint={'beginner': 'A', 'intermediate': 'B', 'advanced': 'B'} | isolated={'beginner': 'B', 'intermediate': 'B', 'advanced': 'B'}
2026-09-01 04:21:17 | DEBUG    | student_sim | id=256 gold=C | joint={'beginner': 'D', 'intermediate': 'D', 'advanced': 'B'} | isolated={'beginner': 'D', 'intermediate': 'D', 'advanced': 'D'}
2026-09-01 04:21:19 | DEBUG    | student_sim | id=257 gold=D | joint={'beginner': 'A', 'intermediate': 'D', 'advanced': 'D'} | isolated={'beginner': 'D', 'intermediate': 'D', 'advanced': 'D'}
2026-09-01 04:21:21 | DEBUG    | student_sim | id=258 gold=A | joint={'beginner': 'A', 'intermediate': 'A', 'advanced': 'A'} | isolated={'beginner': 'A', 'intermediate': 'A', 'advanced': 'A'}
2026-09-01 04:21:23 | DEBUG    | student_sim | id=259 gold=C | joint={'beginner': 'C', 'intermediate': 'C', 'advanced': 'D'} | isolated={'beginner': 'C', 'intermediate': 'C', 'advanced': 'C'}
2026-09-01 04:21:24 | DEBUG    | student_sim | id=260 gold=A | joint={'beginner': 'A', 'intermediate': 'A', 'advanced': 'A'} | isolated={'beginner': 'A', 'intermediate': 'A', 'advanced': 'A'}
2026-09-01 04:21:26 | DEBUG    | student_sim | id=261 gold=C | joint={'beginner': 'A', 'intermediate': 'D', 'advanced': 'C'} | isolated={'beginner': 'C', 'intermediate': 'C', 'advanced': 'C'}
2026-09-01 04:21:28 | DEBUG    | student_sim | id=262 gold=B | joint={'beginner': 'B', 'intermediate': 'B', 'advanced': 'B'} | isolated={'beginner': 'B', 'intermediate': 'B', 'advanced': 'B'}
2026-09-01 04:21:30 | DEBUG    | student_sim | id=263 gold=C | joint={'beginner': 'D', 'intermediate': 'C', 'advanced': 'C'} | isolated={'beginner': 'C', 'intermediate': 'C', 'advanced': 'C'}
2026-09-01 04:21:30 | INFO     | student_sim |   [ 264/ 884]  29.9% | acc B/I/A  join 0.51/0.87/0.84 | isol 0.91/0.94/0.94 | 1.80s/sample | ETA 18.5 min
2026-09-01 04:21:32 | DEBUG    | student_sim | id=264 gold=B | joint={'beginner': 'B', 'intermediate': 'B', 'advanced': 'B'} | isolated={'beginner': 'B', 'intermediate': 'B', 'advanced': 'B'}
2026-09-01 04:21:33 | DEBUG    | student_sim | id=265 gold=D | joint={'beginner': 'D', 'intermediate': 'D', 'advanced': 'D'} | isolated={'beginner': 'D', 'intermediate': 'D', 'advanced': 'D'}
2026-09-01 04:21:35 | DEBUG    | student_sim | id=266 gold=A | joint={'beginner': 'A', 'intermediate': 'A', 'advanced': 'A'} | isolated={'beginner': 'A', 'intermediate': 'A', 'advanced': 'A'}
2026-09-01 04:21:37 | DEBUG    | student_sim | id=267 gold=C | joint={'beginner': 'C', 'intermediate': 'C', 'advanced': 'C'} | isolated={'beginner': 'C', 'intermediate': 'C', 'advanced': 'C'}
2026-09-01 04:21:39 | DEBUG    | student_sim | id=268 gold=A | joint={'beginner': 'A', 'intermediate': 'A', 'advanced': 'C'} | isolated={'beginner': 'A', 'intermediate': 'A', 'advanced': 'A'}
2026-09-01 04:21:41 | DEBUG    | student_sim | id=269 gold=A | joint={'beginner': 'A', 'intermediate': 'A', 'advanced': 'A'} | isolated={'beginner': 'A', 'intermediate': 'A', 'advanced': 'A'}
2026-09-01 04:21:42 | DEBUG    | student_sim | id=270 gold=C | joint={'beginner': 'C', 'intermediate': 'C', 'advanced': 'B'} | isolated={'beginner': 'C', 'intermediate': 'C', 'advanced': 'C'}
2026-09-01 04:21:44 | DEBUG    | student_sim | id=271 gold=A | joint={'beginner': 'A', 'intermediate': 'A', 'advanced': 'A'} | isolated={'beginner': 'A', 'intermediate': 'A', 'advanced': 'A'}
2026-09-01 04:21:46 | DEBUG    | student_sim | id=272 gold=C | joint={'beginner': 'B', 'intermediate': 'C', 'advanced': 'D'} | isolated={'beginner': 'C', 'intermediate': 'C', 'advanced': 'C'}
2026-09-01 04:21:48 | DEBUG    | student_sim | id=273 gold=B | joint={'beginner': 'B', 'intermediate': 'B', 'advanced': 'A'} | isolated={'beginner': 'B', 'intermediate': 'B', 'advanced': 'B'}
2026-09-01 04:21:50 | DEBUG    | student_sim | id=274 gold=B | joint={'beginner': 'B', 'intermediate': 'B', 'advanced': 'B'} | isolated={'beginner': 'B', 'intermediate': 'B', 'advanced': 'B'}
2026-09-01 04:21:51 | DEBUG    | student_sim | id=275 gold=A | joint={'beginner': 'A', 'intermediate': 'B', 'advanced': 'A'} | isolated={'beginner': 'B', 'intermediate': 'A', 'advanced': 'A'}
2026-09-01 04:21:53 | DEBUG    | student_sim | id=276 gold=C | joint={'beginner': 'C', 'intermediate': 'C', 'advanced': 'C'} | isolated={'beginner': 'C', 'intermediate': 'C', 'advanced': 'C'}
2026-09-01 04:21:55 | DEBUG    | student_sim | id=277 gold=C | joint={'beginner': 'C', 'intermediate': 'C', 'advanced': 'C'} | isolated={'beginner': 'C', 'intermediate': 'C', 'advanced': 'C'}
2026-09-01 04:21:57 | DEBUG    | student_sim | id=278 gold=A | joint={'beginner': 'A', 'intermediate': 'C', 'advanced': 'A'} | isolated={'beginner': 'A', 'intermediate': 'A', 'advanced': 'A'}
2026-09-01 04:21:58 | DEBUG    | student_sim | id=279 gold=B | joint={'beginner': 'D', 'intermediate': 'D', 'advanced': 'B'} | isolated={'beginner': 'B', 'intermediate': 'B', 'advanced': 'B'}
2026-09-01 04:22:00 | DEBUG    | student_sim | id=280 gold=A | joint={'beginner': 'A', 'intermediate': 'A', 'advanced': 'A'} | isolated={'beginner': 'A', 'intermediate': 'A', 'advanced': 'A'}
2026-09-01 04:22:02 | DEBUG    | student_sim | id=281 gold=A | joint={'beginner': 'A', 'intermediate': 'A', 'advanced': 'A'} | isolated={'beginner': 'A', 'intermediate': 'A', 'advanced': 'A'}
2026-09-01 04:22:04 | DEBUG    | student_sim | id=282 gold=D | joint={'beginner': 'B', 'intermediate': 'D', 'advanced': 'D'} | isolated={'beginner': 'D', 'intermediate': 'D', 'advanced': 'D'}
2026-09-01 04:22:06 | DEBUG    | student_sim | id=283 gold=A | joint={'beginner': 'B', 'intermediate': 'A', 'advanced': 'A'} | isolated={'beginner': 'A', 'intermediate': 'A', 'advanced': 'A'}
2026-09-01 04:22:07 | DEBUG    | student_sim | id=284 gold=D | joint={'beginner': 'D', 'intermediate': 'D', 'advanced': 'B'} | isolated={'beginner': 'D', 'intermediate': 'D', 'advanced': 'D'}
2026-09-01 04:22:09 | DEBUG    | student_sim | id=285 gold=B | joint={'beginner': 'A', 'intermediate': 'B', 'advanced': 'B'} | isolated={'beginner': 'B', 'intermediate': 'B', 'advanced': 'B'}
2026-09-01 04:22:11 | DEBUG    | student_sim | id=286 gold=A | joint={'beginner': 'A', 'intermediate': 'A', 'advanced': 'A'} | isolated={'beginner': 'A', 'intermediate': 'A', 'advanced': 'A'}
2026-09-01 04:22:13 | DEBUG    | student_sim | id=287 gold=A | joint={'beginner': 'A', 'intermediate': 'A', 'advanced': 'A'} | isolated={'beginner': 'A', 'intermediate': 'A', 'advanced': 'A'}
2026-09-01 04:22:15 | DEBUG    | student_sim | id=288 gold=D | joint={'beginner': 'D', 'intermediate': 'D', 'advanced': 'D'} | isolated={'beginner': 'D', 'intermediate': 'D', 'advanced': 'D'}
2026-09-01 04:22:16 | DEBUG    | student_sim | id=289 gold=A | joint={'beginner': 'A', 'intermediate': 'A', 'advanced': 'A'} | isolated={'beginner': 'A', 'intermediate': 'A', 'advanced': 'A'}
2026-09-01 04:22:18 | DEBUG    | student_sim | id=290 gold=C | joint={'beginner': 'C', 'intermediate': 'C', 'advanced': 'C'} | isolated={'beginner': 'C', 'intermediate': 'C', 'advanced': 'C'}
2026-09-01 04:22:20 | DEBUG    | student_sim | id=291 gold=B | joint={'beginner': 'B', 'intermediate': 'B', 'advanced': 'C'} | isolated={'beginner': 'B', 'intermediate': 'B', 'advanced': 'C'}
2026-09-01 04:22:22 | DEBUG    | student_sim | id=292 gold=B | joint={'beginner': 'B', 'intermediate': 'B', 'advanced': 'B'} | isolated={'beginner': 'B', 'intermediate': 'B', 'advanced': 'B'}
2026-09-01 04:22:24 | DEBUG    | student_sim | id=293 gold=C | joint={'beginner': 'B', 'intermediate': 'C', 'advanced': 'C'} | isolated={'beginner': 'C', 'intermediate': 'C', 'advanced': 'C'}
2026-09-01 04:22:25 | DEBUG    | student_sim | id=294 gold=D | joint={'beginner': 'D', 'intermediate': 'C', 'advanced': 'D'} | isolated={'beginner': 'D', 'intermediate': 'D', 'advanced': 'D'}
2026-09-01 04:22:27 | DEBUG    | student_sim | id=295 gold=A | joint={'beginner': 'A', 'intermediate': 'A', 'advanced': 'A'} | isolated={'beginner': 'A', 'intermediate': 'A', 'advanced': 'A'}
2026-09-01 04:22:29 | DEBUG    | student_sim | id=296 gold=A | joint={'beginner': 'A', 'intermediate': 'A', 'advanced': 'A'} | isolated={'beginner': 'A', 'intermediate': 'A', 'advanced': 'A'}
2026-09-01 04:22:31 | DEBUG    | student_sim | id=297 gold=C | joint={'beginner': 'B', 'intermediate': 'B', 'advanced': 'C'} | isolated={'beginner': 'C', 'intermediate': 'C', 'advanced': 'C'}
2026-09-01 04:22:33 | DEBUG    | student_sim | id=298 gold=B | joint={'beginner': 'B', 'intermediate': 'B', 'advanced': 'B'} | isolated={'beginner': 'B', 'intermediate': 'B', 'advanced': 'B'}
2026-09-01 04:22:34 | DEBUG    | student_sim | id=299 gold=C | joint={'beginner': 'B', 'intermediate': 'C', 'advanced': 'C'} | isolated={'beginner': 'C', 'intermediate': 'C', 'advanced': 'C'}
2026-09-01 04:22:36 | DEBUG    | student_sim | id=300 gold=A | joint={'beginner': 'A', 'intermediate': 'A', 'advanced': 'A'} | isolated={'beginner': 'A', 'intermediate': 'A', 'advanced': 'A'}
2026-09-01 04:22:38 | DEBUG    | student_sim | id=301 gold=D | joint={'beginner': 'A', 'intermediate': 'D', 'advanced': 'D'} | isolated={'beginner': 'D', 'intermediate': 'D', 'advanced': 'D'}
2026-09-01 04:22:40 | DEBUG    | student_sim | id=302 gold=C | joint={'beginner': 'D', 'intermediate': 'D', 'advanced': 'C'} | isolated={'beginner': 'C', 'intermediate': 'C', 'advanced': 'C'}
2026-09-01 04:22:42 | DEBUG    | student_sim | id=303 gold=A | joint={'beginner': 'A', 'intermediate': 'D', 'advanced': 'A'} | isolated={'beginner': 'A', 'intermediate': 'D', 'advanced': 'A'}
2026-09-01 04:22:43 | DEBUG    | student_sim | id=304 gold=A | joint={'beginner': 'A', 'intermediate': 'A', 'advanced': 'A'} | isolated={'beginner': 'A', 'intermediate': 'A', 'advanced': 'A'}
2026-09-01 04:22:45 | DEBUG    | student_sim | id=305 gold=B | joint={'beginner': 'A', 'intermediate': 'B', 'advanced': 'B'} | isolated={'beginner': 'B', 'intermediate': 'B', 'advanced': 'B'}
2026-09-01 04:22:47 | DEBUG    | student_sim | id=306 gold=C | joint={'beginner': 'A', 'intermediate': 'C', 'advanced': 'C'} | isolated={'beginner': 'C', 'intermediate': 'C', 'advanced': 'C'}
2026-09-01 04:22:49 | DEBUG    | student_sim | id=307 gold=D | joint={'beginner': 'A', 'intermediate': 'D', 'advanced': 'D'} | isolated={'beginner': 'D', 'intermediate': 'D', 'advanced': 'D'}
2026-09-01 04:22:49 | INFO     | student_sim |   [ 308/ 884]  34.8% | acc B/I/A  join 0.54/0.87/0.85 | isol 0.92/0.94/0.94 | 1.79s/sample | ETA 17.2 min
2026-09-01 04:22:50 | DEBUG    | student_sim | id=308 gold=B | joint={'beginner': 'B', 'intermediate': 'B', 'advanced': 'D'} | isolated={'beginner': 'B', 'intermediate': 'B', 'advanced': 'B'}
2026-09-01 04:22:52 | DEBUG    | student_sim | id=309 gold=C | joint={'beginner': 'B', 'intermediate': 'B', 'advanced': 'C'} | isolated={'beginner': 'C', 'intermediate': 'C', 'advanced': 'C'}
2026-09-01 04:22:54 | DEBUG    | student_sim | id=310 gold=C | joint={'beginner': 'A', 'intermediate': 'C', 'advanced': 'C'} | isolated={'beginner': 'C', 'intermediate': 'C', 'advanced': 'C'}
2026-09-01 04:22:56 | DEBUG    | student_sim | id=311 gold=D | joint={'beginner': 'A', 'intermediate': 'D', 'advanced': 'D'} | isolated={'beginner': 'D', 'intermediate': 'D', 'advanced': 'D'}
2026-09-01 04:22:58 | DEBUG    | student_sim | id=312 gold=D | joint={'beginner': 'D', 'intermediate': 'D', 'advanced': 'D'} | isolated={'beginner': 'D', 'intermediate': 'D', 'advanced': 'D'}
2026-09-01 04:22:59 | DEBUG    | student_sim | id=313 gold=B | joint={'beginner': 'B', 'intermediate': 'B', 'advanced': 'B'} | isolated={'beginner': 'B', 'intermediate': 'B', 'advanced': 'B'}
2026-09-01 04:23:01 | DEBUG    | student_sim | id=314 gold=D | joint={'beginner': 'C', 'intermediate': 'D', 'advanced': 'D'} | isolated={'beginner': 'D', 'intermediate': 'D', 'advanced': 'D'}
2026-09-01 04:23:03 | DEBUG    | student_sim | id=315 gold=A | joint={'beginner': 'A', 'intermediate': 'A', 'advanced': 'A'} | isolated={'beginner': 'A', 'intermediate': 'A', 'advanced': 'A'}
2026-09-01 04:23:05 | DEBUG    | student_sim | id=316 gold=D | joint={'beginner': 'C', 'intermediate': 'D', 'advanced': 'D'} | isolated={'beginner': 'C', 'intermediate': 'D', 'advanced': 'D'}
2026-09-01 04:23:07 | DEBUG    | student_sim | id=317 gold=A | joint={'beginner': 'A', 'intermediate': 'A', 'advanced': 'A'} | isolated={'beginner': 'A', 'intermediate': 'A', 'advanced': 'A'}
2026-09-01 04:23:08 | DEBUG    | student_sim | id=318 gold=D | joint={'beginner': 'D', 'intermediate': 'D', 'advanced': 'D'} | isolated={'beginner': 'D', 'intermediate': 'D', 'advanced': 'D'}
2026-09-01 04:23:10 | DEBUG    | student_sim | id=319 gold=A | joint={'beginner': 'A', 'intermediate': 'A', 'advanced': 'A'} | isolated={'beginner': 'A', 'intermediate': 'A', 'advanced': 'A'}
2026-09-01 04:23:12 | DEBUG    | student_sim | id=320 gold=B | joint={'beginner': 'B', 'intermediate': 'B', 'advanced': 'A'} | isolated={'beginner': 'B', 'intermediate': 'B', 'advanced': 'B'}
2026-09-01 04:23:14 | DEBUG    | student_sim | id=321 gold=C | joint={'beginner': 'A', 'intermediate': 'C', 'advanced': 'C'} | isolated={'beginner': 'C', 'intermediate': 'C', 'advanced': 'C'}
2026-09-01 04:23:15 | DEBUG    | student_sim | id=322 gold=C | joint={'beginner': 'A', 'intermediate': 'C', 'advanced': 'C'} | isolated={'beginner': 'C', 'intermediate': 'C', 'advanced': 'C'}
2026-09-01 04:23:17 | DEBUG    | student_sim | id=323 gold=D | joint={'beginner': 'B', 'intermediate': 'D', 'advanced': 'D'} | isolated={'beginner': 'D', 'intermediate': 'D', 'advanced': 'D'}
2026-09-01 04:23:19 | DEBUG    | student_sim | id=324 gold=D | joint={'beginner': 'D', 'intermediate': 'D', 'advanced': 'A'} | isolated={'beginner': 'D', 'intermediate': 'A', 'advanced': 'A'}
2026-09-01 04:23:21 | DEBUG    | student_sim | id=325 gold=B | joint={'beginner': 'A', 'intermediate': 'B', 'advanced': 'B'} | isolated={'beginner': 'B', 'intermediate': 'B', 'advanced': 'B'}
2026-09-01 04:23:23 | DEBUG    | student_sim | id=326 gold=A | joint={'beginner': 'D', 'intermediate': 'A', 'advanced': 'B'} | isolated={'beginner': 'A', 'intermediate': 'A', 'advanced': 'A'}
2026-09-01 04:23:24 | DEBUG    | student_sim | id=327 gold=C | joint={'beginner': 'A', 'intermediate': 'C', 'advanced': 'C'} | isolated={'beginner': 'C', 'intermediate': 'C', 'advanced': 'C'}
2026-09-01 04:23:26 | DEBUG    | student_sim | id=328 gold=D | joint={'beginner': 'D', 'intermediate': 'D', 'advanced': 'D'} | isolated={'beginner': 'D', 'intermediate': 'D', 'advanced': 'D'}
2026-09-01 04:23:28 | DEBUG    | student_sim | id=329 gold=B | joint={'beginner': 'A', 'intermediate': 'B', 'advanced': 'B'} | isolated={'beginner': 'B', 'intermediate': 'B', 'advanced': 'B'}
2026-09-01 04:23:30 | DEBUG    | student_sim | id=330 gold=A | joint={'beginner': 'B', 'intermediate': 'A', 'advanced': 'A'} | isolated={'beginner': 'B', 'intermediate': 'A', 'advanced': 'A'}
2026-09-01 04:23:32 | DEBUG    | student_sim | id=331 gold=B | joint={'beginner': 'A', 'intermediate': 'B', 'advanced': 'B'} | isolated={'beginner': 'B', 'intermediate': 'B', 'advanced': 'B'}
2026-09-01 04:23:33 | DEBUG    | student_sim | id=332 gold=B | joint={'beginner': 'C', 'intermediate': 'B', 'advanced': 'B'} | isolated={'beginner': 'B', 'intermediate': 'B', 'advanced': 'B'}
2026-09-01 04:23:35 | DEBUG    | student_sim | id=333 gold=D | joint={'beginner': 'D', 'intermediate': 'D', 'advanced': 'D'} | isolated={'beginner': 'D', 'intermediate': 'D', 'advanced': 'D'}
2026-09-01 04:23:37 | DEBUG    | student_sim | id=334 gold=A | joint={'beginner': 'A', 'intermediate': 'A', 'advanced': 'A'} | isolated={'beginner': 'A', 'intermediate': 'A', 'advanced': 'A'}
2026-09-01 04:23:39 | DEBUG    | student_sim | id=335 gold=A | joint={'beginner': 'A', 'intermediate': 'A', 'advanced': 'A'} | isolated={'beginner': 'A', 'intermediate': 'A', 'advanced': 'A'}
2026-09-01 04:23:41 | DEBUG    | student_sim | id=336 gold=A | joint={'beginner': 'D', 'intermediate': 'A', 'advanced': 'A'} | isolated={'beginner': 'B', 'intermediate': 'A', 'advanced': 'A'}
2026-09-01 04:23:42 | DEBUG    | student_sim | id=337 gold=D | joint={'beginner': 'A', 'intermediate': 'D', 'advanced': 'D'} | isolated={'beginner': 'D', 'intermediate': 'D', 'advanced': 'D'}
2026-09-01 04:23:44 | DEBUG    | student_sim | id=338 gold=A | joint={'beginner': 'A', 'intermediate': 'D', 'advanced': 'D'} | isolated={'beginner': 'D', 'intermediate': 'D', 'advanced': 'D'}
2026-09-01 04:23:46 | DEBUG    | student_sim | id=339 gold=C | joint={'beginner': 'A', 'intermediate': 'C', 'advanced': 'C'} | isolated={'beginner': 'C', 'intermediate': 'C', 'advanced': 'C'}
2026-09-01 04:23:48 | DEBUG    | student_sim | id=340 gold=C | joint={'beginner': 'C', 'intermediate': 'C', 'advanced': 'C'} | isolated={'beginner': 'C', 'intermediate': 'C', 'advanced': 'C'}
2026-09-01 04:23:50 | DEBUG    | student_sim | id=341 gold=B | joint={'beginner': 'B', 'intermediate': 'B', 'advanced': 'B'} | isolated={'beginner': 'B', 'intermediate': 'B', 'advanced': 'B'}
2026-09-01 04:23:51 | DEBUG    | student_sim | id=342 gold=C | joint={'beginner': 'C', 'intermediate': 'C', 'advanced': 'C'} | isolated={'beginner': 'C', 'intermediate': 'C', 'advanced': 'C'}
2026-09-01 04:23:53 | DEBUG    | student_sim | id=343 gold=B | joint={'beginner': 'A', 'intermediate': 'B', 'advanced': 'B'} | isolated={'beginner': 'B', 'intermediate': 'B', 'advanced': 'B'}
2026-09-01 04:23:55 | DEBUG    | student_sim | id=344 gold=D | joint={'beginner': 'D', 'intermediate': 'D', 'advanced': 'D'} | isolated={'beginner': 'D', 'intermediate': 'D', 'advanced': 'D'}
2026-09-01 04:23:57 | DEBUG    | student_sim | id=345 gold=B | joint={'beginner': 'C', 'intermediate': 'A', 'advanced': 'C'} | isolated={'beginner': 'C', 'intermediate': 'C', 'advanced': 'C'}
2026-09-01 04:23:59 | DEBUG    | student_sim | id=346 gold=B | joint={'beginner': 'D', 'intermediate': 'B', 'advanced': 'B'} | isolated={'beginner': 'B', 'intermediate': 'B', 'advanced': 'B'}
2026-09-01 04:24:00 | DEBUG    | student_sim | id=347 gold=D | joint={'beginner': 'A', 'intermediate': 'A', 'advanced': 'D'} | isolated={'beginner': 'D', 'intermediate': 'D', 'advanced': 'D'}
2026-09-01 04:24:02 | DEBUG    | student_sim | id=348 gold=C | joint={'beginner': 'C', 'intermediate': 'B', 'advanced': 'C'} | isolated={'beginner': 'C', 'intermediate': 'C', 'advanced': 'C'}
2026-09-01 04:24:04 | DEBUG    | student_sim | id=349 gold=A | joint={'beginner': 'A', 'intermediate': 'A', 'advanced': 'B'} | isolated={'beginner': 'A', 'intermediate': 'A', 'advanced': 'A'}
2026-09-01 04:24:06 | DEBUG    | student_sim | id=350 gold=C | joint={'beginner': 'A', 'intermediate': 'C', 'advanced': 'C'} | isolated={'beginner': 'C', 'intermediate': 'C', 'advanced': 'C'}
2026-09-01 04:24:07 | DEBUG    | student_sim | id=351 gold=A | joint={'beginner': 'B', 'intermediate': 'A', 'advanced': 'A'} | isolated={'beginner': 'B', 'intermediate': 'A', 'advanced': 'A'}
2026-09-01 04:24:07 | INFO     | student_sim |   [ 352/ 884]  39.8% | acc B/I/A  join 0.53/0.87/0.85 | isol 0.91/0.94/0.94 | 1.79s/sample | ETA 15.9 min
2026-09-01 04:24:09 | DEBUG    | student_sim | id=352 gold=D | joint={'beginner': 'D', 'intermediate': 'D', 'advanced': 'D'} | isolated={'beginner': 'D', 'intermediate': 'D', 'advanced': 'D'}
2026-09-01 04:24:11 | DEBUG    | student_sim | id=353 gold=C | joint={'beginner': 'B', 'intermediate': 'B', 'advanced': 'C'} | isolated={'beginner': 'C', 'intermediate': 'C', 'advanced': 'C'}
2026-09-01 04:24:13 | DEBUG    | student_sim | id=354 gold=C | joint={'beginner': 'A', 'intermediate': 'C', 'advanced': 'C'} | isolated={'beginner': 'C', 'intermediate': 'C', 'advanced': 'C'}
2026-09-01 04:24:15 | DEBUG    | student_sim | id=355 gold=D | joint={'beginner': 'C', 'intermediate': 'C', 'advanced': 'D'} | isolated={'beginner': 'D', 'intermediate': 'D', 'advanced': 'D'}
2026-09-01 04:24:16 | DEBUG    | student_sim | id=356 gold=A | joint={'beginner': 'A', 'intermediate': 'A', 'advanced': 'A'} | isolated={'beginner': 'A', 'intermediate': 'A', 'advanced': 'A'}
2026-09-01 04:24:18 | DEBUG    | student_sim | id=357 gold=A | joint={'beginner': 'A', 'intermediate': 'A', 'advanced': 'A'} | isolated={'beginner': 'A', 'intermediate': 'A', 'advanced': 'A'}
2026-09-01 04:24:20 | DEBUG    | student_sim | id=358 gold=D | joint={'beginner': 'B', 'intermediate': 'D', 'advanced': 'D'} | isolated={'beginner': 'D', 'intermediate': 'D', 'advanced': 'D'}
2026-09-01 04:24:22 | DEBUG    | student_sim | id=359 gold=C | joint={'beginner': 'A', 'intermediate': 'C', 'advanced': 'C'} | isolated={'beginner': 'C', 'intermediate': 'C', 'advanced': 'C'}
2026-09-01 04:24:24 | DEBUG    | student_sim | id=360 gold=B | joint={'beginner': 'B', 'intermediate': 'B', 'advanced': 'B'} | isolated={'beginner': 'B', 'intermediate': 'B', 'advanced': 'B'}
2026-09-01 04:24:25 | DEBUG    | student_sim | id=361 gold=A | joint={'beginner': 'A', 'intermediate': 'A', 'advanced': 'A'} | isolated={'beginner': 'A', 'intermediate': 'A', 'advanced': 'A'}
2026-09-01 04:24:27 | DEBUG    | student_sim | id=362 gold=C | joint={'beginner': 'C', 'intermediate': 'C', 'advanced': 'C'} | isolated={'beginner': 'C', 'intermediate': 'C', 'advanced': 'C'}
2026-09-01 04:24:29 | DEBUG    | student_sim | id=363 gold=D | joint={'beginner': 'D', 'intermediate': 'D', 'advanced': 'D'} | isolated={'beginner': 'D', 'intermediate': 'D', 'advanced': 'D'}
2026-09-01 04:24:31 | DEBUG    | student_sim | id=364 gold=C | joint={'beginner': 'C', 'intermediate': 'C', 'advanced': 'C'} | isolated={'beginner': 'C', 'intermediate': 'C', 'advanced': 'C'}
2026-09-01 04:24:33 | DEBUG    | student_sim | id=365 gold=B | joint={'beginner': 'B', 'intermediate': 'B', 'advanced': 'B'} | isolated={'beginner': 'B', 'intermediate': 'B', 'advanced': 'B'}
2026-09-01 04:24:34 | DEBUG    | student_sim | id=366 gold=A | joint={'beginner': 'A', 'intermediate': 'A', 'advanced': 'D'} | isolated={'beginner': 'A', 'intermediate': 'A', 'advanced': 'A'}
2026-09-01 04:24:36 | DEBUG    | student_sim | id=367 gold=B | joint={'beginner': 'A', 'intermediate': 'B', 'advanced': 'B'} | isolated={'beginner': 'B', 'intermediate': 'B', 'advanced': 'B'}
2026-09-01 04:24:38 | DEBUG    | student_sim | id=368 gold=B | joint={'beginner': 'A', 'intermediate': 'B', 'advanced': 'B'} | isolated={'beginner': 'B', 'intermediate': 'B', 'advanced': 'B'}
2026-09-01 04:24:40 | DEBUG    | student_sim | id=369 gold=A | joint={'beginner': 'A', 'intermediate': 'A', 'advanced': 'A'} | isolated={'beginner': 'A', 'intermediate': 'A', 'advanced': 'A'}
2026-09-01 04:24:41 | DEBUG    | student_sim | id=370 gold=C | joint={'beginner': 'A', 'intermediate': 'C', 'advanced': 'C'} | isolated={'beginner': 'C', 'intermediate': 'C', 'advanced': 'C'}
2026-09-01 04:24:43 | DEBUG    | student_sim | id=371 gold=A | joint={'beginner': 'A', 'intermediate': 'A', 'advanced': 'A'} | isolated={'beginner': 'A', 'intermediate': 'A', 'advanced': 'A'}
2026-09-01 04:24:45 | DEBUG    | student_sim | id=372 gold=B | joint={'beginner': 'A', 'intermediate': 'B', 'advanced': 'B'} | isolated={'beginner': 'B', 'intermediate': 'B', 'advanced': 'B'}
2026-09-01 04:24:47 | DEBUG    | student_sim | id=373 gold=A | joint={'beginner': 'A', 'intermediate': 'A', 'advanced': 'A'} | isolated={'beginner': 'A', 'intermediate': 'A', 'advanced': 'A'}
2026-09-01 04:24:48 | DEBUG    | student_sim | id=374 gold=D | joint={'beginner': 'B', 'intermediate': 'D', 'advanced': 'D'} | isolated={'beginner': 'D', 'intermediate': 'D', 'advanced': 'D'}
2026-09-01 04:24:50 | DEBUG    | student_sim | id=375 gold=C | joint={'beginner': 'A', 'intermediate': 'C', 'advanced': 'C'} | isolated={'beginner': 'C', 'intermediate': 'C', 'advanced': 'C'}
2026-09-01 04:24:52 | DEBUG    | student_sim | id=376 gold=D | joint={'beginner': 'A', 'intermediate': 'D', 'advanced': 'D'} | isolated={'beginner': 'D', 'intermediate': 'D', 'advanced': 'D'}
2026-09-01 04:24:54 | DEBUG    | student_sim | id=377 gold=D | joint={'beginner': 'A', 'intermediate': 'D', 'advanced': 'D'} | isolated={'beginner': 'D', 'intermediate': 'D', 'advanced': 'D'}
2026-09-01 04:24:56 | DEBUG    | student_sim | id=378 gold=C | joint={'beginner': 'C', 'intermediate': 'C', 'advanced': 'C'} | isolated={'beginner': 'C', 'intermediate': 'C', 'advanced': 'C'}
2026-09-01 04:24:58 | DEBUG    | student_sim | id=379 gold=D | joint={'beginner': 'C', 'intermediate': 'D', 'advanced': 'D'} | isolated={'beginner': 'D', 'intermediate': 'D', 'advanced': 'D'}
2026-09-01 04:24:59 | DEBUG    | student_sim | id=380 gold=C | joint={'beginner': 'C', 'intermediate': 'C', 'advanced': 'C'} | isolated={'beginner': 'C', 'intermediate': 'C', 'advanced': 'C'}
2026-09-01 04:25:01 | DEBUG    | student_sim | id=381 gold=B | joint={'beginner': 'B', 'intermediate': 'B', 'advanced': 'B'} | isolated={'beginner': 'B', 'intermediate': 'B', 'advanced': 'B'}
2026-09-01 04:25:03 | DEBUG    | student_sim | id=382 gold=C | joint={'beginner': 'B', 'intermediate': 'C', 'advanced': 'C'} | isolated={'beginner': 'C', 'intermediate': 'C', 'advanced': 'C'}
2026-09-01 04:25:05 | DEBUG    | student_sim | id=383 gold=C | joint={'beginner': 'C', 'intermediate': 'C', 'advanced': 'C'} | isolated={'beginner': 'C', 'intermediate': 'C', 'advanced': 'C'}
2026-09-01 04:25:07 | DEBUG    | student_sim | id=384 gold=D | joint={'beginner': 'D', 'intermediate': 'D', 'advanced': 'D'} | isolated={'beginner': 'D', 'intermediate': 'D', 'advanced': 'D'}
2026-09-01 04:25:08 | DEBUG    | student_sim | id=385 gold=C | joint={'beginner': 'C', 'intermediate': 'A', 'advanced': 'C'} | isolated={'beginner': 'C', 'intermediate': 'C', 'advanced': 'C'}
2026-09-01 04:25:10 | DEBUG    | student_sim | id=386 gold=D | joint={'beginner': 'A', 'intermediate': 'A', 'advanced': 'D'} | isolated={'beginner': 'D', 'intermediate': 'D', 'advanced': 'D'}
2026-09-01 04:25:12 | DEBUG    | student_sim | id=387 gold=D | joint={'beginner': 'B', 'intermediate': 'B', 'advanced': 'D'} | isolated={'beginner': 'B', 'intermediate': 'D', 'advanced': 'D'}
2026-09-01 04:25:14 | DEBUG    | student_sim | id=388 gold=D | joint={'beginner': 'B', 'intermediate': 'D', 'advanced': 'D'} | isolated={'beginner': 'D', 'intermediate': 'D', 'advanced': 'D'}
2026-09-01 04:25:16 | DEBUG    | student_sim | id=389 gold=A | joint={'beginner': 'A', 'intermediate': 'A', 'advanced': 'A'} | isolated={'beginner': 'A', 'intermediate': 'A', 'advanced': 'A'}
2026-09-01 04:25:17 | DEBUG    | student_sim | id=390 gold=D | joint={'beginner': 'B', 'intermediate': 'C', 'advanced': 'D'} | isolated={'beginner': 'D', 'intermediate': 'D', 'advanced': 'D'}
2026-09-01 04:25:19 | DEBUG    | student_sim | id=391 gold=D | joint={'beginner': 'A', 'intermediate': 'A', 'advanced': 'D'} | isolated={'beginner': 'D', 'intermediate': 'D', 'advanced': 'D'}
2026-09-01 04:25:21 | DEBUG    | student_sim | id=392 gold=B | joint={'beginner': 'D', 'intermediate': 'B', 'advanced': 'A'} | isolated={'beginner': 'B', 'intermediate': 'B', 'advanced': 'B'}
2026-09-01 04:25:23 | DEBUG    | student_sim | id=393 gold=D | joint={'beginner': 'A', 'intermediate': 'D', 'advanced': 'D'} | isolated={'beginner': 'D', 'intermediate': 'D', 'advanced': 'D'}
2026-09-01 04:25:25 | DEBUG    | student_sim | id=394 gold=B | joint={'beginner': 'B', 'intermediate': 'B', 'advanced': 'B'} | isolated={'beginner': 'B', 'intermediate': 'C', 'advanced': 'A'}
2026-09-01 04:25:26 | DEBUG    | student_sim | id=395 gold=A | joint={'beginner': 'A', 'intermediate': 'A', 'advanced': 'A'} | isolated={'beginner': 'A', 'intermediate': 'A', 'advanced': 'A'}
2026-09-01 04:25:26 | INFO     | student_sim |   [ 396/ 884]  44.8% | acc B/I/A  join 0.52/0.87/0.86 | isol 0.92/0.94/0.94 | 1.79s/sample | ETA 14.6 min
2026-09-01 04:25:28 | DEBUG    | student_sim | id=396 gold=D | joint={'beginner': 'C', 'intermediate': 'A', 'advanced': 'D'} | isolated={'beginner': 'D', 'intermediate': 'D', 'advanced': 'D'}
2026-09-01 04:25:30 | DEBUG    | student_sim | id=397 gold=C | joint={'beginner': 'B', 'intermediate': 'C', 'advanced': 'C'} | isolated={'beginner': 'C', 'intermediate': 'C', 'advanced': 'C'}
2026-09-01 04:25:32 | DEBUG    | student_sim | id=398 gold=A | joint={'beginner': 'A', 'intermediate': 'A', 'advanced': 'A'} | isolated={'beginner': 'A', 'intermediate': 'A', 'advanced': 'A'}
2026-09-01 04:25:33 | DEBUG    | student_sim | id=399 gold=A | joint={'beginner': 'A', 'intermediate': 'A', 'advanced': 'A'} | isolated={'beginner': 'A', 'intermediate': 'A', 'advanced': 'A'}
2026-09-01 04:25:35 | DEBUG    | student_sim | id=400 gold=A | joint={'beginner': 'A', 'intermediate': 'A', 'advanced': 'A'} | isolated={'beginner': 'A', 'intermediate': 'A', 'advanced': 'A'}
2026-09-01 04:25:37 | DEBUG    | student_sim | id=401 gold=D | joint={'beginner': 'D', 'intermediate': 'D', 'advanced': 'D'} | isolated={'beginner': 'D', 'intermediate': 'D', 'advanced': 'D'}
2026-09-01 04:25:39 | DEBUG    | student_sim | id=402 gold=A | joint={'beginner': 'A', 'intermediate': 'A', 'advanced': 'A'} | isolated={'beginner': 'A', 'intermediate': 'A', 'advanced': 'A'}
2026-09-01 04:25:41 | DEBUG    | student_sim | id=403 gold=A | joint={'beginner': 'A', 'intermediate': 'A', 'advanced': 'A'} | isolated={'beginner': 'A', 'intermediate': 'A', 'advanced': 'A'}
2026-09-01 04:25:42 | DEBUG    | student_sim | id=404 gold=A | joint={'beginner': 'A', 'intermediate': 'A', 'advanced': 'A'} | isolated={'beginner': 'A', 'intermediate': 'A', 'advanced': 'A'}
2026-09-01 04:25:44 | DEBUG    | student_sim | id=405 gold=D | joint={'beginner': 'D', 'intermediate': 'D', 'advanced': 'D'} | isolated={'beginner': 'D', 'intermediate': 'D', 'advanced': 'D'}
2026-09-01 04:25:46 | DEBUG    | student_sim | id=406 gold=A | joint={'beginner': 'A', 'intermediate': 'D', 'advanced': 'A'} | isolated={'beginner': 'A', 'intermediate': 'A', 'advanced': 'A'}
2026-09-01 04:25:48 | DEBUG    | student_sim | id=407 gold=C | joint={'beginner': 'D', 'intermediate': 'C', 'advanced': 'C'} | isolated={'beginner': 'C', 'intermediate': 'C', 'advanced': 'C'}
2026-09-01 04:25:50 | DEBUG    | student_sim | id=408 gold=D | joint={'beginner': 'B', 'intermediate': 'B', 'advanced': 'D'} | isolated={'beginner': 'D', 'intermediate': 'D', 'advanced': 'D'}
2026-09-01 04:25:51 | DEBUG    | student_sim | id=409 gold=D | joint={'beginner': 'A', 'intermediate': 'D', 'advanced': 'D'} | isolated={'beginner': 'D', 'intermediate': 'D', 'advanced': 'D'}
2026-09-01 04:25:53 | DEBUG    | student_sim | id=410 gold=C | joint={'beginner': 'C', 'intermediate': 'C', 'advanced': 'C'} | isolated={'beginner': 'C', 'intermediate': 'C', 'advanced': 'C'}
2026-09-01 04:25:55 | DEBUG    | student_sim | id=411 gold=B | joint={'beginner': 'B', 'intermediate': 'B', 'advanced': 'A'} | isolated={'beginner': 'B', 'intermediate': 'B', 'advanced': 'B'}
2026-09-01 04:25:57 | DEBUG    | student_sim | id=412 gold=A | joint={'beginner': 'A', 'intermediate': 'A', 'advanced': 'A'} | isolated={'beginner': 'A', 'intermediate': 'A', 'advanced': 'A'}
2026-09-01 04:25:59 | DEBUG    | student_sim | id=413 gold=D | joint={'beginner': 'C', 'intermediate': 'D', 'advanced': 'D'} | isolated={'beginner': 'C', 'intermediate': 'C', 'advanced': 'D'}
2026-09-01 04:26:00 | DEBUG    | student_sim | id=414 gold=C | joint={'beginner': 'B', 'intermediate': 'C', 'advanced': 'C'} | isolated={'beginner': 'C', 'intermediate': 'C', 'advanced': 'C'}
2026-09-01 04:26:02 | DEBUG    | student_sim | id=415 gold=A | joint={'beginner': 'A', 'intermediate': 'A', 'advanced': 'B'} | isolated={'beginner': 'D', 'intermediate': 'A', 'advanced': 'A'}
2026-09-01 04:26:04 | DEBUG    | student_sim | id=416 gold=C | joint={'beginner': 'C', 'intermediate': 'C', 'advanced': 'D'} | isolated={'beginner': 'C', 'intermediate': 'C', 'advanced': 'C'}
2026-09-01 04:26:06 | DEBUG    | student_sim | id=417 gold=C | joint={'beginner': 'C', 'intermediate': 'C', 'advanced': 'C'} | isolated={'beginner': 'C', 'intermediate': 'C', 'advanced': 'C'}
2026-09-01 04:26:08 | DEBUG    | student_sim | id=418 gold=B | joint={'beginner': 'A', 'intermediate': 'B', 'advanced': 'B'} | isolated={'beginner': 'A', 'intermediate': 'B', 'advanced': 'B'}
2026-09-01 04:26:09 | DEBUG    | student_sim | id=419 gold=C | joint={'beginner': 'C', 'intermediate': 'C', 'advanced': 'C'} | isolated={'beginner': 'C', 'intermediate': 'C', 'advanced': 'C'}
2026-09-01 04:26:11 | DEBUG    | student_sim | id=420 gold=A | joint={'beginner': 'A', 'intermediate': 'A', 'advanced': 'B'} | isolated={'beginner': 'A', 'intermediate': 'A', 'advanced': 'A'}
2026-09-01 04:26:13 | DEBUG    | student_sim | id=421 gold=B | joint={'beginner': 'A', 'intermediate': 'B', 'advanced': 'B'} | isolated={'beginner': 'B', 'intermediate': 'B', 'advanced': 'B'}
2026-09-01 04:26:15 | DEBUG    | student_sim | id=422 gold=C | joint={'beginner': 'A', 'intermediate': 'C', 'advanced': 'C'} | isolated={'beginner': 'C', 'intermediate': 'C', 'advanced': 'C'}
2026-09-01 04:26:17 | DEBUG    | student_sim | id=423 gold=D | joint={'beginner': 'C', 'intermediate': 'D', 'advanced': 'D'} | isolated={'beginner': 'D', 'intermediate': 'D', 'advanced': 'D'}
2026-09-01 04:26:18 | DEBUG    | student_sim | id=424 gold=D | joint={'beginner': 'B', 'intermediate': 'B', 'advanced': 'D'} | isolated={'beginner': 'D', 'intermediate': 'D', 'advanced': 'D'}
2026-09-01 04:26:20 | DEBUG    | student_sim | id=425 gold=A | joint={'beginner': 'D', 'intermediate': 'A', 'advanced': 'A'} | isolated={'beginner': 'A', 'intermediate': 'A', 'advanced': 'A'}
2026-09-01 04:26:22 | DEBUG    | student_sim | id=426 gold=C | joint={'beginner': 'A', 'intermediate': 'C', 'advanced': 'C'} | isolated={'beginner': 'C', 'intermediate': 'C', 'advanced': 'C'}
2026-09-01 04:26:24 | DEBUG    | student_sim | id=427 gold=A | joint={'beginner': 'A', 'intermediate': 'A', 'advanced': 'A'} | isolated={'beginner': 'A', 'intermediate': 'A', 'advanced': 'A'}
2026-09-01 04:26:26 | DEBUG    | student_sim | id=428 gold=D | joint={'beginner': 'A', 'intermediate': 'D', 'advanced': 'D'} | isolated={'beginner': 'D', 'intermediate': 'D', 'advanced': 'D'}
2026-09-01 04:26:27 | DEBUG    | student_sim | id=429 gold=B | joint={'beginner': 'A', 'intermediate': 'B', 'advanced': 'B'} | isolated={'beginner': 'B', 'intermediate': 'B', 'advanced': 'B'}
2026-09-01 04:26:29 | DEBUG    | student_sim | id=430 gold=D | joint={'beginner': 'A', 'intermediate': 'D', 'advanced': 'D'} | isolated={'beginner': 'D', 'intermediate': 'D', 'advanced': 'D'}
2026-09-01 04:26:31 | DEBUG    | student_sim | id=431 gold=A | joint={'beginner': 'A', 'intermediate': 'A', 'advanced': 'A'} | isolated={'beginner': 'A', 'intermediate': 'A', 'advanced': 'A'}
2026-09-01 04:26:33 | DEBUG    | student_sim | id=432 gold=B | joint={'beginner': 'A', 'intermediate': 'B', 'advanced': 'B'} | isolated={'beginner': 'B', 'intermediate': 'B', 'advanced': 'B'}
2026-09-01 04:26:35 | DEBUG    | student_sim | id=433 gold=D | joint={'beginner': 'D', 'intermediate': 'D', 'advanced': 'D'} | isolated={'beginner': 'D', 'intermediate': 'D', 'advanced': 'D'}
2026-09-01 04:26:36 | DEBUG    | student_sim | id=434 gold=D | joint={'beginner': 'D', 'intermediate': 'D', 'advanced': 'D'} | isolated={'beginner': 'D', 'intermediate': 'D', 'advanced': 'D'}
2026-09-01 04:26:38 | DEBUG    | student_sim | id=435 gold=C | joint={'beginner': 'C', 'intermediate': 'C', 'advanced': 'B'} | isolated={'beginner': 'C', 'intermediate': 'C', 'advanced': 'C'}
2026-09-01 04:26:40 | DEBUG    | student_sim | id=436 gold=B | joint={'beginner': 'B', 'intermediate': 'B', 'advanced': 'B'} | isolated={'beginner': 'B', 'intermediate': 'B', 'advanced': 'B'}
2026-09-01 04:26:42 | DEBUG    | student_sim | id=437 gold=D | joint={'beginner': 'D', 'intermediate': 'D', 'advanced': 'D'} | isolated={'beginner': 'D', 'intermediate': 'D', 'advanced': 'D'}
2026-09-01 04:26:44 | DEBUG    | student_sim | id=438 gold=C | joint={'beginner': 'A', 'intermediate': 'C', 'advanced': 'C'} | isolated={'beginner': 'C', 'intermediate': 'C', 'advanced': 'C'}
2026-09-01 04:26:45 | DEBUG    | student_sim | id=439 gold=B | joint={'beginner': 'B', 'intermediate': 'B', 'advanced': 'B'} | isolated={'beginner': 'B', 'intermediate': 'B', 'advanced': 'B'}
2026-09-01 04:26:45 | INFO     | student_sim |   [ 440/ 884]  49.8% | acc B/I/A  join 0.53/0.87/0.86 | isol 0.92/0.95/0.95 | 1.79s/sample | ETA 13.3 min
2026-09-01 04:26:47 | DEBUG    | student_sim | id=440 gold=D | joint={'beginner': 'D', 'intermediate': 'D', 'advanced': 'D'} | isolated={'beginner': 'D', 'intermediate': 'D', 'advanced': 'D'}
2026-09-01 04:26:49 | DEBUG    | student_sim | id=441 gold=C | joint={'beginner': 'C', 'intermediate': 'C', 'advanced': 'A'} | isolated={'beginner': 'C', 'intermediate': 'C', 'advanced': 'C'}
2026-09-01 04:26:51 | DEBUG    | student_sim | id=442 gold=A | joint={'beginner': 'A', 'intermediate': 'A', 'advanced': 'A'} | isolated={'beginner': 'A', 'intermediate': 'A', 'advanced': 'A'}
2026-09-01 04:26:53 | DEBUG    | student_sim | id=443 gold=D | joint={'beginner': 'A', 'intermediate': 'D', 'advanced': 'B'} | isolated={'beginner': 'D', 'intermediate': 'B', 'advanced': 'B'}
2026-09-01 04:26:54 | DEBUG    | student_sim | id=444 gold=C | joint={'beginner': 'A', 'intermediate': 'C', 'advanced': 'D'} | isolated={'beginner': 'C', 'intermediate': 'C', 'advanced': 'C'}
2026-09-01 04:26:56 | DEBUG    | student_sim | id=445 gold=D | joint={'beginner': 'A', 'intermediate': 'D', 'advanced': 'D'} | isolated={'beginner': 'D', 'intermediate': 'D', 'advanced': 'D'}
2026-09-01 04:26:58 | DEBUG    | student_sim | id=446 gold=A | joint={'beginner': 'A', 'intermediate': 'A', 'advanced': 'A'} | isolated={'beginner': 'A', 'intermediate': 'A', 'advanced': 'A'}
2026-09-01 04:27:00 | DEBUG    | student_sim | id=447 gold=C | joint={'beginner': 'C', 'intermediate': 'C', 'advanced': 'C'} | isolated={'beginner': 'C', 'intermediate': 'C', 'advanced': 'C'}
2026-09-01 04:27:01 | DEBUG    | student_sim | id=448 gold=D | joint={'beginner': 'D', 'intermediate': 'D', 'advanced': 'D'} | isolated={'beginner': 'D', 'intermediate': 'D', 'advanced': 'D'}
2026-09-01 04:27:03 | DEBUG    | student_sim | id=449 gold=A | joint={'beginner': 'A', 'intermediate': 'A', 'advanced': 'C'} | isolated={'beginner': 'A', 'intermediate': 'A', 'advanced': 'A'}
2026-09-01 04:27:05 | DEBUG    | student_sim | id=450 gold=D | joint={'beginner': 'A', 'intermediate': 'A', 'advanced': 'D'} | isolated={'beginner': 'D', 'intermediate': 'D', 'advanced': 'D'}
2026-09-01 04:27:07 | DEBUG    | student_sim | id=451 gold=A | joint={'beginner': 'A', 'intermediate': 'A', 'advanced': 'A'} | isolated={'beginner': 'A', 'intermediate': 'A', 'advanced': 'A'}
2026-09-01 04:27:09 | DEBUG    | student_sim | id=452 gold=D | joint={'beginner': 'A', 'intermediate': 'D', 'advanced': 'D'} | isolated={'beginner': 'D', 'intermediate': 'D', 'advanced': 'D'}
2026-09-01 04:27:10 | DEBUG    | student_sim | id=453 gold=C | joint={'beginner': 'C', 'intermediate': 'C', 'advanced': 'C'} | isolated={'beginner': 'C', 'intermediate': 'C', 'advanced': 'C'}
2026-09-01 04:27:12 | DEBUG    | student_sim | id=454 gold=C | joint={'beginner': 'C', 'intermediate': 'C', 'advanced': 'C'} | isolated={'beginner': 'C', 'intermediate': 'C', 'advanced': 'C'}
2026-09-01 04:27:14 | DEBUG    | student_sim | id=455 gold=A | joint={'beginner': 'A', 'intermediate': 'A', 'advanced': 'A'} | isolated={'beginner': 'A', 'intermediate': 'A', 'advanced': 'A'}
2026-09-01 04:27:16 | DEBUG    | student_sim | id=456 gold=C | joint={'beginner': 'C', 'intermediate': 'C', 'advanced': 'C'} | isolated={'beginner': 'C', 'intermediate': 'C', 'advanced': 'C'}
2026-09-01 04:27:17 | DEBUG    | student_sim | id=457 gold=B | joint={'beginner': 'A', 'intermediate': 'B', 'advanced': 'B'} | isolated={'beginner': 'B', 'intermediate': 'B', 'advanced': 'B'}
2026-09-01 04:27:19 | DEBUG    | student_sim | id=458 gold=B | joint={'beginner': 'B', 'intermediate': 'B', 'advanced': 'A'} | isolated={'beginner': 'B', 'intermediate': 'B', 'advanced': 'B'}
2026-09-01 04:27:21 | DEBUG    | student_sim | id=459 gold=D | joint={'beginner': 'B', 'intermediate': 'D', 'advanced': 'D'} | isolated={'beginner': 'D', 'intermediate': 'D', 'advanced': 'D'}
2026-09-01 04:27:23 | DEBUG    | student_sim | id=460 gold=A | joint={'beginner': 'A', 'intermediate': 'A', 'advanced': 'A'} | isolated={'beginner': 'A', 'intermediate': 'A', 'advanced': 'A'}
2026-09-01 04:27:24 | DEBUG    | student_sim | id=461 gold=A | joint={'beginner': 'A', 'intermediate': 'A', 'advanced': 'A'} | isolated={'beginner': 'A', 'intermediate': 'A', 'advanced': 'A'}
2026-09-01 04:27:26 | DEBUG    | student_sim | id=462 gold=B | joint={'beginner': 'A', 'intermediate': 'B', 'advanced': 'B'} | isolated={'beginner': 'B', 'intermediate': 'B', 'advanced': 'B'}
2026-09-01 04:27:28 | DEBUG    | student_sim | id=463 gold=A | joint={'beginner': 'A', 'intermediate': 'A', 'advanced': 'D'} | isolated={'beginner': 'A', 'intermediate': 'A', 'advanced': 'A'}
2026-09-01 04:27:30 | DEBUG    | student_sim | id=464 gold=B | joint={'beginner': 'A', 'intermediate': 'B', 'advanced': 'B'} | isolated={'beginner': 'B', 'intermediate': 'B', 'advanced': 'B'}
2026-09-01 04:27:32 | DEBUG    | student_sim | id=465 gold=B | joint={'beginner': 'A', 'intermediate': 'B', 'advanced': 'B'} | isolated={'beginner': 'B', 'intermediate': 'B', 'advanced': 'B'}
2026-09-01 04:27:33 | DEBUG    | student_sim | id=466 gold=A | joint={'beginner': 'A', 'intermediate': 'A', 'advanced': 'A'} | isolated={'beginner': 'A', 'intermediate': 'A', 'advanced': 'A'}
2026-09-01 04:27:35 | DEBUG    | student_sim | id=467 gold=D | joint={'beginner': 'B', 'intermediate': 'D', 'advanced': 'D'} | isolated={'beginner': 'D', 'intermediate': 'D', 'advanced': 'D'}
2026-09-01 04:27:37 | DEBUG    | student_sim | id=468 gold=C | joint={'beginner': 'C', 'intermediate': 'C', 'advanced': 'B'} | isolated={'beginner': 'C', 'intermediate': 'C', 'advanced': 'C'}
2026-09-01 04:27:39 | DEBUG    | student_sim | id=469 gold=B | joint={'beginner': 'B', 'intermediate': 'B', 'advanced': 'B'} | isolated={'beginner': 'B', 'intermediate': 'B', 'advanced': 'B'}
2026-09-01 04:27:41 | DEBUG    | student_sim | id=470 gold=B | joint={'beginner': 'B', 'intermediate': 'B', 'advanced': 'B'} | isolated={'beginner': 'B', 'intermediate': 'B', 'advanced': 'B'}
2026-09-01 04:27:42 | DEBUG    | student_sim | id=471 gold=A | joint={'beginner': 'A', 'intermediate': 'A', 'advanced': 'A'} | isolated={'beginner': 'A', 'intermediate': 'A', 'advanced': 'A'}
2026-09-01 04:27:44 | DEBUG    | student_sim | id=472 gold=C | joint={'beginner': 'B', 'intermediate': 'C', 'advanced': 'C'} | isolated={'beginner': 'C', 'intermediate': 'C', 'advanced': 'C'}
2026-09-01 04:27:46 | DEBUG    | student_sim | id=473 gold=D | joint={'beginner': 'D', 'intermediate': 'D', 'advanced': 'D'} | isolated={'beginner': 'D', 'intermediate': 'D', 'advanced': 'D'}
2026-09-01 04:27:48 | DEBUG    | student_sim | id=474 gold=C | joint={'beginner': 'C', 'intermediate': 'C', 'advanced': 'C'} | isolated={'beginner': 'C', 'intermediate': 'C', 'advanced': 'C'}
2026-09-01 04:27:50 | DEBUG    | student_sim | id=475 gold=B | joint={'beginner': 'A', 'intermediate': 'B', 'advanced': 'B'} | isolated={'beginner': 'B', 'intermediate': 'B', 'advanced': 'B'}
2026-09-01 04:27:51 | DEBUG    | student_sim | id=476 gold=A | joint={'beginner': 'A', 'intermediate': 'A', 'advanced': 'A'} | isolated={'beginner': 'A', 'intermediate': 'A', 'advanced': 'A'}
2026-09-01 04:27:53 | DEBUG    | student_sim | id=477 gold=A | joint={'beginner': 'D', 'intermediate': 'A', 'advanced': 'A'} | isolated={'beginner': 'D', 'intermediate': 'A', 'advanced': 'A'}
2026-09-01 04:27:55 | DEBUG    | student_sim | id=478 gold=D | joint={'beginner': 'A', 'intermediate': 'D', 'advanced': 'D'} | isolated={'beginner': 'D', 'intermediate': 'D', 'advanced': 'D'}
2026-09-01 04:27:57 | DEBUG    | student_sim | id=479 gold=D | joint={'beginner': 'B', 'intermediate': 'D', 'advanced': 'D'} | isolated={'beginner': 'D', 'intermediate': 'D', 'advanced': 'D'}
2026-09-01 04:27:59 | DEBUG    | student_sim | id=480 gold=A | joint={'beginner': 'A', 'intermediate': 'A', 'advanced': 'A'} | isolated={'beginner': 'A', 'intermediate': 'A', 'advanced': 'A'}
2026-09-01 04:28:00 | DEBUG    | student_sim | id=481 gold=B | joint={'beginner': 'C', 'intermediate': 'B', 'advanced': 'B'} | isolated={'beginner': 'B', 'intermediate': 'B', 'advanced': 'B'}
2026-09-01 04:28:02 | DEBUG    | student_sim | id=482 gold=A | joint={'beginner': 'A', 'intermediate': 'A', 'advanced': 'B'} | isolated={'beginner': 'A', 'intermediate': 'A', 'advanced': 'A'}
2026-09-01 04:28:04 | DEBUG    | student_sim | id=483 gold=C | joint={'beginner': 'A', 'intermediate': 'C', 'advanced': 'C'} | isolated={'beginner': 'C', 'intermediate': 'C', 'advanced': 'C'}
2026-09-01 04:28:04 | INFO     | student_sim |   [ 484/ 884]  54.8% | acc B/I/A  join 0.53/0.88/0.86 | isol 0.93/0.95/0.95 | 1.79s/sample | ETA 12.0 min
2026-09-01 04:28:06 | DEBUG    | student_sim | id=484 gold=A | joint={'beginner': 'C', 'intermediate': 'A', 'advanced': 'A'} | isolated={'beginner': 'A', 'intermediate': 'A', 'advanced': 'A'}
2026-09-01 04:28:08 | DEBUG    | student_sim | id=485 gold=C | joint={'beginner': 'D', 'intermediate': 'C', 'advanced': 'C'} | isolated={'beginner': 'C', 'intermediate': 'C', 'advanced': 'C'}
2026-09-01 04:28:09 | DEBUG    | student_sim | id=486 gold=A | joint={'beginner': 'A', 'intermediate': 'A', 'advanced': 'A'} | isolated={'beginner': 'A', 'intermediate': 'A', 'advanced': 'A'}
2026-09-01 04:28:11 | DEBUG    | student_sim | id=487 gold=D | joint={'beginner': 'B', 'intermediate': 'C', 'advanced': 'D'} | isolated={'beginner': 'D', 'intermediate': 'D', 'advanced': 'D'}
2026-09-01 04:28:13 | DEBUG    | student_sim | id=488 gold=C | joint={'beginner': 'C', 'intermediate': 'C', 'advanced': 'C'} | isolated={'beginner': 'C', 'intermediate': 'C', 'advanced': 'C'}
2026-09-01 04:28:15 | DEBUG    | student_sim | id=489 gold=C | joint={'beginner': 'A', 'intermediate': 'C', 'advanced': 'C'} | isolated={'beginner': 'C', 'intermediate': 'C', 'advanced': 'C'}
2026-09-01 04:28:17 | DEBUG    | student_sim | id=490 gold=C | joint={'beginner': 'A', 'intermediate': 'C', 'advanced': 'C'} | isolated={'beginner': 'C', 'intermediate': 'C', 'advanced': 'C'}
2026-09-01 04:28:18 | DEBUG    | student_sim | id=491 gold=C | joint={'beginner': 'C', 'intermediate': 'C', 'advanced': 'C'} | isolated={'beginner': 'C', 'intermediate': 'C', 'advanced': 'C'}
2026-09-01 04:28:20 | DEBUG    | student_sim | id=492 gold=B | joint={'beginner': 'D', 'intermediate': 'B', 'advanced': 'B'} | isolated={'beginner': 'B', 'intermediate': 'B', 'advanced': 'B'}
2026-09-01 04:28:22 | DEBUG    | student_sim | id=493 gold=C | joint={'beginner': 'C', 'intermediate': 'C', 'advanced': 'C'} | isolated={'beginner': 'C', 'intermediate': 'C', 'advanced': 'C'}
2026-09-01 04:28:24 | DEBUG    | student_sim | id=494 gold=B | joint={'beginner': 'D', 'intermediate': 'B', 'advanced': 'B'} | isolated={'beginner': 'D', 'intermediate': 'B', 'advanced': 'B'}
2026-09-01 04:28:26 | DEBUG    | student_sim | id=495 gold=C | joint={'beginner': 'A', 'intermediate': 'C', 'advanced': 'C'} | isolated={'beginner': 'C', 'intermediate': 'C', 'advanced': 'C'}
2026-09-01 04:28:27 | DEBUG    | student_sim | id=496 gold=B | joint={'beginner': 'A', 'intermediate': 'A', 'advanced': 'A'} | isolated={'beginner': 'A', 'intermediate': 'A', 'advanced': 'A'}
2026-09-01 04:28:29 | DEBUG    | student_sim | id=497 gold=A | joint={'beginner': 'A', 'intermediate': 'A', 'advanced': 'A'} | isolated={'beginner': 'A', 'intermediate': 'A', 'advanced': 'A'}
2026-09-01 04:28:31 | DEBUG    | student_sim | id=498 gold=C | joint={'beginner': 'A', 'intermediate': 'C', 'advanced': 'C'} | isolated={'beginner': 'C', 'intermediate': 'C', 'advanced': 'C'}
2026-09-01 04:28:33 | DEBUG    | student_sim | id=499 gold=B | joint={'beginner': 'B', 'intermediate': 'B', 'advanced': 'A'} | isolated={'beginner': 'B', 'intermediate': 'B', 'advanced': 'B'}
2026-09-01 04:28:35 | DEBUG    | student_sim | id=500 gold=A | joint={'beginner': 'A', 'intermediate': 'A', 'advanced': 'A'} | isolated={'beginner': 'A', 'intermediate': 'A', 'advanced': 'A'}
2026-09-01 04:28:36 | DEBUG    | student_sim | id=501 gold=A | joint={'beginner': 'A', 'intermediate': 'A', 'advanced': 'B'} | isolated={'beginner': 'C', 'intermediate': 'A', 'advanced': 'A'}
2026-09-01 04:28:38 | DEBUG    | student_sim | id=502 gold=C | joint={'beginner': 'B', 'intermediate': 'C', 'advanced': 'C'} | isolated={'beginner': 'C', 'intermediate': 'C', 'advanced': 'C'}
2026-09-01 04:28:40 | DEBUG    | student_sim | id=503 gold=B | joint={'beginner': 'B', 'intermediate': 'B', 'advanced': 'B'} | isolated={'beginner': 'B', 'intermediate': 'B', 'advanced': 'B'}
2026-09-01 04:28:42 | DEBUG    | student_sim | id=504 gold=B | joint={'beginner': 'B', 'intermediate': 'B', 'advanced': 'B'} | isolated={'beginner': 'B', 'intermediate': 'B', 'advanced': 'B'}
2026-09-01 04:28:44 | DEBUG    | student_sim | id=505 gold=D | joint={'beginner': 'D', 'intermediate': 'D', 'advanced': 'D'} | isolated={'beginner': 'D', 'intermediate': 'D', 'advanced': 'D'}
2026-09-01 04:28:45 | DEBUG    | student_sim | id=506 gold=A | joint={'beginner': 'A', 'intermediate': 'A', 'advanced': 'A'} | isolated={'beginner': 'A', 'intermediate': 'A', 'advanced': 'A'}
2026-09-01 04:28:47 | DEBUG    | student_sim | id=507 gold=B | joint={'beginner': 'A', 'intermediate': 'B', 'advanced': 'D'} | isolated={'beginner': 'B', 'intermediate': 'B', 'advanced': 'A'}
2026-09-01 04:28:49 | DEBUG    | student_sim | id=508 gold=A | joint={'beginner': 'A', 'intermediate': 'A', 'advanced': 'A'} | isolated={'beginner': 'A', 'intermediate': 'A', 'advanced': 'A'}
2026-09-01 04:28:51 | DEBUG    | student_sim | id=509 gold=D | joint={'beginner': 'D', 'intermediate': 'D', 'advanced': 'D'} | isolated={'beginner': 'D', 'intermediate': 'D', 'advanced': 'D'}
2026-09-01 04:28:53 | DEBUG    | student_sim | id=510 gold=A | joint={'beginner': 'A', 'intermediate': 'A', 'advanced': 'A'} | isolated={'beginner': 'A', 'intermediate': 'A', 'advanced': 'A'}
2026-09-01 04:28:54 | DEBUG    | student_sim | id=511 gold=B | joint={'beginner': 'A', 'intermediate': 'B', 'advanced': 'B'} | isolated={'beginner': 'B', 'intermediate': 'B', 'advanced': 'B'}
2026-09-01 04:28:56 | DEBUG    | student_sim | id=512 gold=C | joint={'beginner': 'C', 'intermediate': 'C', 'advanced': 'D'} | isolated={'beginner': 'C', 'intermediate': 'C', 'advanced': 'C'}
2026-09-01 04:28:58 | DEBUG    | student_sim | id=513 gold=C | joint={'beginner': 'C', 'intermediate': 'C', 'advanced': 'C'} | isolated={'beginner': 'C', 'intermediate': 'C', 'advanced': 'C'}
2026-09-01 04:29:00 | DEBUG    | student_sim | id=514 gold=C | joint={'beginner': 'D', 'intermediate': 'D', 'advanced': 'C'} | isolated={'beginner': 'D', 'intermediate': 'D', 'advanced': 'C'}
2026-09-01 04:29:02 | DEBUG    | student_sim | id=515 gold=B | joint={'beginner': 'A', 'intermediate': 'B', 'advanced': 'B'} | isolated={'beginner': 'B', 'intermediate': 'B', 'advanced': 'B'}
2026-09-01 04:29:03 | DEBUG    | student_sim | id=516 gold=B | joint={'beginner': 'B', 'intermediate': 'B', 'advanced': 'B'} | isolated={'beginner': 'B', 'intermediate': 'B', 'advanced': 'B'}
2026-09-01 04:29:05 | DEBUG    | student_sim | id=517 gold=D | joint={'beginner': 'B', 'intermediate': 'B', 'advanced': 'D'} | isolated={'beginner': 'D', 'intermediate': 'D', 'advanced': 'D'}
2026-09-01 04:29:07 | DEBUG    | student_sim | id=518 gold=C | joint={'beginner': 'A', 'intermediate': 'C', 'advanced': 'C'} | isolated={'beginner': 'C', 'intermediate': 'C', 'advanced': 'C'}
2026-09-01 04:29:09 | DEBUG    | student_sim | id=519 gold=D | joint={'beginner': 'D', 'intermediate': 'D', 'advanced': 'D'} | isolated={'beginner': 'D', 'intermediate': 'D', 'advanced': 'D'}
2026-09-01 04:29:11 | DEBUG    | student_sim | id=520 gold=C | joint={'beginner': 'B', 'intermediate': 'C', 'advanced': 'C'} | isolated={'beginner': 'C', 'intermediate': 'C', 'advanced': 'C'}
2026-09-01 04:29:12 | DEBUG    | student_sim | id=521 gold=A | joint={'beginner': 'D', 'intermediate': 'A', 'advanced': 'A'} | isolated={'beginner': 'A', 'intermediate': 'A', 'advanced': 'A'}
2026-09-01 04:29:14 | DEBUG    | student_sim | id=522 gold=D | joint={'beginner': 'A', 'intermediate': 'D', 'advanced': 'D'} | isolated={'beginner': 'D', 'intermediate': 'D', 'advanced': 'A'}
2026-09-01 04:29:16 | DEBUG    | student_sim | id=523 gold=D | joint={'beginner': 'D', 'intermediate': 'D', 'advanced': 'B'} | isolated={'beginner': 'D', 'intermediate': 'D', 'advanced': 'D'}
2026-09-01 04:29:18 | DEBUG    | student_sim | id=524 gold=A | joint={'beginner': 'A', 'intermediate': 'A', 'advanced': 'A'} | isolated={'beginner': 'A', 'intermediate': 'A', 'advanced': 'A'}
2026-09-01 04:29:20 | DEBUG    | student_sim | id=525 gold=D | joint={'beginner': 'D', 'intermediate': 'B', 'advanced': 'D'} | isolated={'beginner': 'D', 'intermediate': 'D', 'advanced': 'D'}
2026-09-01 04:29:21 | DEBUG    | student_sim | id=526 gold=A | joint={'beginner': 'A', 'intermediate': 'A', 'advanced': 'A'} | isolated={'beginner': 'A', 'intermediate': 'A', 'advanced': 'A'}
2026-09-01 04:29:23 | DEBUG    | student_sim | id=527 gold=B | joint={'beginner': 'B', 'intermediate': 'B', 'advanced': 'B'} | isolated={'beginner': 'B', 'intermediate': 'B', 'advanced': 'B'}
2026-09-01 04:29:23 | INFO     | student_sim |   [ 528/ 884]  59.7% | acc B/I/A  join 0.53/0.88/0.86 | isol 0.93/0.95/0.95 | 1.79s/sample | ETA 10.6 min
2026-09-01 04:29:25 | DEBUG    | student_sim | id=528 gold=C | joint={'beginner': 'C', 'intermediate': 'C', 'advanced': 'B'} | isolated={'beginner': 'C', 'intermediate': 'C', 'advanced': 'C'}
2026-09-01 04:29:27 | DEBUG    | student_sim | id=529 gold=B | joint={'beginner': 'C', 'intermediate': 'B', 'advanced': 'B'} | isolated={'beginner': 'B', 'intermediate': 'B', 'advanced': 'B'}
2026-09-01 04:29:28 | DEBUG    | student_sim | id=530 gold=A | joint={'beginner': 'A', 'intermediate': 'A', 'advanced': 'A'} | isolated={'beginner': 'A', 'intermediate': 'A', 'advanced': 'A'}
2026-09-01 04:29:30 | DEBUG    | student_sim | id=531 gold=D | joint={'beginner': 'A', 'intermediate': 'B', 'advanced': 'A'} | isolated={'beginner': 'A', 'intermediate': 'A', 'advanced': 'A'}
2026-09-01 04:29:32 | DEBUG    | student_sim | id=532 gold=C | joint={'beginner': 'A', 'intermediate': 'C', 'advanced': 'C'} | isolated={'beginner': 'C', 'intermediate': 'C', 'advanced': 'C'}
2026-09-01 04:29:34 | DEBUG    | student_sim | id=533 gold=C | joint={'beginner': 'C', 'intermediate': 'C', 'advanced': 'C'} | isolated={'beginner': 'C', 'intermediate': 'C', 'advanced': 'C'}
2026-09-01 04:29:36 | DEBUG    | student_sim | id=534 gold=A | joint={'beginner': 'A', 'intermediate': 'A', 'advanced': 'A'} | isolated={'beginner': 'A', 'intermediate': 'A', 'advanced': 'A'}
2026-09-01 04:29:37 | DEBUG    | student_sim | id=535 gold=A | joint={'beginner': 'A', 'intermediate': 'A', 'advanced': 'A'} | isolated={'beginner': 'A', 'intermediate': 'A', 'advanced': 'A'}
2026-09-01 04:29:39 | DEBUG    | student_sim | id=536 gold=B | joint={'beginner': 'A', 'intermediate': 'A', 'advanced': 'B'} | isolated={'beginner': 'B', 'intermediate': 'B', 'advanced': 'B'}
2026-09-01 04:29:41 | DEBUG    | student_sim | id=537 gold=C | joint={'beginner': 'A', 'intermediate': 'C', 'advanced': 'C'} | isolated={'beginner': 'C', 'intermediate': 'C', 'advanced': 'C'}
2026-09-01 04:29:43 | DEBUG    | student_sim | id=538 gold=D | joint={'beginner': 'A', 'intermediate': 'D', 'advanced': 'D'} | isolated={'beginner': 'D', 'intermediate': 'D', 'advanced': 'D'}
2026-09-01 04:29:44 | DEBUG    | student_sim | id=539 gold=D | joint={'beginner': 'A', 'intermediate': 'D', 'advanced': 'D'} | isolated={'beginner': 'D', 'intermediate': 'D', 'advanced': 'D'}
2026-09-01 04:29:46 | DEBUG    | student_sim | id=540 gold=A | joint={'beginner': 'A', 'intermediate': 'A', 'advanced': 'A'} | isolated={'beginner': 'A', 'intermediate': 'A', 'advanced': 'A'}
2026-09-01 04:29:48 | DEBUG    | student_sim | id=541 gold=B | joint={'beginner': 'B', 'intermediate': 'B', 'advanced': 'C'} | isolated={'beginner': 'B', 'intermediate': 'B', 'advanced': 'B'}
2026-09-01 04:29:50 | DEBUG    | student_sim | id=542 gold=A | joint={'beginner': 'A', 'intermediate': 'A', 'advanced': 'A'} | isolated={'beginner': 'A', 'intermediate': 'A', 'advanced': 'A'}
2026-09-01 04:29:52 | DEBUG    | student_sim | id=543 gold=D | joint={'beginner': 'B', 'intermediate': 'D', 'advanced': 'D'} | isolated={'beginner': 'D', 'intermediate': 'D', 'advanced': 'D'}
2026-09-01 04:29:54 | DEBUG    | student_sim | id=544 gold=C | joint={'beginner': 'D', 'intermediate': 'C', 'advanced': 'C'} | isolated={'beginner': 'C', 'intermediate': 'C', 'advanced': 'C'}
2026-09-01 04:29:55 | DEBUG    | student_sim | id=545 gold=A | joint={'beginner': 'A', 'intermediate': 'A', 'advanced': 'A'} | isolated={'beginner': 'A', 'intermediate': 'A', 'advanced': 'A'}
2026-09-01 04:29:57 | DEBUG    | student_sim | id=546 gold=B | joint={'beginner': 'B', 'intermediate': 'B', 'advanced': 'B'} | isolated={'beginner': 'B', 'intermediate': 'B', 'advanced': 'B'}
2026-09-01 04:29:59 | DEBUG    | student_sim | id=547 gold=A | joint={'beginner': 'A', 'intermediate': 'A', 'advanced': 'A'} | isolated={'beginner': 'A', 'intermediate': 'A', 'advanced': 'A'}
2026-09-01 04:30:01 | DEBUG    | student_sim | id=548 gold=A | joint={'beginner': 'A', 'intermediate': 'A', 'advanced': 'A'} | isolated={'beginner': 'A', 'intermediate': 'A', 'advanced': 'A'}
2026-09-01 04:30:02 | DEBUG    | student_sim | id=549 gold=D | joint={'beginner': 'B', 'intermediate': 'B', 'advanced': 'D'} | isolated={'beginner': 'D', 'intermediate': 'D', 'advanced': 'D'}
2026-09-01 04:30:04 | DEBUG    | student_sim | id=550 gold=D | joint={'beginner': 'D', 'intermediate': 'D', 'advanced': 'D'} | isolated={'beginner': 'D', 'intermediate': 'D', 'advanced': 'D'}
2026-09-01 04:30:06 | DEBUG    | student_sim | id=551 gold=B | joint={'beginner': 'B', 'intermediate': 'B', 'advanced': 'C'} | isolated={'beginner': 'C', 'intermediate': 'B', 'advanced': 'B'}
2026-09-01 04:30:08 | DEBUG    | student_sim | id=552 gold=D | joint={'beginner': 'D', 'intermediate': 'C', 'advanced': 'A'} | isolated={'beginner': 'D', 'intermediate': 'D', 'advanced': 'D'}
2026-09-01 04:30:10 | DEBUG    | student_sim | id=553 gold=A | joint={'beginner': 'C', 'intermediate': 'A', 'advanced': 'A'} | isolated={'beginner': 'A', 'intermediate': 'A', 'advanced': 'A'}
2026-09-01 04:30:11 | DEBUG    | student_sim | id=554 gold=A | joint={'beginner': 'A', 'intermediate': 'A', 'advanced': 'A'} | isolated={'beginner': 'A', 'intermediate': 'A', 'advanced': 'A'}
2026-09-01 04:30:13 | DEBUG    | student_sim | id=555 gold=B | joint={'beginner': 'B', 'intermediate': 'B', 'advanced': 'B'} | isolated={'beginner': 'B', 'intermediate': 'B', 'advanced': 'B'}
2026-09-01 04:30:15 | DEBUG    | student_sim | id=556 gold=A | joint={'beginner': 'A', 'intermediate': 'A', 'advanced': 'A'} | isolated={'beginner': 'A', 'intermediate': 'A', 'advanced': 'A'}
2026-09-01 04:30:17 | DEBUG    | student_sim | id=557 gold=B | joint={'beginner': 'B', 'intermediate': 'B', 'advanced': 'B'} | isolated={'beginner': 'B', 'intermediate': 'B', 'advanced': 'B'}
2026-09-01 04:30:19 | DEBUG    | student_sim | id=558 gold=D | joint={'beginner': 'C', 'intermediate': 'C', 'advanced': 'C'} | isolated={'beginner': 'C', 'intermediate': 'C', 'advanced': 'C'}
2026-09-01 04:30:20 | DEBUG    | student_sim | id=559 gold=B | joint={'beginner': 'B', 'intermediate': 'B', 'advanced': 'D'} | isolated={'beginner': 'B', 'intermediate': 'B', 'advanced': 'B'}
2026-09-01 04:30:22 | DEBUG    | student_sim | id=560 gold=D | joint={'beginner': 'D', 'intermediate': 'D', 'advanced': 'D'} | isolated={'beginner': 'D', 'intermediate': 'D', 'advanced': 'D'}
2026-09-01 04:30:24 | DEBUG    | student_sim | id=561 gold=D | joint={'beginner': 'A', 'intermediate': 'B', 'advanced': 'D'} | isolated={'beginner': 'D', 'intermediate': 'D', 'advanced': 'D'}
2026-09-01 04:30:26 | DEBUG    | student_sim | id=562 gold=A | joint={'beginner': 'A', 'intermediate': 'A', 'advanced': 'A'} | isolated={'beginner': 'A', 'intermediate': 'A', 'advanced': 'A'}
2026-09-01 04:30:27 | DEBUG    | student_sim | id=563 gold=B | joint={'beginner': 'B', 'intermediate': 'B', 'advanced': 'B'} | isolated={'beginner': 'B', 'intermediate': 'B', 'advanced': 'B'}
2026-09-01 04:30:29 | DEBUG    | student_sim | id=564 gold=A | joint={'beginner': 'A', 'intermediate': 'A', 'advanced': 'A'} | isolated={'beginner': 'A', 'intermediate': 'A', 'advanced': 'A'}
2026-09-01 04:30:31 | DEBUG    | student_sim | id=565 gold=A | joint={'beginner': 'A', 'intermediate': 'A', 'advanced': 'A'} | isolated={'beginner': 'A', 'intermediate': 'A', 'advanced': 'A'}
2026-09-01 04:30:33 | DEBUG    | student_sim | id=566 gold=D | joint={'beginner': 'A', 'intermediate': 'D', 'advanced': 'D'} | isolated={'beginner': 'D', 'intermediate': 'D', 'advanced': 'D'}
2026-09-01 04:30:35 | DEBUG    | student_sim | id=567 gold=A | joint={'beginner': 'A', 'intermediate': 'A', 'advanced': 'A'} | isolated={'beginner': 'A', 'intermediate': 'A', 'advanced': 'A'}
2026-09-01 04:30:36 | DEBUG    | student_sim | id=568 gold=C | joint={'beginner': 'C', 'intermediate': 'C', 'advanced': 'C'} | isolated={'beginner': 'C', 'intermediate': 'C', 'advanced': 'C'}
2026-09-01 04:30:38 | DEBUG    | student_sim | id=569 gold=D | joint={'beginner': 'A', 'intermediate': 'D', 'advanced': 'D'} | isolated={'beginner': 'D', 'intermediate': 'D', 'advanced': 'D'}
2026-09-01 04:30:40 | DEBUG    | student_sim | id=570 gold=A | joint={'beginner': 'A', 'intermediate': 'A', 'advanced': 'C'} | isolated={'beginner': 'A', 'intermediate': 'A', 'advanced': 'A'}
2026-09-01 04:30:42 | DEBUG    | student_sim | id=571 gold=D | joint={'beginner': 'A', 'intermediate': 'D', 'advanced': 'D'} | isolated={'beginner': 'D', 'intermediate': 'D', 'advanced': 'D'}
2026-09-01 04:30:42 | INFO     | student_sim |   [ 572/ 884]  64.7% | acc B/I/A  join 0.54/0.88/0.85 | isol 0.93/0.95/0.95 | 1.79s/sample | ETA 9.3 min
2026-09-01 04:30:44 | DEBUG    | student_sim | id=572 gold=C | joint={'beginner': 'A', 'intermediate': 'C', 'advanced': 'C'} | isolated={'beginner': 'C', 'intermediate': 'C', 'advanced': 'C'}
2026-09-01 04:30:45 | DEBUG    | student_sim | id=573 gold=C | joint={'beginner': 'C', 'intermediate': 'C', 'advanced': 'C'} | isolated={'beginner': 'C', 'intermediate': 'C', 'advanced': 'C'}
2026-09-01 04:30:47 | DEBUG    | student_sim | id=574 gold=C | joint={'beginner': 'A', 'intermediate': 'C', 'advanced': 'C'} | isolated={'beginner': 'C', 'intermediate': 'C', 'advanced': 'C'}
2026-09-01 04:30:49 | DEBUG    | student_sim | id=575 gold=A | joint={'beginner': 'A', 'intermediate': 'A', 'advanced': 'A'} | isolated={'beginner': 'A', 'intermediate': 'A', 'advanced': 'A'}
2026-09-01 04:30:51 | DEBUG    | student_sim | id=576 gold=D | joint={'beginner': 'D', 'intermediate': 'D', 'advanced': 'D'} | isolated={'beginner': 'D', 'intermediate': 'D', 'advanced': 'D'}
2026-09-01 04:30:53 | DEBUG    | student_sim | id=577 gold=B | joint={'beginner': 'A', 'intermediate': 'B', 'advanced': 'B'} | isolated={'beginner': 'B', 'intermediate': 'B', 'advanced': 'B'}
2026-09-01 04:30:54 | DEBUG    | student_sim | id=578 gold=B | joint={'beginner': 'B', 'intermediate': 'B', 'advanced': 'B'} | isolated={'beginner': 'B', 'intermediate': 'B', 'advanced': 'B'}
2026-09-01 04:30:56 | DEBUG    | student_sim | id=579 gold=B | joint={'beginner': 'D', 'intermediate': 'B', 'advanced': 'B'} | isolated={'beginner': 'D', 'intermediate': 'B', 'advanced': 'B'}
2026-09-01 04:30:58 | DEBUG    | student_sim | id=580 gold=D | joint={'beginner': 'A', 'intermediate': 'D', 'advanced': 'D'} | isolated={'beginner': 'D', 'intermediate': 'D', 'advanced': 'D'}
2026-09-01 04:31:00 | DEBUG    | student_sim | id=581 gold=B | joint={'beginner': 'B', 'intermediate': 'B', 'advanced': 'B'} | isolated={'beginner': 'B', 'intermediate': 'B', 'advanced': 'B'}
2026-09-01 04:31:02 | DEBUG    | student_sim | id=582 gold=A | joint={'beginner': 'A', 'intermediate': 'C', 'advanced': 'A'} | isolated={'beginner': 'A', 'intermediate': 'A', 'advanced': 'A'}
2026-09-01 04:31:03 | DEBUG    | student_sim | id=583 gold=B | joint={'beginner': 'A', 'intermediate': 'B', 'advanced': 'B'} | isolated={'beginner': 'B', 'intermediate': 'B', 'advanced': 'B'}
2026-09-01 04:31:05 | DEBUG    | student_sim | id=584 gold=D | joint={'beginner': 'A', 'intermediate': 'D', 'advanced': 'D'} | isolated={'beginner': 'D', 'intermediate': 'D', 'advanced': 'D'}
2026-09-01 04:31:07 | DEBUG    | student_sim | id=585 gold=A | joint={'beginner': 'A', 'intermediate': 'A', 'advanced': 'A'} | isolated={'beginner': 'A', 'intermediate': 'A', 'advanced': 'A'}
2026-09-01 04:31:09 | DEBUG    | student_sim | id=586 gold=B | joint={'beginner': 'A', 'intermediate': 'A', 'advanced': 'C'} | isolated={'beginner': 'C', 'intermediate': 'A', 'advanced': 'A'}
2026-09-01 04:31:10 | DEBUG    | student_sim | id=587 gold=B | joint={'beginner': 'B', 'intermediate': 'B', 'advanced': 'B'} | isolated={'beginner': 'B', 'intermediate': 'B', 'advanced': 'B'}
2026-09-01 04:31:12 | DEBUG    | student_sim | id=588 gold=A | joint={'beginner': 'A', 'intermediate': 'A', 'advanced': 'B'} | isolated={'beginner': 'A', 'intermediate': 'A', 'advanced': 'A'}
2026-09-01 04:31:14 | DEBUG    | student_sim | id=589 gold=B | joint={'beginner': 'D', 'intermediate': 'B', 'advanced': 'B'} | isolated={'beginner': 'B', 'intermediate': 'B', 'advanced': 'B'}
2026-09-01 04:31:16 | DEBUG    | student_sim | id=590 gold=B | joint={'beginner': 'B', 'intermediate': 'B', 'advanced': 'B'} | isolated={'beginner': 'B', 'intermediate': 'B', 'advanced': 'B'}
2026-09-01 04:31:18 | DEBUG    | student_sim | id=591 gold=D | joint={'beginner': 'D', 'intermediate': 'D', 'advanced': 'D'} | isolated={'beginner': 'D', 'intermediate': 'D', 'advanced': 'D'}
2026-09-01 04:31:19 | DEBUG    | student_sim | id=592 gold=C | joint={'beginner': 'C', 'intermediate': 'C', 'advanced': 'C'} | isolated={'beginner': 'C', 'intermediate': 'C', 'advanced': 'C'}
2026-09-01 04:31:21 | DEBUG    | student_sim | id=593 gold=B | joint={'beginner': 'A', 'intermediate': 'B', 'advanced': 'B'} | isolated={'beginner': 'B', 'intermediate': 'B', 'advanced': 'B'}
2026-09-01 04:31:23 | DEBUG    | student_sim | id=594 gold=A | joint={'beginner': 'A', 'intermediate': 'B', 'advanced': 'A'} | isolated={'beginner': 'A', 'intermediate': 'A', 'advanced': 'A'}
2026-09-01 04:31:25 | DEBUG    | student_sim | id=595 gold=D | joint={'beginner': 'B', 'intermediate': 'D', 'advanced': 'D'} | isolated={'beginner': 'D', 'intermediate': 'D', 'advanced': 'D'}
2026-09-01 04:31:27 | DEBUG    | student_sim | id=596 gold=C | joint={'beginner': 'C', 'intermediate': 'C', 'advanced': 'A'} | isolated={'beginner': 'C', 'intermediate': 'C', 'advanced': 'C'}
2026-09-01 04:31:28 | DEBUG    | student_sim | id=597 gold=D | joint={'beginner': 'D', 'intermediate': 'D', 'advanced': 'A'} | isolated={'beginner': 'D', 'intermediate': 'D', 'advanced': 'D'}
2026-09-01 04:31:30 | DEBUG    | student_sim | id=598 gold=C | joint={'beginner': 'C', 'intermediate': 'C', 'advanced': 'C'} | isolated={'beginner': 'C', 'intermediate': 'C', 'advanced': 'C'}
2026-09-01 04:31:32 | DEBUG    | student_sim | id=599 gold=D | joint={'beginner': 'A', 'intermediate': 'D', 'advanced': 'D'} | isolated={'beginner': 'D', 'intermediate': 'D', 'advanced': 'D'}
2026-09-01 04:31:34 | DEBUG    | student_sim | id=600 gold=D | joint={'beginner': 'D', 'intermediate': 'D', 'advanced': 'D'} | isolated={'beginner': 'D', 'intermediate': 'D', 'advanced': 'D'}
2026-09-01 04:31:35 | DEBUG    | student_sim | id=601 gold=A | joint={'beginner': 'A', 'intermediate': 'A', 'advanced': 'A'} | isolated={'beginner': 'A', 'intermediate': 'A', 'advanced': 'A'}
2026-09-01 04:31:37 | DEBUG    | student_sim | id=602 gold=D | joint={'beginner': 'A', 'intermediate': 'D', 'advanced': 'D'} | isolated={'beginner': 'D', 'intermediate': 'D', 'advanced': 'D'}
2026-09-01 04:31:39 | DEBUG    | student_sim | id=603 gold=B | joint={'beginner': 'A', 'intermediate': 'B', 'advanced': 'B'} | isolated={'beginner': 'B', 'intermediate': 'B', 'advanced': 'B'}
2026-09-01 04:31:41 | DEBUG    | student_sim | id=604 gold=A | joint={'beginner': 'A', 'intermediate': 'A', 'advanced': 'A'} | isolated={'beginner': 'A', 'intermediate': 'A', 'advanced': 'A'}
2026-09-01 04:31:42 | DEBUG    | student_sim | id=605 gold=D | joint={'beginner': 'D', 'intermediate': 'D', 'advanced': 'D'} | isolated={'beginner': 'D', 'intermediate': 'D', 'advanced': 'D'}
2026-09-01 04:31:44 | DEBUG    | student_sim | id=606 gold=A | joint={'beginner': 'A', 'intermediate': 'A', 'advanced': 'A'} | isolated={'beginner': 'A', 'intermediate': 'A', 'advanced': 'A'}
2026-09-01 04:31:46 | DEBUG    | student_sim | id=607 gold=B | joint={'beginner': 'A', 'intermediate': 'B', 'advanced': 'B'} | isolated={'beginner': 'B', 'intermediate': 'B', 'advanced': 'B'}
2026-09-01 04:31:48 | DEBUG    | student_sim | id=608 gold=B | joint={'beginner': 'B', 'intermediate': 'D', 'advanced': 'C'} | isolated={'beginner': 'B', 'intermediate': 'B', 'advanced': 'B'}
2026-09-01 04:31:50 | DEBUG    | student_sim | id=609 gold=A | joint={'beginner': 'A', 'intermediate': 'A', 'advanced': 'A'} | isolated={'beginner': 'A', 'intermediate': 'A', 'advanced': 'A'}
2026-09-01 04:31:51 | DEBUG    | student_sim | id=610 gold=B | joint={'beginner': 'B', 'intermediate': 'B', 'advanced': 'B'} | isolated={'beginner': 'B', 'intermediate': 'B', 'advanced': 'B'}
2026-09-01 04:31:53 | DEBUG    | student_sim | id=611 gold=B | joint={'beginner': 'A', 'intermediate': 'B', 'advanced': 'B'} | isolated={'beginner': 'B', 'intermediate': 'B', 'advanced': 'B'}
2026-09-01 04:31:55 | DEBUG    | student_sim | id=612 gold=C | joint={'beginner': 'A', 'intermediate': 'C', 'advanced': 'C'} | isolated={'beginner': 'C', 'intermediate': 'C', 'advanced': 'C'}
2026-09-01 04:31:57 | DEBUG    | student_sim | id=613 gold=D | joint={'beginner': 'A', 'intermediate': 'D', 'advanced': 'D'} | isolated={'beginner': 'D', 'intermediate': 'D', 'advanced': 'D'}
2026-09-01 04:31:59 | DEBUG    | student_sim | id=614 gold=C | joint={'beginner': 'C', 'intermediate': 'C', 'advanced': 'B'} | isolated={'beginner': 'C', 'intermediate': 'C', 'advanced': 'C'}
2026-09-01 04:32:00 | DEBUG    | student_sim | id=615 gold=D | joint={'beginner': 'D', 'intermediate': 'D', 'advanced': 'D'} | isolated={'beginner': 'D', 'intermediate': 'D', 'advanced': 'D'}
2026-09-01 04:32:00 | INFO     | student_sim |   [ 616/ 884]  69.7% | acc B/I/A  join 0.55/0.88/0.86 | isol 0.93/0.95/0.95 | 1.79s/sample | ETA 8.0 min
2026-09-01 04:32:02 | DEBUG    | student_sim | id=616 gold=C | joint={'beginner': 'A', 'intermediate': 'C', 'advanced': 'C'} | isolated={'beginner': 'C', 'intermediate': 'C', 'advanced': 'C'}
2026-09-01 04:32:04 | DEBUG    | student_sim | id=617 gold=A | joint={'beginner': 'A', 'intermediate': 'A', 'advanced': 'A'} | isolated={'beginner': 'A', 'intermediate': 'A', 'advanced': 'A'}
2026-09-01 04:32:06 | DEBUG    | student_sim | id=618 gold=C | joint={'beginner': 'C', 'intermediate': 'C', 'advanced': 'C'} | isolated={'beginner': 'C', 'intermediate': 'C', 'advanced': 'C'}
2026-09-01 04:32:08 | DEBUG    | student_sim | id=619 gold=A | joint={'beginner': 'B', 'intermediate': 'A', 'advanced': 'A'} | isolated={'beginner': 'A', 'intermediate': 'A', 'advanced': 'A'}
2026-09-01 04:32:09 | DEBUG    | student_sim | id=620 gold=C | joint={'beginner': 'C', 'intermediate': 'C', 'advanced': 'C'} | isolated={'beginner': 'C', 'intermediate': 'C', 'advanced': 'C'}
2026-09-01 04:32:11 | DEBUG    | student_sim | id=621 gold=A | joint={'beginner': 'A', 'intermediate': 'A', 'advanced': 'A'} | isolated={'beginner': 'A', 'intermediate': 'A', 'advanced': 'A'}
2026-09-01 04:32:13 | DEBUG    | student_sim | id=622 gold=C | joint={'beginner': 'C', 'intermediate': 'C', 'advanced': 'C'} | isolated={'beginner': 'C', 'intermediate': 'C', 'advanced': 'C'}
2026-09-01 04:32:15 | DEBUG    | student_sim | id=623 gold=D | joint={'beginner': 'B', 'intermediate': 'C', 'advanced': 'D'} | isolated={'beginner': 'D', 'intermediate': 'D', 'advanced': 'D'}
2026-09-01 04:32:17 | DEBUG    | student_sim | id=624 gold=A | joint={'beginner': 'A', 'intermediate': 'A', 'advanced': 'A'} | isolated={'beginner': 'A', 'intermediate': 'A', 'advanced': 'A'}
2026-09-01 04:32:18 | DEBUG    | student_sim | id=625 gold=B | joint={'beginner': 'A', 'intermediate': 'B', 'advanced': 'B'} | isolated={'beginner': 'B', 'intermediate': 'B', 'advanced': 'B'}
2026-09-01 04:32:20 | DEBUG    | student_sim | id=626 gold=D | joint={'beginner': 'C', 'intermediate': 'D', 'advanced': 'D'} | isolated={'beginner': 'C', 'intermediate': 'D', 'advanced': 'D'}
2026-09-01 04:32:22 | DEBUG    | student_sim | id=627 gold=A | joint={'beginner': 'A', 'intermediate': 'A', 'advanced': 'B'} | isolated={'beginner': 'A', 'intermediate': 'A', 'advanced': 'A'}
2026-09-01 04:32:24 | DEBUG    | student_sim | id=628 gold=B | joint={'beginner': 'A', 'intermediate': 'B', 'advanced': 'B'} | isolated={'beginner': 'B', 'intermediate': 'B', 'advanced': 'B'}
2026-09-01 04:32:25 | DEBUG    | student_sim | id=629 gold=C | joint={'beginner': 'B', 'intermediate': 'B', 'advanced': 'B'} | isolated={'beginner': 'B', 'intermediate': 'B', 'advanced': 'B'}
2026-09-01 04:32:27 | DEBUG    | student_sim | id=630 gold=A | joint={'beginner': 'A', 'intermediate': 'A', 'advanced': 'A'} | isolated={'beginner': 'A', 'intermediate': 'A', 'advanced': 'A'}
2026-09-01 04:32:29 | DEBUG    | student_sim | id=631 gold=D | joint={'beginner': 'C', 'intermediate': 'D', 'advanced': 'D'} | isolated={'beginner': 'D', 'intermediate': 'D', 'advanced': 'D'}
2026-09-01 04:32:31 | DEBUG    | student_sim | id=632 gold=B | joint={'beginner': 'C', 'intermediate': 'C', 'advanced': 'C'} | isolated={'beginner': 'C', 'intermediate': 'C', 'advanced': 'C'}
2026-09-01 04:32:33 | DEBUG    | student_sim | id=633 gold=C | joint={'beginner': 'A', 'intermediate': 'C', 'advanced': 'C'} | isolated={'beginner': 'C', 'intermediate': 'C', 'advanced': 'C'}
2026-09-01 04:32:35 | DEBUG    | student_sim | id=634 gold=A | joint={'beginner': 'A', 'intermediate': 'A', 'advanced': 'A'} | isolated={'beginner': 'A', 'intermediate': 'A', 'advanced': 'A'}
2026-09-01 04:32:36 | DEBUG    | student_sim | id=635 gold=C | joint={'beginner': 'B', 'intermediate': 'C', 'advanced': 'C'} | isolated={'beginner': 'C', 'intermediate': 'C', 'advanced': 'C'}
2026-09-01 04:32:38 | DEBUG    | student_sim | id=636 gold=D | joint={'beginner': 'B', 'intermediate': 'D', 'advanced': 'D'} | isolated={'beginner': 'D', 'intermediate': 'D', 'advanced': 'D'}
2026-09-01 04:32:40 | DEBUG    | student_sim | id=637 gold=A | joint={'beginner': 'A', 'intermediate': 'A', 'advanced': 'B'} | isolated={'beginner': 'A', 'intermediate': 'A', 'advanced': 'A'}
2026-09-01 04:32:42 | DEBUG    | student_sim | id=638 gold=A | joint={'beginner': 'C', 'intermediate': 'A', 'advanced': 'A'} | isolated={'beginner': 'C', 'intermediate': 'A', 'advanced': 'A'}
2026-09-01 04:32:43 | DEBUG    | student_sim | id=639 gold=B | joint={'beginner': 'B', 'intermediate': 'B', 'advanced': 'B'} | isolated={'beginner': 'B', 'intermediate': 'B', 'advanced': 'B'}
2026-09-01 04:32:45 | DEBUG    | student_sim | id=640 gold=A | joint={'beginner': 'A', 'intermediate': 'A', 'advanced': 'A'} | isolated={'beginner': 'A', 'intermediate': 'A', 'advanced': 'A'}
2026-09-01 04:32:47 | DEBUG    | student_sim | id=641 gold=A | joint={'beginner': 'A', 'intermediate': 'A', 'advanced': 'A'} | isolated={'beginner': 'A', 'intermediate': 'A', 'advanced': 'A'}
2026-09-01 04:32:49 | DEBUG    | student_sim | id=642 gold=A | joint={'beginner': 'A', 'intermediate': 'C', 'advanced': 'A'} | isolated={'beginner': 'C', 'intermediate': 'A', 'advanced': 'A'}
2026-09-01 04:32:51 | DEBUG    | student_sim | id=643 gold=B | joint={'beginner': 'B', 'intermediate': 'B', 'advanced': 'B'} | isolated={'beginner': 'B', 'intermediate': 'B', 'advanced': 'B'}
2026-09-01 04:32:53 | DEBUG    | student_sim | id=644 gold=B | joint={'beginner': 'A', 'intermediate': 'B', 'advanced': 'B'} | isolated={'beginner': 'B', 'intermediate': 'B', 'advanced': 'B'}
2026-09-01 04:32:54 | DEBUG    | student_sim | id=645 gold=A | joint={'beginner': 'A', 'intermediate': 'A', 'advanced': 'A'} | isolated={'beginner': 'A', 'intermediate': 'A', 'advanced': 'A'}
2026-09-01 04:32:56 | DEBUG    | student_sim | id=646 gold=D | joint={'beginner': 'D', 'intermediate': 'D', 'advanced': 'D'} | isolated={'beginner': 'D', 'intermediate': 'D', 'advanced': 'D'}
2026-09-01 04:32:58 | DEBUG    | student_sim | id=647 gold=B | joint={'beginner': 'B', 'intermediate': 'B', 'advanced': 'B'} | isolated={'beginner': 'B', 'intermediate': 'B', 'advanced': 'B'}
2026-09-01 04:33:00 | DEBUG    | student_sim | id=648 gold=D | joint={'beginner': 'A', 'intermediate': 'D', 'advanced': 'D'} | isolated={'beginner': 'D', 'intermediate': 'D', 'advanced': 'D'}
2026-09-01 04:33:01 | DEBUG    | student_sim | id=649 gold=A | joint={'beginner': 'A', 'intermediate': 'C', 'advanced': 'D'} | isolated={'beginner': 'C', 'intermediate': 'D', 'advanced': 'C'}
2026-09-01 04:33:03 | DEBUG    | student_sim | id=650 gold=B | joint={'beginner': 'B', 'intermediate': 'B', 'advanced': 'B'} | isolated={'beginner': 'B', 'intermediate': 'B', 'advanced': 'B'}
2026-09-01 04:33:05 | DEBUG    | student_sim | id=651 gold=D | joint={'beginner': 'C', 'intermediate': 'D', 'advanced': 'D'} | isolated={'beginner': 'D', 'intermediate': 'D', 'advanced': 'D'}
2026-09-01 04:33:07 | DEBUG    | student_sim | id=652 gold=C | joint={'beginner': 'A', 'intermediate': 'C', 'advanced': 'B'} | isolated={'beginner': 'C', 'intermediate': 'C', 'advanced': 'C'}
2026-09-01 04:33:09 | DEBUG    | student_sim | id=653 gold=B | joint={'beginner': 'D', 'intermediate': 'B', 'advanced': 'B'} | isolated={'beginner': 'D', 'intermediate': 'B', 'advanced': 'B'}
2026-09-01 04:33:10 | DEBUG    | student_sim | id=654 gold=B | joint={'beginner': 'B', 'intermediate': 'B', 'advanced': 'B'} | isolated={'beginner': 'B', 'intermediate': 'B', 'advanced': 'B'}
2026-09-01 04:33:12 | DEBUG    | student_sim | id=655 gold=A | joint={'beginner': 'A', 'intermediate': 'A', 'advanced': 'A'} | isolated={'beginner': 'A', 'intermediate': 'A', 'advanced': 'A'}
2026-09-01 04:33:14 | DEBUG    | student_sim | id=656 gold=D | joint={'beginner': 'D', 'intermediate': 'D', 'advanced': 'D'} | isolated={'beginner': 'D', 'intermediate': 'D', 'advanced': 'D'}
2026-09-01 04:33:16 | DEBUG    | student_sim | id=657 gold=A | joint={'beginner': 'A', 'intermediate': 'A', 'advanced': 'A'} | isolated={'beginner': 'A', 'intermediate': 'A', 'advanced': 'A'}
2026-09-01 04:33:18 | DEBUG    | student_sim | id=658 gold=A | joint={'beginner': 'A', 'intermediate': 'A', 'advanced': 'A'} | isolated={'beginner': 'A', 'intermediate': 'A', 'advanced': 'A'}
2026-09-01 04:33:19 | DEBUG    | student_sim | id=659 gold=C | joint={'beginner': 'A', 'intermediate': 'C', 'advanced': 'C'} | isolated={'beginner': 'C', 'intermediate': 'C', 'advanced': 'C'}
2026-09-01 04:33:19 | INFO     | student_sim |   [ 660/ 884]  74.7% | acc B/I/A  join 0.55/0.88/0.86 | isol 0.92/0.95/0.95 | 1.79s/sample | ETA 6.7 min
2026-09-01 04:33:21 | DEBUG    | student_sim | id=660 gold=A | joint={'beginner': 'A', 'intermediate': 'C', 'advanced': 'A'} | isolated={'beginner': 'A', 'intermediate': 'A', 'advanced': 'A'}
2026-09-01 04:33:23 | DEBUG    | student_sim | id=661 gold=A | joint={'beginner': 'A', 'intermediate': 'A', 'advanced': 'A'} | isolated={'beginner': 'A', 'intermediate': 'A', 'advanced': 'A'}
2026-09-01 04:33:25 | DEBUG    | student_sim | id=662 gold=C | joint={'beginner': 'A', 'intermediate': 'C', 'advanced': 'C'} | isolated={'beginner': 'C', 'intermediate': 'C', 'advanced': 'C'}
2026-09-01 04:33:26 | DEBUG    | student_sim | id=663 gold=C | joint={'beginner': 'A', 'intermediate': 'C', 'advanced': 'C'} | isolated={'beginner': 'C', 'intermediate': 'C', 'advanced': 'C'}
2026-09-01 04:33:28 | DEBUG    | student_sim | id=664 gold=B | joint={'beginner': 'A', 'intermediate': 'B', 'advanced': 'B'} | isolated={'beginner': 'B', 'intermediate': 'B', 'advanced': 'B'}
2026-09-01 04:33:30 | DEBUG    | student_sim | id=665 gold=A | joint={'beginner': 'A', 'intermediate': 'A', 'advanced': 'A'} | isolated={'beginner': 'A', 'intermediate': 'A', 'advanced': 'A'}
2026-09-01 04:33:32 | DEBUG    | student_sim | id=666 gold=A | joint={'beginner': 'C', 'intermediate': 'C', 'advanced': 'A'} | isolated={'beginner': 'C', 'intermediate': 'C', 'advanced': 'A'}
2026-09-01 04:33:34 | DEBUG    | student_sim | id=667 gold=C | joint={'beginner': 'C', 'intermediate': 'C', 'advanced': 'C'} | isolated={'beginner': 'C', 'intermediate': 'C', 'advanced': 'C'}
2026-09-01 04:33:35 | DEBUG    | student_sim | id=668 gold=B | joint={'beginner': 'B', 'intermediate': 'B', 'advanced': 'B'} | isolated={'beginner': 'B', 'intermediate': 'B', 'advanced': 'B'}
2026-09-01 04:33:37 | DEBUG    | student_sim | id=669 gold=C | joint={'beginner': 'B', 'intermediate': 'C', 'advanced': 'C'} | isolated={'beginner': 'C', 'intermediate': 'C', 'advanced': 'C'}
2026-09-01 04:33:39 | DEBUG    | student_sim | id=670 gold=D | joint={'beginner': 'D', 'intermediate': 'D', 'advanced': 'D'} | isolated={'beginner': 'D', 'intermediate': 'D', 'advanced': 'D'}
2026-09-01 04:33:41 | DEBUG    | student_sim | id=671 gold=A | joint={'beginner': 'A', 'intermediate': 'A', 'advanced': 'A'} | isolated={'beginner': 'A', 'intermediate': 'A', 'advanced': 'A'}
2026-09-01 04:33:43 | DEBUG    | student_sim | id=672 gold=C | joint={'beginner': 'D', 'intermediate': 'C', 'advanced': 'C'} | isolated={'beginner': 'C', 'intermediate': 'C', 'advanced': 'C'}
2026-09-01 04:33:44 | DEBUG    | student_sim | id=673 gold=C | joint={'beginner': 'C', 'intermediate': 'C', 'advanced': 'C'} | isolated={'beginner': 'C', 'intermediate': 'C', 'advanced': 'C'}
2026-09-01 04:33:46 | DEBUG    | student_sim | id=674 gold=C | joint={'beginner': 'D', 'intermediate': 'C', 'advanced': 'C'} | isolated={'beginner': 'C', 'intermediate': 'C', 'advanced': 'C'}
2026-09-01 04:33:48 | DEBUG    | student_sim | id=675 gold=B | joint={'beginner': 'A', 'intermediate': 'B', 'advanced': 'C'} | isolated={'beginner': 'D', 'intermediate': 'D', 'advanced': 'D'}
2026-09-01 04:33:50 | DEBUG    | student_sim | id=676 gold=D | joint={'beginner': 'C', 'intermediate': 'D', 'advanced': 'D'} | isolated={'beginner': 'D', 'intermediate': 'D', 'advanced': 'D'}
2026-09-01 04:33:52 | DEBUG    | student_sim | id=677 gold=A | joint={'beginner': 'A', 'intermediate': 'A', 'advanced': 'A'} | isolated={'beginner': 'A', 'intermediate': 'A', 'advanced': 'A'}
2026-09-01 04:33:53 | DEBUG    | student_sim | id=678 gold=D | joint={'beginner': 'A', 'intermediate': 'D', 'advanced': 'D'} | isolated={'beginner': 'D', 'intermediate': 'D', 'advanced': 'D'}
2026-09-01 04:33:55 | DEBUG    | student_sim | id=679 gold=D | joint={'beginner': 'A', 'intermediate': 'C', 'advanced': 'C'} | isolated={'beginner': 'C', 'intermediate': 'C', 'advanced': 'C'}
2026-09-01 04:33:57 | DEBUG    | student_sim | id=680 gold=A | joint={'beginner': 'A', 'intermediate': 'A', 'advanced': 'A'} | isolated={'beginner': 'A', 'intermediate': 'A', 'advanced': 'A'}
2026-09-01 04:33:59 | DEBUG    | student_sim | id=681 gold=B | joint={'beginner': 'A', 'intermediate': 'B', 'advanced': 'B'} | isolated={'beginner': 'B', 'intermediate': 'B', 'advanced': 'B'}
2026-09-01 04:34:01 | DEBUG    | student_sim | id=682 gold=A | joint={'beginner': 'A', 'intermediate': 'A', 'advanced': 'A'} | isolated={'beginner': 'A', 'intermediate': 'A', 'advanced': 'A'}
2026-09-01 04:34:02 | DEBUG    | student_sim | id=683 gold=D | joint={'beginner': 'A', 'intermediate': 'D', 'advanced': 'D'} | isolated={'beginner': 'D', 'intermediate': 'D', 'advanced': 'D'}
2026-09-01 04:34:04 | DEBUG    | student_sim | id=684 gold=D | joint={'beginner': 'A', 'intermediate': 'C', 'advanced': 'D'} | isolated={'beginner': 'D', 'intermediate': 'D', 'advanced': 'D'}
2026-09-01 04:34:06 | DEBUG    | student_sim | id=685 gold=C | joint={'beginner': 'A', 'intermediate': 'C', 'advanced': 'C'} | isolated={'beginner': 'C', 'intermediate': 'C', 'advanced': 'C'}
2026-09-01 04:34:08 | DEBUG    | student_sim | id=686 gold=C | joint={'beginner': 'C', 'intermediate': 'C', 'advanced': 'C'} | isolated={'beginner': 'C', 'intermediate': 'C', 'advanced': 'C'}
2026-09-01 04:34:09 | DEBUG    | student_sim | id=687 gold=D | joint={'beginner': 'D', 'intermediate': 'D', 'advanced': 'D'} | isolated={'beginner': 'D', 'intermediate': 'D', 'advanced': 'D'}
2026-09-01 04:34:11 | DEBUG    | student_sim | id=688 gold=D | joint={'beginner': 'A', 'intermediate': 'D', 'advanced': 'D'} | isolated={'beginner': 'D', 'intermediate': 'D', 'advanced': 'D'}
2026-09-01 04:34:13 | DEBUG    | student_sim | id=689 gold=A | joint={'beginner': 'A', 'intermediate': 'A', 'advanced': 'B'} | isolated={'beginner': 'A', 'intermediate': 'A', 'advanced': 'A'}
2026-09-01 04:34:15 | DEBUG    | student_sim | id=690 gold=A | joint={'beginner': 'A', 'intermediate': 'A', 'advanced': 'A'} | isolated={'beginner': 'A', 'intermediate': 'A', 'advanced': 'A'}
2026-09-01 04:34:17 | DEBUG    | student_sim | id=691 gold=C | joint={'beginner': 'C', 'intermediate': 'C', 'advanced': 'C'} | isolated={'beginner': 'C', 'intermediate': 'C', 'advanced': 'C'}
2026-09-01 04:34:18 | DEBUG    | student_sim | id=692 gold=C | joint={'beginner': 'A', 'intermediate': 'C', 'advanced': 'C'} | isolated={'beginner': 'C', 'intermediate': 'C', 'advanced': 'C'}
2026-09-01 04:34:20 | DEBUG    | student_sim | id=693 gold=B | joint={'beginner': 'B', 'intermediate': 'B', 'advanced': 'B'} | isolated={'beginner': 'B', 'intermediate': 'B', 'advanced': 'B'}
2026-09-01 04:34:22 | DEBUG    | student_sim | id=694 gold=D | joint={'beginner': 'A', 'intermediate': 'B', 'advanced': 'D'} | isolated={'beginner': 'D', 'intermediate': 'D', 'advanced': 'D'}
2026-09-01 04:34:24 | DEBUG    | student_sim | id=695 gold=B | joint={'beginner': 'D', 'intermediate': 'B', 'advanced': 'B'} | isolated={'beginner': 'B', 'intermediate': 'B', 'advanced': 'B'}
2026-09-01 04:34:26 | DEBUG    | student_sim | id=696 gold=A | joint={'beginner': 'A', 'intermediate': 'A', 'advanced': 'A'} | isolated={'beginner': 'A', 'intermediate': 'A', 'advanced': 'A'}
2026-09-01 04:34:27 | DEBUG    | student_sim | id=697 gold=A | joint={'beginner': 'A', 'intermediate': 'A', 'advanced': 'A'} | isolated={'beginner': 'A', 'intermediate': 'A', 'advanced': 'A'}
2026-09-01 04:34:29 | DEBUG    | student_sim | id=698 gold=D | joint={'beginner': 'C', 'intermediate': 'D', 'advanced': 'D'} | isolated={'beginner': 'C', 'intermediate': 'D', 'advanced': 'D'}
2026-09-01 04:34:31 | DEBUG    | student_sim | id=699 gold=C | joint={'beginner': 'A', 'intermediate': 'C', 'advanced': 'C'} | isolated={'beginner': 'C', 'intermediate': 'C', 'advanced': 'C'}
2026-09-01 04:34:33 | DEBUG    | student_sim | id=700 gold=C | joint={'beginner': 'A', 'intermediate': 'C', 'advanced': 'C'} | isolated={'beginner': 'A', 'intermediate': 'C', 'advanced': 'C'}
2026-09-01 04:34:35 | DEBUG    | student_sim | id=701 gold=B | joint={'beginner': 'A', 'intermediate': 'B', 'advanced': 'B'} | isolated={'beginner': 'B', 'intermediate': 'B', 'advanced': 'B'}
2026-09-01 04:34:36 | DEBUG    | student_sim | id=702 gold=A | joint={'beginner': 'A', 'intermediate': 'A', 'advanced': 'A'} | isolated={'beginner': 'A', 'intermediate': 'A', 'advanced': 'A'}
2026-09-01 04:34:38 | DEBUG    | student_sim | id=703 gold=B | joint={'beginner': 'B', 'intermediate': 'B', 'advanced': 'B'} | isolated={'beginner': 'B', 'intermediate': 'B', 'advanced': 'B'}
2026-09-01 04:34:38 | INFO     | student_sim |   [ 704/ 884]  79.6% | acc B/I/A  join 0.54/0.88/0.86 | isol 0.92/0.95/0.95 | 1.79s/sample | ETA 5.4 min
2026-09-01 04:34:40 | DEBUG    | student_sim | id=704 gold=A | joint={'beginner': 'A', 'intermediate': 'A', 'advanced': 'A'} | isolated={'beginner': 'A', 'intermediate': 'A', 'advanced': 'A'}
2026-09-01 04:34:42 | DEBUG    | student_sim | id=705 gold=C | joint={'beginner': 'B', 'intermediate': 'C', 'advanced': 'C'} | isolated={'beginner': 'C', 'intermediate': 'C', 'advanced': 'C'}
2026-09-01 04:34:44 | DEBUG    | student_sim | id=706 gold=B | joint={'beginner': 'A', 'intermediate': 'A', 'advanced': 'B'} | isolated={'beginner': 'A', 'intermediate': 'A', 'advanced': 'A'}
2026-09-01 04:34:45 | DEBUG    | student_sim | id=707 gold=A | joint={'beginner': 'A', 'intermediate': 'A', 'advanced': 'A'} | isolated={'beginner': 'A', 'intermediate': 'A', 'advanced': 'A'}
2026-09-01 04:34:47 | DEBUG    | student_sim | id=708 gold=D | joint={'beginner': 'C', 'intermediate': 'C', 'advanced': 'D'} | isolated={'beginner': 'C', 'intermediate': 'D', 'advanced': 'D'}
2026-09-01 04:34:49 | DEBUG    | student_sim | id=709 gold=B | joint={'beginner': 'A', 'intermediate': 'B', 'advanced': 'B'} | isolated={'beginner': 'B', 'intermediate': 'B', 'advanced': 'B'}
2026-09-01 04:34:51 | DEBUG    | student_sim | id=710 gold=C | joint={'beginner': 'C', 'intermediate': 'C', 'advanced': 'A'} | isolated={'beginner': 'C', 'intermediate': 'C', 'advanced': 'C'}
2026-09-01 04:34:53 | DEBUG    | student_sim | id=711 gold=A | joint={'beginner': 'A', 'intermediate': 'A', 'advanced': 'A'} | isolated={'beginner': 'A', 'intermediate': 'A', 'advanced': 'A'}
2026-09-01 04:34:54 | DEBUG    | student_sim | id=712 gold=A | joint={'beginner': 'A', 'intermediate': 'A', 'advanced': 'A'} | isolated={'beginner': 'A', 'intermediate': 'A', 'advanced': 'A'}
2026-09-01 04:34:56 | DEBUG    | student_sim | id=713 gold=C | joint={'beginner': 'A', 'intermediate': 'C', 'advanced': 'C'} | isolated={'beginner': 'C', 'intermediate': 'C', 'advanced': 'C'}
2026-09-01 04:34:58 | DEBUG    | student_sim | id=714 gold=A | joint={'beginner': 'A', 'intermediate': 'A', 'advanced': 'B'} | isolated={'beginner': 'A', 'intermediate': 'A', 'advanced': 'A'}
2026-09-01 04:35:00 | DEBUG    | student_sim | id=715 gold=D | joint={'beginner': 'D', 'intermediate': 'D', 'advanced': 'D'} | isolated={'beginner': 'D', 'intermediate': 'D', 'advanced': 'D'}
2026-09-01 04:35:02 | DEBUG    | student_sim | id=716 gold=D | joint={'beginner': 'C', 'intermediate': 'D', 'advanced': 'D'} | isolated={'beginner': 'D', 'intermediate': 'D', 'advanced': 'D'}
2026-09-01 04:35:03 | DEBUG    | student_sim | id=717 gold=C | joint={'beginner': 'B', 'intermediate': 'C', 'advanced': 'C'} | isolated={'beginner': 'C', 'intermediate': 'C', 'advanced': 'C'}
2026-09-01 04:35:05 | DEBUG    | student_sim | id=718 gold=C | joint={'beginner': 'B', 'intermediate': 'C', 'advanced': 'A'} | isolated={'beginner': 'C', 'intermediate': 'C', 'advanced': 'C'}
2026-09-01 04:35:07 | DEBUG    | student_sim | id=719 gold=C | joint={'beginner': 'A', 'intermediate': 'C', 'advanced': 'C'} | isolated={'beginner': 'C', 'intermediate': 'C', 'advanced': 'C'}
2026-09-01 04:35:09 | DEBUG    | student_sim | id=720 gold=D | joint={'beginner': 'A', 'intermediate': 'C', 'advanced': 'D'} | isolated={'beginner': 'D', 'intermediate': 'D', 'advanced': 'D'}
2026-09-01 04:35:11 | DEBUG    | student_sim | id=721 gold=B | joint={'beginner': 'B', 'intermediate': 'B', 'advanced': 'B'} | isolated={'beginner': 'B', 'intermediate': 'B', 'advanced': 'B'}
2026-09-01 04:35:12 | DEBUG    | student_sim | id=722 gold=A | joint={'beginner': 'A', 'intermediate': 'A', 'advanced': 'A'} | isolated={'beginner': 'A', 'intermediate': 'A', 'advanced': 'A'}
2026-09-01 04:35:14 | DEBUG    | student_sim | id=723 gold=D | joint={'beginner': 'B', 'intermediate': 'D', 'advanced': 'D'} | isolated={'beginner': 'D', 'intermediate': 'D', 'advanced': 'D'}
2026-09-01 04:35:16 | DEBUG    | student_sim | id=724 gold=D | joint={'beginner': 'C', 'intermediate': 'C', 'advanced': 'D'} | isolated={'beginner': 'C', 'intermediate': 'D', 'advanced': 'D'}
2026-09-01 04:35:18 | DEBUG    | student_sim | id=725 gold=D | joint={'beginner': 'A', 'intermediate': 'D', 'advanced': 'D'} | isolated={'beginner': 'D', 'intermediate': 'D', 'advanced': 'D'}
2026-09-01 04:35:20 | DEBUG    | student_sim | id=726 gold=B | joint={'beginner': 'A', 'intermediate': 'B', 'advanced': 'B'} | isolated={'beginner': 'C', 'intermediate': 'B', 'advanced': 'B'}
2026-09-01 04:35:21 | DEBUG    | student_sim | id=727 gold=D | joint={'beginner': 'A', 'intermediate': 'D', 'advanced': 'D'} | isolated={'beginner': 'D', 'intermediate': 'D', 'advanced': 'D'}
2026-09-01 04:35:23 | DEBUG    | student_sim | id=728 gold=D | joint={'beginner': 'C', 'intermediate': 'D', 'advanced': 'D'} | isolated={'beginner': 'D', 'intermediate': 'D', 'advanced': 'D'}
2026-09-01 04:35:25 | DEBUG    | student_sim | id=729 gold=C | joint={'beginner': 'A', 'intermediate': 'C', 'advanced': 'C'} | isolated={'beginner': 'C', 'intermediate': 'C', 'advanced': 'C'}
2026-09-01 04:35:27 | DEBUG    | student_sim | id=730 gold=A | joint={'beginner': 'C', 'intermediate': 'C', 'advanced': 'A'} | isolated={'beginner': 'C', 'intermediate': 'C', 'advanced': 'C'}
2026-09-01 04:35:28 | DEBUG    | student_sim | id=731 gold=B | joint={'beginner': 'A', 'intermediate': 'B', 'advanced': 'B'} | isolated={'beginner': 'B', 'intermediate': 'B', 'advanced': 'B'}
2026-09-01 04:35:30 | DEBUG    | student_sim | id=732 gold=A | joint={'beginner': 'A', 'intermediate': 'A', 'advanced': 'A'} | isolated={'beginner': 'A', 'intermediate': 'A', 'advanced': 'A'}
2026-09-01 04:35:32 | DEBUG    | student_sim | id=733 gold=D | joint={'beginner': 'B', 'intermediate': 'D', 'advanced': 'D'} | isolated={'beginner': 'D', 'intermediate': 'D', 'advanced': 'D'}
2026-09-01 04:35:34 | DEBUG    | student_sim | id=734 gold=B | joint={'beginner': 'A', 'intermediate': 'B', 'advanced': 'B'} | isolated={'beginner': 'B', 'intermediate': 'B', 'advanced': 'B'}
2026-09-01 04:35:36 | DEBUG    | student_sim | id=735 gold=D | joint={'beginner': 'A', 'intermediate': 'A', 'advanced': 'D'} | isolated={'beginner': 'D', 'intermediate': 'D', 'advanced': 'D'}
2026-09-01 04:35:37 | DEBUG    | student_sim | id=736 gold=A | joint={'beginner': 'A', 'intermediate': 'C', 'advanced': 'A'} | isolated={'beginner': 'C', 'intermediate': 'A', 'advanced': 'A'}
2026-09-01 04:35:39 | DEBUG    | student_sim | id=737 gold=C | joint={'beginner': 'B', 'intermediate': 'B', 'advanced': 'C'} | isolated={'beginner': 'B', 'intermediate': 'B', 'advanced': 'B'}
2026-09-01 04:35:41 | DEBUG    | student_sim | id=738 gold=B | joint={'beginner': 'A', 'intermediate': 'B', 'advanced': 'B'} | isolated={'beginner': 'B', 'intermediate': 'B', 'advanced': 'B'}
2026-09-01 04:35:43 | DEBUG    | student_sim | id=739 gold=C | joint={'beginner': 'D', 'intermediate': 'C', 'advanced': 'A'} | isolated={'beginner': 'D', 'intermediate': 'C', 'advanced': 'C'}
2026-09-01 04:35:45 | DEBUG    | student_sim | id=740 gold=D | joint={'beginner': 'B', 'intermediate': 'B', 'advanced': 'D'} | isolated={'beginner': 'D', 'intermediate': 'D', 'advanced': 'D'}
2026-09-01 04:35:46 | DEBUG    | student_sim | id=741 gold=D | joint={'beginner': 'A', 'intermediate': 'D', 'advanced': 'D'} | isolated={'beginner': 'D', 'intermediate': 'D', 'advanced': 'D'}
2026-09-01 04:35:48 | DEBUG    | student_sim | id=742 gold=D | joint={'beginner': 'D', 'intermediate': 'D', 'advanced': 'D'} | isolated={'beginner': 'D', 'intermediate': 'D', 'advanced': 'D'}
2026-09-01 04:35:50 | DEBUG    | student_sim | id=743 gold=B | joint={'beginner': 'B', 'intermediate': 'B', 'advanced': 'B'} | isolated={'beginner': 'B', 'intermediate': 'B', 'advanced': 'B'}
2026-09-01 04:35:52 | DEBUG    | student_sim | id=744 gold=B | joint={'beginner': 'B', 'intermediate': 'B', 'advanced': 'B'} | isolated={'beginner': 'B', 'intermediate': 'B', 'advanced': 'B'}
2026-09-01 04:35:54 | DEBUG    | student_sim | id=745 gold=B | joint={'beginner': 'B', 'intermediate': 'B', 'advanced': 'B'} | isolated={'beginner': 'B', 'intermediate': 'B', 'advanced': 'B'}
2026-09-01 04:35:55 | DEBUG    | student_sim | id=746 gold=C | joint={'beginner': 'C', 'intermediate': 'C', 'advanced': 'C'} | isolated={'beginner': 'C', 'intermediate': 'C', 'advanced': 'C'}
2026-09-01 04:35:57 | DEBUG    | student_sim | id=747 gold=C | joint={'beginner': 'A', 'intermediate': 'C', 'advanced': 'C'} | isolated={'beginner': 'C', 'intermediate': 'C', 'advanced': 'C'}
2026-09-01 04:35:57 | INFO     | student_sim |   [ 748/ 884]  84.6% | acc B/I/A  join 0.53/0.88/0.86 | isol 0.91/0.95/0.95 | 1.79s/sample | ETA 4.1 min
2026-09-01 04:35:59 | DEBUG    | student_sim | id=748 gold=C | joint={'beginner': 'A', 'intermediate': 'C', 'advanced': 'B'} | isolated={'beginner': 'C', 'intermediate': 'C', 'advanced': 'C'}
2026-09-01 04:36:01 | DEBUG    | student_sim | id=749 gold=B | joint={'beginner': 'A', 'intermediate': 'B', 'advanced': 'B'} | isolated={'beginner': 'B', 'intermediate': 'B', 'advanced': 'B'}
2026-09-01 04:36:03 | DEBUG    | student_sim | id=750 gold=A | joint={'beginner': 'A', 'intermediate': 'A', 'advanced': 'A'} | isolated={'beginner': 'A', 'intermediate': 'A', 'advanced': 'A'}
2026-09-01 04:36:04 | DEBUG    | student_sim | id=751 gold=D | joint={'beginner': 'B', 'intermediate': 'B', 'advanced': 'D'} | isolated={'beginner': 'B', 'intermediate': 'D', 'advanced': 'D'}
2026-09-01 04:36:06 | DEBUG    | student_sim | id=752 gold=A | joint={'beginner': 'A', 'intermediate': 'A', 'advanced': 'B'} | isolated={'beginner': 'A', 'intermediate': 'A', 'advanced': 'A'}
2026-09-01 04:36:08 | DEBUG    | student_sim | id=753 gold=D | joint={'beginner': 'A', 'intermediate': 'D', 'advanced': 'D'} | isolated={'beginner': 'D', 'intermediate': 'D', 'advanced': 'D'}
2026-09-01 04:36:10 | DEBUG    | student_sim | id=754 gold=A | joint={'beginner': 'A', 'intermediate': 'A', 'advanced': 'A'} | isolated={'beginner': 'A', 'intermediate': 'A', 'advanced': 'A'}
2026-09-01 04:36:12 | DEBUG    | student_sim | id=755 gold=C | joint={'beginner': 'A', 'intermediate': 'C', 'advanced': 'C'} | isolated={'beginner': 'C', 'intermediate': 'C', 'advanced': 'C'}
2026-09-01 04:36:13 | DEBUG    | student_sim | id=756 gold=C | joint={'beginner': 'A', 'intermediate': 'C', 'advanced': 'D'} | isolated={'beginner': 'C', 'intermediate': 'C', 'advanced': 'C'}
2026-09-01 04:36:15 | DEBUG    | student_sim | id=757 gold=C | joint={'beginner': 'C', 'intermediate': 'C', 'advanced': 'C'} | isolated={'beginner': 'C', 'intermediate': 'C', 'advanced': 'C'}
2026-09-01 04:36:17 | DEBUG    | student_sim | id=758 gold=B | joint={'beginner': 'A', 'intermediate': 'B', 'advanced': 'B'} | isolated={'beginner': 'B', 'intermediate': 'B', 'advanced': 'B'}
2026-09-01 04:36:19 | DEBUG    | student_sim | id=759 gold=B | joint={'beginner': 'A', 'intermediate': 'B', 'advanced': 'B'} | isolated={'beginner': 'B', 'intermediate': 'B', 'advanced': 'B'}
2026-09-01 04:36:21 | DEBUG    | student_sim | id=760 gold=C | joint={'beginner': 'C', 'intermediate': 'C', 'advanced': 'C'} | isolated={'beginner': 'C', 'intermediate': 'C', 'advanced': 'C'}
2026-09-01 04:36:23 | DEBUG    | student_sim | id=761 gold=B | joint={'beginner': 'A', 'intermediate': 'B', 'advanced': 'C'} | isolated={'beginner': 'B', 'intermediate': 'B', 'advanced': 'B'}
2026-09-01 04:36:24 | DEBUG    | student_sim | id=762 gold=B | joint={'beginner': 'A', 'intermediate': 'B', 'advanced': 'B'} | isolated={'beginner': 'B', 'intermediate': 'B', 'advanced': 'B'}
2026-09-01 04:36:26 | DEBUG    | student_sim | id=763 gold=C | joint={'beginner': 'A', 'intermediate': 'C', 'advanced': 'C'} | isolated={'beginner': 'C', 'intermediate': 'C', 'advanced': 'C'}
2026-09-01 04:36:28 | DEBUG    | student_sim | id=764 gold=B | joint={'beginner': 'A', 'intermediate': 'B', 'advanced': 'B'} | isolated={'beginner': 'B', 'intermediate': 'B', 'advanced': 'B'}
2026-09-01 04:36:30 | DEBUG    | student_sim | id=765 gold=D | joint={'beginner': 'D', 'intermediate': 'D', 'advanced': 'D'} | isolated={'beginner': 'D', 'intermediate': 'D', 'advanced': 'D'}
2026-09-01 04:36:31 | DEBUG    | student_sim | id=766 gold=C | joint={'beginner': 'A', 'intermediate': 'C', 'advanced': 'C'} | isolated={'beginner': 'C', 'intermediate': 'C', 'advanced': 'C'}
2026-09-01 04:36:33 | DEBUG    | student_sim | id=767 gold=C | joint={'beginner': 'C', 'intermediate': 'C', 'advanced': 'C'} | isolated={'beginner': 'C', 'intermediate': 'C', 'advanced': 'C'}
2026-09-01 04:36:35 | DEBUG    | student_sim | id=768 gold=B | joint={'beginner': 'B', 'intermediate': 'B', 'advanced': 'B'} | isolated={'beginner': 'B', 'intermediate': 'B', 'advanced': 'B'}
2026-09-01 04:36:37 | DEBUG    | student_sim | id=769 gold=C | joint={'beginner': 'A', 'intermediate': 'C', 'advanced': 'C'} | isolated={'beginner': 'C', 'intermediate': 'C', 'advanced': 'C'}
2026-09-01 04:36:39 | DEBUG    | student_sim | id=770 gold=C | joint={'beginner': 'C', 'intermediate': 'C', 'advanced': 'C'} | isolated={'beginner': 'C', 'intermediate': 'C', 'advanced': 'C'}
2026-09-01 04:36:40 | DEBUG    | student_sim | id=771 gold=A | joint={'beginner': 'A', 'intermediate': 'A', 'advanced': 'A'} | isolated={'beginner': 'A', 'intermediate': 'A', 'advanced': 'A'}
2026-09-01 04:36:42 | DEBUG    | student_sim | id=772 gold=A | joint={'beginner': 'C', 'intermediate': 'C', 'advanced': 'A'} | isolated={'beginner': 'C', 'intermediate': 'A', 'advanced': 'A'}
2026-09-01 04:36:44 | DEBUG    | student_sim | id=773 gold=A | joint={'beginner': 'A', 'intermediate': 'A', 'advanced': 'C'} | isolated={'beginner': 'A', 'intermediate': 'A', 'advanced': 'A'}
2026-09-01 04:36:46 | DEBUG    | student_sim | id=774 gold=C | joint={'beginner': 'B', 'intermediate': 'C', 'advanced': 'C'} | isolated={'beginner': 'C', 'intermediate': 'C', 'advanced': 'C'}
2026-09-01 04:36:48 | DEBUG    | student_sim | id=775 gold=C | joint={'beginner': 'A', 'intermediate': 'C', 'advanced': 'C'} | isolated={'beginner': 'C', 'intermediate': 'C', 'advanced': 'C'}
2026-09-01 04:36:50 | DEBUG    | student_sim | id=776 gold=B | joint={'beginner': 'A', 'intermediate': 'B', 'advanced': 'B'} | isolated={'beginner': 'B', 'intermediate': 'B', 'advanced': 'B'}
2026-09-01 04:36:51 | DEBUG    | student_sim | id=777 gold=B | joint={'beginner': 'B', 'intermediate': 'B', 'advanced': 'B'} | isolated={'beginner': 'B', 'intermediate': 'B', 'advanced': 'B'}
2026-09-01 04:36:53 | DEBUG    | student_sim | id=778 gold=D | joint={'beginner': 'A', 'intermediate': 'D', 'advanced': 'D'} | isolated={'beginner': 'D', 'intermediate': 'D', 'advanced': 'D'}
2026-09-01 04:36:55 | DEBUG    | student_sim | id=779 gold=C | joint={'beginner': 'A', 'intermediate': 'C', 'advanced': 'C'} | isolated={'beginner': 'C', 'intermediate': 'C', 'advanced': 'C'}
2026-09-01 04:36:57 | DEBUG    | student_sim | id=780 gold=C | joint={'beginner': 'C', 'intermediate': 'C', 'advanced': 'C'} | isolated={'beginner': 'C', 'intermediate': 'C', 'advanced': 'C'}
2026-09-01 04:36:59 | DEBUG    | student_sim | id=781 gold=A | joint={'beginner': 'A', 'intermediate': 'A', 'advanced': 'A'} | isolated={'beginner': 'A', 'intermediate': 'A', 'advanced': 'A'}
2026-09-01 04:37:00 | DEBUG    | student_sim | id=782 gold=A | joint={'beginner': 'A', 'intermediate': 'A', 'advanced': 'A'} | isolated={'beginner': 'A', 'intermediate': 'A', 'advanced': 'A'}
2026-09-01 04:37:02 | DEBUG    | student_sim | id=783 gold=C | joint={'beginner': 'C', 'intermediate': 'C', 'advanced': 'C'} | isolated={'beginner': 'C', 'intermediate': 'C', 'advanced': 'C'}
2026-09-01 04:37:04 | DEBUG    | student_sim | id=784 gold=C | joint={'beginner': 'C', 'intermediate': 'C', 'advanced': 'C'} | isolated={'beginner': 'C', 'intermediate': 'C', 'advanced': 'C'}
2026-09-01 04:37:06 | DEBUG    | student_sim | id=785 gold=B | joint={'beginner': 'A', 'intermediate': 'B', 'advanced': 'B'} | isolated={'beginner': 'B', 'intermediate': 'B', 'advanced': 'B'}
2026-09-01 04:37:08 | DEBUG    | student_sim | id=786 gold=D | joint={'beginner': 'A', 'intermediate': 'D', 'advanced': 'D'} | isolated={'beginner': 'D', 'intermediate': 'D', 'advanced': 'D'}
2026-09-01 04:37:09 | DEBUG    | student_sim | id=787 gold=D | joint={'beginner': 'A', 'intermediate': 'C', 'advanced': 'D'} | isolated={'beginner': 'D', 'intermediate': 'D', 'advanced': 'D'}
2026-09-01 04:37:11 | DEBUG    | student_sim | id=788 gold=C | joint={'beginner': 'A', 'intermediate': 'C', 'advanced': 'C'} | isolated={'beginner': 'C', 'intermediate': 'C', 'advanced': 'C'}
2026-09-01 04:37:13 | DEBUG    | student_sim | id=789 gold=D | joint={'beginner': 'B', 'intermediate': 'D', 'advanced': 'D'} | isolated={'beginner': 'D', 'intermediate': 'D', 'advanced': 'D'}
2026-09-01 04:37:15 | DEBUG    | student_sim | id=790 gold=C | joint={'beginner': 'A', 'intermediate': 'C', 'advanced': 'C'} | isolated={'beginner': 'C', 'intermediate': 'C', 'advanced': 'C'}
2026-09-01 04:37:17 | DEBUG    | student_sim | id=791 gold=C | joint={'beginner': 'C', 'intermediate': 'C', 'advanced': 'A'} | isolated={'beginner': 'C', 'intermediate': 'C', 'advanced': 'C'}
2026-09-01 04:37:17 | INFO     | student_sim |   [ 792/ 884]  89.6% | acc B/I/A  join 0.53/0.88/0.86 | isol 0.92/0.95/0.95 | 1.79s/sample | ETA 2.8 min
2026-09-01 04:37:18 | DEBUG    | student_sim | id=792 gold=C | joint={'beginner': 'C', 'intermediate': 'C', 'advanced': 'C'} | isolated={'beginner': 'C', 'intermediate': 'C', 'advanced': 'C'}
2026-09-01 04:37:20 | DEBUG    | student_sim | id=793 gold=A | joint={'beginner': 'A', 'intermediate': 'A', 'advanced': 'A'} | isolated={'beginner': 'A', 'intermediate': 'A', 'advanced': 'A'}
2026-09-01 04:37:22 | DEBUG    | student_sim | id=794 gold=D | joint={'beginner': 'D', 'intermediate': 'D', 'advanced': 'D'} | isolated={'beginner': 'D', 'intermediate': 'D', 'advanced': 'D'}
2026-09-01 04:37:24 | DEBUG    | student_sim | id=795 gold=C | joint={'beginner': 'B', 'intermediate': 'C', 'advanced': 'C'} | isolated={'beginner': 'C', 'intermediate': 'C', 'advanced': 'C'}
2026-09-01 04:37:26 | DEBUG    | student_sim | id=796 gold=C | joint={'beginner': 'C', 'intermediate': 'C', 'advanced': 'C'} | isolated={'beginner': 'C', 'intermediate': 'C', 'advanced': 'C'}
2026-09-01 04:37:27 | DEBUG    | student_sim | id=797 gold=A | joint={'beginner': 'A', 'intermediate': 'A', 'advanced': 'A'} | isolated={'beginner': 'A', 'intermediate': 'A', 'advanced': 'A'}
2026-09-01 04:37:29 | DEBUG    | student_sim | id=798 gold=C | joint={'beginner': 'A', 'intermediate': 'C', 'advanced': 'C'} | isolated={'beginner': 'C', 'intermediate': 'C', 'advanced': 'C'}
2026-09-01 04:37:31 | DEBUG    | student_sim | id=799 gold=B | joint={'beginner': 'A', 'intermediate': 'B', 'advanced': 'D'} | isolated={'beginner': 'D', 'intermediate': 'D', 'advanced': 'D'}
2026-09-01 04:37:33 | DEBUG    | student_sim | id=800 gold=B | joint={'beginner': 'B', 'intermediate': 'B', 'advanced': 'B'} | isolated={'beginner': 'B', 'intermediate': 'B', 'advanced': 'B'}
2026-09-01 04:37:35 | DEBUG    | student_sim | id=801 gold=D | joint={'beginner': 'D', 'intermediate': 'D', 'advanced': 'D'} | isolated={'beginner': 'D', 'intermediate': 'D', 'advanced': 'D'}
2026-09-01 04:37:36 | DEBUG    | student_sim | id=802 gold=A | joint={'beginner': 'A', 'intermediate': 'A', 'advanced': 'A'} | isolated={'beginner': 'B', 'intermediate': 'A', 'advanced': 'A'}
2026-09-01 04:37:38 | DEBUG    | student_sim | id=803 gold=D | joint={'beginner': 'D', 'intermediate': 'D', 'advanced': 'D'} | isolated={'beginner': 'D', 'intermediate': 'D', 'advanced': 'D'}
2026-09-01 04:37:40 | DEBUG    | student_sim | id=804 gold=C | joint={'beginner': 'C', 'intermediate': 'C', 'advanced': 'C'} | isolated={'beginner': 'C', 'intermediate': 'C', 'advanced': 'C'}
2026-09-01 04:37:42 | DEBUG    | student_sim | id=805 gold=A | joint={'beginner': 'A', 'intermediate': 'A', 'advanced': 'A'} | isolated={'beginner': 'A', 'intermediate': 'A', 'advanced': 'A'}
2026-09-01 04:37:44 | DEBUG    | student_sim | id=806 gold=D | joint={'beginner': 'A', 'intermediate': 'A', 'advanced': 'D'} | isolated={'beginner': 'D', 'intermediate': 'D', 'advanced': 'D'}
2026-09-01 04:37:45 | DEBUG    | student_sim | id=807 gold=C | joint={'beginner': 'A', 'intermediate': 'C', 'advanced': 'C'} | isolated={'beginner': 'C', 'intermediate': 'C', 'advanced': 'C'}
2026-09-01 04:37:47 | DEBUG    | student_sim | id=808 gold=C | joint={'beginner': 'C', 'intermediate': 'C', 'advanced': 'C'} | isolated={'beginner': 'C', 'intermediate': 'C', 'advanced': 'C'}
2026-09-01 04:37:49 | DEBUG    | student_sim | id=809 gold=B | joint={'beginner': 'A', 'intermediate': 'B', 'advanced': 'D'} | isolated={'beginner': 'B', 'intermediate': 'B', 'advanced': 'B'}
2026-09-01 04:37:51 | DEBUG    | student_sim | id=810 gold=B | joint={'beginner': 'B', 'intermediate': 'B', 'advanced': 'B'} | isolated={'beginner': 'B', 'intermediate': 'B', 'advanced': 'B'}
2026-09-01 04:37:53 | DEBUG    | student_sim | id=811 gold=B | joint={'beginner': 'D', 'intermediate': 'B', 'advanced': 'B'} | isolated={'beginner': 'B', 'intermediate': 'B', 'advanced': 'B'}
2026-09-01 04:37:54 | DEBUG    | student_sim | id=812 gold=C | joint={'beginner': 'A', 'intermediate': 'C', 'advanced': 'C'} | isolated={'beginner': 'C', 'intermediate': 'C', 'advanced': 'C'}
2026-09-01 04:37:56 | DEBUG    | student_sim | id=813 gold=B | joint={'beginner': 'A', 'intermediate': 'B', 'advanced': 'B'} | isolated={'beginner': 'B', 'intermediate': 'B', 'advanced': 'B'}
2026-09-01 04:37:58 | DEBUG    | student_sim | id=814 gold=A | joint={'beginner': 'A', 'intermediate': 'A', 'advanced': 'A'} | isolated={'beginner': 'A', 'intermediate': 'A', 'advanced': 'A'}
2026-09-01 04:38:00 | DEBUG    | student_sim | id=815 gold=B | joint={'beginner': 'B', 'intermediate': 'B', 'advanced': 'B'} | isolated={'beginner': 'B', 'intermediate': 'B', 'advanced': 'B'}
2026-09-01 04:38:02 | DEBUG    | student_sim | id=816 gold=D | joint={'beginner': 'D', 'intermediate': 'D', 'advanced': 'D'} | isolated={'beginner': 'D', 'intermediate': 'D', 'advanced': 'D'}
2026-09-01 04:38:03 | DEBUG    | student_sim | id=817 gold=D | joint={'beginner': 'A', 'intermediate': 'B', 'advanced': 'B'} | isolated={'beginner': 'B', 'intermediate': 'B', 'advanced': 'B'}
2026-09-01 04:38:05 | DEBUG    | student_sim | id=818 gold=C | joint={'beginner': 'D', 'intermediate': 'C', 'advanced': 'C'} | isolated={'beginner': 'C', 'intermediate': 'C', 'advanced': 'C'}
2026-09-01 04:38:07 | DEBUG    | student_sim | id=819 gold=B | joint={'beginner': 'A', 'intermediate': 'B', 'advanced': 'B'} | isolated={'beginner': 'B', 'intermediate': 'B', 'advanced': 'B'}
2026-09-01 04:38:09 | DEBUG    | student_sim | id=820 gold=A | joint={'beginner': 'A', 'intermediate': 'A', 'advanced': 'A'} | isolated={'beginner': 'A', 'intermediate': 'A', 'advanced': 'A'}
2026-09-01 04:38:10 | DEBUG    | student_sim | id=821 gold=A | joint={'beginner': 'A', 'intermediate': 'A', 'advanced': 'A'} | isolated={'beginner': 'A', 'intermediate': 'A', 'advanced': 'A'}
2026-09-01 04:38:12 | DEBUG    | student_sim | id=822 gold=C | joint={'beginner': 'C', 'intermediate': 'C', 'advanced': 'C'} | isolated={'beginner': 'C', 'intermediate': 'C', 'advanced': 'C'}
2026-09-01 04:38:14 | DEBUG    | student_sim | id=823 gold=D | joint={'beginner': 'A', 'intermediate': 'D', 'advanced': 'D'} | isolated={'beginner': 'D', 'intermediate': 'D', 'advanced': 'D'}
2026-09-01 04:38:16 | DEBUG    | student_sim | id=824 gold=B | joint={'beginner': 'B', 'intermediate': 'B', 'advanced': 'B'} | isolated={'beginner': 'B', 'intermediate': 'B', 'advanced': 'B'}
2026-09-01 04:38:18 | DEBUG    | student_sim | id=825 gold=D | joint={'beginner': 'A', 'intermediate': 'B', 'advanced': 'D'} | isolated={'beginner': 'D', 'intermediate': 'D', 'advanced': 'D'}
2026-09-01 04:38:19 | DEBUG    | student_sim | id=826 gold=B | joint={'beginner': 'A', 'intermediate': 'B', 'advanced': 'B'} | isolated={'beginner': 'B', 'intermediate': 'B', 'advanced': 'B'}
2026-09-01 04:38:21 | DEBUG    | student_sim | id=827 gold=A | joint={'beginner': 'A', 'intermediate': 'A', 'advanced': 'A'} | isolated={'beginner': 'A', 'intermediate': 'A', 'advanced': 'A'}
2026-09-01 04:38:23 | DEBUG    | student_sim | id=828 gold=D | joint={'beginner': 'D', 'intermediate': 'D', 'advanced': 'C'} | isolated={'beginner': 'D', 'intermediate': 'D', 'advanced': 'D'}
2026-09-01 04:38:25 | DEBUG    | student_sim | id=829 gold=A | joint={'beginner': 'A', 'intermediate': 'A', 'advanced': 'A'} | isolated={'beginner': 'A', 'intermediate': 'A', 'advanced': 'A'}
2026-09-01 04:38:27 | DEBUG    | student_sim | id=830 gold=C | joint={'beginner': 'C', 'intermediate': 'C', 'advanced': 'C'} | isolated={'beginner': 'C', 'intermediate': 'C', 'advanced': 'C'}
2026-09-01 04:38:28 | DEBUG    | student_sim | id=831 gold=D | joint={'beginner': 'A', 'intermediate': 'D', 'advanced': 'D'} | isolated={'beginner': 'D', 'intermediate': 'D', 'advanced': 'D'}
2026-09-01 04:38:30 | DEBUG    | student_sim | id=832 gold=A | joint={'beginner': 'A', 'intermediate': 'A', 'advanced': 'A'} | isolated={'beginner': 'A', 'intermediate': 'A', 'advanced': 'A'}
2026-09-01 04:38:32 | DEBUG    | student_sim | id=833 gold=D | joint={'beginner': 'D', 'intermediate': 'D', 'advanced': 'D'} | isolated={'beginner': 'D', 'intermediate': 'D', 'advanced': 'D'}
2026-09-01 04:38:34 | DEBUG    | student_sim | id=834 gold=B | joint={'beginner': 'A', 'intermediate': 'B', 'advanced': 'B'} | isolated={'beginner': 'B', 'intermediate': 'B', 'advanced': 'B'}
2026-09-01 04:38:35 | DEBUG    | student_sim | id=835 gold=B | joint={'beginner': 'B', 'intermediate': 'B', 'advanced': 'C'} | isolated={'beginner': 'C', 'intermediate': 'B', 'advanced': 'B'}
2026-09-01 04:38:35 | INFO     | student_sim |   [ 836/ 884]  94.6% | acc B/I/A  join 0.53/0.88/0.86 | isol 0.92/0.95/0.95 | 1.79s/sample | ETA 1.4 min
2026-09-01 04:38:37 | DEBUG    | student_sim | id=836 gold=A | joint={'beginner': 'A', 'intermediate': 'A', 'advanced': 'A'} | isolated={'beginner': 'A', 'intermediate': 'A', 'advanced': 'A'}
2026-09-01 04:38:39 | DEBUG    | student_sim | id=837 gold=D | joint={'beginner': 'D', 'intermediate': 'D', 'advanced': 'D'} | isolated={'beginner': 'D', 'intermediate': 'D', 'advanced': 'D'}
2026-09-01 04:38:41 | DEBUG    | student_sim | id=838 gold=A | joint={'beginner': 'A', 'intermediate': 'A', 'advanced': 'A'} | isolated={'beginner': 'A', 'intermediate': 'A', 'advanced': 'A'}
2026-09-01 04:38:43 | DEBUG    | student_sim | id=839 gold=C | joint={'beginner': 'B', 'intermediate': 'C', 'advanced': 'C'} | isolated={'beginner': 'C', 'intermediate': 'C', 'advanced': 'C'}
2026-09-01 04:38:44 | DEBUG    | student_sim | id=840 gold=A | joint={'beginner': 'A', 'intermediate': 'A', 'advanced': 'A'} | isolated={'beginner': 'A', 'intermediate': 'A', 'advanced': 'A'}
2026-09-01 04:38:46 | DEBUG    | student_sim | id=841 gold=C | joint={'beginner': 'D', 'intermediate': 'C', 'advanced': 'C'} | isolated={'beginner': 'C', 'intermediate': 'C', 'advanced': 'C'}
2026-09-01 04:38:48 | DEBUG    | student_sim | id=842 gold=A | joint={'beginner': 'B', 'intermediate': 'A', 'advanced': 'C'} | isolated={'beginner': 'A', 'intermediate': 'A', 'advanced': 'A'}
2026-09-01 04:38:50 | DEBUG    | student_sim | id=843 gold=B | joint={'beginner': 'A', 'intermediate': 'B', 'advanced': 'B'} | isolated={'beginner': 'B', 'intermediate': 'B', 'advanced': 'B'}
2026-09-01 04:38:52 | DEBUG    | student_sim | id=844 gold=B | joint={'beginner': 'A', 'intermediate': 'B', 'advanced': 'B'} | isolated={'beginner': 'B', 'intermediate': 'B', 'advanced': 'B'}
2026-09-01 04:38:54 | DEBUG    | student_sim | id=845 gold=B | joint={'beginner': 'B', 'intermediate': 'B', 'advanced': 'B'} | isolated={'beginner': 'B', 'intermediate': 'B', 'advanced': 'B'}
2026-09-01 04:38:55 | DEBUG    | student_sim | id=846 gold=C | joint={'beginner': 'B', 'intermediate': 'C', 'advanced': 'C'} | isolated={'beginner': 'C', 'intermediate': 'C', 'advanced': 'C'}
2026-09-01 04:38:57 | DEBUG    | student_sim | id=847 gold=C | joint={'beginner': 'A', 'intermediate': 'C', 'advanced': 'C'} | isolated={'beginner': 'C', 'intermediate': 'C', 'advanced': 'C'}
2026-09-01 04:38:59 | DEBUG    | student_sim | id=848 gold=A | joint={'beginner': 'A', 'intermediate': 'A', 'advanced': 'A'} | isolated={'beginner': 'A', 'intermediate': 'A', 'advanced': 'A'}
2026-09-01 04:39:01 | DEBUG    | student_sim | id=849 gold=A | joint={'beginner': 'B', 'intermediate': 'B', 'advanced': 'A'} | isolated={'beginner': 'B', 'intermediate': 'A', 'advanced': 'A'}
2026-09-01 04:39:03 | DEBUG    | student_sim | id=850 gold=B | joint={'beginner': 'A', 'intermediate': 'B', 'advanced': 'C'} | isolated={'beginner': 'B', 'intermediate': 'B', 'advanced': 'B'}
2026-09-01 04:39:04 | DEBUG    | student_sim | id=851 gold=B | joint={'beginner': 'B', 'intermediate': 'B', 'advanced': 'B'} | isolated={'beginner': 'B', 'intermediate': 'B', 'advanced': 'B'}
2026-09-01 04:39:06 | DEBUG    | student_sim | id=852 gold=B | joint={'beginner': 'B', 'intermediate': 'B', 'advanced': 'B'} | isolated={'beginner': 'B', 'intermediate': 'B', 'advanced': 'B'}
2026-09-01 04:39:08 | DEBUG    | student_sim | id=853 gold=A | joint={'beginner': 'A', 'intermediate': 'A', 'advanced': 'A'} | isolated={'beginner': 'A', 'intermediate': 'A', 'advanced': 'A'}
2026-09-01 04:39:10 | DEBUG    | student_sim | id=854 gold=B | joint={'beginner': 'B', 'intermediate': 'B', 'advanced': 'B'} | isolated={'beginner': 'B', 'intermediate': 'B', 'advanced': 'B'}
2026-09-01 04:39:11 | DEBUG    | student_sim | id=855 gold=A | joint={'beginner': 'B', 'intermediate': 'C', 'advanced': 'A'} | isolated={'beginner': 'A', 'intermediate': 'A', 'advanced': 'A'}
2026-09-01 04:39:13 | DEBUG    | student_sim | id=856 gold=B | joint={'beginner': 'A', 'intermediate': 'B', 'advanced': 'B'} | isolated={'beginner': 'B', 'intermediate': 'B', 'advanced': 'B'}
2026-09-01 04:39:15 | DEBUG    | student_sim | id=857 gold=B | joint={'beginner': 'A', 'intermediate': 'B', 'advanced': 'B'} | isolated={'beginner': 'B', 'intermediate': 'B', 'advanced': 'B'}
2026-09-01 04:39:17 | DEBUG    | student_sim | id=858 gold=D | joint={'beginner': 'A', 'intermediate': 'D', 'advanced': 'D'} | isolated={'beginner': 'D', 'intermediate': 'D', 'advanced': 'D'}
2026-09-01 04:39:19 | DEBUG    | student_sim | id=859 gold=A | joint={'beginner': 'A', 'intermediate': 'A', 'advanced': 'A'} | isolated={'beginner': 'A', 'intermediate': 'A', 'advanced': 'A'}
2026-09-01 04:39:20 | DEBUG    | student_sim | id=860 gold=D | joint={'beginner': 'D', 'intermediate': 'D', 'advanced': 'D'} | isolated={'beginner': 'D', 'intermediate': 'D', 'advanced': 'D'}
2026-09-01 04:39:22 | DEBUG    | student_sim | id=861 gold=A | joint={'beginner': 'A', 'intermediate': 'A', 'advanced': 'A'} | isolated={'beginner': 'A', 'intermediate': 'A', 'advanced': 'A'}
2026-09-01 04:39:24 | DEBUG    | student_sim | id=862 gold=B | joint={'beginner': 'B', 'intermediate': 'B', 'advanced': 'B'} | isolated={'beginner': 'B', 'intermediate': 'B', 'advanced': 'B'}
2026-09-01 04:39:26 | DEBUG    | student_sim | id=863 gold=B | joint={'beginner': 'B', 'intermediate': 'B', 'advanced': 'B'} | isolated={'beginner': 'B', 'intermediate': 'B', 'advanced': 'B'}
2026-09-01 04:39:28 | DEBUG    | student_sim | id=864 gold=A | joint={'beginner': 'A', 'intermediate': 'A', 'advanced': 'A'} | isolated={'beginner': 'A', 'intermediate': 'A', 'advanced': 'A'}
2026-09-01 04:39:29 | DEBUG    | student_sim | id=865 gold=A | joint={'beginner': 'A', 'intermediate': 'A', 'advanced': 'A'} | isolated={'beginner': 'A', 'intermediate': 'A', 'advanced': 'A'}
2026-09-01 04:39:31 | DEBUG    | student_sim | id=866 gold=D | joint={'beginner': 'A', 'intermediate': 'D', 'advanced': 'D'} | isolated={'beginner': 'D', 'intermediate': 'D', 'advanced': 'D'}
2026-09-01 04:39:33 | DEBUG    | student_sim | id=867 gold=D | joint={'beginner': 'A', 'intermediate': 'D', 'advanced': 'D'} | isolated={'beginner': 'D', 'intermediate': 'D', 'advanced': 'D'}
2026-09-01 04:39:35 | DEBUG    | student_sim | id=868 gold=B | joint={'beginner': 'A', 'intermediate': 'B', 'advanced': 'B'} | isolated={'beginner': 'B', 'intermediate': 'B', 'advanced': 'B'}
2026-09-01 04:39:36 | DEBUG    | student_sim | id=869 gold=A | joint={'beginner': 'A', 'intermediate': 'A', 'advanced': 'A'} | isolated={'beginner': 'A', 'intermediate': 'A', 'advanced': 'A'}
2026-09-01 04:39:38 | DEBUG    | student_sim | id=870 gold=D | joint={'beginner': 'D', 'intermediate': 'D', 'advanced': 'D'} | isolated={'beginner': 'D', 'intermediate': 'D', 'advanced': 'D'}
2026-09-01 04:39:40 | DEBUG    | student_sim | id=871 gold=C | joint={'beginner': 'C', 'intermediate': 'C', 'advanced': 'C'} | isolated={'beginner': 'C', 'intermediate': 'C', 'advanced': 'C'}
2026-09-01 04:39:42 | DEBUG    | student_sim | id=872 gold=A | joint={'beginner': 'A', 'intermediate': 'A', 'advanced': 'A'} | isolated={'beginner': 'A', 'intermediate': 'A', 'advanced': 'A'}
2026-09-01 04:39:44 | DEBUG    | student_sim | id=873 gold=B | joint={'beginner': 'A', 'intermediate': 'B', 'advanced': 'B'} | isolated={'beginner': 'B', 'intermediate': 'B', 'advanced': 'B'}
2026-09-01 04:39:45 | DEBUG    | student_sim | id=874 gold=C | joint={'beginner': 'D', 'intermediate': 'C', 'advanced': 'C'} | isolated={'beginner': 'C', 'intermediate': 'C', 'advanced': 'C'}
2026-09-01 04:39:47 | DEBUG    | student_sim | id=875 gold=D | joint={'beginner': 'B', 'intermediate': 'D', 'advanced': 'D'} | isolated={'beginner': 'D', 'intermediate': 'D', 'advanced': 'D'}
2026-09-01 04:39:49 | DEBUG    | student_sim | id=876 gold=D | joint={'beginner': 'C', 'intermediate': 'D', 'advanced': 'D'} | isolated={'beginner': 'D', 'intermediate': 'D', 'advanced': 'D'}
2026-09-01 04:39:51 | DEBUG    | student_sim | id=877 gold=A | joint={'beginner': 'A', 'intermediate': 'A', 'advanced': 'A'} | isolated={'beginner': 'A', 'intermediate': 'A', 'advanced': 'A'}
2026-09-01 04:39:53 | DEBUG    | student_sim | id=878 gold=C | joint={'beginner': 'D', 'intermediate': 'C', 'advanced': 'C'} | isolated={'beginner': 'C', 'intermediate': 'C', 'advanced': 'C'}
2026-09-01 04:39:54 | DEBUG    | student_sim | id=879 gold=B | joint={'beginner': 'A', 'intermediate': 'B', 'advanced': 'B'} | isolated={'beginner': 'B', 'intermediate': 'B', 'advanced': 'B'}
2026-09-01 04:39:54 | INFO     | student_sim |   [ 880/ 884]  99.5% | acc B/I/A  join 0.53/0.89/0.87 | isol 0.92/0.95/0.96 | 1.79s/sample | ETA 0.1 min
2026-09-01 04:39:56 | DEBUG    | student_sim | id=880 gold=A | joint={'beginner': 'A', 'intermediate': 'A', 'advanced': 'A'} | isolated={'beginner': 'A', 'intermediate': 'A', 'advanced': 'A'}
2026-09-01 04:39:58 | DEBUG    | student_sim | id=881 gold=C | joint={'beginner': 'C', 'intermediate': 'C', 'advanced': 'C'} | isolated={'beginner': 'C', 'intermediate': 'C', 'advanced': 'C'}
2026-09-01 04:40:00 | DEBUG    | student_sim | id=882 gold=D | joint={'beginner': 'C', 'intermediate': 'D', 'advanced': 'D'} | isolated={'beginner': 'D', 'intermediate': 'D', 'advanced': 'D'}
2026-09-01 04:40:02 | DEBUG    | student_sim | id=883 gold=D | joint={'beginner': 'A', 'intermediate': 'D', 'advanced': 'D'} | isolated={'beginner': 'D', 'intermediate': 'D', 'advanced': 'D'}
2026-09-01 04:40:02 | INFO     | student_sim |   [ 884/ 884] 100.0% | acc B/I/A  join 0.53/0.89/0.87 | isol 0.92/0.95/0.96 | 1.79s/sample | ETA 0.0 min
2026-09-01 04:40:02 | INFO     | student_sim | 
2026-09-01 04:40:02 | INFO     | student_sim |   SCIQ -- ACCURACY STRATIFICATION
2026-09-01 04:40:02 | INFO     | student_sim |   ------------------------------------------------------------------------------------------------
2026-09-01 04:40:02 | INFO     | student_sim |     paradigm     beginner   intermediate       advanced        gap   monotone
2026-09-01 04:40:02 | INFO     | student_sim |     joint          0.5283         0.8869         0.8699     0.3416         NO
2026-09-01 04:40:02 | INFO     | student_sim |     isolated       0.9197         0.9548         0.9559     0.0362        yes
2026-09-01 04:40:02 | INFO     | student_sim |     gap(joint) - gap(isolated) = +0.3054
2026-09-01 04:40:02 | INFO     | student_sim | 
2026-09-01 04:40:02 | INFO     | student_sim |     joint scaffold differentiation pressure (order beginner -> intermediate -> advanced)
2026-09-01 04:40:02 | INFO     | student_sim |       all three tiers distinct        : 0.051 (chance if independent: 0.375)
2026-09-01 04:40:02 | INFO     | student_sim |       last tier (advanced) breaks a tie : 0.237  over 498 agreeing questions
2026-09-01 04:40:02 | INFO     | student_sim |       those breaks that are wrong     : 0.636
2026-09-01 04:40:02 | INFO     | student_sim |       breaks away from correct answer : 0.602
2026-09-01 04:40:02 | INFO     | student_sim | 
2026-09-01 04:40:02 | INFO     | student_sim |     trap-hit rate among errors (random distractor baseline = 0.333)
2026-09-01 04:40:02 | INFO     | student_sim |       joint     beginner      longest 0.367 (n= 248) | stem-overlap 0.667 (n= 18) | lookalike 0.304 (n= 329)
2026-09-01 04:40:02 | INFO     | student_sim |       joint     intermediate  longest 0.323 (n=  62) | stem-overlap 0.250 (n=  4) | lookalike 0.468 (n=  79)
2026-09-01 04:40:02 | INFO     | student_sim |       joint     advanced      longest 0.315 (n=  73) | stem-overlap 0.500 (n=  2) | lookalike 0.387 (n=  93)
2026-09-01 04:40:02 | INFO     | student_sim |       isolated  beginner      longest 0.452 (n=  42) | stem-overlap 0.333 (n=  3) | lookalike 0.393 (n=  56)
2026-09-01 04:40:02 | INFO     | student_sim |       isolated  intermediate  longest 0.522 (n=  23) | stem-overlap 0.000 (n=  1) | lookalike 0.407 (n=  27)
2026-09-01 04:40:02 | INFO     | student_sim |       isolated  advanced      longest 0.545 (n=  22) | stem-overlap   n/a (n=  0) | lookalike 0.480 (n=  25)
2026-09-01 04:40:02 | INFO     | student_sim |   ------------------------------------------------------------------------------------------------
2026-09-01 04:40:02 | INFO     | student_sim |   wrote /home/nghben/Downloads/research/fsds/experiment/results/student_simulation/results_persona_simulation_sciq.json
2026-09-01 04:40:02 | INFO     | student_sim | 
2026-09-01 04:40:02 | INFO     | student_sim | ====================================================================================================
2026-09-01 04:40:02 | INFO     | student_sim | DATASET OBQA (allenai/openbookqa, test) -- 500 samples, zero-context (no passage)
2026-09-01 04:40:02 | INFO     | student_sim |   file      : /home/nghben/Downloads/research/fsds/experiment/datasets/openbookqa/obqa_test_full.json
2026-09-01 04:40:02 | INFO     | student_sim |   paradigms : joint, isolated
2026-09-01 04:40:02 | INFO     | student_sim |   joint order: beginner -> intermediate -> advanced
2026-09-01 04:40:02 | INFO     | student_sim | ====================================================================================================
2026-09-01 04:40:04 | DEBUG    | student_sim | id=0 gold=B | joint={'beginner': 'D', 'intermediate': 'B', 'advanced': 'B'} | isolated={'beginner': 'B', 'intermediate': 'B', 'advanced': 'B'}
2026-09-01 04:40:05 | DEBUG    | student_sim | id=1 gold=A | joint={'beginner': 'A', 'intermediate': 'A', 'advanced': 'B'} | isolated={'beginner': 'A', 'intermediate': 'A', 'advanced': 'A'}
2026-09-01 04:40:07 | DEBUG    | student_sim | id=2 gold=C | joint={'beginner': 'D', 'intermediate': 'C', 'advanced': 'A'} | isolated={'beginner': 'C', 'intermediate': 'C', 'advanced': 'C'}
2026-09-01 04:40:09 | DEBUG    | student_sim | id=3 gold=C | joint={'beginner': 'C', 'intermediate': 'C', 'advanced': 'A'} | isolated={'beginner': 'C', 'intermediate': 'C', 'advanced': 'C'}
2026-09-01 04:40:10 | DEBUG    | student_sim | id=4 gold=C | joint={'beginner': 'D', 'intermediate': 'B', 'advanced': 'C'} | isolated={'beginner': 'D', 'intermediate': 'D', 'advanced': 'D'}
2026-09-01 04:40:12 | DEBUG    | student_sim | id=5 gold=C | joint={'beginner': 'D', 'intermediate': 'C', 'advanced': 'C'} | isolated={'beginner': 'C', 'intermediate': 'C', 'advanced': 'C'}
2026-09-01 04:40:13 | DEBUG    | student_sim | id=6 gold=C | joint={'beginner': 'B', 'intermediate': 'C', 'advanced': 'B'} | isolated={'beginner': 'B', 'intermediate': 'B', 'advanced': 'C'}
2026-09-01 04:40:15 | DEBUG    | student_sim | id=7 gold=B | joint={'beginner': 'B', 'intermediate': 'B', 'advanced': 'B'} | isolated={'beginner': 'B', 'intermediate': 'B', 'advanced': 'B'}
2026-09-01 04:40:17 | DEBUG    | student_sim | id=8 gold=D | joint={'beginner': 'C', 'intermediate': 'C', 'advanced': 'B'} | isolated={'beginner': 'C', 'intermediate': 'C', 'advanced': 'C'}
2026-09-01 04:40:18 | DEBUG    | student_sim | id=9 gold=B | joint={'beginner': 'B', 'intermediate': 'D', 'advanced': 'B'} | isolated={'beginner': 'B', 'intermediate': 'B', 'advanced': 'B'}
2026-09-01 04:40:20 | DEBUG    | student_sim | id=10 gold=C | joint={'beginner': 'C', 'intermediate': 'C', 'advanced': 'B'} | isolated={'beginner': 'C', 'intermediate': 'C', 'advanced': 'C'}
2026-09-01 04:40:22 | DEBUG    | student_sim | id=11 gold=B | joint={'beginner': 'B', 'intermediate': 'B', 'advanced': 'D'} | isolated={'beginner': 'B', 'intermediate': 'B', 'advanced': 'B'}
2026-09-01 04:40:23 | DEBUG    | student_sim | id=12 gold=C | joint={'beginner': 'C', 'intermediate': 'D', 'advanced': 'C'} | isolated={'beginner': 'D', 'intermediate': 'C', 'advanced': 'C'}
2026-09-01 04:40:25 | DEBUG    | student_sim | id=13 gold=A | joint={'beginner': 'A', 'intermediate': 'A', 'advanced': 'A'} | isolated={'beginner': 'A', 'intermediate': 'A', 'advanced': 'A'}
2026-09-01 04:40:26 | DEBUG    | student_sim | id=14 gold=C | joint={'beginner': 'C', 'intermediate': 'C', 'advanced': 'B'} | isolated={'beginner': 'C', 'intermediate': 'C', 'advanced': 'C'}
2026-09-01 04:40:28 | DEBUG    | student_sim | id=15 gold=D | joint={'beginner': 'D', 'intermediate': 'B', 'advanced': 'D'} | isolated={'beginner': 'D', 'intermediate': 'D', 'advanced': 'D'}
2026-09-01 04:40:30 | DEBUG    | student_sim | id=16 gold=C | joint={'beginner': 'C', 'intermediate': 'C', 'advanced': 'C'} | isolated={'beginner': 'C', 'intermediate': 'C', 'advanced': 'C'}
2026-09-01 04:40:32 | DEBUG    | student_sim | id=17 gold=C | joint={'beginner': 'C', 'intermediate': 'C', 'advanced': 'D'} | isolated={'beginner': 'C', 'intermediate': 'C', 'advanced': 'C'}
2026-09-01 04:40:33 | DEBUG    | student_sim | id=18 gold=A | joint={'beginner': 'D', 'intermediate': 'D', 'advanced': 'A'} | isolated={'beginner': 'A', 'intermediate': 'A', 'advanced': 'A'}
2026-09-01 04:40:35 | DEBUG    | student_sim | id=19 gold=B | joint={'beginner': 'B', 'intermediate': 'B', 'advanced': 'A'} | isolated={'beginner': 'B', 'intermediate': 'B', 'advanced': 'B'}
2026-09-01 04:40:36 | DEBUG    | student_sim | id=20 gold=A | joint={'beginner': 'A', 'intermediate': 'A', 'advanced': 'D'} | isolated={'beginner': 'D', 'intermediate': 'D', 'advanced': 'D'}
2026-09-01 04:40:38 | DEBUG    | student_sim | id=21 gold=A | joint={'beginner': 'D', 'intermediate': 'A', 'advanced': 'A'} | isolated={'beginner': 'A', 'intermediate': 'A', 'advanced': 'A'}
2026-09-01 04:40:40 | DEBUG    | student_sim | id=22 gold=A | joint={'beginner': 'A', 'intermediate': 'A', 'advanced': 'A'} | isolated={'beginner': 'A', 'intermediate': 'A', 'advanced': 'A'}
2026-09-01 04:40:41 | DEBUG    | student_sim | id=23 gold=B | joint={'beginner': 'D', 'intermediate': 'B', 'advanced': 'B'} | isolated={'beginner': 'B', 'intermediate': 'B', 'advanced': 'B'}
2026-09-01 04:40:43 | DEBUG    | student_sim | id=24 gold=B | joint={'beginner': 'B', 'intermediate': 'B', 'advanced': 'C'} | isolated={'beginner': 'B', 'intermediate': 'B', 'advanced': 'B'}
2026-09-01 04:40:43 | INFO     | student_sim |   [  25/ 500]   5.0% | acc B/I/A  join 0.64/0.76/0.52 | isol 0.80/0.84/0.88 | 1.65s/sample | ETA 13.1 min
2026-09-01 04:40:45 | DEBUG    | student_sim | id=25 gold=B | joint={'beginner': 'C', 'intermediate': 'B', 'advanced': 'B'} | isolated={'beginner': 'C', 'intermediate': 'B', 'advanced': 'B'}
2026-09-01 04:40:46 | DEBUG    | student_sim | id=26 gold=D | joint={'beginner': 'A', 'intermediate': 'A', 'advanced': 'C'} | isolated={'beginner': 'C', 'intermediate': 'C', 'advanced': 'C'}
2026-09-01 04:40:48 | DEBUG    | student_sim | id=27 gold=A | joint={'beginner': 'A', 'intermediate': 'A', 'advanced': 'A'} | isolated={'beginner': 'C', 'intermediate': 'A', 'advanced': 'A'}
2026-09-01 04:40:50 | DEBUG    | student_sim | id=28 gold=D | joint={'beginner': 'D', 'intermediate': 'D', 'advanced': 'A'} | isolated={'beginner': 'D', 'intermediate': 'D', 'advanced': 'D'}
2026-09-01 04:40:51 | DEBUG    | student_sim | id=29 gold=B | joint={'beginner': 'C', 'intermediate': 'C', 'advanced': 'B'} | isolated={'beginner': 'C', 'intermediate': 'C', 'advanced': 'C'}
2026-09-01 04:40:53 | DEBUG    | student_sim | id=30 gold=C | joint={'beginner': 'C', 'intermediate': 'C', 'advanced': 'C'} | isolated={'beginner': 'C', 'intermediate': 'C', 'advanced': 'C'}
2026-09-01 04:40:55 | DEBUG    | student_sim | id=31 gold=D | joint={'beginner': 'D', 'intermediate': 'D', 'advanced': 'B'} | isolated={'beginner': 'C', 'intermediate': 'D', 'advanced': 'D'}
2026-09-01 04:40:56 | DEBUG    | student_sim | id=32 gold=B | joint={'beginner': 'B', 'intermediate': 'B', 'advanced': 'B'} | isolated={'beginner': 'B', 'intermediate': 'B', 'advanced': 'B'}
2026-09-01 04:40:58 | DEBUG    | student_sim | id=33 gold=A | joint={'beginner': 'A', 'intermediate': 'D', 'advanced': 'A'} | isolated={'beginner': 'A', 'intermediate': 'A', 'advanced': 'A'}
2026-09-01 04:41:00 | DEBUG    | student_sim | id=34 gold=B | joint={'beginner': 'D', 'intermediate': 'B', 'advanced': 'C'} | isolated={'beginner': 'B', 'intermediate': 'B', 'advanced': 'C'}
2026-09-01 04:41:01 | DEBUG    | student_sim | id=35 gold=A | joint={'beginner': 'A', 'intermediate': 'B', 'advanced': 'B'} | isolated={'beginner': 'B', 'intermediate': 'B', 'advanced': 'A'}
2026-09-01 04:41:03 | DEBUG    | student_sim | id=36 gold=A | joint={'beginner': 'A', 'intermediate': 'A', 'advanced': 'B'} | isolated={'beginner': 'A', 'intermediate': 'A', 'advanced': 'B'}
2026-09-01 04:41:05 | DEBUG    | student_sim | id=37 gold=D | joint={'beginner': 'D', 'intermediate': 'A', 'advanced': 'D'} | isolated={'beginner': 'D', 'intermediate': 'D', 'advanced': 'D'}
2026-09-01 04:41:06 | DEBUG    | student_sim | id=38 gold=D | joint={'beginner': 'C', 'intermediate': 'C', 'advanced': 'D'} | isolated={'beginner': 'C', 'intermediate': 'D', 'advanced': 'D'}
2026-09-01 04:41:08 | DEBUG    | student_sim | id=39 gold=A | joint={'beginner': 'A', 'intermediate': 'A', 'advanced': 'C'} | isolated={'beginner': 'A', 'intermediate': 'A', 'advanced': 'A'}
2026-09-01 04:41:10 | DEBUG    | student_sim | id=40 gold=D | joint={'beginner': 'D', 'intermediate': 'D', 'advanced': 'A'} | isolated={'beginner': 'D', 'intermediate': 'D', 'advanced': 'D'}
2026-09-01 04:41:11 | DEBUG    | student_sim | id=41 gold=D | joint={'beginner': 'D', 'intermediate': 'D', 'advanced': 'B'} | isolated={'beginner': 'D', 'intermediate': 'D', 'advanced': 'D'}
2026-09-01 04:41:13 | DEBUG    | student_sim | id=42 gold=A | joint={'beginner': 'A', 'intermediate': 'A', 'advanced': 'A'} | isolated={'beginner': 'A', 'intermediate': 'A', 'advanced': 'A'}
2026-09-01 04:41:14 | DEBUG    | student_sim | id=43 gold=D | joint={'beginner': 'D', 'intermediate': 'D', 'advanced': 'A'} | isolated={'beginner': 'D', 'intermediate': 'D', 'advanced': 'D'}
2026-09-01 04:41:16 | DEBUG    | student_sim | id=44 gold=A | joint={'beginner': 'A', 'intermediate': 'A', 'advanced': 'A'} | isolated={'beginner': 'A', 'intermediate': 'A', 'advanced': 'A'}
2026-09-01 04:41:18 | DEBUG    | student_sim | id=45 gold=A | joint={'beginner': 'A', 'intermediate': 'A', 'advanced': 'C'} | isolated={'beginner': 'A', 'intermediate': 'A', 'advanced': 'A'}
2026-09-01 04:41:19 | DEBUG    | student_sim | id=46 gold=A | joint={'beginner': 'A', 'intermediate': 'A', 'advanced': 'A'} | isolated={'beginner': 'A', 'intermediate': 'A', 'advanced': 'A'}
2026-09-01 04:41:21 | DEBUG    | student_sim | id=47 gold=A | joint={'beginner': 'A', 'intermediate': 'C', 'advanced': 'C'} | isolated={'beginner': 'A', 'intermediate': 'C', 'advanced': 'C'}
2026-09-01 04:41:23 | DEBUG    | student_sim | id=48 gold=B | joint={'beginner': 'B', 'intermediate': 'B', 'advanced': 'B'} | isolated={'beginner': 'B', 'intermediate': 'B', 'advanced': 'B'}
2026-09-01 04:41:24 | DEBUG    | student_sim | id=49 gold=C | joint={'beginner': 'C', 'intermediate': 'C', 'advanced': 'B'} | isolated={'beginner': 'C', 'intermediate': 'C', 'advanced': 'C'}
2026-09-01 04:41:24 | INFO     | student_sim |   [  50/ 500]  10.0% | acc B/I/A  join 0.72/0.74/0.50 | isol 0.76/0.84/0.84 | 1.65s/sample | ETA 12.4 min
2026-09-01 04:41:26 | DEBUG    | student_sim | id=50 gold=A | joint={'beginner': 'A', 'intermediate': 'A', 'advanced': 'A'} | isolated={'beginner': 'A', 'intermediate': 'A', 'advanced': 'A'}
2026-09-01 04:41:28 | DEBUG    | student_sim | id=51 gold=D | joint={'beginner': 'C', 'intermediate': 'D', 'advanced': 'D'} | isolated={'beginner': 'D', 'intermediate': 'D', 'advanced': 'D'}
2026-09-01 04:41:29 | DEBUG    | student_sim | id=52 gold=A | joint={'beginner': 'A', 'intermediate': 'A', 'advanced': 'C'} | isolated={'beginner': 'A', 'intermediate': 'A', 'advanced': 'A'}
2026-09-01 04:41:31 | DEBUG    | student_sim | id=53 gold=D | joint={'beginner': 'D', 'intermediate': 'D', 'advanced': 'A'} | isolated={'beginner': 'D', 'intermediate': 'B', 'advanced': 'B'}
2026-09-01 04:41:33 | DEBUG    | student_sim | id=54 gold=C | joint={'beginner': 'D', 'intermediate': 'A', 'advanced': 'C'} | isolated={'beginner': 'D', 'intermediate': 'A', 'advanced': 'C'}
2026-09-01 04:41:34 | DEBUG    | student_sim | id=55 gold=A | joint={'beginner': 'C', 'intermediate': 'C', 'advanced': 'D'} | isolated={'beginner': 'C', 'intermediate': 'C', 'advanced': 'C'}
2026-09-01 04:41:36 | DEBUG    | student_sim | id=56 gold=C | joint={'beginner': 'C', 'intermediate': 'C', 'advanced': 'C'} | isolated={'beginner': 'C', 'intermediate': 'C', 'advanced': 'C'}
2026-09-01 04:41:38 | DEBUG    | student_sim | id=57 gold=D | joint={'beginner': 'D', 'intermediate': 'D', 'advanced': 'D'} | isolated={'beginner': 'D', 'intermediate': 'D', 'advanced': 'D'}
2026-09-01 04:41:39 | DEBUG    | student_sim | id=58 gold=B | joint={'beginner': 'B', 'intermediate': 'B', 'advanced': 'A'} | isolated={'beginner': 'B', 'intermediate': 'B', 'advanced': 'B'}
2026-09-01 04:41:41 | DEBUG    | student_sim | id=59 gold=A | joint={'beginner': 'A', 'intermediate': 'A', 'advanced': 'D'} | isolated={'beginner': 'A', 'intermediate': 'A', 'advanced': 'A'}
2026-09-01 04:41:43 | DEBUG    | student_sim | id=60 gold=C | joint={'beginner': 'A', 'intermediate': 'A', 'advanced': 'C'} | isolated={'beginner': 'A', 'intermediate': 'C', 'advanced': 'C'}
2026-09-01 04:41:44 | DEBUG    | student_sim | id=61 gold=C | joint={'beginner': 'A', 'intermediate': 'C', 'advanced': 'D'} | isolated={'beginner': 'D', 'intermediate': 'C', 'advanced': 'C'}
2026-09-01 04:41:46 | DEBUG    | student_sim | id=62 gold=A | joint={'beginner': 'B', 'intermediate': 'B', 'advanced': 'D'} | isolated={'beginner': 'B', 'intermediate': 'A', 'advanced': 'A'}
2026-09-01 04:41:48 | DEBUG    | student_sim | id=63 gold=B | joint={'beginner': 'B', 'intermediate': 'B', 'advanced': 'C'} | isolated={'beginner': 'B', 'intermediate': 'B', 'advanced': 'B'}
2026-09-01 04:41:49 | DEBUG    | student_sim | id=64 gold=B | joint={'beginner': 'B', 'intermediate': 'B', 'advanced': 'C'} | isolated={'beginner': 'B', 'intermediate': 'B', 'advanced': 'B'}
2026-09-01 04:41:51 | DEBUG    | student_sim | id=65 gold=C | joint={'beginner': 'C', 'intermediate': 'C', 'advanced': 'B'} | isolated={'beginner': 'C', 'intermediate': 'C', 'advanced': 'C'}
2026-09-01 04:41:53 | DEBUG    | student_sim | id=66 gold=A | joint={'beginner': 'C', 'intermediate': 'B', 'advanced': 'C'} | isolated={'beginner': 'C', 'intermediate': 'C', 'advanced': 'C'}
2026-09-01 04:41:54 | DEBUG    | student_sim | id=67 gold=A | joint={'beginner': 'A', 'intermediate': 'A', 'advanced': 'D'} | isolated={'beginner': 'A', 'intermediate': 'A', 'advanced': 'A'}
2026-09-01 04:41:56 | DEBUG    | student_sim | id=68 gold=A | joint={'beginner': 'A', 'intermediate': 'A', 'advanced': 'B'} | isolated={'beginner': 'A', 'intermediate': 'A', 'advanced': 'A'}
2026-09-01 04:41:58 | DEBUG    | student_sim | id=69 gold=D | joint={'beginner': 'D', 'intermediate': 'D', 'advanced': 'D'} | isolated={'beginner': 'D', 'intermediate': 'D', 'advanced': 'D'}
2026-09-01 04:41:59 | DEBUG    | student_sim | id=70 gold=B | joint={'beginner': 'B', 'intermediate': 'B', 'advanced': 'C'} | isolated={'beginner': 'B', 'intermediate': 'B', 'advanced': 'B'}
2026-09-01 04:42:01 | DEBUG    | student_sim | id=71 gold=C | joint={'beginner': 'C', 'intermediate': 'C', 'advanced': 'D'} | isolated={'beginner': 'C', 'intermediate': 'C', 'advanced': 'C'}
2026-09-01 04:42:03 | DEBUG    | student_sim | id=72 gold=C | joint={'beginner': 'C', 'intermediate': 'C', 'advanced': 'B'} | isolated={'beginner': 'C', 'intermediate': 'B', 'advanced': 'C'}
2026-09-01 04:42:04 | DEBUG    | student_sim | id=73 gold=A | joint={'beginner': 'A', 'intermediate': 'A', 'advanced': 'C'} | isolated={'beginner': 'C', 'intermediate': 'A', 'advanced': 'A'}
2026-09-01 04:42:06 | DEBUG    | student_sim | id=74 gold=C | joint={'beginner': 'D', 'intermediate': 'C', 'advanced': 'C'} | isolated={'beginner': 'D', 'intermediate': 'C', 'advanced': 'C'}
2026-09-01 04:42:06 | INFO     | student_sim |   [  75/ 500]  15.0% | acc B/I/A  join 0.71/0.76/0.44 | isol 0.73/0.83/0.85 | 1.65s/sample | ETA 11.7 min
2026-09-01 04:42:08 | DEBUG    | student_sim | id=75 gold=C | joint={'beginner': 'C', 'intermediate': 'C', 'advanced': 'D'} | isolated={'beginner': 'D', 'intermediate': 'A', 'advanced': 'A'}
2026-09-01 04:42:09 | DEBUG    | student_sim | id=76 gold=A | joint={'beginner': 'A', 'intermediate': 'A', 'advanced': 'B'} | isolated={'beginner': 'A', 'intermediate': 'A', 'advanced': 'A'}
2026-09-01 04:42:11 | DEBUG    | student_sim | id=77 gold=C | joint={'beginner': 'A', 'intermediate': 'A', 'advanced': 'C'} | isolated={'beginner': 'C', 'intermediate': 'C', 'advanced': 'C'}
2026-09-01 04:42:12 | DEBUG    | student_sim | id=78 gold=B | joint={'beginner': 'B', 'intermediate': 'B', 'advanced': 'D'} | isolated={'beginner': 'B', 'intermediate': 'B', 'advanced': 'B'}
2026-09-01 04:42:14 | DEBUG    | student_sim | id=79 gold=C | joint={'beginner': 'C', 'intermediate': 'C', 'advanced': 'B'} | isolated={'beginner': 'B', 'intermediate': 'B', 'advanced': 'B'}
2026-09-01 04:42:16 | DEBUG    | student_sim | id=80 gold=C | joint={'beginner': 'C', 'intermediate': 'C', 'advanced': 'D'} | isolated={'beginner': 'C', 'intermediate': 'C', 'advanced': 'C'}
2026-09-01 04:42:17 | DEBUG    | student_sim | id=81 gold=A | joint={'beginner': 'A', 'intermediate': 'B', 'advanced': 'A'} | isolated={'beginner': 'A', 'intermediate': 'A', 'advanced': 'A'}
2026-09-01 04:42:19 | DEBUG    | student_sim | id=82 gold=A | joint={'beginner': 'C', 'intermediate': 'A', 'advanced': 'B'} | isolated={'beginner': 'D', 'intermediate': 'A', 'advanced': 'D'}
2026-09-01 04:42:21 | DEBUG    | student_sim | id=83 gold=B | joint={'beginner': 'B', 'intermediate': 'B', 'advanced': 'D'} | isolated={'beginner': 'B', 'intermediate': 'B', 'advanced': 'B'}
2026-09-01 04:42:22 | DEBUG    | student_sim | id=84 gold=D | joint={'beginner': 'D', 'intermediate': 'D', 'advanced': 'B'} | isolated={'beginner': 'C', 'intermediate': 'D', 'advanced': 'D'}
2026-09-01 04:42:24 | DEBUG    | student_sim | id=85 gold=B | joint={'beginner': 'B', 'intermediate': 'B', 'advanced': 'A'} | isolated={'beginner': 'B', 'intermediate': 'B', 'advanced': 'B'}
2026-09-01 04:42:26 | DEBUG    | student_sim | id=86 gold=D | joint={'beginner': 'D', 'intermediate': 'D', 'advanced': 'C'} | isolated={'beginner': 'D', 'intermediate': 'D', 'advanced': 'D'}
2026-09-01 04:42:27 | DEBUG    | student_sim | id=87 gold=D | joint={'beginner': 'D', 'intermediate': 'D', 'advanced': 'C'} | isolated={'beginner': 'D', 'intermediate': 'D', 'advanced': 'D'}
2026-09-01 04:42:29 | DEBUG    | student_sim | id=88 gold=C | joint={'beginner': 'C', 'intermediate': 'C', 'advanced': 'C'} | isolated={'beginner': 'C', 'intermediate': 'C', 'advanced': 'C'}
2026-09-01 04:42:31 | DEBUG    | student_sim | id=89 gold=A | joint={'beginner': 'D', 'intermediate': 'B', 'advanced': 'A'} | isolated={'beginner': 'D', 'intermediate': 'A', 'advanced': 'A'}
2026-09-01 04:42:32 | DEBUG    | student_sim | id=90 gold=A | joint={'beginner': 'A', 'intermediate': 'A', 'advanced': 'C'} | isolated={'beginner': 'A', 'intermediate': 'C', 'advanced': 'A'}
2026-09-01 04:42:34 | DEBUG    | student_sim | id=91 gold=D | joint={'beginner': 'D', 'intermediate': 'C', 'advanced': 'B'} | isolated={'beginner': 'B', 'intermediate': 'D', 'advanced': 'D'}
2026-09-01 04:42:36 | DEBUG    | student_sim | id=92 gold=C | joint={'beginner': 'C', 'intermediate': 'C', 'advanced': 'D'} | isolated={'beginner': 'C', 'intermediate': 'C', 'advanced': 'C'}
2026-09-01 04:42:37 | DEBUG    | student_sim | id=93 gold=A | joint={'beginner': 'A', 'intermediate': 'A', 'advanced': 'A'} | isolated={'beginner': 'A', 'intermediate': 'A', 'advanced': 'A'}
2026-09-01 04:42:39 | DEBUG    | student_sim | id=94 gold=C | joint={'beginner': 'C', 'intermediate': 'C', 'advanced': 'D'} | isolated={'beginner': 'C', 'intermediate': 'C', 'advanced': 'C'}
2026-09-01 04:42:41 | DEBUG    | student_sim | id=95 gold=C | joint={'beginner': 'A', 'intermediate': 'C', 'advanced': 'C'} | isolated={'beginner': 'C', 'intermediate': 'C', 'advanced': 'C'}
2026-09-01 04:42:42 | DEBUG    | student_sim | id=96 gold=C | joint={'beginner': 'C', 'intermediate': 'C', 'advanced': 'C'} | isolated={'beginner': 'C', 'intermediate': 'C', 'advanced': 'C'}
2026-09-01 04:42:44 | DEBUG    | student_sim | id=97 gold=B | joint={'beginner': 'B', 'intermediate': 'B', 'advanced': 'D'} | isolated={'beginner': 'B', 'intermediate': 'B', 'advanced': 'B'}
2026-09-01 04:42:45 | DEBUG    | student_sim | id=98 gold=A | joint={'beginner': 'A', 'intermediate': 'A', 'advanced': 'A'} | isolated={'beginner': 'A', 'intermediate': 'A', 'advanced': 'A'}
2026-09-01 04:42:47 | DEBUG    | student_sim | id=99 gold=C | joint={'beginner': 'C', 'intermediate': 'D', 'advanced': 'C'} | isolated={'beginner': 'D', 'intermediate': 'C', 'advanced': 'C'}
2026-09-01 04:42:47 | INFO     | student_sim |   [ 100/ 500]  20.0% | acc B/I/A  join 0.74/0.77/0.42 | isol 0.73/0.84/0.86 | 1.65s/sample | ETA 11.0 min
2026-09-01 04:42:49 | DEBUG    | student_sim | id=100 gold=B | joint={'beginner': 'D', 'intermediate': 'B', 'advanced': 'B'} | isolated={'beginner': 'B', 'intermediate': 'B', 'advanced': 'B'}
2026-09-01 04:42:50 | DEBUG    | student_sim | id=101 gold=B | joint={'beginner': 'B', 'intermediate': 'B', 'advanced': 'B'} | isolated={'beginner': 'B', 'intermediate': 'B', 'advanced': 'B'}
2026-09-01 04:42:52 | DEBUG    | student_sim | id=102 gold=A | joint={'beginner': 'A', 'intermediate': 'A', 'advanced': 'A'} | isolated={'beginner': 'A', 'intermediate': 'A', 'advanced': 'A'}
2026-09-01 04:42:54 | DEBUG    | student_sim | id=103 gold=D | joint={'beginner': 'D', 'intermediate': 'D', 'advanced': 'D'} | isolated={'beginner': 'D', 'intermediate': 'D', 'advanced': 'D'}
2026-09-01 04:42:55 | DEBUG    | student_sim | id=104 gold=B | joint={'beginner': 'B', 'intermediate': 'B', 'advanced': 'C'} | isolated={'beginner': 'B', 'intermediate': 'B', 'advanced': 'B'}
2026-09-01 04:42:57 | DEBUG    | student_sim | id=105 gold=D | joint={'beginner': 'D', 'intermediate': 'B', 'advanced': 'D'} | isolated={'beginner': 'D', 'intermediate': 'D', 'advanced': 'D'}
2026-09-01 04:42:58 | DEBUG    | student_sim | id=106 gold=B | joint={'beginner': 'B', 'intermediate': 'B', 'advanced': 'B'} | isolated={'beginner': 'B', 'intermediate': 'B', 'advanced': 'B'}
2026-09-01 04:43:00 | DEBUG    | student_sim | id=107 gold=A | joint={'beginner': 'A', 'intermediate': 'A', 'advanced': 'B'} | isolated={'beginner': 'B', 'intermediate': 'B', 'advanced': 'A'}
2026-09-01 04:43:02 | DEBUG    | student_sim | id=108 gold=D | joint={'beginner': 'D', 'intermediate': 'D', 'advanced': 'C'} | isolated={'beginner': 'D', 'intermediate': 'D', 'advanced': 'D'}
2026-09-01 04:43:04 | DEBUG    | student_sim | id=109 gold=C | joint={'beginner': 'C', 'intermediate': 'C', 'advanced': 'D'} | isolated={'beginner': 'C', 'intermediate': 'C', 'advanced': 'C'}
2026-09-01 04:43:05 | DEBUG    | student_sim | id=110 gold=C | joint={'beginner': 'C', 'intermediate': 'C', 'advanced': 'D'} | isolated={'beginner': 'C', 'intermediate': 'C', 'advanced': 'C'}
2026-09-01 04:43:07 | DEBUG    | student_sim | id=111 gold=B | joint={'beginner': 'C', 'intermediate': 'B', 'advanced': 'A'} | isolated={'beginner': 'C', 'intermediate': 'C', 'advanced': 'C'}
2026-09-01 04:43:09 | DEBUG    | student_sim | id=112 gold=B | joint={'beginner': 'B', 'intermediate': 'B', 'advanced': 'A'} | isolated={'beginner': 'A', 'intermediate': 'A', 'advanced': 'B'}
2026-09-01 04:43:10 | DEBUG    | student_sim | id=113 gold=C | joint={'beginner': 'A', 'intermediate': 'A', 'advanced': 'C'} | isolated={'beginner': 'A', 'intermediate': 'C', 'advanced': 'C'}
2026-09-01 04:43:12 | DEBUG    | student_sim | id=114 gold=A | joint={'beginner': 'D', 'intermediate': 'D', 'advanced': 'C'} | isolated={'beginner': 'D', 'intermediate': 'C', 'advanced': 'C'}
2026-09-01 04:43:14 | DEBUG    | student_sim | id=115 gold=C | joint={'beginner': 'C', 'intermediate': 'C', 'advanced': 'B'} | isolated={'beginner': 'C', 'intermediate': 'C', 'advanced': 'C'}
2026-09-01 04:43:15 | DEBUG    | student_sim | id=116 gold=D | joint={'beginner': 'A', 'intermediate': 'D', 'advanced': 'D'} | isolated={'beginner': 'D', 'intermediate': 'D', 'advanced': 'D'}
2026-09-01 04:43:17 | DEBUG    | student_sim | id=117 gold=D | joint={'beginner': 'D', 'intermediate': 'D', 'advanced': 'A'} | isolated={'beginner': 'D', 'intermediate': 'D', 'advanced': 'D'}
2026-09-01 04:43:19 | DEBUG    | student_sim | id=118 gold=A | joint={'beginner': 'A', 'intermediate': 'A', 'advanced': 'A'} | isolated={'beginner': 'A', 'intermediate': 'A', 'advanced': 'A'}
2026-09-01 04:43:21 | DEBUG    | student_sim | id=119 gold=B | joint={'beginner': 'C', 'intermediate': 'B', 'advanced': 'B'} | isolated={'beginner': 'B', 'intermediate': 'B', 'advanced': 'B'}
2026-09-01 04:43:22 | DEBUG    | student_sim | id=120 gold=A | joint={'beginner': 'A', 'intermediate': 'A', 'advanced': 'A'} | isolated={'beginner': 'A', 'intermediate': 'A', 'advanced': 'A'}
2026-09-01 04:43:24 | DEBUG    | student_sim | id=121 gold=D | joint={'beginner': 'A', 'intermediate': 'D', 'advanced': 'B'} | isolated={'beginner': 'D', 'intermediate': 'D', 'advanced': 'D'}
2026-09-01 04:43:26 | DEBUG    | student_sim | id=122 gold=A | joint={'beginner': 'B', 'intermediate': 'B', 'advanced': 'A'} | isolated={'beginner': 'B', 'intermediate': 'A', 'advanced': 'B'}
2026-09-01 04:43:27 | DEBUG    | student_sim | id=123 gold=D | joint={'beginner': 'D', 'intermediate': 'D', 'advanced': 'D'} | isolated={'beginner': 'D', 'intermediate': 'D', 'advanced': 'D'}
2026-09-01 04:43:29 | DEBUG    | student_sim | id=124 gold=B | joint={'beginner': 'B', 'intermediate': 'B', 'advanced': 'D'} | isolated={'beginner': 'B', 'intermediate': 'B', 'advanced': 'B'}
2026-09-01 04:43:29 | INFO     | student_sim |   [ 125/ 500]  25.0% | acc B/I/A  join 0.73/0.78/0.44 | isol 0.74/0.84/0.86 | 1.66s/sample | ETA 10.4 min
2026-09-01 04:43:31 | DEBUG    | student_sim | id=125 gold=A | joint={'beginner': 'C', 'intermediate': 'B', 'advanced': 'D'} | isolated={'beginner': 'C', 'intermediate': 'C', 'advanced': 'B'}
2026-09-01 04:43:32 | DEBUG    | student_sim | id=126 gold=A | joint={'beginner': 'A', 'intermediate': 'A', 'advanced': 'A'} | isolated={'beginner': 'A', 'intermediate': 'A', 'advanced': 'A'}
2026-09-01 04:43:34 | DEBUG    | student_sim | id=127 gold=D | joint={'beginner': 'D', 'intermediate': 'B', 'advanced': 'D'} | isolated={'beginner': 'D', 'intermediate': 'D', 'advanced': 'D'}
2026-09-01 04:43:35 | DEBUG    | student_sim | id=128 gold=B | joint={'beginner': 'D', 'intermediate': 'D', 'advanced': 'D'} | isolated={'beginner': 'D', 'intermediate': 'D', 'advanced': 'D'}
2026-09-01 04:43:37 | DEBUG    | student_sim | id=129 gold=C | joint={'beginner': 'C', 'intermediate': 'C', 'advanced': 'B'} | isolated={'beginner': 'C', 'intermediate': 'C', 'advanced': 'C'}
2026-09-01 04:43:39 | DEBUG    | student_sim | id=130 gold=B | joint={'beginner': 'D', 'intermediate': 'B', 'advanced': 'B'} | isolated={'beginner': 'B', 'intermediate': 'B', 'advanced': 'B'}
2026-09-01 04:43:41 | DEBUG    | student_sim | id=131 gold=D | joint={'beginner': 'D', 'intermediate': 'B', 'advanced': 'D'} | isolated={'beginner': 'D', 'intermediate': 'D', 'advanced': 'D'}
2026-09-01 04:43:42 | DEBUG    | student_sim | id=132 gold=C | joint={'beginner': 'C', 'intermediate': 'C', 'advanced': 'C'} | isolated={'beginner': 'C', 'intermediate': 'C', 'advanced': 'C'}
2026-09-01 04:43:44 | DEBUG    | student_sim | id=133 gold=A | joint={'beginner': 'A', 'intermediate': 'A', 'advanced': 'D'} | isolated={'beginner': 'A', 'intermediate': 'A', 'advanced': 'A'}
2026-09-01 04:43:46 | DEBUG    | student_sim | id=134 gold=D | joint={'beginner': 'B', 'intermediate': 'B', 'advanced': 'D'} | isolated={'beginner': 'B', 'intermediate': 'B', 'advanced': 'B'}
2026-09-01 04:43:47 | DEBUG    | student_sim | id=135 gold=A | joint={'beginner': 'A', 'intermediate': 'A', 'advanced': 'A'} | isolated={'beginner': 'A', 'intermediate': 'A', 'advanced': 'A'}
2026-09-01 04:43:49 | DEBUG    | student_sim | id=136 gold=D | joint={'beginner': 'C', 'intermediate': 'C', 'advanced': 'C'} | isolated={'beginner': 'D', 'intermediate': 'D', 'advanced': 'C'}
2026-09-01 04:43:51 | DEBUG    | student_sim | id=137 gold=B | joint={'beginner': 'C', 'intermediate': 'D', 'advanced': 'A'} | isolated={'beginner': 'C', 'intermediate': 'B', 'advanced': 'B'}
2026-09-01 04:43:52 | DEBUG    | student_sim | id=138 gold=B | joint={'beginner': 'D', 'intermediate': 'D', 'advanced': 'B'} | isolated={'beginner': 'D', 'intermediate': 'D', 'advanced': 'D'}
2026-09-01 04:43:54 | DEBUG    | student_sim | id=139 gold=A | joint={'beginner': 'A', 'intermediate': 'B', 'advanced': 'D'} | isolated={'beginner': 'A', 'intermediate': 'A', 'advanced': 'A'}
2026-09-01 04:43:56 | DEBUG    | student_sim | id=140 gold=C | joint={'beginner': 'C', 'intermediate': 'B', 'advanced': 'A'} | isolated={'beginner': 'C', 'intermediate': 'C', 'advanced': 'C'}
2026-09-01 04:43:57 | DEBUG    | student_sim | id=141 gold=A | joint={'beginner': 'C', 'intermediate': 'D', 'advanced': 'A'} | isolated={'beginner': 'D', 'intermediate': 'C', 'advanced': 'C'}
2026-09-01 04:43:59 | DEBUG    | student_sim | id=142 gold=D | joint={'beginner': 'C', 'intermediate': 'C', 'advanced': 'D'} | isolated={'beginner': 'C', 'intermediate': 'C', 'advanced': 'C'}
2026-09-01 04:44:00 | DEBUG    | student_sim | id=143 gold=D | joint={'beginner': 'C', 'intermediate': 'D', 'advanced': 'D'} | isolated={'beginner': 'D', 'intermediate': 'D', 'advanced': 'D'}
2026-09-01 04:44:02 | DEBUG    | student_sim | id=144 gold=A | joint={'beginner': 'A', 'intermediate': 'A', 'advanced': 'B'} | isolated={'beginner': 'A', 'intermediate': 'A', 'advanced': 'A'}
2026-09-01 04:44:04 | DEBUG    | student_sim | id=145 gold=D | joint={'beginner': 'D', 'intermediate': 'D', 'advanced': 'D'} | isolated={'beginner': 'D', 'intermediate': 'D', 'advanced': 'D'}
2026-09-01 04:44:05 | DEBUG    | student_sim | id=146 gold=A | joint={'beginner': 'A', 'intermediate': 'A', 'advanced': 'C'} | isolated={'beginner': 'C', 'intermediate': 'C', 'advanced': 'C'}
2026-09-01 04:44:07 | DEBUG    | student_sim | id=147 gold=A | joint={'beginner': 'D', 'intermediate': 'A', 'advanced': 'A'} | isolated={'beginner': 'D', 'intermediate': 'A', 'advanced': 'A'}
2026-09-01 04:44:09 | DEBUG    | student_sim | id=148 gold=A | joint={'beginner': 'A', 'intermediate': 'A', 'advanced': 'D'} | isolated={'beginner': 'A', 'intermediate': 'A', 'advanced': 'A'}
2026-09-01 04:44:10 | DEBUG    | student_sim | id=149 gold=A | joint={'beginner': 'A', 'intermediate': 'A', 'advanced': 'A'} | isolated={'beginner': 'A', 'intermediate': 'A', 'advanced': 'A'}
2026-09-01 04:44:10 | INFO     | student_sim |   [ 150/ 500]  30.0% | acc B/I/A  join 0.70/0.74/0.46 | isol 0.72/0.82/0.83 | 1.66s/sample | ETA 9.7 min
2026-09-01 04:44:12 | DEBUG    | student_sim | id=150 gold=C | joint={'beginner': 'C', 'intermediate': 'C', 'advanced': 'A'} | isolated={'beginner': 'C', 'intermediate': 'C', 'advanced': 'C'}
2026-09-01 04:44:14 | DEBUG    | student_sim | id=151 gold=D | joint={'beginner': 'D', 'intermediate': 'D', 'advanced': 'A'} | isolated={'beginner': 'A', 'intermediate': 'D', 'advanced': 'A'}
2026-09-01 04:44:15 | DEBUG    | student_sim | id=152 gold=B | joint={'beginner': 'B', 'intermediate': 'B', 'advanced': 'C'} | isolated={'beginner': 'B', 'intermediate': 'B', 'advanced': 'B'}
2026-09-01 04:44:17 | DEBUG    | student_sim | id=153 gold=C | joint={'beginner': 'A', 'intermediate': 'C', 'advanced': 'C'} | isolated={'beginner': 'A', 'intermediate': 'C', 'advanced': 'C'}
2026-09-01 04:44:19 | DEBUG    | student_sim | id=154 gold=A | joint={'beginner': 'A', 'intermediate': 'B', 'advanced': 'D'} | isolated={'beginner': 'A', 'intermediate': 'B', 'advanced': 'B'}
2026-09-01 04:44:20 | DEBUG    | student_sim | id=155 gold=B | joint={'beginner': 'A', 'intermediate': 'B', 'advanced': 'C'} | isolated={'beginner': 'B', 'intermediate': 'B', 'advanced': 'B'}
2026-09-01 04:44:22 | DEBUG    | student_sim | id=156 gold=A | joint={'beginner': 'D', 'intermediate': 'A', 'advanced': 'A'} | isolated={'beginner': 'A', 'intermediate': 'A', 'advanced': 'A'}
2026-09-01 04:44:24 | DEBUG    | student_sim | id=157 gold=C | joint={'beginner': 'C', 'intermediate': 'C', 'advanced': 'C'} | isolated={'beginner': 'C', 'intermediate': 'C', 'advanced': 'C'}
2026-09-01 04:44:25 | DEBUG    | student_sim | id=158 gold=C | joint={'beginner': 'C', 'intermediate': 'C', 'advanced': 'A'} | isolated={'beginner': 'C', 'intermediate': 'C', 'advanced': 'C'}
2026-09-01 04:44:27 | DEBUG    | student_sim | id=159 gold=B | joint={'beginner': 'B', 'intermediate': 'A', 'advanced': 'B'} | isolated={'beginner': 'B', 'intermediate': 'B', 'advanced': 'B'}
2026-09-01 04:44:29 | DEBUG    | student_sim | id=160 gold=C | joint={'beginner': 'B', 'intermediate': 'C', 'advanced': 'C'} | isolated={'beginner': 'C', 'intermediate': 'C', 'advanced': 'C'}
2026-09-01 04:44:30 | DEBUG    | student_sim | id=161 gold=A | joint={'beginner': 'D', 'intermediate': 'D', 'advanced': 'A'} | isolated={'beginner': 'D', 'intermediate': 'D', 'advanced': 'A'}
2026-09-01 04:44:32 | DEBUG    | student_sim | id=162 gold=B | joint={'beginner': 'D', 'intermediate': 'B', 'advanced': 'D'} | isolated={'beginner': 'B', 'intermediate': 'D', 'advanced': 'B'}
2026-09-01 04:44:34 | DEBUG    | student_sim | id=163 gold=C | joint={'beginner': 'A', 'intermediate': 'A', 'advanced': 'C'} | isolated={'beginner': 'A', 'intermediate': 'C', 'advanced': 'C'}
2026-09-01 04:44:35 | DEBUG    | student_sim | id=164 gold=A | joint={'beginner': 'C', 'intermediate': 'A', 'advanced': 'B'} | isolated={'beginner': 'C', 'intermediate': 'D', 'advanced': 'A'}
2026-09-01 04:44:37 | DEBUG    | student_sim | id=165 gold=C | joint={'beginner': 'C', 'intermediate': 'C', 'advanced': 'B'} | isolated={'beginner': 'C', 'intermediate': 'C', 'advanced': 'C'}
2026-09-01 04:44:39 | DEBUG    | student_sim | id=166 gold=A | joint={'beginner': 'C', 'intermediate': 'C', 'advanced': 'A'} | isolated={'beginner': 'C', 'intermediate': 'A', 'advanced': 'A'}
2026-09-01 04:44:40 | DEBUG    | student_sim | id=167 gold=C | joint={'beginner': 'C', 'intermediate': 'C', 'advanced': 'B'} | isolated={'beginner': 'D', 'intermediate': 'A', 'advanced': 'A'}
2026-09-01 04:44:42 | DEBUG    | student_sim | id=168 gold=C | joint={'beginner': 'C', 'intermediate': 'C', 'advanced': 'A'} | isolated={'beginner': 'C', 'intermediate': 'C', 'advanced': 'A'}
2026-09-01 04:44:43 | DEBUG    | student_sim | id=169 gold=B | joint={'beginner': 'B', 'intermediate': 'B', 'advanced': 'A'} | isolated={'beginner': 'B', 'intermediate': 'B', 'advanced': 'B'}
2026-09-01 04:44:45 | DEBUG    | student_sim | id=170 gold=C | joint={'beginner': 'C', 'intermediate': 'C', 'advanced': 'B'} | isolated={'beginner': 'C', 'intermediate': 'C', 'advanced': 'C'}
2026-09-01 04:44:47 | DEBUG    | student_sim | id=171 gold=A | joint={'beginner': 'A', 'intermediate': 'A', 'advanced': 'A'} | isolated={'beginner': 'C', 'intermediate': 'A', 'advanced': 'A'}
2026-09-01 04:44:48 | DEBUG    | student_sim | id=172 gold=C | joint={'beginner': 'C', 'intermediate': 'C', 'advanced': 'B'} | isolated={'beginner': 'C', 'intermediate': 'C', 'advanced': 'C'}
2026-09-01 04:44:50 | DEBUG    | student_sim | id=173 gold=A | joint={'beginner': 'C', 'intermediate': 'A', 'advanced': 'A'} | isolated={'beginner': 'B', 'intermediate': 'A', 'advanced': 'A'}
2026-09-01 04:44:52 | DEBUG    | student_sim | id=174 gold=B | joint={'beginner': 'B', 'intermediate': 'B', 'advanced': 'A'} | isolated={'beginner': 'B', 'intermediate': 'B', 'advanced': 'B'}
2026-09-01 04:44:52 | INFO     | student_sim |   [ 175/ 500]  35.0% | acc B/I/A  join 0.69/0.75/0.45 | isol 0.71/0.82/0.83 | 1.66s/sample | ETA 9.0 min
2026-09-01 04:44:54 | DEBUG    | student_sim | id=175 gold=B | joint={'beginner': 'B', 'intermediate': 'B', 'advanced': 'C'} | isolated={'beginner': 'C', 'intermediate': 'C', 'advanced': 'B'}
2026-09-01 04:44:55 | DEBUG    | student_sim | id=176 gold=B | joint={'beginner': 'C', 'intermediate': 'B', 'advanced': 'B'} | isolated={'beginner': 'C', 'intermediate': 'B', 'advanced': 'B'}
2026-09-01 04:44:57 | DEBUG    | student_sim | id=177 gold=A | joint={'beginner': 'A', 'intermediate': 'A', 'advanced': 'B'} | isolated={'beginner': 'A', 'intermediate': 'A', 'advanced': 'A'}
2026-09-01 04:44:58 | DEBUG    | student_sim | id=178 gold=D | joint={'beginner': 'D', 'intermediate': 'D', 'advanced': 'C'} | isolated={'beginner': 'D', 'intermediate': 'D', 'advanced': 'D'}
2026-09-01 04:45:00 | DEBUG    | student_sim | id=179 gold=B | joint={'beginner': 'D', 'intermediate': 'B', 'advanced': 'B'} | isolated={'beginner': 'D', 'intermediate': 'D', 'advanced': 'D'}
2026-09-01 04:45:02 | DEBUG    | student_sim | id=180 gold=C | joint={'beginner': 'D', 'intermediate': 'C', 'advanced': 'C'} | isolated={'beginner': 'D', 'intermediate': 'C', 'advanced': 'C'}
2026-09-01 04:45:03 | DEBUG    | student_sim | id=181 gold=C | joint={'beginner': 'C', 'intermediate': 'C', 'advanced': 'B'} | isolated={'beginner': 'B', 'intermediate': 'B', 'advanced': 'C'}
2026-09-01 04:45:05 | DEBUG    | student_sim | id=182 gold=C | joint={'beginner': 'D', 'intermediate': 'C', 'advanced': 'C'} | isolated={'beginner': 'D', 'intermediate': 'C', 'advanced': 'C'}
2026-09-01 04:45:07 | DEBUG    | student_sim | id=183 gold=C | joint={'beginner': 'C', 'intermediate': 'C', 'advanced': 'C'} | isolated={'beginner': 'C', 'intermediate': 'C', 'advanced': 'C'}
2026-09-01 04:45:08 | DEBUG    | student_sim | id=184 gold=D | joint={'beginner': 'C', 'intermediate': 'C', 'advanced': 'D'} | isolated={'beginner': 'D', 'intermediate': 'D', 'advanced': 'D'}
2026-09-01 04:45:10 | DEBUG    | student_sim | id=185 gold=A | joint={'beginner': 'A', 'intermediate': 'A', 'advanced': 'B'} | isolated={'beginner': 'A', 'intermediate': 'A', 'advanced': 'A'}
2026-09-01 04:45:12 | DEBUG    | student_sim | id=186 gold=D | joint={'beginner': 'D', 'intermediate': 'D', 'advanced': 'D'} | isolated={'beginner': 'D', 'intermediate': 'D', 'advanced': 'D'}
2026-09-01 04:45:13 | DEBUG    | student_sim | id=187 gold=C | joint={'beginner': 'C', 'intermediate': 'C', 'advanced': 'C'} | isolated={'beginner': 'C', 'intermediate': 'C', 'advanced': 'C'}
2026-09-01 04:45:15 | DEBUG    | student_sim | id=188 gold=D | joint={'beginner': 'D', 'intermediate': 'D', 'advanced': 'A'} | isolated={'beginner': 'D', 'intermediate': 'D', 'advanced': 'D'}
2026-09-01 04:45:17 | DEBUG    | student_sim | id=189 gold=C | joint={'beginner': 'C', 'intermediate': 'C', 'advanced': 'C'} | isolated={'beginner': 'C', 'intermediate': 'C', 'advanced': 'C'}
2026-09-01 04:45:18 | DEBUG    | student_sim | id=190 gold=C | joint={'beginner': 'D', 'intermediate': 'D', 'advanced': 'A'} | isolated={'beginner': 'D', 'intermediate': 'D', 'advanced': 'C'}
2026-09-01 04:45:20 | DEBUG    | student_sim | id=191 gold=B | joint={'beginner': 'B', 'intermediate': 'B', 'advanced': 'B'} | isolated={'beginner': 'B', 'intermediate': 'B', 'advanced': 'B'}
2026-09-01 04:45:21 | DEBUG    | student_sim | id=192 gold=D | joint={'beginner': 'D', 'intermediate': 'D', 'advanced': 'C'} | isolated={'beginner': 'D', 'intermediate': 'D', 'advanced': 'D'}
2026-09-01 04:45:23 | DEBUG    | student_sim | id=193 gold=A | joint={'beginner': 'A', 'intermediate': 'A', 'advanced': 'A'} | isolated={'beginner': 'A', 'intermediate': 'A', 'advanced': 'A'}
2026-09-01 04:45:25 | DEBUG    | student_sim | id=194 gold=C | joint={'beginner': 'C', 'intermediate': 'C', 'advanced': 'D'} | isolated={'beginner': 'C', 'intermediate': 'C', 'advanced': 'C'}
2026-09-01 04:45:26 | DEBUG    | student_sim | id=195 gold=B | joint={'beginner': 'D', 'intermediate': 'D', 'advanced': 'D'} | isolated={'beginner': 'D', 'intermediate': 'D', 'advanced': 'D'}
2026-09-01 04:45:28 | DEBUG    | student_sim | id=196 gold=A | joint={'beginner': 'A', 'intermediate': 'A', 'advanced': 'C'} | isolated={'beginner': 'A', 'intermediate': 'A', 'advanced': 'A'}
2026-09-01 04:45:30 | DEBUG    | student_sim | id=197 gold=A | joint={'beginner': 'A', 'intermediate': 'A', 'advanced': 'D'} | isolated={'beginner': 'A', 'intermediate': 'A', 'advanced': 'A'}
2026-09-01 04:45:31 | DEBUG    | student_sim | id=198 gold=C | joint={'beginner': 'D', 'intermediate': 'C', 'advanced': 'C'} | isolated={'beginner': 'C', 'intermediate': 'C', 'advanced': 'C'}
2026-09-01 04:45:33 | DEBUG    | student_sim | id=199 gold=C | joint={'beginner': 'A', 'intermediate': 'C', 'advanced': 'C'} | isolated={'beginner': 'D', 'intermediate': 'C', 'advanced': 'A'}
2026-09-01 04:45:33 | INFO     | student_sim |   [ 200/ 500]  40.0% | acc B/I/A  join 0.68/0.77/0.46 | isol 0.70/0.81/0.84 | 1.66s/sample | ETA 8.3 min
2026-09-01 04:45:35 | DEBUG    | student_sim | id=200 gold=D | joint={'beginner': 'D', 'intermediate': 'C', 'advanced': 'B'} | isolated={'beginner': 'D', 'intermediate': 'C', 'advanced': 'C'}
2026-09-01 04:45:36 | DEBUG    | student_sim | id=201 gold=D | joint={'beginner': 'D', 'intermediate': 'D', 'advanced': 'A'} | isolated={'beginner': 'D', 'intermediate': 'D', 'advanced': 'D'}
2026-09-01 04:45:38 | DEBUG    | student_sim | id=202 gold=C | joint={'beginner': 'A', 'intermediate': 'C', 'advanced': 'C'} | isolated={'beginner': 'C', 'intermediate': 'C', 'advanced': 'C'}
2026-09-01 04:45:40 | DEBUG    | student_sim | id=203 gold=A | joint={'beginner': 'D', 'intermediate': 'C', 'advanced': 'A'} | isolated={'beginner': 'D', 'intermediate': 'A', 'advanced': 'A'}
2026-09-01 04:45:41 | DEBUG    | student_sim | id=204 gold=C | joint={'beginner': 'C', 'intermediate': 'C', 'advanced': 'C'} | isolated={'beginner': 'C', 'intermediate': 'C', 'advanced': 'C'}
2026-09-01 04:45:43 | DEBUG    | student_sim | id=205 gold=C | joint={'beginner': 'C', 'intermediate': 'C', 'advanced': 'C'} | isolated={'beginner': 'C', 'intermediate': 'C', 'advanced': 'C'}
2026-09-01 04:45:45 | DEBUG    | student_sim | id=206 gold=D | joint={'beginner': 'D', 'intermediate': 'D', 'advanced': 'D'} | isolated={'beginner': 'D', 'intermediate': 'D', 'advanced': 'D'}
2026-09-01 04:45:46 | DEBUG    | student_sim | id=207 gold=D | joint={'beginner': 'D', 'intermediate': 'B', 'advanced': 'D'} | isolated={'beginner': 'B', 'intermediate': 'B', 'advanced': 'D'}
2026-09-01 04:45:48 | DEBUG    | student_sim | id=208 gold=B | joint={'beginner': 'B', 'intermediate': 'B', 'advanced': 'D'} | isolated={'beginner': 'B', 'intermediate': 'B', 'advanced': 'B'}
2026-09-01 04:45:50 | DEBUG    | student_sim | id=209 gold=A | joint={'beginner': 'B', 'intermediate': 'A', 'advanced': 'B'} | isolated={'beginner': 'B', 'intermediate': 'B', 'advanced': 'B'}
2026-09-01 04:45:51 | DEBUG    | student_sim | id=210 gold=B | joint={'beginner': 'B', 'intermediate': 'B', 'advanced': 'D'} | isolated={'beginner': 'B', 'intermediate': 'B', 'advanced': 'B'}
2026-09-01 04:45:53 | DEBUG    | student_sim | id=211 gold=B | joint={'beginner': 'D', 'intermediate': 'A', 'advanced': 'B'} | isolated={'beginner': 'B', 'intermediate': 'B', 'advanced': 'B'}
2026-09-01 04:45:55 | DEBUG    | student_sim | id=212 gold=D | joint={'beginner': 'C', 'intermediate': 'C', 'advanced': 'D'} | isolated={'beginner': 'D', 'intermediate': 'D', 'advanced': 'D'}
2026-09-01 04:45:56 | DEBUG    | student_sim | id=213 gold=B | joint={'beginner': 'B', 'intermediate': 'B', 'advanced': 'A'} | isolated={'beginner': 'B', 'intermediate': 'B', 'advanced': 'B'}
2026-09-01 04:45:58 | DEBUG    | student_sim | id=214 gold=B | joint={'beginner': 'D', 'intermediate': 'B', 'advanced': 'B'} | isolated={'beginner': 'B', 'intermediate': 'B', 'advanced': 'B'}
2026-09-01 04:46:00 | DEBUG    | student_sim | id=215 gold=C | joint={'beginner': 'C', 'intermediate': 'C', 'advanced': 'C'} | isolated={'beginner': 'C', 'intermediate': 'C', 'advanced': 'C'}
2026-09-01 04:46:01 | DEBUG    | student_sim | id=216 gold=C | joint={'beginner': 'C', 'intermediate': 'B', 'advanced': 'C'} | isolated={'beginner': 'C', 'intermediate': 'C', 'advanced': 'C'}
2026-09-01 04:46:03 | DEBUG    | student_sim | id=217 gold=D | joint={'beginner': 'D', 'intermediate': 'B', 'advanced': 'A'} | isolated={'beginner': 'D', 'intermediate': 'A', 'advanced': 'A'}
2026-09-01 04:46:05 | DEBUG    | student_sim | id=218 gold=D | joint={'beginner': 'C', 'intermediate': 'D', 'advanced': 'D'} | isolated={'beginner': 'D', 'intermediate': 'D', 'advanced': 'D'}
2026-09-01 04:46:06 | DEBUG    | student_sim | id=219 gold=A | joint={'beginner': 'A', 'intermediate': 'A', 'advanced': 'D'} | isolated={'beginner': 'A', 'intermediate': 'A', 'advanced': 'A'}
2026-09-01 04:46:08 | DEBUG    | student_sim | id=220 gold=A | joint={'beginner': 'A', 'intermediate': 'A', 'advanced': 'D'} | isolated={'beginner': 'A', 'intermediate': 'A', 'advanced': 'A'}
2026-09-01 04:46:09 | DEBUG    | student_sim | id=221 gold=D | joint={'beginner': 'C', 'intermediate': 'C', 'advanced': 'B'} | isolated={'beginner': 'C', 'intermediate': 'D', 'advanced': 'D'}
2026-09-01 04:46:11 | DEBUG    | student_sim | id=222 gold=A | joint={'beginner': 'A', 'intermediate': 'A', 'advanced': 'C'} | isolated={'beginner': 'A', 'intermediate': 'A', 'advanced': 'A'}
2026-09-01 04:46:13 | DEBUG    | student_sim | id=223 gold=D | joint={'beginner': 'C', 'intermediate': 'C', 'advanced': 'A'} | isolated={'beginner': 'C', 'intermediate': 'A', 'advanced': 'A'}
2026-09-01 04:46:15 | DEBUG    | student_sim | id=224 gold=B | joint={'beginner': 'B', 'intermediate': 'B', 'advanced': 'D'} | isolated={'beginner': 'B', 'intermediate': 'B', 'advanced': 'B'}
2026-09-01 04:46:15 | INFO     | student_sim |   [ 225/ 500]  45.0% | acc B/I/A  join 0.68/0.75/0.46 | isol 0.71/0.81/0.84 | 1.66s/sample | ETA 7.6 min
2026-09-01 04:46:16 | DEBUG    | student_sim | id=225 gold=C | joint={'beginner': 'B', 'intermediate': 'B', 'advanced': 'C'} | isolated={'beginner': 'B', 'intermediate': 'B', 'advanced': 'B'}
2026-09-01 04:46:18 | DEBUG    | student_sim | id=226 gold=D | joint={'beginner': 'D', 'intermediate': 'D', 'advanced': 'D'} | isolated={'beginner': 'D', 'intermediate': 'D', 'advanced': 'D'}
2026-09-01 04:46:19 | DEBUG    | student_sim | id=227 gold=B | joint={'beginner': 'B', 'intermediate': 'B', 'advanced': 'A'} | isolated={'beginner': 'B', 'intermediate': 'B', 'advanced': 'B'}
2026-09-01 04:46:21 | DEBUG    | student_sim | id=228 gold=B | joint={'beginner': 'B', 'intermediate': 'B', 'advanced': 'A'} | isolated={'beginner': 'B', 'intermediate': 'B', 'advanced': 'A'}
2026-09-01 04:46:23 | DEBUG    | student_sim | id=229 gold=B | joint={'beginner': 'D', 'intermediate': 'B', 'advanced': 'B'} | isolated={'beginner': 'D', 'intermediate': 'B', 'advanced': 'B'}
2026-09-01 04:46:24 | DEBUG    | student_sim | id=230 gold=D | joint={'beginner': 'D', 'intermediate': 'D', 'advanced': 'B'} | isolated={'beginner': 'A', 'intermediate': 'D', 'advanced': 'D'}
2026-09-01 04:46:26 | DEBUG    | student_sim | id=231 gold=B | joint={'beginner': 'B', 'intermediate': 'B', 'advanced': 'D'} | isolated={'beginner': 'B', 'intermediate': 'B', 'advanced': 'B'}
2026-09-01 04:46:28 | DEBUG    | student_sim | id=232 gold=A | joint={'beginner': 'A', 'intermediate': 'A', 'advanced': 'D'} | isolated={'beginner': 'A', 'intermediate': 'A', 'advanced': 'A'}
2026-09-01 04:46:29 | DEBUG    | student_sim | id=233 gold=C | joint={'beginner': 'C', 'intermediate': 'C', 'advanced': 'B'} | isolated={'beginner': 'C', 'intermediate': 'C', 'advanced': 'C'}
2026-09-01 04:46:31 | DEBUG    | student_sim | id=234 gold=C | joint={'beginner': 'D', 'intermediate': 'C', 'advanced': 'A'} | isolated={'beginner': 'D', 'intermediate': 'C', 'advanced': 'C'}
2026-09-01 04:46:33 | DEBUG    | student_sim | id=235 gold=B | joint={'beginner': 'A', 'intermediate': 'A', 'advanced': 'D'} | isolated={'beginner': 'A', 'intermediate': 'A', 'advanced': 'A'}
2026-09-01 04:46:34 | DEBUG    | student_sim | id=236 gold=A | joint={'beginner': 'A', 'intermediate': 'A', 'advanced': 'C'} | isolated={'beginner': 'D', 'intermediate': 'C', 'advanced': 'A'}
2026-09-01 04:46:36 | DEBUG    | student_sim | id=237 gold=A | joint={'beginner': 'D', 'intermediate': 'D', 'advanced': 'A'} | isolated={'beginner': 'A', 'intermediate': 'A', 'advanced': 'A'}
2026-09-01 04:46:38 | DEBUG    | student_sim | id=238 gold=C | joint={'beginner': 'C', 'intermediate': 'C', 'advanced': 'D'} | isolated={'beginner': 'C', 'intermediate': 'C', 'advanced': 'C'}
2026-09-01 04:46:39 | DEBUG    | student_sim | id=239 gold=D | joint={'beginner': 'D', 'intermediate': 'D', 'advanced': 'A'} | isolated={'beginner': 'D', 'intermediate': 'D', 'advanced': 'D'}
2026-09-01 04:46:41 | DEBUG    | student_sim | id=240 gold=A | joint={'beginner': 'A', 'intermediate': 'A', 'advanced': 'A'} | isolated={'beginner': 'A', 'intermediate': 'A', 'advanced': 'A'}
2026-09-01 04:46:42 | DEBUG    | student_sim | id=241 gold=D | joint={'beginner': 'D', 'intermediate': 'D', 'advanced': 'C'} | isolated={'beginner': 'D', 'intermediate': 'A', 'advanced': 'A'}
2026-09-01 04:46:44 | DEBUG    | student_sim | id=242 gold=D | joint={'beginner': 'D', 'intermediate': 'D', 'advanced': 'C'} | isolated={'beginner': 'D', 'intermediate': 'D', 'advanced': 'D'}
2026-09-01 04:46:46 | DEBUG    | student_sim | id=243 gold=B | joint={'beginner': 'B', 'intermediate': 'B', 'advanced': 'C'} | isolated={'beginner': 'B', 'intermediate': 'B', 'advanced': 'B'}
2026-09-01 04:46:47 | DEBUG    | student_sim | id=244 gold=A | joint={'beginner': 'A', 'intermediate': 'A', 'advanced': 'D'} | isolated={'beginner': 'A', 'intermediate': 'A', 'advanced': 'A'}
2026-09-01 04:46:49 | DEBUG    | student_sim | id=245 gold=A | joint={'beginner': 'A', 'intermediate': 'A', 'advanced': 'B'} | isolated={'beginner': 'B', 'intermediate': 'A', 'advanced': 'A'}
2026-09-01 04:46:51 | DEBUG    | student_sim | id=246 gold=A | joint={'beginner': 'D', 'intermediate': 'A', 'advanced': 'A'} | isolated={'beginner': 'A', 'intermediate': 'A', 'advanced': 'A'}
2026-09-01 04:46:52 | DEBUG    | student_sim | id=247 gold=C | joint={'beginner': 'C', 'intermediate': 'C', 'advanced': 'D'} | isolated={'beginner': 'C', 'intermediate': 'C', 'advanced': 'C'}
2026-09-01 04:46:54 | DEBUG    | student_sim | id=248 gold=D | joint={'beginner': 'D', 'intermediate': 'D', 'advanced': 'C'} | isolated={'beginner': 'D', 'intermediate': 'D', 'advanced': 'D'}
2026-09-01 04:46:56 | DEBUG    | student_sim | id=249 gold=D | joint={'beginner': 'D', 'intermediate': 'D', 'advanced': 'D'} | isolated={'beginner': 'D', 'intermediate': 'D', 'advanced': 'D'}
2026-09-01 04:46:56 | INFO     | student_sim |   [ 250/ 500]  50.0% | acc B/I/A  join 0.68/0.76/0.44 | isol 0.71/0.82/0.84 | 1.66s/sample | ETA 6.9 min
2026-09-01 04:46:57 | DEBUG    | student_sim | id=250 gold=D | joint={'beginner': 'D', 'intermediate': 'B', 'advanced': 'A'} | isolated={'beginner': 'B', 'intermediate': 'B', 'advanced': 'A'}
2026-09-01 04:46:59 | DEBUG    | student_sim | id=251 gold=B | joint={'beginner': 'B', 'intermediate': 'B', 'advanced': 'A'} | isolated={'beginner': 'B', 'intermediate': 'B', 'advanced': 'B'}
2026-09-01 04:47:01 | DEBUG    | student_sim | id=252 gold=C | joint={'beginner': 'C', 'intermediate': 'C', 'advanced': 'C'} | isolated={'beginner': 'C', 'intermediate': 'C', 'advanced': 'C'}
2026-09-01 04:47:02 | DEBUG    | student_sim | id=253 gold=A | joint={'beginner': 'A', 'intermediate': 'A', 'advanced': 'C'} | isolated={'beginner': 'B', 'intermediate': 'A', 'advanced': 'A'}
2026-09-01 04:47:04 | DEBUG    | student_sim | id=254 gold=B | joint={'beginner': 'A', 'intermediate': 'A', 'advanced': 'A'} | isolated={'beginner': 'A', 'intermediate': 'A', 'advanced': 'A'}
2026-09-01 04:47:05 | DEBUG    | student_sim | id=255 gold=D | joint={'beginner': 'B', 'intermediate': 'B', 'advanced': 'D'} | isolated={'beginner': 'B', 'intermediate': 'D', 'advanced': 'D'}
2026-09-01 04:47:07 | DEBUG    | student_sim | id=256 gold=D | joint={'beginner': 'D', 'intermediate': 'C', 'advanced': 'B'} | isolated={'beginner': 'D', 'intermediate': 'A', 'advanced': 'A'}
2026-09-01 04:47:09 | DEBUG    | student_sim | id=257 gold=A | joint={'beginner': 'A', 'intermediate': 'A', 'advanced': 'A'} | isolated={'beginner': 'A', 'intermediate': 'A', 'advanced': 'A'}
2026-09-01 04:47:10 | DEBUG    | student_sim | id=258 gold=D | joint={'beginner': 'D', 'intermediate': 'C', 'advanced': 'D'} | isolated={'beginner': 'D', 'intermediate': 'D', 'advanced': 'D'}
2026-09-01 04:47:12 | DEBUG    | student_sim | id=259 gold=D | joint={'beginner': 'D', 'intermediate': 'C', 'advanced': 'D'} | isolated={'beginner': 'D', 'intermediate': 'D', 'advanced': 'D'}
2026-09-01 04:47:14 | DEBUG    | student_sim | id=260 gold=B | joint={'beginner': 'B', 'intermediate': 'B', 'advanced': 'B'} | isolated={'beginner': 'B', 'intermediate': 'B', 'advanced': 'B'}
2026-09-01 04:47:15 | DEBUG    | student_sim | id=261 gold=B | joint={'beginner': 'D', 'intermediate': 'C', 'advanced': 'B'} | isolated={'beginner': 'D', 'intermediate': 'B', 'advanced': 'B'}
2026-09-01 04:47:17 | DEBUG    | student_sim | id=262 gold=B | joint={'beginner': 'C', 'intermediate': 'C', 'advanced': 'D'} | isolated={'beginner': 'C', 'intermediate': 'C', 'advanced': 'C'}
2026-09-01 04:47:18 | DEBUG    | student_sim | id=263 gold=B | joint={'beginner': 'B', 'intermediate': 'B', 'advanced': 'D'} | isolated={'beginner': 'B', 'intermediate': 'B', 'advanced': 'B'}
2026-09-01 04:47:20 | DEBUG    | student_sim | id=264 gold=C | joint={'beginner': 'C', 'intermediate': 'C', 'advanced': 'D'} | isolated={'beginner': 'C', 'intermediate': 'C', 'advanced': 'C'}
2026-09-01 04:47:22 | DEBUG    | student_sim | id=265 gold=D | joint={'beginner': 'D', 'intermediate': 'D', 'advanced': 'D'} | isolated={'beginner': 'D', 'intermediate': 'D', 'advanced': 'D'}
2026-09-01 04:47:23 | DEBUG    | student_sim | id=266 gold=A | joint={'beginner': 'A', 'intermediate': 'A', 'advanced': 'B'} | isolated={'beginner': 'A', 'intermediate': 'A', 'advanced': 'A'}
2026-09-01 04:47:25 | DEBUG    | student_sim | id=267 gold=C | joint={'beginner': 'C', 'intermediate': 'C', 'advanced': 'C'} | isolated={'beginner': 'C', 'intermediate': 'C', 'advanced': 'C'}
2026-09-01 04:47:27 | DEBUG    | student_sim | id=268 gold=D | joint={'beginner': 'C', 'intermediate': 'D', 'advanced': 'D'} | isolated={'beginner': 'D', 'intermediate': 'D', 'advanced': 'D'}
2026-09-01 04:47:28 | DEBUG    | student_sim | id=269 gold=D | joint={'beginner': 'D', 'intermediate': 'B', 'advanced': 'A'} | isolated={'beginner': 'D', 'intermediate': 'B', 'advanced': 'B'}
2026-09-01 04:47:30 | DEBUG    | student_sim | id=270 gold=C | joint={'beginner': 'D', 'intermediate': 'D', 'advanced': 'A'} | isolated={'beginner': 'D', 'intermediate': 'D', 'advanced': 'D'}
2026-09-01 04:47:32 | DEBUG    | student_sim | id=271 gold=A | joint={'beginner': 'A', 'intermediate': 'A', 'advanced': 'B'} | isolated={'beginner': 'A', 'intermediate': 'A', 'advanced': 'A'}
2026-09-01 04:47:33 | DEBUG    | student_sim | id=272 gold=B | joint={'beginner': 'B', 'intermediate': 'B', 'advanced': 'C'} | isolated={'beginner': 'B', 'intermediate': 'B', 'advanced': 'B'}
2026-09-01 04:47:35 | DEBUG    | student_sim | id=273 gold=D | joint={'beginner': 'D', 'intermediate': 'D', 'advanced': 'A'} | isolated={'beginner': 'D', 'intermediate': 'D', 'advanced': 'D'}
2026-09-01 04:47:37 | DEBUG    | student_sim | id=274 gold=D | joint={'beginner': 'D', 'intermediate': 'C', 'advanced': 'B'} | isolated={'beginner': 'D', 'intermediate': 'D', 'advanced': 'D'}
2026-09-01 04:47:37 | INFO     | student_sim |   [ 275/ 500]  55.0% | acc B/I/A  join 0.69/0.75/0.44 | isol 0.71/0.81/0.83 | 1.65s/sample | ETA 6.2 min
2026-09-01 04:47:38 | DEBUG    | student_sim | id=275 gold=D | joint={'beginner': 'D', 'intermediate': 'D', 'advanced': 'B'} | isolated={'beginner': 'D', 'intermediate': 'D', 'advanced': 'D'}
2026-09-01 04:47:40 | DEBUG    | student_sim | id=276 gold=B | joint={'beginner': 'B', 'intermediate': 'B', 'advanced': 'C'} | isolated={'beginner': 'B', 'intermediate': 'B', 'advanced': 'B'}
2026-09-01 04:47:42 | DEBUG    | student_sim | id=277 gold=C | joint={'beginner': 'C', 'intermediate': 'C', 'advanced': 'D'} | isolated={'beginner': 'C', 'intermediate': 'C', 'advanced': 'C'}
2026-09-01 04:47:44 | DEBUG    | student_sim | id=278 gold=D | joint={'beginner': 'D', 'intermediate': 'D', 'advanced': 'D'} | isolated={'beginner': 'D', 'intermediate': 'D', 'advanced': 'D'}
2026-09-01 04:47:45 | DEBUG    | student_sim | id=279 gold=B | joint={'beginner': 'D', 'intermediate': 'B', 'advanced': 'A'} | isolated={'beginner': 'B', 'intermediate': 'B', 'advanced': 'B'}
2026-09-01 04:47:47 | DEBUG    | student_sim | id=280 gold=A | joint={'beginner': 'A', 'intermediate': 'A', 'advanced': 'D'} | isolated={'beginner': 'A', 'intermediate': 'A', 'advanced': 'A'}
2026-09-01 04:47:48 | DEBUG    | student_sim | id=281 gold=D | joint={'beginner': 'B', 'intermediate': 'D', 'advanced': 'D'} | isolated={'beginner': 'B', 'intermediate': 'D', 'advanced': 'D'}
2026-09-01 04:47:50 | DEBUG    | student_sim | id=282 gold=C | joint={'beginner': 'A', 'intermediate': 'A', 'advanced': 'C'} | isolated={'beginner': 'A', 'intermediate': 'A', 'advanced': 'A'}
2026-09-01 04:47:52 | DEBUG    | student_sim | id=283 gold=D | joint={'beginner': 'B', 'intermediate': 'D', 'advanced': 'A'} | isolated={'beginner': 'D', 'intermediate': 'D', 'advanced': 'D'}
2026-09-01 04:47:53 | DEBUG    | student_sim | id=284 gold=B | joint={'beginner': 'B', 'intermediate': 'B', 'advanced': 'B'} | isolated={'beginner': 'B', 'intermediate': 'B', 'advanced': 'B'}
2026-09-01 04:47:55 | DEBUG    | student_sim | id=285 gold=A | joint={'beginner': 'D', 'intermediate': 'D', 'advanced': 'A'} | isolated={'beginner': 'A', 'intermediate': 'A', 'advanced': 'A'}
2026-09-01 04:47:57 | DEBUG    | student_sim | id=286 gold=B | joint={'beginner': 'B', 'intermediate': 'B', 'advanced': 'D'} | isolated={'beginner': 'B', 'intermediate': 'B', 'advanced': 'B'}
2026-09-01 04:47:58 | DEBUG    | student_sim | id=287 gold=B | joint={'beginner': 'D', 'intermediate': 'B', 'advanced': 'B'} | isolated={'beginner': 'B', 'intermediate': 'B', 'advanced': 'B'}
2026-09-01 04:48:00 | DEBUG    | student_sim | id=288 gold=B | joint={'beginner': 'B', 'intermediate': 'B', 'advanced': 'D'} | isolated={'beginner': 'B', 'intermediate': 'B', 'advanced': 'B'}
2026-09-01 04:48:02 | DEBUG    | student_sim | id=289 gold=A | joint={'beginner': 'A', 'intermediate': 'A', 'advanced': 'B'} | isolated={'beginner': 'C', 'intermediate': 'A', 'advanced': 'A'}
2026-09-01 04:48:03 | DEBUG    | student_sim | id=290 gold=A | joint={'beginner': 'A', 'intermediate': 'A', 'advanced': 'D'} | isolated={'beginner': 'A', 'intermediate': 'A', 'advanced': 'A'}
2026-09-01 04:48:05 | DEBUG    | student_sim | id=291 gold=C | joint={'beginner': 'C', 'intermediate': 'C', 'advanced': 'D'} | isolated={'beginner': 'C', 'intermediate': 'C', 'advanced': 'C'}
2026-09-01 04:48:07 | DEBUG    | student_sim | id=292 gold=C | joint={'beginner': 'C', 'intermediate': 'C', 'advanced': 'D'} | isolated={'beginner': 'C', 'intermediate': 'C', 'advanced': 'C'}
2026-09-01 04:48:08 | DEBUG    | student_sim | id=293 gold=A | joint={'beginner': 'C', 'intermediate': 'B', 'advanced': 'A'} | isolated={'beginner': 'B', 'intermediate': 'B', 'advanced': 'B'}
2026-09-01 04:48:10 | DEBUG    | student_sim | id=294 gold=A | joint={'beginner': 'B', 'intermediate': 'B', 'advanced': 'C'} | isolated={'beginner': 'B', 'intermediate': 'B', 'advanced': 'B'}
2026-09-01 04:48:12 | DEBUG    | student_sim | id=295 gold=A | joint={'beginner': 'A', 'intermediate': 'A', 'advanced': 'A'} | isolated={'beginner': 'A', 'intermediate': 'A', 'advanced': 'A'}
2026-09-01 04:48:13 | DEBUG    | student_sim | id=296 gold=D | joint={'beginner': 'C', 'intermediate': 'C', 'advanced': 'D'} | isolated={'beginner': 'D', 'intermediate': 'C', 'advanced': 'D'}
2026-09-01 04:48:15 | DEBUG    | student_sim | id=297 gold=C | joint={'beginner': 'C', 'intermediate': 'C', 'advanced': 'D'} | isolated={'beginner': 'C', 'intermediate': 'C', 'advanced': 'C'}
2026-09-01 04:48:16 | DEBUG    | student_sim | id=298 gold=C | joint={'beginner': 'C', 'intermediate': 'C', 'advanced': 'D'} | isolated={'beginner': 'C', 'intermediate': 'C', 'advanced': 'C'}
2026-09-01 04:48:18 | DEBUG    | student_sim | id=299 gold=A | joint={'beginner': 'C', 'intermediate': 'C', 'advanced': 'B'} | isolated={'beginner': 'C', 'intermediate': 'C', 'advanced': 'C'}
2026-09-01 04:48:18 | INFO     | student_sim |   [ 300/ 500]  60.0% | acc B/I/A  join 0.68/0.75/0.43 | isol 0.72/0.81/0.83 | 1.65s/sample | ETA 5.5 min
2026-09-01 04:48:20 | DEBUG    | student_sim | id=300 gold=B | joint={'beginner': 'A', 'intermediate': 'D', 'advanced': 'B'} | isolated={'beginner': 'D', 'intermediate': 'D', 'advanced': 'D'}
2026-09-01 04:48:21 | DEBUG    | student_sim | id=301 gold=D | joint={'beginner': 'D', 'intermediate': 'D', 'advanced': 'C'} | isolated={'beginner': 'D', 'intermediate': 'D', 'advanced': 'D'}
2026-09-01 04:48:23 | DEBUG    | student_sim | id=302 gold=D | joint={'beginner': 'D', 'intermediate': 'D', 'advanced': 'C'} | isolated={'beginner': 'D', 'intermediate': 'D', 'advanced': 'D'}
2026-09-01 04:48:25 | DEBUG    | student_sim | id=303 gold=A | joint={'beginner': 'A', 'intermediate': 'A', 'advanced': 'A'} | isolated={'beginner': 'A', 'intermediate': 'A', 'advanced': 'A'}
2026-09-01 04:48:26 | DEBUG    | student_sim | id=304 gold=C | joint={'beginner': 'C', 'intermediate': 'C', 'advanced': 'B'} | isolated={'beginner': 'C', 'intermediate': 'C', 'advanced': 'C'}
2026-09-01 04:48:28 | DEBUG    | student_sim | id=305 gold=A | joint={'beginner': 'D', 'intermediate': 'B', 'advanced': 'A'} | isolated={'beginner': 'D', 'intermediate': 'A', 'advanced': 'A'}
2026-09-01 04:48:30 | DEBUG    | student_sim | id=306 gold=C | joint={'beginner': 'A', 'intermediate': 'C', 'advanced': 'D'} | isolated={'beginner': 'C', 'intermediate': 'C', 'advanced': 'C'}
2026-09-01 04:48:31 | DEBUG    | student_sim | id=307 gold=B | joint={'beginner': 'B', 'intermediate': 'B', 'advanced': 'A'} | isolated={'beginner': 'B', 'intermediate': 'B', 'advanced': 'B'}
2026-09-01 04:48:33 | DEBUG    | student_sim | id=308 gold=C | joint={'beginner': 'D', 'intermediate': 'D', 'advanced': 'A'} | isolated={'beginner': 'D', 'intermediate': 'D', 'advanced': 'D'}
2026-09-01 04:48:35 | DEBUG    | student_sim | id=309 gold=B | joint={'beginner': 'B', 'intermediate': 'B', 'advanced': 'C'} | isolated={'beginner': 'B', 'intermediate': 'B', 'advanced': 'B'}
2026-09-01 04:48:36 | DEBUG    | student_sim | id=310 gold=B | joint={'beginner': 'A', 'intermediate': 'A', 'advanced': 'D'} | isolated={'beginner': 'B', 'intermediate': 'A', 'advanced': 'A'}
2026-09-01 04:48:38 | DEBUG    | student_sim | id=311 gold=A | joint={'beginner': 'A', 'intermediate': 'A', 'advanced': 'A'} | isolated={'beginner': 'A', 'intermediate': 'A', 'advanced': 'A'}
2026-09-01 04:48:39 | DEBUG    | student_sim | id=312 gold=B | joint={'beginner': 'D', 'intermediate': 'B', 'advanced': 'C'} | isolated={'beginner': 'D', 'intermediate': 'B', 'advanced': 'B'}
2026-09-01 04:48:41 | DEBUG    | student_sim | id=313 gold=D | joint={'beginner': 'D', 'intermediate': 'D', 'advanced': 'D'} | isolated={'beginner': 'D', 'intermediate': 'D', 'advanced': 'D'}
2026-09-01 04:48:43 | DEBUG    | student_sim | id=314 gold=B | joint={'beginner': 'A', 'intermediate': 'B', 'advanced': 'B'} | isolated={'beginner': 'B', 'intermediate': 'B', 'advanced': 'B'}
2026-09-01 04:48:44 | DEBUG    | student_sim | id=315 gold=C | joint={'beginner': 'B', 'intermediate': 'C', 'advanced': 'A'} | isolated={'beginner': 'B', 'intermediate': 'C', 'advanced': 'A'}
2026-09-01 04:48:46 | DEBUG    | student_sim | id=316 gold=C | joint={'beginner': 'D', 'intermediate': 'C', 'advanced': 'C'} | isolated={'beginner': 'D', 'intermediate': 'C', 'advanced': 'C'}
2026-09-01 04:48:48 | DEBUG    | student_sim | id=317 gold=B | joint={'beginner': 'C', 'intermediate': 'C', 'advanced': 'B'} | isolated={'beginner': 'B', 'intermediate': 'C', 'advanced': 'B'}
2026-09-01 04:48:49 | DEBUG    | student_sim | id=318 gold=B | joint={'beginner': 'B', 'intermediate': 'B', 'advanced': 'B'} | isolated={'beginner': 'B', 'intermediate': 'B', 'advanced': 'B'}
2026-09-01 04:48:51 | DEBUG    | student_sim | id=319 gold=B | joint={'beginner': 'D', 'intermediate': 'B', 'advanced': 'B'} | isolated={'beginner': 'B', 'intermediate': 'B', 'advanced': 'B'}
2026-09-01 04:48:53 | DEBUG    | student_sim | id=320 gold=A | joint={'beginner': 'C', 'intermediate': 'C', 'advanced': 'A'} | isolated={'beginner': 'D', 'intermediate': 'A', 'advanced': 'A'}
2026-09-01 04:48:54 | DEBUG    | student_sim | id=321 gold=D | joint={'beginner': 'D', 'intermediate': 'D', 'advanced': 'D'} | isolated={'beginner': 'D', 'intermediate': 'D', 'advanced': 'D'}
2026-09-01 04:48:56 | DEBUG    | student_sim | id=322 gold=B | joint={'beginner': 'D', 'intermediate': 'B', 'advanced': 'A'} | isolated={'beginner': 'B', 'intermediate': 'B', 'advanced': 'B'}
2026-09-01 04:48:57 | DEBUG    | student_sim | id=323 gold=C | joint={'beginner': 'C', 'intermediate': 'C', 'advanced': 'D'} | isolated={'beginner': 'C', 'intermediate': 'C', 'advanced': 'C'}
2026-09-01 04:48:59 | DEBUG    | student_sim | id=324 gold=D | joint={'beginner': 'D', 'intermediate': 'D', 'advanced': 'B'} | isolated={'beginner': 'D', 'intermediate': 'D', 'advanced': 'D'}
2026-09-01 04:48:59 | INFO     | student_sim |   [ 325/ 500]  65.0% | acc B/I/A  join 0.67/0.75/0.44 | isol 0.72/0.81/0.83 | 1.65s/sample | ETA 4.8 min
2026-09-01 04:49:01 | DEBUG    | student_sim | id=325 gold=C | joint={'beginner': 'C', 'intermediate': 'C', 'advanced': 'C'} | isolated={'beginner': 'C', 'intermediate': 'C', 'advanced': 'C'}
2026-09-01 04:49:02 | DEBUG    | student_sim | id=326 gold=A | joint={'beginner': 'A', 'intermediate': 'B', 'advanced': 'D'} | isolated={'beginner': 'C', 'intermediate': 'C', 'advanced': 'C'}
2026-09-01 04:49:04 | DEBUG    | student_sim | id=327 gold=D | joint={'beginner': 'D', 'intermediate': 'C', 'advanced': 'B'} | isolated={'beginner': 'C', 'intermediate': 'B', 'advanced': 'B'}
2026-09-01 04:49:06 | DEBUG    | student_sim | id=328 gold=C | joint={'beginner': 'C', 'intermediate': 'C', 'advanced': 'D'} | isolated={'beginner': 'C', 'intermediate': 'C', 'advanced': 'C'}
2026-09-01 04:49:07 | DEBUG    | student_sim | id=329 gold=D | joint={'beginner': 'D', 'intermediate': 'B', 'advanced': 'B'} | isolated={'beginner': 'D', 'intermediate': 'B', 'advanced': 'B'}
2026-09-01 04:49:09 | DEBUG    | student_sim | id=330 gold=A | joint={'beginner': 'C', 'intermediate': 'C', 'advanced': 'A'} | isolated={'beginner': 'C', 'intermediate': 'C', 'advanced': 'A'}
2026-09-01 04:49:11 | DEBUG    | student_sim | id=331 gold=A | joint={'beginner': 'B', 'intermediate': 'B', 'advanced': 'D'} | isolated={'beginner': 'B', 'intermediate': 'B', 'advanced': 'B'}
2026-09-01 04:49:12 | DEBUG    | student_sim | id=332 gold=D | joint={'beginner': 'D', 'intermediate': 'D', 'advanced': 'B'} | isolated={'beginner': 'D', 'intermediate': 'D', 'advanced': 'D'}
2026-09-01 04:49:14 | DEBUG    | student_sim | id=333 gold=D | joint={'beginner': 'A', 'intermediate': 'B', 'advanced': 'C'} | isolated={'beginner': 'B', 'intermediate': 'B', 'advanced': 'B'}
2026-09-01 04:49:16 | DEBUG    | student_sim | id=334 gold=B | joint={'beginner': 'C', 'intermediate': 'B', 'advanced': 'A'} | isolated={'beginner': 'B', 'intermediate': 'B', 'advanced': 'B'}
2026-09-01 04:49:17 | DEBUG    | student_sim | id=335 gold=D | joint={'beginner': 'A', 'intermediate': 'D', 'advanced': 'D'} | isolated={'beginner': 'A', 'intermediate': 'D', 'advanced': 'D'}
2026-09-01 04:49:19 | DEBUG    | student_sim | id=336 gold=B | joint={'beginner': 'B', 'intermediate': 'B', 'advanced': 'A'} | isolated={'beginner': 'B', 'intermediate': 'B', 'advanced': 'B'}
2026-09-01 04:49:21 | DEBUG    | student_sim | id=337 gold=A | joint={'beginner': 'A', 'intermediate': 'A', 'advanced': 'C'} | isolated={'beginner': 'A', 'intermediate': 'A', 'advanced': 'A'}
2026-09-01 04:49:22 | DEBUG    | student_sim | id=338 gold=B | joint={'beginner': 'B', 'intermediate': 'B', 'advanced': 'B'} | isolated={'beginner': 'C', 'intermediate': 'B', 'advanced': 'B'}
2026-09-01 04:49:24 | DEBUG    | student_sim | id=339 gold=A | joint={'beginner': 'D', 'intermediate': 'B', 'advanced': 'A'} | isolated={'beginner': 'B', 'intermediate': 'B', 'advanced': 'B'}
2026-09-01 04:49:25 | DEBUG    | student_sim | id=340 gold=C | joint={'beginner': 'C', 'intermediate': 'C', 'advanced': 'A'} | isolated={'beginner': 'C', 'intermediate': 'C', 'advanced': 'C'}
2026-09-01 04:49:27 | DEBUG    | student_sim | id=341 gold=B | joint={'beginner': 'D', 'intermediate': 'B', 'advanced': 'A'} | isolated={'beginner': 'D', 'intermediate': 'B', 'advanced': 'B'}
2026-09-01 04:49:29 | DEBUG    | student_sim | id=342 gold=C | joint={'beginner': 'C', 'intermediate': 'B', 'advanced': 'A'} | isolated={'beginner': 'C', 'intermediate': 'C', 'advanced': 'C'}
2026-09-01 04:49:30 | DEBUG    | student_sim | id=343 gold=A | joint={'beginner': 'A', 'intermediate': 'A', 'advanced': 'B'} | isolated={'beginner': 'B', 'intermediate': 'A', 'advanced': 'A'}
2026-09-01 04:49:32 | DEBUG    | student_sim | id=344 gold=D | joint={'beginner': 'B', 'intermediate': 'A', 'advanced': 'D'} | isolated={'beginner': 'D', 'intermediate': 'D', 'advanced': 'D'}
2026-09-01 04:49:34 | DEBUG    | student_sim | id=345 gold=B | joint={'beginner': 'B', 'intermediate': 'B', 'advanced': 'B'} | isolated={'beginner': 'B', 'intermediate': 'B', 'advanced': 'B'}
2026-09-01 04:49:35 | DEBUG    | student_sim | id=346 gold=A | joint={'beginner': 'A', 'intermediate': 'A', 'advanced': 'A'} | isolated={'beginner': 'A', 'intermediate': 'A', 'advanced': 'A'}
2026-09-01 04:49:37 | DEBUG    | student_sim | id=347 gold=A | joint={'beginner': 'A', 'intermediate': 'A', 'advanced': 'B'} | isolated={'beginner': 'B', 'intermediate': 'A', 'advanced': 'A'}
2026-09-01 04:49:38 | DEBUG    | student_sim | id=348 gold=A | joint={'beginner': 'A', 'intermediate': 'A', 'advanced': 'A'} | isolated={'beginner': 'B', 'intermediate': 'A', 'advanced': 'A'}
2026-09-01 04:49:40 | DEBUG    | student_sim | id=349 gold=C | joint={'beginner': 'D', 'intermediate': 'C', 'advanced': 'C'} | isolated={'beginner': 'C', 'intermediate': 'C', 'advanced': 'C'}
2026-09-01 04:49:40 | INFO     | student_sim |   [ 350/ 500]  70.0% | acc B/I/A  join 0.67/0.74/0.43 | isol 0.70/0.81/0.83 | 1.65s/sample | ETA 4.1 min
2026-09-01 04:49:42 | DEBUG    | student_sim | id=350 gold=B | joint={'beginner': 'B', 'intermediate': 'B', 'advanced': 'C'} | isolated={'beginner': 'B', 'intermediate': 'B', 'advanced': 'B'}
2026-09-01 04:49:43 | DEBUG    | student_sim | id=351 gold=D | joint={'beginner': 'D', 'intermediate': 'C', 'advanced': 'A'} | isolated={'beginner': 'D', 'intermediate': 'D', 'advanced': 'D'}
2026-09-01 04:49:45 | DEBUG    | student_sim | id=352 gold=C | joint={'beginner': 'C', 'intermediate': 'C', 'advanced': 'C'} | isolated={'beginner': 'C', 'intermediate': 'C', 'advanced': 'C'}
2026-09-01 04:49:47 | DEBUG    | student_sim | id=353 gold=A | joint={'beginner': 'A', 'intermediate': 'B', 'advanced': 'A'} | isolated={'beginner': 'A', 'intermediate': 'B', 'advanced': 'B'}
2026-09-01 04:49:48 | DEBUG    | student_sim | id=354 gold=B | joint={'beginner': 'D', 'intermediate': 'D', 'advanced': 'B'} | isolated={'beginner': 'D', 'intermediate': 'D', 'advanced': 'D'}
2026-09-01 04:49:50 | DEBUG    | student_sim | id=355 gold=A | joint={'beginner': 'C', 'intermediate': 'C', 'advanced': 'B'} | isolated={'beginner': 'D', 'intermediate': 'B', 'advanced': 'A'}
2026-09-01 04:49:51 | DEBUG    | student_sim | id=356 gold=A | joint={'beginner': 'B', 'intermediate': 'B', 'advanced': 'A'} | isolated={'beginner': 'C', 'intermediate': 'C', 'advanced': 'A'}
2026-09-01 04:49:53 | DEBUG    | student_sim | id=357 gold=B | joint={'beginner': 'B', 'intermediate': 'B', 'advanced': 'B'} | isolated={'beginner': 'B', 'intermediate': 'B', 'advanced': 'B'}
2026-09-01 04:49:55 | DEBUG    | student_sim | id=358 gold=B | joint={'beginner': 'B', 'intermediate': 'D', 'advanced': 'A'} | isolated={'beginner': 'B', 'intermediate': 'B', 'advanced': 'B'}
2026-09-01 04:49:56 | DEBUG    | student_sim | id=359 gold=B | joint={'beginner': 'B', 'intermediate': 'B', 'advanced': 'D'} | isolated={'beginner': 'B', 'intermediate': 'B', 'advanced': 'B'}
2026-09-01 04:49:58 | DEBUG    | student_sim | id=360 gold=D | joint={'beginner': 'D', 'intermediate': 'C', 'advanced': 'D'} | isolated={'beginner': 'D', 'intermediate': 'D', 'advanced': 'D'}
2026-09-01 04:50:00 | DEBUG    | student_sim | id=361 gold=D | joint={'beginner': 'D', 'intermediate': 'D', 'advanced': 'D'} | isolated={'beginner': 'D', 'intermediate': 'D', 'advanced': 'D'}
2026-09-01 04:50:01 | DEBUG    | student_sim | id=362 gold=B | joint={'beginner': 'D', 'intermediate': 'B', 'advanced': 'B'} | isolated={'beginner': 'D', 'intermediate': 'B', 'advanced': 'B'}
2026-09-01 04:50:03 | DEBUG    | student_sim | id=363 gold=A | joint={'beginner': 'A', 'intermediate': 'A', 'advanced': 'A'} | isolated={'beginner': 'A', 'intermediate': 'A', 'advanced': 'A'}
2026-09-01 04:50:05 | DEBUG    | student_sim | id=364 gold=C | joint={'beginner': 'A', 'intermediate': 'C', 'advanced': 'B'} | isolated={'beginner': 'A', 'intermediate': 'C', 'advanced': 'C'}
2026-09-01 04:50:06 | DEBUG    | student_sim | id=365 gold=D | joint={'beginner': 'D', 'intermediate': 'D', 'advanced': 'D'} | isolated={'beginner': 'D', 'intermediate': 'D', 'advanced': 'D'}
2026-09-01 04:50:08 | DEBUG    | student_sim | id=366 gold=B | joint={'beginner': 'B', 'intermediate': 'B', 'advanced': 'A'} | isolated={'beginner': 'B', 'intermediate': 'B', 'advanced': 'B'}
2026-09-01 04:50:10 | DEBUG    | student_sim | id=367 gold=C | joint={'beginner': 'C', 'intermediate': 'C', 'advanced': 'D'} | isolated={'beginner': 'C', 'intermediate': 'C', 'advanced': 'C'}
2026-09-01 04:50:11 | DEBUG    | student_sim | id=368 gold=B | joint={'beginner': 'A', 'intermediate': 'B', 'advanced': 'B'} | isolated={'beginner': 'B', 'intermediate': 'B', 'advanced': 'B'}
2026-09-01 04:50:13 | DEBUG    | student_sim | id=369 gold=B | joint={'beginner': 'B', 'intermediate': 'B', 'advanced': 'A'} | isolated={'beginner': 'B', 'intermediate': 'B', 'advanced': 'A'}
2026-09-01 04:50:15 | DEBUG    | student_sim | id=370 gold=B | joint={'beginner': 'B', 'intermediate': 'B', 'advanced': 'A'} | isolated={'beginner': 'B', 'intermediate': 'B', 'advanced': 'B'}
2026-09-01 04:50:16 | DEBUG    | student_sim | id=371 gold=C | joint={'beginner': 'C', 'intermediate': 'C', 'advanced': 'D'} | isolated={'beginner': 'C', 'intermediate': 'C', 'advanced': 'C'}
2026-09-01 04:50:18 | DEBUG    | student_sim | id=372 gold=B | joint={'beginner': 'B', 'intermediate': 'B', 'advanced': 'A'} | isolated={'beginner': 'B', 'intermediate': 'B', 'advanced': 'B'}
2026-09-01 04:50:20 | DEBUG    | student_sim | id=373 gold=A | joint={'beginner': 'D', 'intermediate': 'A', 'advanced': 'A'} | isolated={'beginner': 'A', 'intermediate': 'A', 'advanced': 'A'}
2026-09-01 04:50:21 | DEBUG    | student_sim | id=374 gold=C | joint={'beginner': 'C', 'intermediate': 'A', 'advanced': 'A'} | isolated={'beginner': 'A', 'intermediate': 'A', 'advanced': 'A'}
2026-09-01 04:50:21 | INFO     | student_sim |   [ 375/ 500]  75.0% | acc B/I/A  join 0.67/0.74/0.44 | isol 0.71/0.81/0.83 | 1.65s/sample | ETA 3.4 min
2026-09-01 04:50:23 | DEBUG    | student_sim | id=375 gold=A | joint={'beginner': 'A', 'intermediate': 'A', 'advanced': 'A'} | isolated={'beginner': 'A', 'intermediate': 'A', 'advanced': 'A'}
2026-09-01 04:50:25 | DEBUG    | student_sim | id=376 gold=B | joint={'beginner': 'C', 'intermediate': 'C', 'advanced': 'B'} | isolated={'beginner': 'C', 'intermediate': 'C', 'advanced': 'C'}
2026-09-01 04:50:26 | DEBUG    | student_sim | id=377 gold=C | joint={'beginner': 'C', 'intermediate': 'B', 'advanced': 'A'} | isolated={'beginner': 'C', 'intermediate': 'C', 'advanced': 'C'}
2026-09-01 04:50:28 | DEBUG    | student_sim | id=378 gold=D | joint={'beginner': 'D', 'intermediate': 'B', 'advanced': 'D'} | isolated={'beginner': 'D', 'intermediate': 'D', 'advanced': 'D'}
2026-09-01 04:50:30 | DEBUG    | student_sim | id=379 gold=C | joint={'beginner': 'C', 'intermediate': 'C', 'advanced': 'B'} | isolated={'beginner': 'C', 'intermediate': 'C', 'advanced': 'C'}
2026-09-01 04:50:31 | DEBUG    | student_sim | id=380 gold=B | joint={'beginner': 'D', 'intermediate': 'B', 'advanced': 'A'} | isolated={'beginner': 'B', 'intermediate': 'B', 'advanced': 'B'}
2026-09-01 04:50:33 | DEBUG    | student_sim | id=381 gold=A | joint={'beginner': 'D', 'intermediate': 'D', 'advanced': 'A'} | isolated={'beginner': 'D', 'intermediate': 'A', 'advanced': 'A'}
2026-09-01 04:50:34 | DEBUG    | student_sim | id=382 gold=D | joint={'beginner': 'C', 'intermediate': 'D', 'advanced': 'D'} | isolated={'beginner': 'D', 'intermediate': 'D', 'advanced': 'D'}
2026-09-01 04:50:36 | DEBUG    | student_sim | id=383 gold=A | joint={'beginner': 'A', 'intermediate': 'C', 'advanced': 'B'} | isolated={'beginner': 'C', 'intermediate': 'C', 'advanced': 'C'}
2026-09-01 04:50:38 | DEBUG    | student_sim | id=384 gold=C | joint={'beginner': 'C', 'intermediate': 'C', 'advanced': 'C'} | isolated={'beginner': 'C', 'intermediate': 'C', 'advanced': 'C'}
2026-09-01 04:50:39 | DEBUG    | student_sim | id=385 gold=A | joint={'beginner': 'A', 'intermediate': 'A', 'advanced': 'A'} | isolated={'beginner': 'A', 'intermediate': 'A', 'advanced': 'A'}
2026-09-01 04:50:41 | DEBUG    | student_sim | id=386 gold=B | joint={'beginner': 'B', 'intermediate': 'C', 'advanced': 'B'} | isolated={'beginner': 'B', 'intermediate': 'B', 'advanced': 'B'}
2026-09-01 04:50:43 | DEBUG    | student_sim | id=387 gold=D | joint={'beginner': 'C', 'intermediate': 'D', 'advanced': 'D'} | isolated={'beginner': 'D', 'intermediate': 'D', 'advanced': 'D'}
2026-09-01 04:50:44 | DEBUG    | student_sim | id=388 gold=C | joint={'beginner': 'D', 'intermediate': 'B', 'advanced': 'C'} | isolated={'beginner': 'B', 'intermediate': 'B', 'advanced': 'B'}
2026-09-01 04:50:46 | DEBUG    | student_sim | id=389 gold=A | joint={'beginner': 'A', 'intermediate': 'A', 'advanced': 'A'} | isolated={'beginner': 'A', 'intermediate': 'A', 'advanced': 'A'}
2026-09-01 04:50:47 | DEBUG    | student_sim | id=390 gold=C | joint={'beginner': 'D', 'intermediate': 'C', 'advanced': 'A'} | isolated={'beginner': 'D', 'intermediate': 'A', 'advanced': 'B'}
2026-09-01 04:50:49 | DEBUG    | student_sim | id=391 gold=B | joint={'beginner': 'D', 'intermediate': 'B', 'advanced': 'A'} | isolated={'beginner': 'D', 'intermediate': 'D', 'advanced': 'D'}
2026-09-01 04:50:51 | DEBUG    | student_sim | id=392 gold=B | joint={'beginner': 'B', 'intermediate': 'B', 'advanced': 'A'} | isolated={'beginner': 'B', 'intermediate': 'B', 'advanced': 'B'}
2026-09-01 04:50:52 | DEBUG    | student_sim | id=393 gold=C | joint={'beginner': 'C', 'intermediate': 'C', 'advanced': 'C'} | isolated={'beginner': 'C', 'intermediate': 'C', 'advanced': 'C'}
2026-09-01 04:50:54 | DEBUG    | student_sim | id=394 gold=A | joint={'beginner': 'A', 'intermediate': 'A', 'advanced': 'D'} | isolated={'beginner': 'A', 'intermediate': 'A', 'advanced': 'A'}
2026-09-01 04:50:56 | DEBUG    | student_sim | id=395 gold=D | joint={'beginner': 'D', 'intermediate': 'D', 'advanced': 'B'} | isolated={'beginner': 'D', 'intermediate': 'D', 'advanced': 'D'}
2026-09-01 04:50:57 | DEBUG    | student_sim | id=396 gold=A | joint={'beginner': 'A', 'intermediate': 'A', 'advanced': 'A'} | isolated={'beginner': 'A', 'intermediate': 'A', 'advanced': 'A'}
2026-09-01 04:50:59 | DEBUG    | student_sim | id=397 gold=A | joint={'beginner': 'A', 'intermediate': 'A', 'advanced': 'C'} | isolated={'beginner': 'A', 'intermediate': 'A', 'advanced': 'C'}
2026-09-01 04:51:01 | DEBUG    | student_sim | id=398 gold=D | joint={'beginner': 'D', 'intermediate': 'A', 'advanced': 'D'} | isolated={'beginner': 'D', 'intermediate': 'A', 'advanced': 'A'}
2026-09-01 04:51:02 | DEBUG    | student_sim | id=399 gold=C | joint={'beginner': 'D', 'intermediate': 'C', 'advanced': 'B'} | isolated={'beginner': 'C', 'intermediate': 'C', 'advanced': 'C'}
2026-09-01 04:51:02 | INFO     | student_sim |   [ 400/ 500]  80.0% | acc B/I/A  join 0.67/0.73/0.45 | isol 0.71/0.80/0.82 | 1.65s/sample | ETA 2.8 min
2026-09-01 04:51:04 | DEBUG    | student_sim | id=400 gold=A | joint={'beginner': 'A', 'intermediate': 'A', 'advanced': 'D'} | isolated={'beginner': 'D', 'intermediate': 'A', 'advanced': 'A'}
2026-09-01 04:51:06 | DEBUG    | student_sim | id=401 gold=B | joint={'beginner': 'B', 'intermediate': 'B', 'advanced': 'C'} | isolated={'beginner': 'B', 'intermediate': 'B', 'advanced': 'B'}
2026-09-01 04:51:07 | DEBUG    | student_sim | id=402 gold=C | joint={'beginner': 'C', 'intermediate': 'B', 'advanced': 'A'} | isolated={'beginner': 'C', 'intermediate': 'C', 'advanced': 'C'}
2026-09-01 04:51:09 | DEBUG    | student_sim | id=403 gold=A | joint={'beginner': 'D', 'intermediate': 'A', 'advanced': 'B'} | isolated={'beginner': 'C', 'intermediate': 'A', 'advanced': 'A'}
2026-09-01 04:51:10 | DEBUG    | student_sim | id=404 gold=D | joint={'beginner': 'D', 'intermediate': 'B', 'advanced': 'A'} | isolated={'beginner': 'D', 'intermediate': 'D', 'advanced': 'D'}
2026-09-01 04:51:12 | DEBUG    | student_sim | id=405 gold=B | joint={'beginner': 'B', 'intermediate': 'B', 'advanced': 'C'} | isolated={'beginner': 'B', 'intermediate': 'A', 'advanced': 'A'}
2026-09-01 04:51:14 | DEBUG    | student_sim | id=406 gold=A | joint={'beginner': 'D', 'intermediate': 'D', 'advanced': 'A'} | isolated={'beginner': 'D', 'intermediate': 'D', 'advanced': 'D'}
2026-09-01 04:51:15 | DEBUG    | student_sim | id=407 gold=B | joint={'beginner': 'B', 'intermediate': 'B', 'advanced': 'C'} | isolated={'beginner': 'B', 'intermediate': 'B', 'advanced': 'B'}
2026-09-01 04:51:17 | DEBUG    | student_sim | id=408 gold=D | joint={'beginner': 'D', 'intermediate': 'B', 'advanced': 'C'} | isolated={'beginner': 'D', 'intermediate': 'D', 'advanced': 'D'}
2026-09-01 04:51:19 | DEBUG    | student_sim | id=409 gold=D | joint={'beginner': 'D', 'intermediate': 'D', 'advanced': 'A'} | isolated={'beginner': 'D', 'intermediate': 'D', 'advanced': 'D'}
2026-09-01 04:51:20 | DEBUG    | student_sim | id=410 gold=D | joint={'beginner': 'D', 'intermediate': 'D', 'advanced': 'C'} | isolated={'beginner': 'D', 'intermediate': 'D', 'advanced': 'D'}
2026-09-01 04:51:22 | DEBUG    | student_sim | id=411 gold=B | joint={'beginner': 'B', 'intermediate': 'B', 'advanced': 'D'} | isolated={'beginner': 'B', 'intermediate': 'B', 'advanced': 'B'}
2026-09-01 04:51:24 | DEBUG    | student_sim | id=412 gold=A | joint={'beginner': 'A', 'intermediate': 'C', 'advanced': 'B'} | isolated={'beginner': 'C', 'intermediate': 'C', 'advanced': 'C'}
2026-09-01 04:51:25 | DEBUG    | student_sim | id=413 gold=B | joint={'beginner': 'B', 'intermediate': 'B', 'advanced': 'D'} | isolated={'beginner': 'D', 'intermediate': 'B', 'advanced': 'B'}
2026-09-01 04:51:27 | DEBUG    | student_sim | id=414 gold=B | joint={'beginner': 'B', 'intermediate': 'B', 'advanced': 'D'} | isolated={'beginner': 'B', 'intermediate': 'B', 'advanced': 'B'}
2026-09-01 04:51:28 | DEBUG    | student_sim | id=415 gold=A | joint={'beginner': 'D', 'intermediate': 'D', 'advanced': 'A'} | isolated={'beginner': 'D', 'intermediate': 'A', 'advanced': 'A'}
2026-09-01 04:51:30 | DEBUG    | student_sim | id=416 gold=A | joint={'beginner': 'D', 'intermediate': 'A', 'advanced': 'A'} | isolated={'beginner': 'D', 'intermediate': 'A', 'advanced': 'A'}
2026-09-01 04:51:32 | DEBUG    | student_sim | id=417 gold=C | joint={'beginner': 'C', 'intermediate': 'C', 'advanced': 'D'} | isolated={'beginner': 'C', 'intermediate': 'C', 'advanced': 'C'}
2026-09-01 04:51:33 | DEBUG    | student_sim | id=418 gold=A | joint={'beginner': 'A', 'intermediate': 'A', 'advanced': 'D'} | isolated={'beginner': 'A', 'intermediate': 'A', 'advanced': 'A'}
2026-09-01 04:51:35 | DEBUG    | student_sim | id=419 gold=C | joint={'beginner': 'D', 'intermediate': 'D', 'advanced': 'C'} | isolated={'beginner': 'C', 'intermediate': 'C', 'advanced': 'C'}
2026-09-01 04:51:37 | DEBUG    | student_sim | id=420 gold=C | joint={'beginner': 'D', 'intermediate': 'D', 'advanced': 'B'} | isolated={'beginner': 'D', 'intermediate': 'D', 'advanced': 'D'}
2026-09-01 04:51:38 | DEBUG    | student_sim | id=421 gold=C | joint={'beginner': 'C', 'intermediate': 'C', 'advanced': 'C'} | isolated={'beginner': 'C', 'intermediate': 'C', 'advanced': 'C'}
2026-09-01 04:51:40 | DEBUG    | student_sim | id=422 gold=C | joint={'beginner': 'A', 'intermediate': 'A', 'advanced': 'A'} | isolated={'beginner': 'A', 'intermediate': 'A', 'advanced': 'A'}
2026-09-01 04:51:42 | DEBUG    | student_sim | id=423 gold=C | joint={'beginner': 'C', 'intermediate': 'B', 'advanced': 'D'} | isolated={'beginner': 'C', 'intermediate': 'C', 'advanced': 'B'}
2026-09-01 04:51:43 | DEBUG    | student_sim | id=424 gold=A | joint={'beginner': 'D', 'intermediate': 'A', 'advanced': 'C'} | isolated={'beginner': 'D', 'intermediate': 'A', 'advanced': 'A'}
2026-09-01 04:51:43 | INFO     | student_sim |   [ 425/ 500]  85.0% | acc B/I/A  join 0.67/0.72/0.43 | isol 0.70/0.80/0.82 | 1.65s/sample | ETA 2.1 min
2026-09-01 04:51:45 | DEBUG    | student_sim | id=425 gold=A | joint={'beginner': 'D', 'intermediate': 'A', 'advanced': 'A'} | isolated={'beginner': 'A', 'intermediate': 'A', 'advanced': 'A'}
2026-09-01 04:51:47 | DEBUG    | student_sim | id=426 gold=C | joint={'beginner': 'C', 'intermediate': 'C', 'advanced': 'B'} | isolated={'beginner': 'C', 'intermediate': 'C', 'advanced': 'C'}
2026-09-01 04:51:48 | DEBUG    | student_sim | id=427 gold=C | joint={'beginner': 'C', 'intermediate': 'C', 'advanced': 'C'} | isolated={'beginner': 'C', 'intermediate': 'C', 'advanced': 'C'}
2026-09-01 04:51:50 | DEBUG    | student_sim | id=428 gold=A | joint={'beginner': 'A', 'intermediate': 'A', 'advanced': 'A'} | isolated={'beginner': 'A', 'intermediate': 'A', 'advanced': 'A'}
2026-09-01 04:51:52 | DEBUG    | student_sim | id=429 gold=C | joint={'beginner': 'C', 'intermediate': 'C', 'advanced': 'C'} | isolated={'beginner': 'C', 'intermediate': 'C', 'advanced': 'C'}
2026-09-01 04:51:53 | DEBUG    | student_sim | id=430 gold=A | joint={'beginner': 'C', 'intermediate': 'C', 'advanced': 'A'} | isolated={'beginner': 'C', 'intermediate': 'A', 'advanced': 'A'}
2026-09-01 04:51:55 | DEBUG    | student_sim | id=431 gold=B | joint={'beginner': 'B', 'intermediate': 'B', 'advanced': 'A'} | isolated={'beginner': 'B', 'intermediate': 'B', 'advanced': 'B'}
2026-09-01 04:51:57 | DEBUG    | student_sim | id=432 gold=B | joint={'beginner': 'D', 'intermediate': 'B', 'advanced': 'B'} | isolated={'beginner': 'B', 'intermediate': 'B', 'advanced': 'B'}
2026-09-01 04:51:58 | DEBUG    | student_sim | id=433 gold=C | joint={'beginner': 'C', 'intermediate': 'C', 'advanced': 'C'} | isolated={'beginner': 'C', 'intermediate': 'C', 'advanced': 'C'}
2026-09-01 04:52:00 | DEBUG    | student_sim | id=434 gold=B | joint={'beginner': 'C', 'intermediate': 'B', 'advanced': 'D'} | isolated={'beginner': 'C', 'intermediate': 'A', 'advanced': 'A'}
2026-09-01 04:52:01 | DEBUG    | student_sim | id=435 gold=C | joint={'beginner': 'C', 'intermediate': 'C', 'advanced': 'D'} | isolated={'beginner': 'C', 'intermediate': 'C', 'advanced': 'C'}
2026-09-01 04:52:03 | DEBUG    | student_sim | id=436 gold=A | joint={'beginner': 'A', 'intermediate': 'A', 'advanced': 'C'} | isolated={'beginner': 'A', 'intermediate': 'C', 'advanced': 'C'}
2026-09-01 04:52:05 | DEBUG    | student_sim | id=437 gold=A | joint={'beginner': 'D', 'intermediate': 'A', 'advanced': 'A'} | isolated={'beginner': 'D', 'intermediate': 'A', 'advanced': 'A'}
2026-09-01 04:52:06 | DEBUG    | student_sim | id=438 gold=A | joint={'beginner': 'D', 'intermediate': 'D', 'advanced': 'A'} | isolated={'beginner': 'D', 'intermediate': 'D', 'advanced': 'D'}
2026-09-01 04:52:08 | DEBUG    | student_sim | id=439 gold=A | joint={'beginner': 'D', 'intermediate': 'D', 'advanced': 'A'} | isolated={'beginner': 'A', 'intermediate': 'A', 'advanced': 'A'}
2026-09-01 04:52:10 | DEBUG    | student_sim | id=440 gold=C | joint={'beginner': 'D', 'intermediate': 'C', 'advanced': 'A'} | isolated={'beginner': 'D', 'intermediate': 'C', 'advanced': 'C'}
2026-09-01 04:52:11 | DEBUG    | student_sim | id=441 gold=C | joint={'beginner': 'C', 'intermediate': 'C', 'advanced': 'D'} | isolated={'beginner': 'C', 'intermediate': 'C', 'advanced': 'C'}
2026-09-01 04:52:13 | DEBUG    | student_sim | id=442 gold=A | joint={'beginner': 'A', 'intermediate': 'A', 'advanced': 'A'} | isolated={'beginner': 'A', 'intermediate': 'A', 'advanced': 'A'}
2026-09-01 04:52:15 | DEBUG    | student_sim | id=443 gold=D | joint={'beginner': 'D', 'intermediate': 'B', 'advanced': 'A'} | isolated={'beginner': 'D', 'intermediate': 'D', 'advanced': 'D'}
2026-09-01 04:52:16 | DEBUG    | student_sim | id=444 gold=D | joint={'beginner': 'D', 'intermediate': 'D', 'advanced': 'A'} | isolated={'beginner': 'D', 'intermediate': 'D', 'advanced': 'D'}
2026-09-01 04:52:18 | DEBUG    | student_sim | id=445 gold=B | joint={'beginner': 'B', 'intermediate': 'B', 'advanced': 'D'} | isolated={'beginner': 'B', 'intermediate': 'B', 'advanced': 'B'}
2026-09-01 04:52:20 | DEBUG    | student_sim | id=446 gold=B | joint={'beginner': 'B', 'intermediate': 'B', 'advanced': 'B'} | isolated={'beginner': 'B', 'intermediate': 'B', 'advanced': 'B'}
2026-09-01 04:52:21 | DEBUG    | student_sim | id=447 gold=D | joint={'beginner': 'B', 'intermediate': 'B', 'advanced': 'D'} | isolated={'beginner': 'D', 'intermediate': 'D', 'advanced': 'D'}
2026-09-01 04:52:23 | DEBUG    | student_sim | id=448 gold=D | joint={'beginner': 'D', 'intermediate': 'D', 'advanced': 'D'} | isolated={'beginner': 'D', 'intermediate': 'D', 'advanced': 'D'}
2026-09-01 04:52:25 | DEBUG    | student_sim | id=449 gold=B | joint={'beginner': 'B', 'intermediate': 'B', 'advanced': 'C'} | isolated={'beginner': 'B', 'intermediate': 'B', 'advanced': 'B'}
2026-09-01 04:52:25 | INFO     | student_sim |   [ 450/ 500]  90.0% | acc B/I/A  join 0.67/0.73/0.44 | isol 0.71/0.81/0.82 | 1.65s/sample | ETA 1.4 min
2026-09-01 04:52:26 | DEBUG    | student_sim | id=450 gold=A | joint={'beginner': 'A', 'intermediate': 'A', 'advanced': 'C'} | isolated={'beginner': 'A', 'intermediate': 'A', 'advanced': 'A'}
2026-09-01 04:52:28 | DEBUG    | student_sim | id=451 gold=B | joint={'beginner': 'B', 'intermediate': 'B', 'advanced': 'C'} | isolated={'beginner': 'B', 'intermediate': 'B', 'advanced': 'B'}
2026-09-01 04:52:30 | DEBUG    | student_sim | id=452 gold=A | joint={'beginner': 'C', 'intermediate': 'D', 'advanced': 'A'} | isolated={'beginner': 'D', 'intermediate': 'D', 'advanced': 'D'}
2026-09-01 04:52:31 | DEBUG    | student_sim | id=453 gold=A | joint={'beginner': 'A', 'intermediate': 'A', 'advanced': 'A'} | isolated={'beginner': 'A', 'intermediate': 'A', 'advanced': 'A'}
2026-09-01 04:52:33 | DEBUG    | student_sim | id=454 gold=B | joint={'beginner': 'B', 'intermediate': 'B', 'advanced': 'C'} | isolated={'beginner': 'B', 'intermediate': 'B', 'advanced': 'B'}
2026-09-01 04:52:34 | DEBUG    | student_sim | id=455 gold=D | joint={'beginner': 'C', 'intermediate': 'D', 'advanced': 'D'} | isolated={'beginner': 'D', 'intermediate': 'D', 'advanced': 'D'}
2026-09-01 04:52:36 | DEBUG    | student_sim | id=456 gold=B | joint={'beginner': 'C', 'intermediate': 'B', 'advanced': 'B'} | isolated={'beginner': 'C', 'intermediate': 'B', 'advanced': 'B'}
2026-09-01 04:52:38 | DEBUG    | student_sim | id=457 gold=B | joint={'beginner': 'C', 'intermediate': 'B', 'advanced': 'C'} | isolated={'beginner': 'C', 'intermediate': 'B', 'advanced': 'B'}
2026-09-01 04:52:39 | DEBUG    | student_sim | id=458 gold=C | joint={'beginner': 'A', 'intermediate': 'C', 'advanced': 'D'} | isolated={'beginner': 'C', 'intermediate': 'C', 'advanced': 'C'}
2026-09-01 04:52:41 | DEBUG    | student_sim | id=459 gold=D | joint={'beginner': 'D', 'intermediate': 'A', 'advanced': 'D'} | isolated={'beginner': 'D', 'intermediate': 'D', 'advanced': 'D'}
2026-09-01 04:52:43 | DEBUG    | student_sim | id=460 gold=B | joint={'beginner': 'B', 'intermediate': 'B', 'advanced': 'D'} | isolated={'beginner': 'B', 'intermediate': 'B', 'advanced': 'B'}
2026-09-01 04:52:44 | DEBUG    | student_sim | id=461 gold=C | joint={'beginner': 'D', 'intermediate': 'C', 'advanced': 'C'} | isolated={'beginner': 'C', 'intermediate': 'C', 'advanced': 'C'}
2026-09-01 04:52:46 | DEBUG    | student_sim | id=462 gold=C | joint={'beginner': 'B', 'intermediate': 'C', 'advanced': 'C'} | isolated={'beginner': 'C', 'intermediate': 'C', 'advanced': 'C'}
2026-09-01 04:52:48 | DEBUG    | student_sim | id=463 gold=A | joint={'beginner': 'A', 'intermediate': 'A', 'advanced': 'A'} | isolated={'beginner': 'A', 'intermediate': 'A', 'advanced': 'A'}
2026-09-01 04:52:49 | DEBUG    | student_sim | id=464 gold=C | joint={'beginner': 'C', 'intermediate': 'C', 'advanced': 'D'} | isolated={'beginner': 'C', 'intermediate': 'C', 'advanced': 'C'}
2026-09-01 04:52:51 | DEBUG    | student_sim | id=465 gold=C | joint={'beginner': 'D', 'intermediate': 'C', 'advanced': 'B'} | isolated={'beginner': 'C', 'intermediate': 'C', 'advanced': 'C'}
2026-09-01 04:52:52 | DEBUG    | student_sim | id=466 gold=C | joint={'beginner': 'C', 'intermediate': 'C', 'advanced': 'B'} | isolated={'beginner': 'C', 'intermediate': 'C', 'advanced': 'C'}
2026-09-01 04:52:54 | DEBUG    | student_sim | id=467 gold=C | joint={'beginner': 'C', 'intermediate': 'C', 'advanced': 'B'} | isolated={'beginner': 'C', 'intermediate': 'C', 'advanced': 'C'}
2026-09-01 04:52:56 | DEBUG    | student_sim | id=468 gold=B | joint={'beginner': 'B', 'intermediate': 'B', 'advanced': 'A'} | isolated={'beginner': 'B', 'intermediate': 'B', 'advanced': 'B'}
2026-09-01 04:52:57 | DEBUG    | student_sim | id=469 gold=A | joint={'beginner': 'A', 'intermediate': 'C', 'advanced': 'A'} | isolated={'beginner': 'A', 'intermediate': 'A', 'advanced': 'A'}
2026-09-01 04:52:59 | DEBUG    | student_sim | id=470 gold=B | joint={'beginner': 'B', 'intermediate': 'B', 'advanced': 'C'} | isolated={'beginner': 'B', 'intermediate': 'B', 'advanced': 'B'}
2026-09-01 04:53:01 | DEBUG    | student_sim | id=471 gold=B | joint={'beginner': 'B', 'intermediate': 'B', 'advanced': 'A'} | isolated={'beginner': 'B', 'intermediate': 'B', 'advanced': 'B'}
2026-09-01 04:53:02 | DEBUG    | student_sim | id=472 gold=C | joint={'beginner': 'C', 'intermediate': 'D', 'advanced': 'A'} | isolated={'beginner': 'C', 'intermediate': 'C', 'advanced': 'C'}
2026-09-01 04:53:04 | DEBUG    | student_sim | id=473 gold=B | joint={'beginner': 'C', 'intermediate': 'D', 'advanced': 'B'} | isolated={'beginner': 'B', 'intermediate': 'B', 'advanced': 'B'}
2026-09-01 04:53:06 | DEBUG    | student_sim | id=474 gold=D | joint={'beginner': 'D', 'intermediate': 'D', 'advanced': 'C'} | isolated={'beginner': 'D', 'intermediate': 'D', 'advanced': 'D'}
2026-09-01 04:53:06 | INFO     | student_sim |   [ 475/ 500]  95.0% | acc B/I/A  join 0.67/0.73/0.44 | isol 0.72/0.81/0.83 | 1.65s/sample | ETA 0.7 min
2026-09-01 04:53:07 | DEBUG    | student_sim | id=475 gold=D | joint={'beginner': 'D', 'intermediate': 'C', 'advanced': 'A'} | isolated={'beginner': 'A', 'intermediate': 'A', 'advanced': 'A'}
2026-09-01 04:53:09 | DEBUG    | student_sim | id=476 gold=C | joint={'beginner': 'C', 'intermediate': 'C', 'advanced': 'C'} | isolated={'beginner': 'C', 'intermediate': 'C', 'advanced': 'C'}
2026-09-01 04:53:11 | DEBUG    | student_sim | id=477 gold=C | joint={'beginner': 'C', 'intermediate': 'C', 'advanced': 'A'} | isolated={'beginner': 'C', 'intermediate': 'C', 'advanced': 'C'}
2026-09-01 04:53:12 | DEBUG    | student_sim | id=478 gold=B | joint={'beginner': 'B', 'intermediate': 'B', 'advanced': 'A'} | isolated={'beginner': 'B', 'intermediate': 'B', 'advanced': 'B'}
2026-09-01 04:53:14 | DEBUG    | student_sim | id=479 gold=A | joint={'beginner': 'D', 'intermediate': 'D', 'advanced': 'D'} | isolated={'beginner': 'D', 'intermediate': 'D', 'advanced': 'D'}
2026-09-01 04:53:16 | DEBUG    | student_sim | id=480 gold=D | joint={'beginner': 'D', 'intermediate': 'D', 'advanced': 'D'} | isolated={'beginner': 'D', 'intermediate': 'D', 'advanced': 'D'}
2026-09-01 04:53:17 | DEBUG    | student_sim | id=481 gold=A | joint={'beginner': 'D', 'intermediate': 'B', 'advanced': 'A'} | isolated={'beginner': 'A', 'intermediate': 'A', 'advanced': 'B'}
2026-09-01 04:53:19 | DEBUG    | student_sim | id=482 gold=D | joint={'beginner': 'A', 'intermediate': 'C', 'advanced': 'D'} | isolated={'beginner': 'B', 'intermediate': 'C', 'advanced': 'C'}
2026-09-01 04:53:21 | DEBUG    | student_sim | id=483 gold=B | joint={'beginner': 'B', 'intermediate': 'B', 'advanced': 'D'} | isolated={'beginner': 'B', 'intermediate': 'B', 'advanced': 'B'}
2026-09-01 04:53:23 | DEBUG    | student_sim | id=484 gold=C | joint={'beginner': 'C', 'intermediate': 'C', 'advanced': 'D'} | isolated={'beginner': 'C', 'intermediate': 'C', 'advanced': 'C'}
2026-09-01 04:53:24 | DEBUG    | student_sim | id=485 gold=C | joint={'beginner': 'D', 'intermediate': 'C', 'advanced': 'B'} | isolated={'beginner': 'C', 'intermediate': 'A', 'advanced': 'A'}
2026-09-01 04:53:26 | DEBUG    | student_sim | id=486 gold=B | joint={'beginner': 'B', 'intermediate': 'B', 'advanced': 'B'} | isolated={'beginner': 'B', 'intermediate': 'B', 'advanced': 'B'}
2026-09-01 04:53:28 | DEBUG    | student_sim | id=487 gold=D | joint={'beginner': 'C', 'intermediate': 'B', 'advanced': 'D'} | isolated={'beginner': 'B', 'intermediate': 'D', 'advanced': 'B'}
2026-09-01 04:53:29 | DEBUG    | student_sim | id=488 gold=B | joint={'beginner': 'D', 'intermediate': 'D', 'advanced': 'B'} | isolated={'beginner': 'D', 'intermediate': 'B', 'advanced': 'B'}
2026-09-01 04:53:31 | DEBUG    | student_sim | id=489 gold=B | joint={'beginner': 'B', 'intermediate': 'B', 'advanced': 'C'} | isolated={'beginner': 'B', 'intermediate': 'B', 'advanced': 'B'}
2026-09-01 04:53:32 | DEBUG    | student_sim | id=490 gold=A | joint={'beginner': 'A', 'intermediate': 'A', 'advanced': 'A'} | isolated={'beginner': 'A', 'intermediate': 'A', 'advanced': 'A'}
2026-09-01 04:53:34 | DEBUG    | student_sim | id=491 gold=A | joint={'beginner': 'D', 'intermediate': 'C', 'advanced': 'A'} | isolated={'beginner': 'B', 'intermediate': 'A', 'advanced': 'A'}
2026-09-01 04:53:36 | DEBUG    | student_sim | id=492 gold=C | joint={'beginner': 'C', 'intermediate': 'C', 'advanced': 'B'} | isolated={'beginner': 'C', 'intermediate': 'C', 'advanced': 'C'}
2026-09-01 04:53:38 | DEBUG    | student_sim | id=493 gold=C | joint={'beginner': 'C', 'intermediate': 'C', 'advanced': 'B'} | isolated={'beginner': 'C', 'intermediate': 'C', 'advanced': 'C'}
2026-09-01 04:53:40 | DEBUG    | student_sim | id=494 gold=A | joint={'beginner': 'C', 'intermediate': 'A', 'advanced': 'A'} | isolated={'beginner': 'B', 'intermediate': 'A', 'advanced': 'A'}
2026-09-01 04:53:41 | DEBUG    | student_sim | id=495 gold=A | joint={'beginner': 'A', 'intermediate': 'A', 'advanced': 'B'} | isolated={'beginner': 'B', 'intermediate': 'B', 'advanced': 'B'}
2026-09-01 04:53:43 | DEBUG    | student_sim | id=496 gold=C | joint={'beginner': 'C', 'intermediate': 'C', 'advanced': 'B'} | isolated={'beginner': 'C', 'intermediate': 'C', 'advanced': 'C'}
2026-09-01 04:53:45 | DEBUG    | student_sim | id=497 gold=C | joint={'beginner': 'C', 'intermediate': 'C', 'advanced': 'D'} | isolated={'beginner': 'C', 'intermediate': 'C', 'advanced': 'C'}
2026-09-01 04:53:46 | DEBUG    | student_sim | id=498 gold=B | joint={'beginner': 'D', 'intermediate': 'B', 'advanced': 'B'} | isolated={'beginner': 'B', 'intermediate': 'B', 'advanced': 'B'}
2026-09-01 04:53:48 | DEBUG    | student_sim | id=499 gold=C | joint={'beginner': 'C', 'intermediate': 'C', 'advanced': 'D'} | isolated={'beginner': 'C', 'intermediate': 'C', 'advanced': 'C'}
2026-09-01 04:53:48 | INFO     | student_sim |   [ 500/ 500] 100.0% | acc B/I/A  join 0.66/0.73/0.44 | isol 0.72/0.81/0.82 | 1.65s/sample | ETA 0.0 min
2026-09-01 04:53:48 | INFO     | student_sim | 
2026-09-01 04:53:48 | INFO     | student_sim |   OBQA -- ACCURACY STRATIFICATION
2026-09-01 04:53:48 | INFO     | student_sim |   ------------------------------------------------------------------------------------------------
2026-09-01 04:53:48 | INFO     | student_sim |     paradigm     beginner   intermediate       advanced        gap   monotone
2026-09-01 04:53:48 | INFO     | student_sim |     joint          0.6640         0.7320         0.4360    -0.2280         NO
2026-09-01 04:53:48 | INFO     | student_sim |     isolated       0.7160         0.8140         0.8240     0.1080        yes
2026-09-01 04:53:48 | INFO     | student_sim |     gap(joint) - gap(isolated) = -0.3360
2026-09-01 04:53:48 | INFO     | student_sim | 
2026-09-01 04:53:48 | INFO     | student_sim |     joint scaffold differentiation pressure (order beginner -> intermediate -> advanced)
2026-09-01 04:53:48 | INFO     | student_sim |       all three tiers distinct        : 0.152 (chance if independent: 0.375)
2026-09-01 04:53:48 | INFO     | student_sim |       last tier (advanced) breaks a tie : 0.721  over 341 agreeing questions
2026-09-01 04:53:48 | INFO     | student_sim |       those breaks that are wrong     : 0.854
2026-09-01 04:53:48 | INFO     | student_sim |       breaks away from correct answer : 0.780
2026-09-01 04:53:48 | INFO     | student_sim | 
2026-09-01 04:53:48 | INFO     | student_sim |     trap-hit rate among errors (random distractor baseline = 0.333)
2026-09-01 04:53:48 | INFO     | student_sim |       joint     beginner      longest 0.337 (n=  89) | stem-overlap 0.462 (n= 13) | lookalike 0.349 (n= 126)
2026-09-01 04:53:48 | INFO     | student_sim |       joint     intermediate  longest 0.347 (n=  75) | stem-overlap 0.667 (n=  9) | lookalike 0.245 (n= 102)
2026-09-01 04:53:48 | INFO     | student_sim |       joint     advanced      longest 0.368 (n= 155) | stem-overlap 0.481 (n= 27) | lookalike 0.304 (n= 214)
2026-09-01 04:53:48 | INFO     | student_sim |       isolated  beginner      longest 0.328 (n=  67) | stem-overlap 0.538 (n= 13) | lookalike 0.224 (n= 107)
2026-09-01 04:53:48 | INFO     | student_sim |       isolated  intermediate  longest 0.412 (n=  51) | stem-overlap 0.429 (n=  7) | lookalike 0.281 (n=  64)
2026-09-01 04:53:48 | INFO     | student_sim |       isolated  advanced      longest 0.400 (n=  45) | stem-overlap 0.429 (n=  7) | lookalike 0.302 (n=  63)
2026-09-01 04:53:48 | INFO     | student_sim |   ------------------------------------------------------------------------------------------------
2026-09-01 04:53:48 | INFO     | student_sim |   wrote /home/nghben/Downloads/research/fsds/experiment/results/student_simulation/results_persona_simulation_obqa.json
2026-09-01 04:53:48 | INFO     | student_sim | 
2026-09-01 04:53:48 | INFO     | student_sim | ====================================================================================================
2026-09-01 04:53:48 | INFO     | student_sim | SUMMARY -- accuracy by ability tier (zero context)
2026-09-01 04:53:48 | INFO     | student_sim | ====================================================================================================
2026-09-01 04:53:48 | INFO     | student_sim |   dataset  paradigm     beginner   intermediate       advanced        gap
2026-09-01 04:53:48 | INFO     | student_sim |   sciq     joint          0.5283         0.8869         0.8699     0.3416
2026-09-01 04:53:48 | INFO     | student_sim |   sciq     isolated       0.9197         0.9548         0.9559     0.0362
2026-09-01 04:53:48 | INFO     | student_sim |   obqa     joint          0.6640         0.7320         0.4360    -0.2280
2026-09-01 04:53:48 | INFO     | student_sim |   obqa     isolated       0.7160         0.8140         0.8240     0.1080
2026-09-01 04:53:48 | INFO     | student_sim | 
2026-09-01 04:53:48 | INFO     | student_sim | Results sciq  : /home/nghben/Downloads/research/fsds/experiment/results/student_simulation/results_persona_simulation_sciq.json
2026-09-01 04:53:48 | INFO     | student_sim | Results obqa  : /home/nghben/Downloads/research/fsds/experiment/results/student_simulation/results_persona_simulation_obqa.json
2026-09-01 04:53:48 | INFO     | student_sim | Log           : /home/nghben/Downloads/research/fsds/experiment/results/student_simulation/student_simulation.log
2026-09-01 04:53:48 | INFO     | student_sim | Runtime       : 40.4 min
2026-09-01 04:53:48 | INFO     | student_sim | Done.
