2026-09-20 09:04:06 | INFO     | student_sim | ====================================================================================================
2026-09-20 09:04:06 | INFO     | student_sim | PERSONA-CONDITIONED STUDENT SIMULATION -- zero context (Setting A / no fact)
2026-09-20 09:04:06 | INFO     | student_sim | ====================================================================================================
2026-09-20 09:04:06 | INFO     | student_sim | Workspace   : /kaggle/temp/qwen25_persona_project
2026-09-20 09:04:06 | INFO     | student_sim | Model path  : /kaggle/temp/Qwen2.5-7B-Instruct
2026-09-20 09:04:06 | INFO     | student_sim | Python      : 3.12.13
2026-09-20 09:04:06 | INFO     | student_sim | Platform    : Linux-6.12.90+-x86_64-with-glibc2.35
2026-09-20 09:04:06 | INFO     | student_sim | torch       : 2.10.0+cu128 (cuda True)
2026-09-20 09:04:06 | INFO     | student_sim | GPU         : Tesla T4 (14.56 GB)
2026-09-20 09:04:06 | INFO     | student_sim | Datasets    : sciq, obqa
2026-09-20 09:04:06 | INFO     | student_sim | Paradigms   : joint, isolated
2026-09-20 09:04:06 | INFO     | student_sim | Tiers       : beginner, intermediate, advanced
2026-09-20 09:04:06 | INFO     | student_sim | Limit       : none (full split)
2026-09-20 09:04:06 | INFO     | student_sim | 
2026-09-20 09:04:25 | INFO     | numexpr.utils | NumExpr defaulting to 4 threads.
2026-09-20 09:04:26 | INFO     | student_sim | Loading tokenizer from /kaggle/temp/Qwen2.5-7B-Instruct
2026-09-20 09:04:27 | INFO     | student_sim | Quantisation : 4-bit NF4, compute dtype float16, double_quant=False
2026-09-20 09:05:02 | INFO     | student_sim | Loaded in 35.3s | 4.35B parameters (packed)
2026-09-20 09:05:02 | INFO     | student_sim | VRAM after load: 5.45 GB allocated / 5.63 GB reserved of 14.56 GB total
2026-09-20 09:05:02 | INFO     | student_sim | Resolving option-letter token ids ...
2026-09-20 09:05:02 | DEBUG    | student_sim |   letter A -> token ids [32, 362]
2026-09-20 09:05:02 | DEBUG    | student_sim |   letter B -> token ids [33, 425]
2026-09-20 09:05:02 | DEBUG    | student_sim |   letter C -> token ids [34, 356]
2026-09-20 09:05:02 | DEBUG    | student_sim |   letter D -> token ids [35, 422]
2026-09-20 09:05:02 | INFO     | student_sim |   {'A': [32, 362], 'B': [33, 425], 'C': [34, 356], 'D': [35, 422]}
2026-09-20 09:05:02 | INFO     | student_sim | 
2026-09-20 09:05:02 | INFO     | student_sim | ====================================================================================================
2026-09-20 09:05:02 | INFO     | student_sim | DATASET SCIQ (allenai/sciq, test) -- 884 samples, zero-context (no passage)
2026-09-20 09:05:02 | INFO     | student_sim |   file      : /kaggle/temp/qwen25_persona_project/datasets/sciq/sciq_test_full.json
2026-09-20 09:05:02 | INFO     | student_sim |   paradigms : joint, isolated
2026-09-20 09:05:02 | INFO     | student_sim |   joint order: beginner -> intermediate -> advanced
2026-09-20 09:05:02 | INFO     | student_sim | ====================================================================================================
2026-09-20 09:05:05 | DEBUG    | student_sim | id=0 gold=D | joint={'beginner': 'A', 'intermediate': 'D', 'advanced': 'D'} | isolated={'beginner': 'D', 'intermediate': 'D', 'advanced': 'D'}
2026-09-20 09:05:07 | DEBUG    | student_sim | id=1 gold=C | joint={'beginner': 'C', 'intermediate': 'C', 'advanced': 'C'} | isolated={'beginner': 'C', 'intermediate': 'C', 'advanced': 'C'}
2026-09-20 09:05:09 | DEBUG    | student_sim | id=2 gold=D | joint={'beginner': 'A', 'intermediate': 'D', 'advanced': 'D'} | isolated={'beginner': 'A', 'intermediate': 'A', 'advanced': 'D'}
2026-09-20 09:05:11 | DEBUG    | student_sim | id=3 gold=C | joint={'beginner': 'A', 'intermediate': 'C', 'advanced': 'C'} | isolated={'beginner': 'C', 'intermediate': 'C', 'advanced': 'C'}
2026-09-20 09:05:14 | DEBUG    | student_sim | id=4 gold=D | joint={'beginner': 'D', 'intermediate': 'D', 'advanced': 'D'} | isolated={'beginner': 'D', 'intermediate': 'D', 'advanced': 'D'}
2026-09-20 09:05:16 | DEBUG    | student_sim | id=5 gold=D | joint={'beginner': 'A', 'intermediate': 'D', 'advanced': 'D'} | isolated={'beginner': 'D', 'intermediate': 'A', 'advanced': 'D'}
2026-09-20 09:05:18 | DEBUG    | student_sim | id=6 gold=C | joint={'beginner': 'C', 'intermediate': 'C', 'advanced': 'C'} | isolated={'beginner': 'C', 'intermediate': 'C', 'advanced': 'C'}
2026-09-20 09:05:20 | DEBUG    | student_sim | id=7 gold=C | joint={'beginner': 'C', 'intermediate': 'C', 'advanced': 'C'} | isolated={'beginner': 'C', 'intermediate': 'C', 'advanced': 'C'}
2026-09-20 09:05:23 | DEBUG    | student_sim | id=8 gold=A | joint={'beginner': 'A', 'intermediate': 'A', 'advanced': 'A'} | isolated={'beginner': 'A', 'intermediate': 'A', 'advanced': 'A'}
2026-09-20 09:05:25 | DEBUG    | student_sim | id=9 gold=C | joint={'beginner': 'C', 'intermediate': 'C', 'advanced': 'C'} | isolated={'beginner': 'C', 'intermediate': 'C', 'advanced': 'C'}
2026-09-20 09:05:27 | DEBUG    | student_sim | id=10 gold=D | joint={'beginner': 'A', 'intermediate': 'D', 'advanced': 'D'} | isolated={'beginner': 'D', 'intermediate': 'D', 'advanced': 'D'}
2026-09-20 09:05:30 | DEBUG    | student_sim | id=11 gold=D | joint={'beginner': 'A', 'intermediate': 'D', 'advanced': 'D'} | isolated={'beginner': 'D', 'intermediate': 'D', 'advanced': 'D'}
2026-09-20 09:05:32 | DEBUG    | student_sim | id=12 gold=C | joint={'beginner': 'C', 'intermediate': 'C', 'advanced': 'C'} | isolated={'beginner': 'C', 'intermediate': 'C', 'advanced': 'C'}
2026-09-20 09:05:34 | DEBUG    | student_sim | id=13 gold=D | joint={'beginner': 'A', 'intermediate': 'D', 'advanced': 'D'} | isolated={'beginner': 'D', 'intermediate': 'D', 'advanced': 'D'}
2026-09-20 09:05:37 | DEBUG    | student_sim | id=14 gold=A | joint={'beginner': 'A', 'intermediate': 'A', 'advanced': 'A'} | isolated={'beginner': 'A', 'intermediate': 'A', 'advanced': 'A'}
2026-09-20 09:05:39 | DEBUG    | student_sim | id=15 gold=B | joint={'beginner': 'C', 'intermediate': 'B', 'advanced': 'B'} | isolated={'beginner': 'B', 'intermediate': 'B', 'advanced': 'B'}
2026-09-20 09:05:41 | DEBUG    | student_sim | id=16 gold=D | joint={'beginner': 'A', 'intermediate': 'D', 'advanced': 'D'} | isolated={'beginner': 'B', 'intermediate': 'B', 'advanced': 'B'}
2026-09-20 09:05:44 | DEBUG    | student_sim | id=17 gold=C | joint={'beginner': 'A', 'intermediate': 'A', 'advanced': 'A'} | isolated={'beginner': 'A', 'intermediate': 'A', 'advanced': 'A'}
2026-09-20 09:05:46 | DEBUG    | student_sim | id=18 gold=D | joint={'beginner': 'A', 'intermediate': 'B', 'advanced': 'B'} | isolated={'beginner': 'B', 'intermediate': 'B', 'advanced': 'B'}
2026-09-20 09:05:49 | DEBUG    | student_sim | id=19 gold=A | joint={'beginner': 'A', 'intermediate': 'A', 'advanced': 'A'} | isolated={'beginner': 'A', 'intermediate': 'A', 'advanced': 'A'}
2026-09-20 09:05:51 | DEBUG    | student_sim | id=20 gold=A | joint={'beginner': 'A', 'intermediate': 'A', 'advanced': 'A'} | isolated={'beginner': 'A', 'intermediate': 'A', 'advanced': 'A'}
2026-09-20 09:05:54 | DEBUG    | student_sim | id=21 gold=A | joint={'beginner': 'B', 'intermediate': 'A', 'advanced': 'A'} | isolated={'beginner': 'A', 'intermediate': 'A', 'advanced': 'A'}
2026-09-20 09:05:56 | DEBUG    | student_sim | id=22 gold=D | joint={'beginner': 'D', 'intermediate': 'D', 'advanced': 'D'} | isolated={'beginner': 'D', 'intermediate': 'D', 'advanced': 'D'}
2026-09-20 09:05:59 | DEBUG    | student_sim | id=23 gold=C | joint={'beginner': 'C', 'intermediate': 'C', 'advanced': 'C'} | isolated={'beginner': 'C', 'intermediate': 'C', 'advanced': 'C'}
2026-09-20 09:06:02 | DEBUG    | student_sim | id=24 gold=B | joint={'beginner': 'A', 'intermediate': 'A', 'advanced': 'A'} | isolated={'beginner': 'A', 'intermediate': 'A', 'advanced': 'A'}
2026-09-20 09:06:04 | DEBUG    | student_sim | id=25 gold=C | joint={'beginner': 'C', 'intermediate': 'D', 'advanced': 'C'} | isolated={'beginner': 'C', 'intermediate': 'D', 'advanced': 'D'}
2026-09-20 09:06:07 | DEBUG    | student_sim | id=26 gold=D | joint={'beginner': 'A', 'intermediate': 'D', 'advanced': 'D'} | isolated={'beginner': 'D', 'intermediate': 'D', 'advanced': 'D'}
2026-09-20 09:06:10 | DEBUG    | student_sim | id=27 gold=C | joint={'beginner': 'B', 'intermediate': 'C', 'advanced': 'C'} | isolated={'beginner': 'B', 'intermediate': 'B', 'advanced': 'C'}
2026-09-20 09:06:12 | DEBUG    | student_sim | id=28 gold=C | joint={'beginner': 'A', 'intermediate': 'C', 'advanced': 'C'} | isolated={'beginner': 'C', 'intermediate': 'C', 'advanced': 'C'}
2026-09-20 09:06:15 | DEBUG    | student_sim | id=29 gold=A | joint={'beginner': 'A', 'intermediate': 'A', 'advanced': 'A'} | isolated={'beginner': 'A', 'intermediate': 'A', 'advanced': 'A'}
2026-09-20 09:06:18 | DEBUG    | student_sim | id=30 gold=B | joint={'beginner': 'A', 'intermediate': 'B', 'advanced': 'B'} | isolated={'beginner': 'B', 'intermediate': 'B', 'advanced': 'B'}
2026-09-20 09:06:21 | DEBUG    | student_sim | id=31 gold=A | joint={'beginner': 'A', 'intermediate': 'A', 'advanced': 'A'} | isolated={'beginner': 'A', 'intermediate': 'A', 'advanced': 'A'}
2026-09-20 09:06:24 | DEBUG    | student_sim | id=32 gold=A | joint={'beginner': 'A', 'intermediate': 'A', 'advanced': 'A'} | isolated={'beginner': 'A', 'intermediate': 'A', 'advanced': 'A'}
2026-09-20 09:06:26 | DEBUG    | student_sim | id=33 gold=C | joint={'beginner': 'A', 'intermediate': 'C', 'advanced': 'C'} | isolated={'beginner': 'C', 'intermediate': 'C', 'advanced': 'C'}
2026-09-20 09:06:29 | DEBUG    | student_sim | id=34 gold=C | joint={'beginner': 'A', 'intermediate': 'C', 'advanced': 'C'} | isolated={'beginner': 'C', 'intermediate': 'C', 'advanced': 'C'}
2026-09-20 09:06:32 | DEBUG    | student_sim | id=35 gold=D | joint={'beginner': 'C', 'intermediate': 'D', 'advanced': 'D'} | isolated={'beginner': 'D', 'intermediate': 'D', 'advanced': 'D'}
2026-09-20 09:06:35 | DEBUG    | student_sim | id=36 gold=B | joint={'beginner': 'B', 'intermediate': 'B', 'advanced': 'B'} | isolated={'beginner': 'B', 'intermediate': 'B', 'advanced': 'B'}
2026-09-20 09:06:38 | DEBUG    | student_sim | id=37 gold=A | joint={'beginner': 'A', 'intermediate': 'A', 'advanced': 'A'} | isolated={'beginner': 'A', 'intermediate': 'A', 'advanced': 'A'}
2026-09-20 09:06:42 | DEBUG    | student_sim | id=38 gold=B | joint={'beginner': 'B', 'intermediate': 'A', 'advanced': 'A'} | isolated={'beginner': 'A', 'intermediate': 'A', 'advanced': 'A'}
2026-09-20 09:06:45 | DEBUG    | student_sim | id=39 gold=D | joint={'beginner': 'A', 'intermediate': 'D', 'advanced': 'D'} | isolated={'beginner': 'D', 'intermediate': 'D', 'advanced': 'D'}
2026-09-20 09:06:48 | DEBUG    | student_sim | id=40 gold=C | joint={'beginner': 'A', 'intermediate': 'C', 'advanced': 'C'} | isolated={'beginner': 'C', 'intermediate': 'C', 'advanced': 'C'}
2026-09-20 09:06:51 | DEBUG    | student_sim | id=41 gold=C | joint={'beginner': 'C', 'intermediate': 'C', 'advanced': 'A'} | isolated={'beginner': 'C', 'intermediate': 'C', 'advanced': 'C'}
2026-09-20 09:06:54 | DEBUG    | student_sim | id=42 gold=D | joint={'beginner': 'B', 'intermediate': 'D', 'advanced': 'D'} | isolated={'beginner': 'D', 'intermediate': 'D', 'advanced': 'D'}
2026-09-20 09:06:57 | DEBUG    | student_sim | id=43 gold=B | joint={'beginner': 'A', 'intermediate': 'B', 'advanced': 'B'} | isolated={'beginner': 'B', 'intermediate': 'B', 'advanced': 'B'}
2026-09-20 09:06:57 | INFO     | student_sim |   [  44/ 884]   5.0% | acc B/I/A  join 0.45/0.89/0.89 | isol 0.84/0.80/0.86 | 2.62s/sample | ETA 36.7 min
2026-09-20 09:07:01 | DEBUG    | student_sim | id=44 gold=B | joint={'beginner': 'C', 'intermediate': 'B', 'advanced': 'B'} | isolated={'beginner': 'B', 'intermediate': 'B', 'advanced': 'B'}
2026-09-20 09:07:04 | DEBUG    | student_sim | id=45 gold=B | joint={'beginner': 'B', 'intermediate': 'B', 'advanced': 'B'} | isolated={'beginner': 'B', 'intermediate': 'B', 'advanced': 'B'}
2026-09-20 09:07:07 | DEBUG    | student_sim | id=46 gold=D | joint={'beginner': 'B', 'intermediate': 'B', 'advanced': 'B'} | isolated={'beginner': 'C', 'intermediate': 'C', 'advanced': 'C'}
2026-09-20 09:07:10 | DEBUG    | student_sim | id=47 gold=C | joint={'beginner': 'C', 'intermediate': 'C', 'advanced': 'C'} | isolated={'beginner': 'C', 'intermediate': 'C', 'advanced': 'C'}
2026-09-20 09:07:12 | DEBUG    | student_sim | id=48 gold=B | joint={'beginner': 'A', 'intermediate': 'B', 'advanced': 'B'} | isolated={'beginner': 'B', 'intermediate': 'B', 'advanced': 'B'}
2026-09-20 09:07:15 | DEBUG    | student_sim | id=49 gold=D | joint={'beginner': 'C', 'intermediate': 'D', 'advanced': 'D'} | isolated={'beginner': 'D', 'intermediate': 'D', 'advanced': 'D'}
2026-09-20 09:07:18 | DEBUG    | student_sim | id=50 gold=D | joint={'beginner': 'A', 'intermediate': 'D', 'advanced': 'D'} | isolated={'beginner': 'D', 'intermediate': 'D', 'advanced': 'D'}
2026-09-20 09:07:21 | DEBUG    | student_sim | id=51 gold=D | joint={'beginner': 'A', 'intermediate': 'D', 'advanced': 'D'} | isolated={'beginner': 'D', 'intermediate': 'D', 'advanced': 'D'}
2026-09-20 09:07:24 | DEBUG    | student_sim | id=52 gold=A | joint={'beginner': 'A', 'intermediate': 'C', 'advanced': 'C'} | isolated={'beginner': 'C', 'intermediate': 'C', 'advanced': 'A'}
2026-09-20 09:07:27 | DEBUG    | student_sim | id=53 gold=A | joint={'beginner': 'D', 'intermediate': 'A', 'advanced': 'A'} | isolated={'beginner': 'A', 'intermediate': 'A', 'advanced': 'A'}
2026-09-20 09:07:30 | DEBUG    | student_sim | id=54 gold=B | joint={'beginner': 'A', 'intermediate': 'B', 'advanced': 'B'} | isolated={'beginner': 'B', 'intermediate': 'B', 'advanced': 'B'}
2026-09-20 09:07:32 | DEBUG    | student_sim | id=55 gold=A | joint={'beginner': 'A', 'intermediate': 'A', 'advanced': 'A'} | isolated={'beginner': 'A', 'intermediate': 'A', 'advanced': 'A'}
2026-09-20 09:07:35 | DEBUG    | student_sim | id=56 gold=A | joint={'beginner': 'A', 'intermediate': 'A', 'advanced': 'A'} | isolated={'beginner': 'A', 'intermediate': 'A', 'advanced': 'A'}
2026-09-20 09:07:38 | DEBUG    | student_sim | id=57 gold=D | joint={'beginner': 'B', 'intermediate': 'C', 'advanced': 'D'} | isolated={'beginner': 'D', 'intermediate': 'D', 'advanced': 'D'}
2026-09-20 09:07:41 | DEBUG    | student_sim | id=58 gold=D | joint={'beginner': 'D', 'intermediate': 'D', 'advanced': 'D'} | isolated={'beginner': 'D', 'intermediate': 'D', 'advanced': 'D'}
2026-09-20 09:07:44 | DEBUG    | student_sim | id=59 gold=B | joint={'beginner': 'C', 'intermediate': 'B', 'advanced': 'B'} | isolated={'beginner': 'B', 'intermediate': 'B', 'advanced': 'B'}
2026-09-20 09:07:47 | DEBUG    | student_sim | id=60 gold=D | joint={'beginner': 'A', 'intermediate': 'D', 'advanced': 'D'} | isolated={'beginner': 'D', 'intermediate': 'D', 'advanced': 'D'}
2026-09-20 09:07:50 | DEBUG    | student_sim | id=61 gold=C | joint={'beginner': 'A', 'intermediate': 'C', 'advanced': 'C'} | isolated={'beginner': 'C', 'intermediate': 'C', 'advanced': 'C'}
2026-09-20 09:07:53 | DEBUG    | student_sim | id=62 gold=C | joint={'beginner': 'A', 'intermediate': 'C', 'advanced': 'C'} | isolated={'beginner': 'C', 'intermediate': 'C', 'advanced': 'C'}
2026-09-20 09:07:56 | DEBUG    | student_sim | id=63 gold=A | joint={'beginner': 'A', 'intermediate': 'A', 'advanced': 'A'} | isolated={'beginner': 'A', 'intermediate': 'A', 'advanced': 'A'}
2026-09-20 09:07:58 | DEBUG    | student_sim | id=64 gold=B | joint={'beginner': 'B', 'intermediate': 'B', 'advanced': 'B'} | isolated={'beginner': 'B', 'intermediate': 'B', 'advanced': 'B'}
2026-09-20 09:08:01 | DEBUG    | student_sim | id=65 gold=C | joint={'beginner': 'A', 'intermediate': 'C', 'advanced': 'C'} | isolated={'beginner': 'C', 'intermediate': 'C', 'advanced': 'C'}
2026-09-20 09:08:04 | DEBUG    | student_sim | id=66 gold=C | joint={'beginner': 'A', 'intermediate': 'C', 'advanced': 'C'} | isolated={'beginner': 'C', 'intermediate': 'C', 'advanced': 'C'}
2026-09-20 09:08:07 | DEBUG    | student_sim | id=67 gold=D | joint={'beginner': 'A', 'intermediate': 'D', 'advanced': 'D'} | isolated={'beginner': 'D', 'intermediate': 'D', 'advanced': 'D'}
2026-09-20 09:08:10 | DEBUG    | student_sim | id=68 gold=A | joint={'beginner': 'A', 'intermediate': 'C', 'advanced': 'C'} | isolated={'beginner': 'A', 'intermediate': 'C', 'advanced': 'C'}
2026-09-20 09:08:13 | DEBUG    | student_sim | id=69 gold=B | joint={'beginner': 'A', 'intermediate': 'B', 'advanced': 'B'} | isolated={'beginner': 'B', 'intermediate': 'B', 'advanced': 'B'}
2026-09-20 09:08:16 | DEBUG    | student_sim | id=70 gold=D | joint={'beginner': 'A', 'intermediate': 'D', 'advanced': 'D'} | isolated={'beginner': 'D', 'intermediate': 'A', 'advanced': 'D'}
2026-09-20 09:08:19 | DEBUG    | student_sim | id=71 gold=C | joint={'beginner': 'C', 'intermediate': 'C', 'advanced': 'C'} | isolated={'beginner': 'C', 'intermediate': 'C', 'advanced': 'C'}
2026-09-20 09:08:22 | DEBUG    | student_sim | id=72 gold=C | joint={'beginner': 'A', 'intermediate': 'C', 'advanced': 'C'} | isolated={'beginner': 'C', 'intermediate': 'C', 'advanced': 'C'}
2026-09-20 09:08:25 | DEBUG    | student_sim | id=73 gold=B | joint={'beginner': 'B', 'intermediate': 'B', 'advanced': 'B'} | isolated={'beginner': 'B', 'intermediate': 'B', 'advanced': 'B'}
2026-09-20 09:08:28 | DEBUG    | student_sim | id=74 gold=B | joint={'beginner': 'A', 'intermediate': 'B', 'advanced': 'B'} | isolated={'beginner': 'B', 'intermediate': 'B', 'advanced': 'B'}
2026-09-20 09:08:31 | DEBUG    | student_sim | id=75 gold=D | joint={'beginner': 'A', 'intermediate': 'D', 'advanced': 'D'} | isolated={'beginner': 'D', 'intermediate': 'D', 'advanced': 'D'}
2026-09-20 09:08:34 | DEBUG    | student_sim | id=76 gold=D | joint={'beginner': 'C', 'intermediate': 'D', 'advanced': 'D'} | isolated={'beginner': 'D', 'intermediate': 'D', 'advanced': 'D'}
2026-09-20 09:08:37 | DEBUG    | student_sim | id=77 gold=D | joint={'beginner': 'C', 'intermediate': 'D', 'advanced': 'D'} | isolated={'beginner': 'D', 'intermediate': 'D', 'advanced': 'D'}
2026-09-20 09:08:40 | DEBUG    | student_sim | id=78 gold=A | joint={'beginner': 'A', 'intermediate': 'A', 'advanced': 'A'} | isolated={'beginner': 'A', 'intermediate': 'A', 'advanced': 'A'}
2026-09-20 09:08:43 | DEBUG    | student_sim | id=79 gold=B | joint={'beginner': 'A', 'intermediate': 'B', 'advanced': 'B'} | isolated={'beginner': 'B', 'intermediate': 'B', 'advanced': 'B'}
2026-09-20 09:08:46 | DEBUG    | student_sim | id=80 gold=B | joint={'beginner': 'C', 'intermediate': 'B', 'advanced': 'B'} | isolated={'beginner': 'B', 'intermediate': 'B', 'advanced': 'B'}
2026-09-20 09:08:48 | DEBUG    | student_sim | id=81 gold=A | joint={'beginner': 'A', 'intermediate': 'A', 'advanced': 'A'} | isolated={'beginner': 'A', 'intermediate': 'A', 'advanced': 'A'}
2026-09-20 09:08:51 | DEBUG    | student_sim | id=82 gold=A | joint={'beginner': 'A', 'intermediate': 'A', 'advanced': 'A'} | isolated={'beginner': 'A', 'intermediate': 'A', 'advanced': 'A'}
2026-09-20 09:08:54 | DEBUG    | student_sim | id=83 gold=C | joint={'beginner': 'C', 'intermediate': 'C', 'advanced': 'C'} | isolated={'beginner': 'C', 'intermediate': 'C', 'advanced': 'C'}
2026-09-20 09:08:57 | DEBUG    | student_sim | id=84 gold=C | joint={'beginner': 'A', 'intermediate': 'C', 'advanced': 'C'} | isolated={'beginner': 'C', 'intermediate': 'C', 'advanced': 'C'}
2026-09-20 09:09:00 | DEBUG    | student_sim | id=85 gold=C | joint={'beginner': 'C', 'intermediate': 'C', 'advanced': 'C'} | isolated={'beginner': 'A', 'intermediate': 'A', 'advanced': 'B'}
2026-09-20 09:09:03 | DEBUG    | student_sim | id=86 gold=B | joint={'beginner': 'A', 'intermediate': 'B', 'advanced': 'B'} | isolated={'beginner': 'B', 'intermediate': 'B', 'advanced': 'B'}
2026-09-20 09:09:06 | DEBUG    | student_sim | id=87 gold=D | joint={'beginner': 'A', 'intermediate': 'D', 'advanced': 'D'} | isolated={'beginner': 'D', 'intermediate': 'D', 'advanced': 'D'}
2026-09-20 09:09:06 | INFO     | student_sim |   [  88/ 884]  10.0% | acc B/I/A  join 0.41/0.90/0.91 | isol 0.89/0.84/0.90 | 2.77s/sample | ETA 36.8 min
2026-09-20 09:09:09 | DEBUG    | student_sim | id=88 gold=C | joint={'beginner': 'B', 'intermediate': 'C', 'advanced': 'C'} | isolated={'beginner': 'C', 'intermediate': 'C', 'advanced': 'C'}
2026-09-20 09:09:12 | DEBUG    | student_sim | id=89 gold=B | joint={'beginner': 'A', 'intermediate': 'C', 'advanced': 'D'} | isolated={'beginner': 'C', 'intermediate': 'C', 'advanced': 'C'}
2026-09-20 09:09:15 | DEBUG    | student_sim | id=90 gold=B | joint={'beginner': 'A', 'intermediate': 'B', 'advanced': 'B'} | isolated={'beginner': 'D', 'intermediate': 'B', 'advanced': 'B'}
2026-09-20 09:09:17 | DEBUG    | student_sim | id=91 gold=D | joint={'beginner': 'A', 'intermediate': 'D', 'advanced': 'D'} | isolated={'beginner': 'D', 'intermediate': 'D', 'advanced': 'D'}
2026-09-20 09:09:20 | DEBUG    | student_sim | id=92 gold=C | joint={'beginner': 'A', 'intermediate': 'C', 'advanced': 'C'} | isolated={'beginner': 'C', 'intermediate': 'C', 'advanced': 'C'}
2026-09-20 09:09:23 | DEBUG    | student_sim | id=93 gold=A | joint={'beginner': 'A', 'intermediate': 'A', 'advanced': 'A'} | isolated={'beginner': 'A', 'intermediate': 'A', 'advanced': 'A'}
2026-09-20 09:09:26 | DEBUG    | student_sim | id=94 gold=A | joint={'beginner': 'A', 'intermediate': 'A', 'advanced': 'A'} | isolated={'beginner': 'A', 'intermediate': 'A', 'advanced': 'A'}
2026-09-20 09:09:29 | DEBUG    | student_sim | id=95 gold=B | joint={'beginner': 'A', 'intermediate': 'B', 'advanced': 'B'} | isolated={'beginner': 'B', 'intermediate': 'B', 'advanced': 'B'}
2026-09-20 09:09:32 | DEBUG    | student_sim | id=96 gold=D | joint={'beginner': 'A', 'intermediate': 'D', 'advanced': 'D'} | isolated={'beginner': 'C', 'intermediate': 'D', 'advanced': 'D'}
2026-09-20 09:09:35 | DEBUG    | student_sim | id=97 gold=D | joint={'beginner': 'D', 'intermediate': 'D', 'advanced': 'D'} | isolated={'beginner': 'D', 'intermediate': 'D', 'advanced': 'D'}
2026-09-20 09:09:38 | DEBUG    | student_sim | id=98 gold=C | joint={'beginner': 'C', 'intermediate': 'C', 'advanced': 'C'} | isolated={'beginner': 'C', 'intermediate': 'C', 'advanced': 'C'}
2026-09-20 09:09:41 | DEBUG    | student_sim | id=99 gold=D | joint={'beginner': 'A', 'intermediate': 'D', 'advanced': 'D'} | isolated={'beginner': 'D', 'intermediate': 'D', 'advanced': 'D'}
2026-09-20 09:09:44 | DEBUG    | student_sim | id=100 gold=C | joint={'beginner': 'C', 'intermediate': 'C', 'advanced': 'C'} | isolated={'beginner': 'C', 'intermediate': 'C', 'advanced': 'C'}
2026-09-20 09:09:46 | DEBUG    | student_sim | id=101 gold=B | joint={'beginner': 'A', 'intermediate': 'B', 'advanced': 'B'} | isolated={'beginner': 'B', 'intermediate': 'B', 'advanced': 'B'}
2026-09-20 09:09:49 | DEBUG    | student_sim | id=102 gold=B | joint={'beginner': 'A', 'intermediate': 'B', 'advanced': 'B'} | isolated={'beginner': 'B', 'intermediate': 'B', 'advanced': 'B'}
2026-09-20 09:09:52 | DEBUG    | student_sim | id=103 gold=B | joint={'beginner': 'A', 'intermediate': 'B', 'advanced': 'B'} | isolated={'beginner': 'B', 'intermediate': 'B', 'advanced': 'B'}
2026-09-20 09:09:55 | DEBUG    | student_sim | id=104 gold=D | joint={'beginner': 'D', 'intermediate': 'D', 'advanced': 'D'} | isolated={'beginner': 'D', 'intermediate': 'B', 'advanced': 'B'}
2026-09-20 09:09:58 | DEBUG    | student_sim | id=105 gold=B | joint={'beginner': 'B', 'intermediate': 'B', 'advanced': 'B'} | isolated={'beginner': 'B', 'intermediate': 'B', 'advanced': 'B'}
2026-09-20 09:10:01 | DEBUG    | student_sim | id=106 gold=C | joint={'beginner': 'C', 'intermediate': 'B', 'advanced': 'C'} | isolated={'beginner': 'C', 'intermediate': 'C', 'advanced': 'C'}
2026-09-20 09:10:04 | DEBUG    | student_sim | id=107 gold=B | joint={'beginner': 'B', 'intermediate': 'B', 'advanced': 'B'} | isolated={'beginner': 'B', 'intermediate': 'B', 'advanced': 'B'}
2026-09-20 09:10:07 | DEBUG    | student_sim | id=108 gold=D | joint={'beginner': 'C', 'intermediate': 'D', 'advanced': 'D'} | isolated={'beginner': 'D', 'intermediate': 'D', 'advanced': 'D'}
2026-09-20 09:10:10 | DEBUG    | student_sim | id=109 gold=C | joint={'beginner': 'D', 'intermediate': 'C', 'advanced': 'C'} | isolated={'beginner': 'C', 'intermediate': 'C', 'advanced': 'C'}
2026-09-20 09:10:13 | DEBUG    | student_sim | id=110 gold=C | joint={'beginner': 'A', 'intermediate': 'C', 'advanced': 'C'} | isolated={'beginner': 'C', 'intermediate': 'C', 'advanced': 'C'}
2026-09-20 09:10:16 | DEBUG    | student_sim | id=111 gold=A | joint={'beginner': 'A', 'intermediate': 'A', 'advanced': 'A'} | isolated={'beginner': 'A', 'intermediate': 'A', 'advanced': 'A'}
2026-09-20 09:10:19 | DEBUG    | student_sim | id=112 gold=B | joint={'beginner': 'A', 'intermediate': 'B', 'advanced': 'B'} | isolated={'beginner': 'B', 'intermediate': 'B', 'advanced': 'B'}
2026-09-20 09:10:22 | DEBUG    | student_sim | id=113 gold=D | joint={'beginner': 'A', 'intermediate': 'A', 'advanced': 'D'} | isolated={'beginner': 'A', 'intermediate': 'A', 'advanced': 'A'}
2026-09-20 09:10:25 | DEBUG    | student_sim | id=114 gold=D | joint={'beginner': 'A', 'intermediate': 'D', 'advanced': 'D'} | isolated={'beginner': 'D', 'intermediate': 'D', 'advanced': 'D'}
2026-09-20 09:10:28 | DEBUG    | student_sim | id=115 gold=C | joint={'beginner': 'C', 'intermediate': 'C', 'advanced': 'C'} | isolated={'beginner': 'C', 'intermediate': 'C', 'advanced': 'C'}
2026-09-20 09:10:31 | DEBUG    | student_sim | id=116 gold=B | joint={'beginner': 'A', 'intermediate': 'B', 'advanced': 'B'} | isolated={'beginner': 'B', 'intermediate': 'B', 'advanced': 'B'}
2026-09-20 09:10:34 | DEBUG    | student_sim | id=117 gold=C | joint={'beginner': 'A', 'intermediate': 'C', 'advanced': 'C'} | isolated={'beginner': 'C', 'intermediate': 'C', 'advanced': 'C'}
2026-09-20 09:10:37 | DEBUG    | student_sim | id=118 gold=D | joint={'beginner': 'D', 'intermediate': 'D', 'advanced': 'D'} | isolated={'beginner': 'D', 'intermediate': 'D', 'advanced': 'D'}
2026-09-20 09:10:39 | DEBUG    | student_sim | id=119 gold=C | joint={'beginner': 'A', 'intermediate': 'C', 'advanced': 'C'} | isolated={'beginner': 'C', 'intermediate': 'C', 'advanced': 'C'}
2026-09-20 09:10:42 | DEBUG    | student_sim | id=120 gold=B | joint={'beginner': 'A', 'intermediate': 'B', 'advanced': 'B'} | isolated={'beginner': 'B', 'intermediate': 'A', 'advanced': 'B'}
2026-09-20 09:10:45 | DEBUG    | student_sim | id=121 gold=A | joint={'beginner': 'A', 'intermediate': 'A', 'advanced': 'A'} | isolated={'beginner': 'A', 'intermediate': 'A', 'advanced': 'A'}
2026-09-20 09:10:48 | DEBUG    | student_sim | id=122 gold=B | joint={'beginner': 'A', 'intermediate': 'B', 'advanced': 'B'} | isolated={'beginner': 'B', 'intermediate': 'B', 'advanced': 'B'}
2026-09-20 09:10:51 | DEBUG    | student_sim | id=123 gold=C | joint={'beginner': 'B', 'intermediate': 'C', 'advanced': 'C'} | isolated={'beginner': 'C', 'intermediate': 'C', 'advanced': 'C'}
2026-09-20 09:10:54 | DEBUG    | student_sim | id=124 gold=C | joint={'beginner': 'C', 'intermediate': 'C', 'advanced': 'C'} | isolated={'beginner': 'C', 'intermediate': 'C', 'advanced': 'C'}
2026-09-20 09:10:57 | DEBUG    | student_sim | id=125 gold=C | joint={'beginner': 'B', 'intermediate': 'C', 'advanced': 'C'} | isolated={'beginner': 'C', 'intermediate': 'C', 'advanced': 'C'}
2026-09-20 09:11:00 | DEBUG    | student_sim | id=126 gold=B | joint={'beginner': 'B', 'intermediate': 'B', 'advanced': 'B'} | isolated={'beginner': 'B', 'intermediate': 'B', 'advanced': 'B'}
2026-09-20 09:11:03 | DEBUG    | student_sim | id=127 gold=C | joint={'beginner': 'C', 'intermediate': 'C', 'advanced': 'C'} | isolated={'beginner': 'C', 'intermediate': 'C', 'advanced': 'C'}
2026-09-20 09:11:06 | DEBUG    | student_sim | id=128 gold=A | joint={'beginner': 'C', 'intermediate': 'A', 'advanced': 'A'} | isolated={'beginner': 'A', 'intermediate': 'A', 'advanced': 'A'}
2026-09-20 09:11:09 | DEBUG    | student_sim | id=129 gold=D | joint={'beginner': 'A', 'intermediate': 'A', 'advanced': 'A'} | isolated={'beginner': 'A', 'intermediate': 'A', 'advanced': 'D'}
2026-09-20 09:11:12 | DEBUG    | student_sim | id=130 gold=A | joint={'beginner': 'A', 'intermediate': 'A', 'advanced': 'A'} | isolated={'beginner': 'A', 'intermediate': 'A', 'advanced': 'A'}
2026-09-20 09:11:15 | DEBUG    | student_sim | id=131 gold=D | joint={'beginner': 'A', 'intermediate': 'D', 'advanced': 'D'} | isolated={'beginner': 'A', 'intermediate': 'A', 'advanced': 'D'}
2026-09-20 09:11:15 | INFO     | student_sim |   [ 132/ 884]  14.9% | acc B/I/A  join 0.40/0.90/0.92 | isol 0.88/0.85/0.91 | 2.82s/sample | ETA 35.4 min
2026-09-20 09:11:18 | DEBUG    | student_sim | id=132 gold=A | joint={'beginner': 'B', 'intermediate': 'A', 'advanced': 'A'} | isolated={'beginner': 'A', 'intermediate': 'A', 'advanced': 'A'}
2026-09-20 09:11:21 | DEBUG    | student_sim | id=133 gold=D | joint={'beginner': 'A', 'intermediate': 'D', 'advanced': 'D'} | isolated={'beginner': 'D', 'intermediate': 'D', 'advanced': 'D'}
2026-09-20 09:11:23 | DEBUG    | student_sim | id=134 gold=A | joint={'beginner': 'A', 'intermediate': 'A', 'advanced': 'A'} | isolated={'beginner': 'A', 'intermediate': 'A', 'advanced': 'A'}
2026-09-20 09:11:26 | DEBUG    | student_sim | id=135 gold=B | joint={'beginner': 'A', 'intermediate': 'B', 'advanced': 'B'} | isolated={'beginner': 'B', 'intermediate': 'B', 'advanced': 'B'}
2026-09-20 09:11:29 | DEBUG    | student_sim | id=136 gold=B | joint={'beginner': 'B', 'intermediate': 'B', 'advanced': 'B'} | isolated={'beginner': 'B', 'intermediate': 'B', 'advanced': 'B'}
2026-09-20 09:11:32 | DEBUG    | student_sim | id=137 gold=C | joint={'beginner': 'C', 'intermediate': 'C', 'advanced': 'C'} | isolated={'beginner': 'C', 'intermediate': 'C', 'advanced': 'C'}
2026-09-20 09:11:35 | DEBUG    | student_sim | id=138 gold=D | joint={'beginner': 'B', 'intermediate': 'D', 'advanced': 'B'} | isolated={'beginner': 'B', 'intermediate': 'B', 'advanced': 'B'}
2026-09-20 09:11:38 | DEBUG    | student_sim | id=139 gold=B | joint={'beginner': 'A', 'intermediate': 'B', 'advanced': 'B'} | isolated={'beginner': 'B', 'intermediate': 'B', 'advanced': 'B'}
2026-09-20 09:11:41 | DEBUG    | student_sim | id=140 gold=A | joint={'beginner': 'B', 'intermediate': 'A', 'advanced': 'A'} | isolated={'beginner': 'A', 'intermediate': 'A', 'advanced': 'A'}
2026-09-20 09:11:44 | DEBUG    | student_sim | id=141 gold=D | joint={'beginner': 'A', 'intermediate': 'D', 'advanced': 'D'} | isolated={'beginner': 'D', 'intermediate': 'D', 'advanced': 'D'}
2026-09-20 09:11:47 | DEBUG    | student_sim | id=142 gold=A | joint={'beginner': 'A', 'intermediate': 'A', 'advanced': 'A'} | isolated={'beginner': 'A', 'intermediate': 'A', 'advanced': 'A'}
2026-09-20 09:11:50 | DEBUG    | student_sim | id=143 gold=A | joint={'beginner': 'B', 'intermediate': 'A', 'advanced': 'A'} | isolated={'beginner': 'A', 'intermediate': 'A', 'advanced': 'A'}
2026-09-20 09:11:52 | DEBUG    | student_sim | id=144 gold=C | joint={'beginner': 'A', 'intermediate': 'C', 'advanced': 'A'} | isolated={'beginner': 'C', 'intermediate': 'C', 'advanced': 'A'}
2026-09-20 09:11:55 | DEBUG    | student_sim | id=145 gold=B | joint={'beginner': 'A', 'intermediate': 'B', 'advanced': 'B'} | isolated={'beginner': 'B', 'intermediate': 'B', 'advanced': 'B'}
2026-09-20 09:11:58 | DEBUG    | student_sim | id=146 gold=B | joint={'beginner': 'A', 'intermediate': 'B', 'advanced': 'B'} | isolated={'beginner': 'B', 'intermediate': 'B', 'advanced': 'B'}
2026-09-20 09:12:01 | DEBUG    | student_sim | id=147 gold=B | joint={'beginner': 'C', 'intermediate': 'B', 'advanced': 'B'} | isolated={'beginner': 'B', 'intermediate': 'B', 'advanced': 'B'}
2026-09-20 09:12:04 | DEBUG    | student_sim | id=148 gold=A | joint={'beginner': 'B', 'intermediate': 'A', 'advanced': 'A'} | isolated={'beginner': 'A', 'intermediate': 'A', 'advanced': 'A'}
2026-09-20 09:12:07 | DEBUG    | student_sim | id=149 gold=A | joint={'beginner': 'B', 'intermediate': 'A', 'advanced': 'A'} | isolated={'beginner': 'A', 'intermediate': 'A', 'advanced': 'A'}
2026-09-20 09:12:10 | DEBUG    | student_sim | id=150 gold=A | joint={'beginner': 'B', 'intermediate': 'A', 'advanced': 'A'} | isolated={'beginner': 'A', 'intermediate': 'A', 'advanced': 'A'}
2026-09-20 09:12:13 | DEBUG    | student_sim | id=151 gold=B | joint={'beginner': 'B', 'intermediate': 'B', 'advanced': 'B'} | isolated={'beginner': 'B', 'intermediate': 'B', 'advanced': 'B'}
2026-09-20 09:12:16 | DEBUG    | student_sim | id=152 gold=A | joint={'beginner': 'B', 'intermediate': 'A', 'advanced': 'A'} | isolated={'beginner': 'A', 'intermediate': 'A', 'advanced': 'A'}
2026-09-20 09:12:19 | DEBUG    | student_sim | id=153 gold=D | joint={'beginner': 'B', 'intermediate': 'D', 'advanced': 'C'} | isolated={'beginner': 'C', 'intermediate': 'C', 'advanced': 'C'}
2026-09-20 09:12:22 | DEBUG    | student_sim | id=154 gold=C | joint={'beginner': 'C', 'intermediate': 'C', 'advanced': 'C'} | isolated={'beginner': 'C', 'intermediate': 'C', 'advanced': 'C'}
2026-09-20 09:12:25 | DEBUG    | student_sim | id=155 gold=D | joint={'beginner': 'D', 'intermediate': 'D', 'advanced': 'D'} | isolated={'beginner': 'D', 'intermediate': 'D', 'advanced': 'D'}
2026-09-20 09:12:28 | DEBUG    | student_sim | id=156 gold=B | joint={'beginner': 'C', 'intermediate': 'B', 'advanced': 'B'} | isolated={'beginner': 'B', 'intermediate': 'B', 'advanced': 'B'}
2026-09-20 09:12:31 | DEBUG    | student_sim | id=157 gold=B | joint={'beginner': 'A', 'intermediate': 'B', 'advanced': 'B'} | isolated={'beginner': 'B', 'intermediate': 'B', 'advanced': 'B'}
2026-09-20 09:12:34 | DEBUG    | student_sim | id=158 gold=A | joint={'beginner': 'C', 'intermediate': 'A', 'advanced': 'A'} | isolated={'beginner': 'A', 'intermediate': 'A', 'advanced': 'A'}
2026-09-20 09:12:37 | DEBUG    | student_sim | id=159 gold=C | joint={'beginner': 'C', 'intermediate': 'C', 'advanced': 'C'} | isolated={'beginner': 'C', 'intermediate': 'C', 'advanced': 'C'}
2026-09-20 09:12:40 | DEBUG    | student_sim | id=160 gold=D | joint={'beginner': 'D', 'intermediate': 'D', 'advanced': 'D'} | isolated={'beginner': 'D', 'intermediate': 'D', 'advanced': 'D'}
2026-09-20 09:12:43 | DEBUG    | student_sim | id=161 gold=A | joint={'beginner': 'A', 'intermediate': 'A', 'advanced': 'A'} | isolated={'beginner': 'A', 'intermediate': 'A', 'advanced': 'A'}
2026-09-20 09:12:46 | DEBUG    | student_sim | id=162 gold=D | joint={'beginner': 'A', 'intermediate': 'D', 'advanced': 'D'} | isolated={'beginner': 'D', 'intermediate': 'D', 'advanced': 'D'}
2026-09-20 09:12:48 | DEBUG    | student_sim | id=163 gold=D | joint={'beginner': 'A', 'intermediate': 'D', 'advanced': 'D'} | isolated={'beginner': 'D', 'intermediate': 'D', 'advanced': 'D'}
2026-09-20 09:12:51 | DEBUG    | student_sim | id=164 gold=A | joint={'beginner': 'A', 'intermediate': 'A', 'advanced': 'A'} | isolated={'beginner': 'A', 'intermediate': 'A', 'advanced': 'A'}
2026-09-20 09:12:54 | DEBUG    | student_sim | id=165 gold=A | joint={'beginner': 'B', 'intermediate': 'A', 'advanced': 'A'} | isolated={'beginner': 'A', 'intermediate': 'A', 'advanced': 'A'}
2026-09-20 09:12:57 | DEBUG    | student_sim | id=166 gold=C | joint={'beginner': 'B', 'intermediate': 'C', 'advanced': 'C'} | isolated={'beginner': 'C', 'intermediate': 'C', 'advanced': 'C'}
2026-09-20 09:13:00 | DEBUG    | student_sim | id=167 gold=B | joint={'beginner': 'A', 'intermediate': 'B', 'advanced': 'B'} | isolated={'beginner': 'B', 'intermediate': 'B', 'advanced': 'B'}
2026-09-20 09:13:03 | DEBUG    | student_sim | id=168 gold=A | joint={'beginner': 'A', 'intermediate': 'A', 'advanced': 'A'} | isolated={'beginner': 'A', 'intermediate': 'A', 'advanced': 'A'}
2026-09-20 09:13:06 | DEBUG    | student_sim | id=169 gold=A | joint={'beginner': 'A', 'intermediate': 'A', 'advanced': 'A'} | isolated={'beginner': 'A', 'intermediate': 'A', 'advanced': 'A'}
2026-09-20 09:13:09 | DEBUG    | student_sim | id=170 gold=D | joint={'beginner': 'A', 'intermediate': 'D', 'advanced': 'D'} | isolated={'beginner': 'A', 'intermediate': 'A', 'advanced': 'D'}
2026-09-20 09:13:12 | DEBUG    | student_sim | id=171 gold=A | joint={'beginner': 'A', 'intermediate': 'C', 'advanced': 'C'} | isolated={'beginner': 'C', 'intermediate': 'C', 'advanced': 'C'}
2026-09-20 09:13:15 | DEBUG    | student_sim | id=172 gold=B | joint={'beginner': 'A', 'intermediate': 'B', 'advanced': 'B'} | isolated={'beginner': 'B', 'intermediate': 'B', 'advanced': 'B'}
2026-09-20 09:13:18 | DEBUG    | student_sim | id=173 gold=C | joint={'beginner': 'C', 'intermediate': 'C', 'advanced': 'C'} | isolated={'beginner': 'C', 'intermediate': 'C', 'advanced': 'C'}
2026-09-20 09:13:21 | DEBUG    | student_sim | id=174 gold=B | joint={'beginner': 'C', 'intermediate': 'B', 'advanced': 'B'} | isolated={'beginner': 'B', 'intermediate': 'B', 'advanced': 'B'}
2026-09-20 09:13:24 | DEBUG    | student_sim | id=175 gold=C | joint={'beginner': 'C', 'intermediate': 'C', 'advanced': 'C'} | isolated={'beginner': 'C', 'intermediate': 'C', 'advanced': 'C'}
2026-09-20 09:13:24 | INFO     | student_sim |   [ 176/ 884]  19.9% | acc B/I/A  join 0.39/0.92/0.92 | isol 0.89/0.86/0.91 | 2.85s/sample | ETA 33.6 min
2026-09-20 09:13:27 | DEBUG    | student_sim | id=176 gold=A | joint={'beginner': 'A', 'intermediate': 'A', 'advanced': 'A'} | isolated={'beginner': 'A', 'intermediate': 'A', 'advanced': 'A'}
2026-09-20 09:13:30 | DEBUG    | student_sim | id=177 gold=C | joint={'beginner': 'C', 'intermediate': 'C', 'advanced': 'C'} | isolated={'beginner': 'C', 'intermediate': 'C', 'advanced': 'C'}
2026-09-20 09:13:33 | DEBUG    | student_sim | id=178 gold=B | joint={'beginner': 'B', 'intermediate': 'B', 'advanced': 'B'} | isolated={'beginner': 'B', 'intermediate': 'B', 'advanced': 'B'}
2026-09-20 09:13:35 | DEBUG    | student_sim | id=179 gold=B | joint={'beginner': 'B', 'intermediate': 'B', 'advanced': 'B'} | isolated={'beginner': 'B', 'intermediate': 'B', 'advanced': 'B'}
2026-09-20 09:13:38 | DEBUG    | student_sim | id=180 gold=A | joint={'beginner': 'A', 'intermediate': 'A', 'advanced': 'A'} | isolated={'beginner': 'A', 'intermediate': 'A', 'advanced': 'A'}
2026-09-20 09:13:41 | DEBUG    | student_sim | id=181 gold=B | joint={'beginner': 'A', 'intermediate': 'D', 'advanced': 'D'} | isolated={'beginner': 'B', 'intermediate': 'B', 'advanced': 'B'}
2026-09-20 09:13:44 | DEBUG    | student_sim | id=182 gold=C | joint={'beginner': 'C', 'intermediate': 'C', 'advanced': 'C'} | isolated={'beginner': 'C', 'intermediate': 'C', 'advanced': 'C'}
2026-09-20 09:13:47 | DEBUG    | student_sim | id=183 gold=B | joint={'beginner': 'C', 'intermediate': 'B', 'advanced': 'B'} | isolated={'beginner': 'B', 'intermediate': 'B', 'advanced': 'B'}
2026-09-20 09:13:50 | DEBUG    | student_sim | id=184 gold=A | joint={'beginner': 'C', 'intermediate': 'A', 'advanced': 'A'} | isolated={'beginner': 'A', 'intermediate': 'A', 'advanced': 'A'}
2026-09-20 09:13:53 | DEBUG    | student_sim | id=185 gold=B | joint={'beginner': 'B', 'intermediate': 'B', 'advanced': 'B'} | isolated={'beginner': 'B', 'intermediate': 'B', 'advanced': 'B'}
2026-09-20 09:13:56 | DEBUG    | student_sim | id=186 gold=D | joint={'beginner': 'B', 'intermediate': 'D', 'advanced': 'D'} | isolated={'beginner': 'D', 'intermediate': 'D', 'advanced': 'D'}
2026-09-20 09:13:59 | DEBUG    | student_sim | id=187 gold=D | joint={'beginner': 'A', 'intermediate': 'D', 'advanced': 'D'} | isolated={'beginner': 'D', 'intermediate': 'D', 'advanced': 'D'}
2026-09-20 09:14:02 | DEBUG    | student_sim | id=188 gold=B | joint={'beginner': 'B', 'intermediate': 'B', 'advanced': 'B'} | isolated={'beginner': 'B', 'intermediate': 'B', 'advanced': 'B'}
2026-09-20 09:14:05 | DEBUG    | student_sim | id=189 gold=D | joint={'beginner': 'A', 'intermediate': 'D', 'advanced': 'D'} | isolated={'beginner': 'D', 'intermediate': 'D', 'advanced': 'D'}
2026-09-20 09:14:08 | DEBUG    | student_sim | id=190 gold=C | joint={'beginner': 'C', 'intermediate': 'C', 'advanced': 'C'} | isolated={'beginner': 'C', 'intermediate': 'C', 'advanced': 'C'}
2026-09-20 09:14:11 | DEBUG    | student_sim | id=191 gold=A | joint={'beginner': 'A', 'intermediate': 'A', 'advanced': 'A'} | isolated={'beginner': 'A', 'intermediate': 'A', 'advanced': 'A'}
2026-09-20 09:14:13 | DEBUG    | student_sim | id=192 gold=A | joint={'beginner': 'A', 'intermediate': 'A', 'advanced': 'A'} | isolated={'beginner': 'A', 'intermediate': 'A', 'advanced': 'A'}
2026-09-20 09:14:16 | DEBUG    | student_sim | id=193 gold=D | joint={'beginner': 'C', 'intermediate': 'D', 'advanced': 'D'} | isolated={'beginner': 'D', 'intermediate': 'D', 'advanced': 'D'}
2026-09-20 09:14:19 | DEBUG    | student_sim | id=194 gold=D | joint={'beginner': 'B', 'intermediate': 'D', 'advanced': 'D'} | isolated={'beginner': 'D', 'intermediate': 'D', 'advanced': 'D'}
2026-09-20 09:14:22 | DEBUG    | student_sim | id=195 gold=D | joint={'beginner': 'D', 'intermediate': 'D', 'advanced': 'D'} | isolated={'beginner': 'D', 'intermediate': 'D', 'advanced': 'D'}
2026-09-20 09:14:25 | DEBUG    | student_sim | id=196 gold=D | joint={'beginner': 'C', 'intermediate': 'D', 'advanced': 'D'} | isolated={'beginner': 'D', 'intermediate': 'D', 'advanced': 'D'}
2026-09-20 09:14:28 | DEBUG    | student_sim | id=197 gold=D | joint={'beginner': 'A', 'intermediate': 'D', 'advanced': 'D'} | isolated={'beginner': 'D', 'intermediate': 'D', 'advanced': 'D'}
2026-09-20 09:14:31 | DEBUG    | student_sim | id=198 gold=C | joint={'beginner': 'A', 'intermediate': 'C', 'advanced': 'C'} | isolated={'beginner': 'C', 'intermediate': 'C', 'advanced': 'C'}
2026-09-20 09:14:34 | DEBUG    | student_sim | id=199 gold=D | joint={'beginner': 'A', 'intermediate': 'D', 'advanced': 'D'} | isolated={'beginner': 'D', 'intermediate': 'D', 'advanced': 'D'}
2026-09-20 09:14:37 | DEBUG    | student_sim | id=200 gold=A | joint={'beginner': 'C', 'intermediate': 'B', 'advanced': 'B'} | isolated={'beginner': 'A', 'intermediate': 'A', 'advanced': 'A'}
2026-09-20 09:14:40 | DEBUG    | student_sim | id=201 gold=C | joint={'beginner': 'A', 'intermediate': 'C', 'advanced': 'C'} | isolated={'beginner': 'A', 'intermediate': 'A', 'advanced': 'A'}
2026-09-20 09:14:43 | DEBUG    | student_sim | id=202 gold=B | joint={'beginner': 'A', 'intermediate': 'B', 'advanced': 'B'} | isolated={'beginner': 'B', 'intermediate': 'B', 'advanced': 'B'}
2026-09-20 09:14:46 | DEBUG    | student_sim | id=203 gold=D | joint={'beginner': 'C', 'intermediate': 'D', 'advanced': 'D'} | isolated={'beginner': 'D', 'intermediate': 'D', 'advanced': 'A'}
2026-09-20 09:14:48 | DEBUG    | student_sim | id=204 gold=B | joint={'beginner': 'C', 'intermediate': 'B', 'advanced': 'B'} | isolated={'beginner': 'B', 'intermediate': 'B', 'advanced': 'B'}
2026-09-20 09:14:51 | DEBUG    | student_sim | id=205 gold=D | joint={'beginner': 'C', 'intermediate': 'D', 'advanced': 'D'} | isolated={'beginner': 'D', 'intermediate': 'D', 'advanced': 'D'}
2026-09-20 09:14:54 | DEBUG    | student_sim | id=206 gold=D | joint={'beginner': 'B', 'intermediate': 'B', 'advanced': 'D'} | isolated={'beginner': 'D', 'intermediate': 'D', 'advanced': 'D'}
2026-09-20 09:14:57 | DEBUG    | student_sim | id=207 gold=D | joint={'beginner': 'D', 'intermediate': 'D', 'advanced': 'D'} | isolated={'beginner': 'D', 'intermediate': 'D', 'advanced': 'D'}
2026-09-20 09:15:00 | DEBUG    | student_sim | id=208 gold=A | joint={'beginner': 'A', 'intermediate': 'A', 'advanced': 'A'} | isolated={'beginner': 'A', 'intermediate': 'A', 'advanced': 'A'}
2026-09-20 09:15:03 | DEBUG    | student_sim | id=209 gold=C | joint={'beginner': 'A', 'intermediate': 'C', 'advanced': 'C'} | isolated={'beginner': 'C', 'intermediate': 'C', 'advanced': 'C'}
2026-09-20 09:15:06 | DEBUG    | student_sim | id=210 gold=D | joint={'beginner': 'D', 'intermediate': 'D', 'advanced': 'D'} | isolated={'beginner': 'D', 'intermediate': 'D', 'advanced': 'D'}
2026-09-20 09:15:09 | DEBUG    | student_sim | id=211 gold=D | joint={'beginner': 'D', 'intermediate': 'D', 'advanced': 'D'} | isolated={'beginner': 'D', 'intermediate': 'D', 'advanced': 'D'}
2026-09-20 09:15:12 | DEBUG    | student_sim | id=212 gold=B | joint={'beginner': 'A', 'intermediate': 'B', 'advanced': 'B'} | isolated={'beginner': 'B', 'intermediate': 'B', 'advanced': 'B'}
2026-09-20 09:15:15 | DEBUG    | student_sim | id=213 gold=C | joint={'beginner': 'A', 'intermediate': 'C', 'advanced': 'C'} | isolated={'beginner': 'C', 'intermediate': 'C', 'advanced': 'C'}
2026-09-20 09:15:18 | DEBUG    | student_sim | id=214 gold=A | joint={'beginner': 'D', 'intermediate': 'A', 'advanced': 'A'} | isolated={'beginner': 'A', 'intermediate': 'A', 'advanced': 'A'}
2026-09-20 09:15:21 | DEBUG    | student_sim | id=215 gold=B | joint={'beginner': 'B', 'intermediate': 'B', 'advanced': 'B'} | isolated={'beginner': 'B', 'intermediate': 'B', 'advanced': 'B'}
2026-09-20 09:15:24 | DEBUG    | student_sim | id=216 gold=D | joint={'beginner': 'C', 'intermediate': 'D', 'advanced': 'D'} | isolated={'beginner': 'D', 'intermediate': 'D', 'advanced': 'D'}
2026-09-20 09:15:27 | DEBUG    | student_sim | id=217 gold=A | joint={'beginner': 'B', 'intermediate': 'A', 'advanced': 'A'} | isolated={'beginner': 'A', 'intermediate': 'A', 'advanced': 'A'}
2026-09-20 09:15:30 | DEBUG    | student_sim | id=218 gold=C | joint={'beginner': 'A', 'intermediate': 'C', 'advanced': 'C'} | isolated={'beginner': 'C', 'intermediate': 'C', 'advanced': 'C'}
2026-09-20 09:15:33 | DEBUG    | student_sim | id=219 gold=C | joint={'beginner': 'C', 'intermediate': 'C', 'advanced': 'C'} | isolated={'beginner': 'C', 'intermediate': 'C', 'advanced': 'C'}
2026-09-20 09:15:33 | INFO     | student_sim |   [ 220/ 884]  24.9% | acc B/I/A  join 0.40/0.92/0.93 | isol 0.90/0.89/0.92 | 2.87s/sample | ETA 31.7 min
2026-09-20 09:15:35 | DEBUG    | student_sim | id=220 gold=A | joint={'beginner': 'A', 'intermediate': 'A', 'advanced': 'A'} | isolated={'beginner': 'A', 'intermediate': 'A', 'advanced': 'A'}
2026-09-20 09:15:38 | DEBUG    | student_sim | id=221 gold=A | joint={'beginner': 'A', 'intermediate': 'A', 'advanced': 'A'} | isolated={'beginner': 'B', 'intermediate': 'A', 'advanced': 'A'}
2026-09-20 09:15:41 | DEBUG    | student_sim | id=222 gold=D | joint={'beginner': 'A', 'intermediate': 'D', 'advanced': 'D'} | isolated={'beginner': 'A', 'intermediate': 'D', 'advanced': 'D'}
2026-09-20 09:15:44 | DEBUG    | student_sim | id=223 gold=D | joint={'beginner': 'A', 'intermediate': 'D', 'advanced': 'D'} | isolated={'beginner': 'A', 'intermediate': 'A', 'advanced': 'D'}
2026-09-20 09:15:47 | DEBUG    | student_sim | id=224 gold=B | joint={'beginner': 'B', 'intermediate': 'C', 'advanced': 'B'} | isolated={'beginner': 'B', 'intermediate': 'B', 'advanced': 'C'}
2026-09-20 09:15:50 | DEBUG    | student_sim | id=225 gold=A | joint={'beginner': 'A', 'intermediate': 'A', 'advanced': 'A'} | isolated={'beginner': 'A', 'intermediate': 'A', 'advanced': 'A'}
2026-09-20 09:15:53 | DEBUG    | student_sim | id=226 gold=C | joint={'beginner': 'C', 'intermediate': 'C', 'advanced': 'A'} | isolated={'beginner': 'C', 'intermediate': 'C', 'advanced': 'A'}
2026-09-20 09:15:56 | DEBUG    | student_sim | id=227 gold=C | joint={'beginner': 'A', 'intermediate': 'C', 'advanced': 'C'} | isolated={'beginner': 'C', 'intermediate': 'C', 'advanced': 'C'}
2026-09-20 09:15:59 | DEBUG    | student_sim | id=228 gold=A | joint={'beginner': 'A', 'intermediate': 'A', 'advanced': 'A'} | isolated={'beginner': 'A', 'intermediate': 'A', 'advanced': 'A'}
2026-09-20 09:16:02 | DEBUG    | student_sim | id=229 gold=A | joint={'beginner': 'B', 'intermediate': 'A', 'advanced': 'A'} | isolated={'beginner': 'A', 'intermediate': 'A', 'advanced': 'A'}
2026-09-20 09:16:05 | DEBUG    | student_sim | id=230 gold=A | joint={'beginner': 'C', 'intermediate': 'A', 'advanced': 'A'} | isolated={'beginner': 'A', 'intermediate': 'A', 'advanced': 'A'}
2026-09-20 09:16:08 | DEBUG    | student_sim | id=231 gold=A | joint={'beginner': 'A', 'intermediate': 'A', 'advanced': 'A'} | isolated={'beginner': 'A', 'intermediate': 'A', 'advanced': 'A'}
2026-09-20 09:16:11 | DEBUG    | student_sim | id=232 gold=A | joint={'beginner': 'C', 'intermediate': 'A', 'advanced': 'A'} | isolated={'beginner': 'A', 'intermediate': 'A', 'advanced': 'A'}
2026-09-20 09:16:14 | DEBUG    | student_sim | id=233 gold=C | joint={'beginner': 'C', 'intermediate': 'C', 'advanced': 'C'} | isolated={'beginner': 'C', 'intermediate': 'C', 'advanced': 'C'}
2026-09-20 09:16:17 | DEBUG    | student_sim | id=234 gold=C | joint={'beginner': 'C', 'intermediate': 'C', 'advanced': 'C'} | isolated={'beginner': 'C', 'intermediate': 'C', 'advanced': 'C'}
2026-09-20 09:16:20 | DEBUG    | student_sim | id=235 gold=C | joint={'beginner': 'C', 'intermediate': 'B', 'advanced': 'D'} | isolated={'beginner': 'B', 'intermediate': 'B', 'advanced': 'C'}
2026-09-20 09:16:23 | DEBUG    | student_sim | id=236 gold=A | joint={'beginner': 'A', 'intermediate': 'A', 'advanced': 'A'} | isolated={'beginner': 'A', 'intermediate': 'A', 'advanced': 'A'}
2026-09-20 09:16:25 | DEBUG    | student_sim | id=237 gold=D | joint={'beginner': 'A', 'intermediate': 'D', 'advanced': 'D'} | isolated={'beginner': 'D', 'intermediate': 'B', 'advanced': 'D'}
2026-09-20 09:16:28 | DEBUG    | student_sim | id=238 gold=B | joint={'beginner': 'A', 'intermediate': 'B', 'advanced': 'B'} | isolated={'beginner': 'B', 'intermediate': 'B', 'advanced': 'B'}
2026-09-20 09:16:31 | DEBUG    | student_sim | id=239 gold=C | joint={'beginner': 'B', 'intermediate': 'C', 'advanced': 'C'} | isolated={'beginner': 'C', 'intermediate': 'C', 'advanced': 'C'}
2026-09-20 09:16:34 | DEBUG    | student_sim | id=240 gold=C | joint={'beginner': 'A', 'intermediate': 'A', 'advanced': 'A'} | isolated={'beginner': 'A', 'intermediate': 'A', 'advanced': 'A'}
2026-09-20 09:16:37 | DEBUG    | student_sim | id=241 gold=B | joint={'beginner': 'B', 'intermediate': 'B', 'advanced': 'B'} | isolated={'beginner': 'B', 'intermediate': 'B', 'advanced': 'B'}
2026-09-20 09:16:40 | DEBUG    | student_sim | id=242 gold=C | joint={'beginner': 'A', 'intermediate': 'C', 'advanced': 'C'} | isolated={'beginner': 'C', 'intermediate': 'C', 'advanced': 'C'}
2026-09-20 09:16:43 | DEBUG    | student_sim | id=243 gold=A | joint={'beginner': 'B', 'intermediate': 'A', 'advanced': 'A'} | isolated={'beginner': 'A', 'intermediate': 'A', 'advanced': 'B'}
2026-09-20 09:16:46 | DEBUG    | student_sim | id=244 gold=B | joint={'beginner': 'A', 'intermediate': 'B', 'advanced': 'B'} | isolated={'beginner': 'B', 'intermediate': 'B', 'advanced': 'B'}
2026-09-20 09:16:49 | DEBUG    | student_sim | id=245 gold=D | joint={'beginner': 'A', 'intermediate': 'D', 'advanced': 'D'} | isolated={'beginner': 'D', 'intermediate': 'D', 'advanced': 'D'}
2026-09-20 09:16:51 | DEBUG    | student_sim | id=246 gold=D | joint={'beginner': 'D', 'intermediate': 'D', 'advanced': 'D'} | isolated={'beginner': 'D', 'intermediate': 'D', 'advanced': 'D'}
2026-09-20 09:16:54 | DEBUG    | student_sim | id=247 gold=C | joint={'beginner': 'A', 'intermediate': 'D', 'advanced': 'C'} | isolated={'beginner': 'C', 'intermediate': 'C', 'advanced': 'C'}
2026-09-20 09:16:57 | DEBUG    | student_sim | id=248 gold=C | joint={'beginner': 'C', 'intermediate': 'C', 'advanced': 'C'} | isolated={'beginner': 'C', 'intermediate': 'C', 'advanced': 'C'}
2026-09-20 09:17:00 | DEBUG    | student_sim | id=249 gold=D | joint={'beginner': 'A', 'intermediate': 'D', 'advanced': 'D'} | isolated={'beginner': 'D', 'intermediate': 'D', 'advanced': 'D'}
2026-09-20 09:17:03 | DEBUG    | student_sim | id=250 gold=B | joint={'beginner': 'A', 'intermediate': 'B', 'advanced': 'B'} | isolated={'beginner': 'B', 'intermediate': 'B', 'advanced': 'B'}
2026-09-20 09:17:06 | DEBUG    | student_sim | id=251 gold=A | joint={'beginner': 'A', 'intermediate': 'A', 'advanced': 'A'} | isolated={'beginner': 'A', 'intermediate': 'A', 'advanced': 'A'}
2026-09-20 09:17:09 | DEBUG    | student_sim | id=252 gold=A | joint={'beginner': 'A', 'intermediate': 'A', 'advanced': 'A'} | isolated={'beginner': 'A', 'intermediate': 'A', 'advanced': 'A'}
2026-09-20 09:17:12 | DEBUG    | student_sim | id=253 gold=B | joint={'beginner': 'A', 'intermediate': 'B', 'advanced': 'B'} | isolated={'beginner': 'B', 'intermediate': 'B', 'advanced': 'B'}
2026-09-20 09:17:15 | DEBUG    | student_sim | id=254 gold=D | joint={'beginner': 'B', 'intermediate': 'A', 'advanced': 'A'} | isolated={'beginner': 'B', 'intermediate': 'B', 'advanced': 'B'}
2026-09-20 09:17:18 | DEBUG    | student_sim | id=255 gold=B | joint={'beginner': 'B', 'intermediate': 'B', 'advanced': 'B'} | isolated={'beginner': 'B', 'intermediate': 'B', 'advanced': 'B'}
2026-09-20 09:17:21 | DEBUG    | student_sim | id=256 gold=C | joint={'beginner': 'A', 'intermediate': 'C', 'advanced': 'D'} | isolated={'beginner': 'B', 'intermediate': 'B', 'advanced': 'B'}
2026-09-20 09:17:24 | DEBUG    | student_sim | id=257 gold=D | joint={'beginner': 'B', 'intermediate': 'D', 'advanced': 'D'} | isolated={'beginner': 'D', 'intermediate': 'D', 'advanced': 'D'}
2026-09-20 09:17:27 | DEBUG    | student_sim | id=258 gold=A | joint={'beginner': 'B', 'intermediate': 'A', 'advanced': 'A'} | isolated={'beginner': 'A', 'intermediate': 'A', 'advanced': 'A'}
2026-09-20 09:17:30 | DEBUG    | student_sim | id=259 gold=C | joint={'beginner': 'D', 'intermediate': 'D', 'advanced': 'D'} | isolated={'beginner': 'D', 'intermediate': 'D', 'advanced': 'D'}
2026-09-20 09:17:33 | DEBUG    | student_sim | id=260 gold=A | joint={'beginner': 'A', 'intermediate': 'A', 'advanced': 'A'} | isolated={'beginner': 'A', 'intermediate': 'A', 'advanced': 'A'}
2026-09-20 09:17:35 | DEBUG    | student_sim | id=261 gold=C | joint={'beginner': 'A', 'intermediate': 'C', 'advanced': 'C'} | isolated={'beginner': 'C', 'intermediate': 'C', 'advanced': 'C'}
2026-09-20 09:17:38 | DEBUG    | student_sim | id=262 gold=B | joint={'beginner': 'B', 'intermediate': 'B', 'advanced': 'B'} | isolated={'beginner': 'B', 'intermediate': 'B', 'advanced': 'C'}
2026-09-20 09:17:41 | DEBUG    | student_sim | id=263 gold=C | joint={'beginner': 'D', 'intermediate': 'C', 'advanced': 'C'} | isolated={'beginner': 'C', 'intermediate': 'C', 'advanced': 'C'}
2026-09-20 09:17:41 | INFO     | student_sim |   [ 264/ 884]  29.9% | acc B/I/A  join 0.40/0.91/0.92 | isol 0.89/0.88/0.90 | 2.88s/sample | ETA 29.7 min
2026-09-20 09:17:44 | DEBUG    | student_sim | id=264 gold=B | joint={'beginner': 'A', 'intermediate': 'B', 'advanced': 'B'} | isolated={'beginner': 'B', 'intermediate': 'B', 'advanced': 'B'}
2026-09-20 09:17:47 | DEBUG    | student_sim | id=265 gold=D | joint={'beginner': 'A', 'intermediate': 'D', 'advanced': 'C'} | isolated={'beginner': 'D', 'intermediate': 'D', 'advanced': 'C'}
2026-09-20 09:17:50 | DEBUG    | student_sim | id=266 gold=A | joint={'beginner': 'B', 'intermediate': 'A', 'advanced': 'A'} | isolated={'beginner': 'A', 'intermediate': 'A', 'advanced': 'A'}
2026-09-20 09:17:53 | DEBUG    | student_sim | id=267 gold=C | joint={'beginner': 'B', 'intermediate': 'C', 'advanced': 'C'} | isolated={'beginner': 'C', 'intermediate': 'C', 'advanced': 'C'}
2026-09-20 09:17:56 | DEBUG    | student_sim | id=268 gold=A | joint={'beginner': 'A', 'intermediate': 'A', 'advanced': 'A'} | isolated={'beginner': 'A', 'intermediate': 'A', 'advanced': 'A'}
2026-09-20 09:17:59 | DEBUG    | student_sim | id=269 gold=A | joint={'beginner': 'A', 'intermediate': 'A', 'advanced': 'A'} | isolated={'beginner': 'A', 'intermediate': 'A', 'advanced': 'A'}
2026-09-20 09:18:02 | DEBUG    | student_sim | id=270 gold=C | joint={'beginner': 'C', 'intermediate': 'C', 'advanced': 'D'} | isolated={'beginner': 'C', 'intermediate': 'C', 'advanced': 'C'}
2026-09-20 09:18:05 | DEBUG    | student_sim | id=271 gold=A | joint={'beginner': 'A', 'intermediate': 'A', 'advanced': 'A'} | isolated={'beginner': 'A', 'intermediate': 'A', 'advanced': 'A'}
2026-09-20 09:18:08 | DEBUG    | student_sim | id=272 gold=C | joint={'beginner': 'C', 'intermediate': 'C', 'advanced': 'C'} | isolated={'beginner': 'C', 'intermediate': 'C', 'advanced': 'C'}
2026-09-20 09:18:11 | DEBUG    | student_sim | id=273 gold=B | joint={'beginner': 'A', 'intermediate': 'C', 'advanced': 'C'} | isolated={'beginner': 'C', 'intermediate': 'C', 'advanced': 'B'}
2026-09-20 09:18:14 | DEBUG    | student_sim | id=274 gold=B | joint={'beginner': 'A', 'intermediate': 'B', 'advanced': 'B'} | isolated={'beginner': 'B', 'intermediate': 'B', 'advanced': 'B'}
2026-09-20 09:18:17 | DEBUG    | student_sim | id=275 gold=A | joint={'beginner': 'B', 'intermediate': 'A', 'advanced': 'A'} | isolated={'beginner': 'A', 'intermediate': 'A', 'advanced': 'A'}
2026-09-20 09:18:19 | DEBUG    | student_sim | id=276 gold=C | joint={'beginner': 'A', 'intermediate': 'C', 'advanced': 'C'} | isolated={'beginner': 'C', 'intermediate': 'C', 'advanced': 'C'}
2026-09-20 09:18:22 | DEBUG    | student_sim | id=277 gold=C | joint={'beginner': 'C', 'intermediate': 'C', 'advanced': 'C'} | isolated={'beginner': 'C', 'intermediate': 'C', 'advanced': 'C'}
2026-09-20 09:18:25 | DEBUG    | student_sim | id=278 gold=A | joint={'beginner': 'A', 'intermediate': 'A', 'advanced': 'A'} | isolated={'beginner': 'A', 'intermediate': 'A', 'advanced': 'A'}
2026-09-20 09:18:28 | DEBUG    | student_sim | id=279 gold=B | joint={'beginner': 'A', 'intermediate': 'B', 'advanced': 'B'} | isolated={'beginner': 'B', 'intermediate': 'B', 'advanced': 'B'}
2026-09-20 09:18:31 | DEBUG    | student_sim | id=280 gold=A | joint={'beginner': 'A', 'intermediate': 'A', 'advanced': 'A'} | isolated={'beginner': 'A', 'intermediate': 'A', 'advanced': 'A'}
2026-09-20 09:18:34 | DEBUG    | student_sim | id=281 gold=A | joint={'beginner': 'D', 'intermediate': 'A', 'advanced': 'A'} | isolated={'beginner': 'A', 'intermediate': 'A', 'advanced': 'A'}
2026-09-20 09:18:37 | DEBUG    | student_sim | id=282 gold=D | joint={'beginner': 'A', 'intermediate': 'D', 'advanced': 'D'} | isolated={'beginner': 'D', 'intermediate': 'D', 'advanced': 'D'}
2026-09-20 09:18:40 | DEBUG    | student_sim | id=283 gold=A | joint={'beginner': 'B', 'intermediate': 'A', 'advanced': 'A'} | isolated={'beginner': 'B', 'intermediate': 'A', 'advanced': 'A'}
2026-09-20 09:18:43 | DEBUG    | student_sim | id=284 gold=D | joint={'beginner': 'A', 'intermediate': 'D', 'advanced': 'D'} | isolated={'beginner': 'D', 'intermediate': 'D', 'advanced': 'D'}
2026-09-20 09:18:46 | DEBUG    | student_sim | id=285 gold=B | joint={'beginner': 'A', 'intermediate': 'B', 'advanced': 'B'} | isolated={'beginner': 'B', 'intermediate': 'B', 'advanced': 'B'}
2026-09-20 09:18:49 | DEBUG    | student_sim | id=286 gold=A | joint={'beginner': 'A', 'intermediate': 'A', 'advanced': 'A'} | isolated={'beginner': 'A', 'intermediate': 'A', 'advanced': 'A'}
2026-09-20 09:18:52 | DEBUG    | student_sim | id=287 gold=A | joint={'beginner': 'C', 'intermediate': 'A', 'advanced': 'A'} | isolated={'beginner': 'A', 'intermediate': 'A', 'advanced': 'A'}
2026-09-20 09:18:55 | DEBUG    | student_sim | id=288 gold=D | joint={'beginner': 'B', 'intermediate': 'D', 'advanced': 'D'} | isolated={'beginner': 'D', 'intermediate': 'D', 'advanced': 'D'}
2026-09-20 09:18:58 | DEBUG    | student_sim | id=289 gold=A | joint={'beginner': 'A', 'intermediate': 'A', 'advanced': 'A'} | isolated={'beginner': 'A', 'intermediate': 'A', 'advanced': 'A'}
2026-09-20 09:19:01 | DEBUG    | student_sim | id=290 gold=C | joint={'beginner': 'C', 'intermediate': 'C', 'advanced': 'C'} | isolated={'beginner': 'C', 'intermediate': 'C', 'advanced': 'C'}
2026-09-20 09:19:04 | DEBUG    | student_sim | id=291 gold=B | joint={'beginner': 'B', 'intermediate': 'B', 'advanced': 'B'} | isolated={'beginner': 'B', 'intermediate': 'B', 'advanced': 'B'}
2026-09-20 09:19:07 | DEBUG    | student_sim | id=292 gold=B | joint={'beginner': 'B', 'intermediate': 'B', 'advanced': 'D'} | isolated={'beginner': 'B', 'intermediate': 'B', 'advanced': 'B'}
2026-09-20 09:19:09 | DEBUG    | student_sim | id=293 gold=C | joint={'beginner': 'A', 'intermediate': 'C', 'advanced': 'C'} | isolated={'beginner': 'C', 'intermediate': 'C', 'advanced': 'C'}
2026-09-20 09:19:12 | DEBUG    | student_sim | id=294 gold=D | joint={'beginner': 'D', 'intermediate': 'D', 'advanced': 'D'} | isolated={'beginner': 'D', 'intermediate': 'D', 'advanced': 'D'}
2026-09-20 09:19:15 | DEBUG    | student_sim | id=295 gold=A | joint={'beginner': 'A', 'intermediate': 'A', 'advanced': 'A'} | isolated={'beginner': 'A', 'intermediate': 'A', 'advanced': 'A'}
2026-09-20 09:19:18 | DEBUG    | student_sim | id=296 gold=A | joint={'beginner': 'A', 'intermediate': 'A', 'advanced': 'A'} | isolated={'beginner': 'A', 'intermediate': 'A', 'advanced': 'A'}
2026-09-20 09:19:21 | DEBUG    | student_sim | id=297 gold=C | joint={'beginner': 'B', 'intermediate': 'B', 'advanced': 'B'} | isolated={'beginner': 'C', 'intermediate': 'C', 'advanced': 'C'}
2026-09-20 09:19:24 | DEBUG    | student_sim | id=298 gold=B | joint={'beginner': 'A', 'intermediate': 'B', 'advanced': 'B'} | isolated={'beginner': 'B', 'intermediate': 'B', 'advanced': 'B'}
2026-09-20 09:19:27 | DEBUG    | student_sim | id=299 gold=C | joint={'beginner': 'A', 'intermediate': 'C', 'advanced': 'C'} | isolated={'beginner': 'C', 'intermediate': 'C', 'advanced': 'C'}
2026-09-20 09:19:30 | DEBUG    | student_sim | id=300 gold=A | joint={'beginner': 'C', 'intermediate': 'A', 'advanced': 'A'} | isolated={'beginner': 'A', 'intermediate': 'A', 'advanced': 'A'}
2026-09-20 09:19:33 | DEBUG    | student_sim | id=301 gold=D | joint={'beginner': 'A', 'intermediate': 'D', 'advanced': 'D'} | isolated={'beginner': 'D', 'intermediate': 'D', 'advanced': 'D'}
2026-09-20 09:19:36 | DEBUG    | student_sim | id=302 gold=C | joint={'beginner': 'D', 'intermediate': 'C', 'advanced': 'D'} | isolated={'beginner': 'C', 'intermediate': 'C', 'advanced': 'C'}
2026-09-20 09:19:39 | DEBUG    | student_sim | id=303 gold=A | joint={'beginner': 'A', 'intermediate': 'A', 'advanced': 'A'} | isolated={'beginner': 'A', 'intermediate': 'A', 'advanced': 'A'}
2026-09-20 09:19:42 | DEBUG    | student_sim | id=304 gold=A | joint={'beginner': 'A', 'intermediate': 'A', 'advanced': 'A'} | isolated={'beginner': 'A', 'intermediate': 'A', 'advanced': 'A'}
2026-09-20 09:19:44 | DEBUG    | student_sim | id=305 gold=B | joint={'beginner': 'A', 'intermediate': 'B', 'advanced': 'B'} | isolated={'beginner': 'B', 'intermediate': 'B', 'advanced': 'B'}
2026-09-20 09:19:47 | DEBUG    | student_sim | id=306 gold=C | joint={'beginner': 'C', 'intermediate': 'C', 'advanced': 'C'} | isolated={'beginner': 'C', 'intermediate': 'C', 'advanced': 'C'}
2026-09-20 09:19:50 | DEBUG    | student_sim | id=307 gold=D | joint={'beginner': 'A', 'intermediate': 'D', 'advanced': 'D'} | isolated={'beginner': 'D', 'intermediate': 'B', 'advanced': 'B'}
2026-09-20 09:19:50 | INFO     | student_sim |   [ 308/ 884]  34.8% | acc B/I/A  join 0.41/0.92/0.91 | isol 0.90/0.89/0.91 | 2.88s/sample | ETA 27.7 min
2026-09-20 09:19:53 | DEBUG    | student_sim | id=308 gold=B | joint={'beginner': 'C', 'intermediate': 'B', 'advanced': 'D'} | isolated={'beginner': 'B', 'intermediate': 'B', 'advanced': 'B'}
2026-09-20 09:19:56 | DEBUG    | student_sim | id=309 gold=C | joint={'beginner': 'B', 'intermediate': 'C', 'advanced': 'C'} | isolated={'beginner': 'B', 'intermediate': 'C', 'advanced': 'C'}
2026-09-20 09:19:59 | DEBUG    | student_sim | id=310 gold=C | joint={'beginner': 'B', 'intermediate': 'C', 'advanced': 'C'} | isolated={'beginner': 'B', 'intermediate': 'C', 'advanced': 'C'}
2026-09-20 09:20:02 | DEBUG    | student_sim | id=311 gold=D | joint={'beginner': 'A', 'intermediate': 'D', 'advanced': 'D'} | isolated={'beginner': 'D', 'intermediate': 'D', 'advanced': 'D'}
2026-09-20 09:20:05 | DEBUG    | student_sim | id=312 gold=D | joint={'beginner': 'A', 'intermediate': 'D', 'advanced': 'D'} | isolated={'beginner': 'D', 'intermediate': 'D', 'advanced': 'D'}
2026-09-20 09:20:08 | DEBUG    | student_sim | id=313 gold=B | joint={'beginner': 'B', 'intermediate': 'B', 'advanced': 'B'} | isolated={'beginner': 'B', 'intermediate': 'B', 'advanced': 'B'}
2026-09-20 09:20:11 | DEBUG    | student_sim | id=314 gold=D | joint={'beginner': 'C', 'intermediate': 'D', 'advanced': 'D'} | isolated={'beginner': 'D', 'intermediate': 'D', 'advanced': 'D'}
2026-09-20 09:20:14 | DEBUG    | student_sim | id=315 gold=A | joint={'beginner': 'A', 'intermediate': 'A', 'advanced': 'A'} | isolated={'beginner': 'A', 'intermediate': 'A', 'advanced': 'A'}
2026-09-20 09:20:17 | DEBUG    | student_sim | id=316 gold=D | joint={'beginner': 'A', 'intermediate': 'D', 'advanced': 'D'} | isolated={'beginner': 'C', 'intermediate': 'D', 'advanced': 'D'}
2026-09-20 09:20:20 | DEBUG    | student_sim | id=317 gold=A | joint={'beginner': 'C', 'intermediate': 'A', 'advanced': 'A'} | isolated={'beginner': 'A', 'intermediate': 'A', 'advanced': 'A'}
2026-09-20 09:20:23 | DEBUG    | student_sim | id=318 gold=D | joint={'beginner': 'D', 'intermediate': 'D', 'advanced': 'D'} | isolated={'beginner': 'D', 'intermediate': 'D', 'advanced': 'D'}
2026-09-20 09:20:26 | DEBUG    | student_sim | id=319 gold=A | joint={'beginner': 'A', 'intermediate': 'A', 'advanced': 'A'} | isolated={'beginner': 'A', 'intermediate': 'A', 'advanced': 'A'}
2026-09-20 09:20:29 | DEBUG    | student_sim | id=320 gold=B | joint={'beginner': 'A', 'intermediate': 'B', 'advanced': 'B'} | isolated={'beginner': 'B', 'intermediate': 'B', 'advanced': 'B'}
2026-09-20 09:20:31 | DEBUG    | student_sim | id=321 gold=C | joint={'beginner': 'A', 'intermediate': 'C', 'advanced': 'C'} | isolated={'beginner': 'C', 'intermediate': 'C', 'advanced': 'C'}
2026-09-20 09:20:34 | DEBUG    | student_sim | id=322 gold=C | joint={'beginner': 'B', 'intermediate': 'C', 'advanced': 'C'} | isolated={'beginner': 'C', 'intermediate': 'C', 'advanced': 'B'}
2026-09-20 09:20:37 | DEBUG    | student_sim | id=323 gold=D | joint={'beginner': 'D', 'intermediate': 'D', 'advanced': 'D'} | isolated={'beginner': 'D', 'intermediate': 'D', 'advanced': 'D'}
2026-09-20 09:20:40 | DEBUG    | student_sim | id=324 gold=D | joint={'beginner': 'A', 'intermediate': 'D', 'advanced': 'D'} | isolated={'beginner': 'D', 'intermediate': 'D', 'advanced': 'D'}
2026-09-20 09:20:43 | DEBUG    | student_sim | id=325 gold=B | joint={'beginner': 'A', 'intermediate': 'B', 'advanced': 'B'} | isolated={'beginner': 'B', 'intermediate': 'B', 'advanced': 'B'}
2026-09-20 09:20:46 | DEBUG    | student_sim | id=326 gold=A | joint={'beginner': 'A', 'intermediate': 'B', 'advanced': 'B'} | isolated={'beginner': 'B', 'intermediate': 'B', 'advanced': 'B'}
2026-09-20 09:20:49 | DEBUG    | student_sim | id=327 gold=C | joint={'beginner': 'A', 'intermediate': 'C', 'advanced': 'C'} | isolated={'beginner': 'C', 'intermediate': 'C', 'advanced': 'C'}
2026-09-20 09:20:52 | DEBUG    | student_sim | id=328 gold=D | joint={'beginner': 'D', 'intermediate': 'D', 'advanced': 'D'} | isolated={'beginner': 'D', 'intermediate': 'D', 'advanced': 'D'}
2026-09-20 09:20:55 | DEBUG    | student_sim | id=329 gold=B | joint={'beginner': 'C', 'intermediate': 'B', 'advanced': 'B'} | isolated={'beginner': 'B', 'intermediate': 'B', 'advanced': 'B'}
2026-09-20 09:20:58 | DEBUG    | student_sim | id=330 gold=A | joint={'beginner': 'B', 'intermediate': 'A', 'advanced': 'A'} | isolated={'beginner': 'B', 'intermediate': 'A', 'advanced': 'A'}
2026-09-20 09:21:01 | DEBUG    | student_sim | id=331 gold=B | joint={'beginner': 'A', 'intermediate': 'B', 'advanced': 'B'} | isolated={'beginner': 'B', 'intermediate': 'B', 'advanced': 'B'}
2026-09-20 09:21:04 | DEBUG    | student_sim | id=332 gold=B | joint={'beginner': 'C', 'intermediate': 'B', 'advanced': 'B'} | isolated={'beginner': 'B', 'intermediate': 'B', 'advanced': 'B'}
2026-09-20 09:21:07 | DEBUG    | student_sim | id=333 gold=D | joint={'beginner': 'A', 'intermediate': 'D', 'advanced': 'D'} | isolated={'beginner': 'D', 'intermediate': 'D', 'advanced': 'D'}
2026-09-20 09:21:10 | DEBUG    | student_sim | id=334 gold=A | joint={'beginner': 'A', 'intermediate': 'A', 'advanced': 'A'} | isolated={'beginner': 'A', 'intermediate': 'A', 'advanced': 'A'}
2026-09-20 09:21:13 | DEBUG    | student_sim | id=335 gold=A | joint={'beginner': 'A', 'intermediate': 'A', 'advanced': 'A'} | isolated={'beginner': 'A', 'intermediate': 'A', 'advanced': 'A'}
2026-09-20 09:21:16 | DEBUG    | student_sim | id=336 gold=A | joint={'beginner': 'B', 'intermediate': 'A', 'advanced': 'A'} | isolated={'beginner': 'A', 'intermediate': 'A', 'advanced': 'A'}
2026-09-20 09:21:19 | DEBUG    | student_sim | id=337 gold=D | joint={'beginner': 'A', 'intermediate': 'D', 'advanced': 'D'} | isolated={'beginner': 'D', 'intermediate': 'D', 'advanced': 'D'}
2026-09-20 09:21:22 | DEBUG    | student_sim | id=338 gold=A | joint={'beginner': 'A', 'intermediate': 'A', 'advanced': 'A'} | isolated={'beginner': 'A', 'intermediate': 'A', 'advanced': 'B'}
2026-09-20 09:21:24 | DEBUG    | student_sim | id=339 gold=C | joint={'beginner': 'A', 'intermediate': 'A', 'advanced': 'A'} | isolated={'beginner': 'A', 'intermediate': 'A', 'advanced': 'A'}
2026-09-20 09:21:27 | DEBUG    | student_sim | id=340 gold=C | joint={'beginner': 'A', 'intermediate': 'C', 'advanced': 'C'} | isolated={'beginner': 'C', 'intermediate': 'C', 'advanced': 'C'}
2026-09-20 09:21:30 | DEBUG    | student_sim | id=341 gold=B | joint={'beginner': 'A', 'intermediate': 'B', 'advanced': 'B'} | isolated={'beginner': 'B', 'intermediate': 'B', 'advanced': 'B'}
2026-09-20 09:21:33 | DEBUG    | student_sim | id=342 gold=C | joint={'beginner': 'C', 'intermediate': 'C', 'advanced': 'C'} | isolated={'beginner': 'C', 'intermediate': 'C', 'advanced': 'C'}
2026-09-20 09:21:36 | DEBUG    | student_sim | id=343 gold=B | joint={'beginner': 'A', 'intermediate': 'B', 'advanced': 'B'} | isolated={'beginner': 'B', 'intermediate': 'B', 'advanced': 'B'}
2026-09-20 09:21:39 | DEBUG    | student_sim | id=344 gold=D | joint={'beginner': 'D', 'intermediate': 'D', 'advanced': 'D'} | isolated={'beginner': 'D', 'intermediate': 'D', 'advanced': 'D'}
2026-09-20 09:21:42 | DEBUG    | student_sim | id=345 gold=B | joint={'beginner': 'C', 'intermediate': 'A', 'advanced': 'A'} | isolated={'beginner': 'C', 'intermediate': 'A', 'advanced': 'C'}
2026-09-20 09:21:45 | DEBUG    | student_sim | id=346 gold=B | joint={'beginner': 'A', 'intermediate': 'B', 'advanced': 'B'} | isolated={'beginner': 'B', 'intermediate': 'B', 'advanced': 'B'}
2026-09-20 09:21:48 | DEBUG    | student_sim | id=347 gold=D | joint={'beginner': 'A', 'intermediate': 'D', 'advanced': 'D'} | isolated={'beginner': 'D', 'intermediate': 'D', 'advanced': 'D'}
2026-09-20 09:21:51 | DEBUG    | student_sim | id=348 gold=C | joint={'beginner': 'A', 'intermediate': 'C', 'advanced': 'C'} | isolated={'beginner': 'C', 'intermediate': 'C', 'advanced': 'C'}
2026-09-20 09:21:54 | DEBUG    | student_sim | id=349 gold=A | joint={'beginner': 'A', 'intermediate': 'A', 'advanced': 'A'} | isolated={'beginner': 'B', 'intermediate': 'A', 'advanced': 'C'}
2026-09-20 09:21:57 | DEBUG    | student_sim | id=350 gold=C | joint={'beginner': 'C', 'intermediate': 'A', 'advanced': 'C'} | isolated={'beginner': 'C', 'intermediate': 'C', 'advanced': 'C'}
2026-09-20 09:22:00 | DEBUG    | student_sim | id=351 gold=A | joint={'beginner': 'A', 'intermediate': 'A', 'advanced': 'A'} | isolated={'beginner': 'A', 'intermediate': 'A', 'advanced': 'A'}
2026-09-20 09:22:00 | INFO     | student_sim |   [ 352/ 884]  39.8% | acc B/I/A  join 0.40/0.92/0.91 | isol 0.89/0.89/0.90 | 2.89s/sample | ETA 25.6 min
2026-09-20 09:22:03 | DEBUG    | student_sim | id=352 gold=D | joint={'beginner': 'C', 'intermediate': 'D', 'advanced': 'D'} | isolated={'beginner': 'D', 'intermediate': 'D', 'advanced': 'D'}
2026-09-20 09:22:06 | DEBUG    | student_sim | id=353 gold=C | joint={'beginner': 'A', 'intermediate': 'C', 'advanced': 'C'} | isolated={'beginner': 'C', 'intermediate': 'C', 'advanced': 'C'}
2026-09-20 09:22:09 | DEBUG    | student_sim | id=354 gold=C | joint={'beginner': 'A', 'intermediate': 'C', 'advanced': 'C'} | isolated={'beginner': 'C', 'intermediate': 'C', 'advanced': 'C'}
2026-09-20 09:22:12 | DEBUG    | student_sim | id=355 gold=D | joint={'beginner': 'A', 'intermediate': 'C', 'advanced': 'D'} | isolated={'beginner': 'D', 'intermediate': 'C', 'advanced': 'D'}
2026-09-20 09:22:15 | DEBUG    | student_sim | id=356 gold=A | joint={'beginner': 'C', 'intermediate': 'A', 'advanced': 'A'} | isolated={'beginner': 'A', 'intermediate': 'A', 'advanced': 'A'}
2026-09-20 09:22:18 | DEBUG    | student_sim | id=357 gold=A | joint={'beginner': 'D', 'intermediate': 'A', 'advanced': 'A'} | isolated={'beginner': 'A', 'intermediate': 'A', 'advanced': 'A'}
2026-09-20 09:22:20 | DEBUG    | student_sim | id=358 gold=D | joint={'beginner': 'A', 'intermediate': 'D', 'advanced': 'D'} | isolated={'beginner': 'D', 'intermediate': 'D', 'advanced': 'D'}
2026-09-20 09:22:23 | DEBUG    | student_sim | id=359 gold=C | joint={'beginner': 'A', 'intermediate': 'C', 'advanced': 'C'} | isolated={'beginner': 'C', 'intermediate': 'C', 'advanced': 'C'}
2026-09-20 09:22:26 | DEBUG    | student_sim | id=360 gold=B | joint={'beginner': 'B', 'intermediate': 'B', 'advanced': 'B'} | isolated={'beginner': 'B', 'intermediate': 'B', 'advanced': 'B'}
2026-09-20 09:22:29 | DEBUG    | student_sim | id=361 gold=A | joint={'beginner': 'B', 'intermediate': 'A', 'advanced': 'A'} | isolated={'beginner': 'B', 'intermediate': 'A', 'advanced': 'A'}
2026-09-20 09:22:32 | DEBUG    | student_sim | id=362 gold=C | joint={'beginner': 'C', 'intermediate': 'C', 'advanced': 'C'} | isolated={'beginner': 'C', 'intermediate': 'C', 'advanced': 'C'}
2026-09-20 09:22:35 | DEBUG    | student_sim | id=363 gold=D | joint={'beginner': 'A', 'intermediate': 'D', 'advanced': 'D'} | isolated={'beginner': 'D', 'intermediate': 'D', 'advanced': 'D'}
2026-09-20 09:22:38 | DEBUG    | student_sim | id=364 gold=C | joint={'beginner': 'D', 'intermediate': 'C', 'advanced': 'C'} | isolated={'beginner': 'C', 'intermediate': 'C', 'advanced': 'C'}
2026-09-20 09:22:41 | DEBUG    | student_sim | id=365 gold=B | joint={'beginner': 'B', 'intermediate': 'B', 'advanced': 'B'} | isolated={'beginner': 'B', 'intermediate': 'B', 'advanced': 'B'}
2026-09-20 09:22:44 | DEBUG    | student_sim | id=366 gold=A | joint={'beginner': 'A', 'intermediate': 'A', 'advanced': 'A'} | isolated={'beginner': 'A', 'intermediate': 'A', 'advanced': 'A'}
2026-09-20 09:22:47 | DEBUG    | student_sim | id=367 gold=B | joint={'beginner': 'A', 'intermediate': 'B', 'advanced': 'B'} | isolated={'beginner': 'B', 'intermediate': 'B', 'advanced': 'B'}
2026-09-20 09:22:50 | DEBUG    | student_sim | id=368 gold=B | joint={'beginner': 'A', 'intermediate': 'B', 'advanced': 'B'} | isolated={'beginner': 'B', 'intermediate': 'B', 'advanced': 'B'}
2026-09-20 09:22:52 | DEBUG    | student_sim | id=369 gold=A | joint={'beginner': 'B', 'intermediate': 'A', 'advanced': 'A'} | isolated={'beginner': 'A', 'intermediate': 'A', 'advanced': 'A'}
2026-09-20 09:22:55 | DEBUG    | student_sim | id=370 gold=C | joint={'beginner': 'C', 'intermediate': 'C', 'advanced': 'C'} | isolated={'beginner': 'C', 'intermediate': 'C', 'advanced': 'C'}
2026-09-20 09:22:58 | DEBUG    | student_sim | id=371 gold=A | joint={'beginner': 'A', 'intermediate': 'A', 'advanced': 'A'} | isolated={'beginner': 'A', 'intermediate': 'A', 'advanced': 'A'}
2026-09-20 09:23:01 | DEBUG    | student_sim | id=372 gold=B | joint={'beginner': 'A', 'intermediate': 'B', 'advanced': 'B'} | isolated={'beginner': 'B', 'intermediate': 'B', 'advanced': 'B'}
2026-09-20 09:23:04 | DEBUG    | student_sim | id=373 gold=A | joint={'beginner': 'A', 'intermediate': 'A', 'advanced': 'A'} | isolated={'beginner': 'A', 'intermediate': 'A', 'advanced': 'A'}
2026-09-20 09:23:07 | DEBUG    | student_sim | id=374 gold=D | joint={'beginner': 'A', 'intermediate': 'D', 'advanced': 'D'} | isolated={'beginner': 'D', 'intermediate': 'D', 'advanced': 'D'}
2026-09-20 09:23:10 | DEBUG    | student_sim | id=375 gold=C | joint={'beginner': 'A', 'intermediate': 'C', 'advanced': 'C'} | isolated={'beginner': 'C', 'intermediate': 'C', 'advanced': 'C'}
2026-09-20 09:23:13 | DEBUG    | student_sim | id=376 gold=D | joint={'beginner': 'A', 'intermediate': 'D', 'advanced': 'D'} | isolated={'beginner': 'D', 'intermediate': 'D', 'advanced': 'D'}
2026-09-20 09:23:16 | DEBUG    | student_sim | id=377 gold=D | joint={'beginner': 'B', 'intermediate': 'D', 'advanced': 'D'} | isolated={'beginner': 'D', 'intermediate': 'D', 'advanced': 'D'}
2026-09-20 09:23:19 | DEBUG    | student_sim | id=378 gold=C | joint={'beginner': 'C', 'intermediate': 'C', 'advanced': 'C'} | isolated={'beginner': 'C', 'intermediate': 'C', 'advanced': 'C'}
2026-09-20 09:23:22 | DEBUG    | student_sim | id=379 gold=D | joint={'beginner': 'C', 'intermediate': 'D', 'advanced': 'D'} | isolated={'beginner': 'D', 'intermediate': 'D', 'advanced': 'D'}
2026-09-20 09:23:25 | DEBUG    | student_sim | id=380 gold=C | joint={'beginner': 'A', 'intermediate': 'C', 'advanced': 'C'} | isolated={'beginner': 'C', 'intermediate': 'C', 'advanced': 'C'}
2026-09-20 09:23:28 | DEBUG    | student_sim | id=381 gold=B | joint={'beginner': 'A', 'intermediate': 'B', 'advanced': 'B'} | isolated={'beginner': 'B', 'intermediate': 'B', 'advanced': 'B'}
2026-09-20 09:23:31 | DEBUG    | student_sim | id=382 gold=C | joint={'beginner': 'B', 'intermediate': 'C', 'advanced': 'C'} | isolated={'beginner': 'C', 'intermediate': 'C', 'advanced': 'C'}
2026-09-20 09:23:34 | DEBUG    | student_sim | id=383 gold=C | joint={'beginner': 'A', 'intermediate': 'C', 'advanced': 'C'} | isolated={'beginner': 'A', 'intermediate': 'C', 'advanced': 'C'}
2026-09-20 09:23:36 | DEBUG    | student_sim | id=384 gold=D | joint={'beginner': 'D', 'intermediate': 'D', 'advanced': 'D'} | isolated={'beginner': 'D', 'intermediate': 'D', 'advanced': 'D'}
2026-09-20 09:23:39 | DEBUG    | student_sim | id=385 gold=C | joint={'beginner': 'A', 'intermediate': 'C', 'advanced': 'C'} | isolated={'beginner': 'A', 'intermediate': 'A', 'advanced': 'C'}
2026-09-20 09:23:42 | DEBUG    | student_sim | id=386 gold=D | joint={'beginner': 'A', 'intermediate': 'D', 'advanced': 'D'} | isolated={'beginner': 'D', 'intermediate': 'D', 'advanced': 'D'}
2026-09-20 09:23:45 | DEBUG    | student_sim | id=387 gold=D | joint={'beginner': 'A', 'intermediate': 'B', 'advanced': 'D'} | isolated={'beginner': 'B', 'intermediate': 'B', 'advanced': 'B'}
2026-09-20 09:23:48 | DEBUG    | student_sim | id=388 gold=D | joint={'beginner': 'D', 'intermediate': 'D', 'advanced': 'D'} | isolated={'beginner': 'D', 'intermediate': 'D', 'advanced': 'D'}
2026-09-20 09:23:51 | DEBUG    | student_sim | id=389 gold=A | joint={'beginner': 'A', 'intermediate': 'A', 'advanced': 'A'} | isolated={'beginner': 'A', 'intermediate': 'A', 'advanced': 'A'}
2026-09-20 09:23:54 | DEBUG    | student_sim | id=390 gold=D | joint={'beginner': 'A', 'intermediate': 'D', 'advanced': 'D'} | isolated={'beginner': 'D', 'intermediate': 'D', 'advanced': 'D'}
2026-09-20 09:23:57 | DEBUG    | student_sim | id=391 gold=D | joint={'beginner': 'B', 'intermediate': 'D', 'advanced': 'D'} | isolated={'beginner': 'D', 'intermediate': 'D', 'advanced': 'D'}
2026-09-20 09:24:00 | DEBUG    | student_sim | id=392 gold=B | joint={'beginner': 'B', 'intermediate': 'B', 'advanced': 'B'} | isolated={'beginner': 'B', 'intermediate': 'B', 'advanced': 'B'}
2026-09-20 09:24:03 | DEBUG    | student_sim | id=393 gold=D | joint={'beginner': 'C', 'intermediate': 'D', 'advanced': 'D'} | isolated={'beginner': 'D', 'intermediate': 'D', 'advanced': 'D'}
2026-09-20 09:24:06 | DEBUG    | student_sim | id=394 gold=B | joint={'beginner': 'A', 'intermediate': 'A', 'advanced': 'A'} | isolated={'beginner': 'A', 'intermediate': 'A', 'advanced': 'A'}
2026-09-20 09:24:09 | DEBUG    | student_sim | id=395 gold=A | joint={'beginner': 'B', 'intermediate': 'A', 'advanced': 'A'} | isolated={'beginner': 'A', 'intermediate': 'A', 'advanced': 'A'}
2026-09-20 09:24:09 | INFO     | student_sim |   [ 396/ 884]  44.8% | acc B/I/A  join 0.38/0.92/0.92 | isol 0.89/0.90/0.91 | 2.90s/sample | ETA 23.6 min
2026-09-20 09:24:12 | DEBUG    | student_sim | id=396 gold=D | joint={'beginner': 'A', 'intermediate': 'D', 'advanced': 'D'} | isolated={'beginner': 'D', 'intermediate': 'D', 'advanced': 'D'}
2026-09-20 09:24:15 | DEBUG    | student_sim | id=397 gold=C | joint={'beginner': 'A', 'intermediate': 'C', 'advanced': 'C'} | isolated={'beginner': 'C', 'intermediate': 'C', 'advanced': 'C'}
2026-09-20 09:24:18 | DEBUG    | student_sim | id=398 gold=A | joint={'beginner': 'A', 'intermediate': 'A', 'advanced': 'A'} | isolated={'beginner': 'A', 'intermediate': 'A', 'advanced': 'A'}
2026-09-20 09:24:21 | DEBUG    | student_sim | id=399 gold=A | joint={'beginner': 'B', 'intermediate': 'A', 'advanced': 'A'} | isolated={'beginner': 'A', 'intermediate': 'A', 'advanced': 'A'}
2026-09-20 09:24:23 | DEBUG    | student_sim | id=400 gold=A | joint={'beginner': 'A', 'intermediate': 'A', 'advanced': 'A'} | isolated={'beginner': 'A', 'intermediate': 'A', 'advanced': 'A'}
2026-09-20 09:24:26 | DEBUG    | student_sim | id=401 gold=D | joint={'beginner': 'C', 'intermediate': 'D', 'advanced': 'D'} | isolated={'beginner': 'D', 'intermediate': 'D', 'advanced': 'D'}
2026-09-20 09:24:29 | DEBUG    | student_sim | id=402 gold=A | joint={'beginner': 'A', 'intermediate': 'A', 'advanced': 'A'} | isolated={'beginner': 'A', 'intermediate': 'A', 'advanced': 'A'}
2026-09-20 09:24:32 | DEBUG    | student_sim | id=403 gold=A | joint={'beginner': 'C', 'intermediate': 'A', 'advanced': 'A'} | isolated={'beginner': 'A', 'intermediate': 'A', 'advanced': 'A'}
2026-09-20 09:24:35 | DEBUG    | student_sim | id=404 gold=A | joint={'beginner': 'B', 'intermediate': 'A', 'advanced': 'A'} | isolated={'beginner': 'A', 'intermediate': 'A', 'advanced': 'B'}
2026-09-20 09:24:38 | DEBUG    | student_sim | id=405 gold=D | joint={'beginner': 'C', 'intermediate': 'D', 'advanced': 'D'} | isolated={'beginner': 'D', 'intermediate': 'D', 'advanced': 'D'}
2026-09-20 09:24:41 | DEBUG    | student_sim | id=406 gold=A | joint={'beginner': 'A', 'intermediate': 'A', 'advanced': 'A'} | isolated={'beginner': 'A', 'intermediate': 'A', 'advanced': 'A'}
2026-09-20 09:24:44 | DEBUG    | student_sim | id=407 gold=C | joint={'beginner': 'A', 'intermediate': 'C', 'advanced': 'C'} | isolated={'beginner': 'C', 'intermediate': 'C', 'advanced': 'C'}
2026-09-20 09:24:47 | DEBUG    | student_sim | id=408 gold=D | joint={'beginner': 'A', 'intermediate': 'D', 'advanced': 'D'} | isolated={'beginner': 'B', 'intermediate': 'D', 'advanced': 'D'}
2026-09-20 09:24:50 | DEBUG    | student_sim | id=409 gold=D | joint={'beginner': 'A', 'intermediate': 'D', 'advanced': 'D'} | isolated={'beginner': 'A', 'intermediate': 'D', 'advanced': 'D'}
2026-09-20 09:24:53 | DEBUG    | student_sim | id=410 gold=C | joint={'beginner': 'C', 'intermediate': 'C', 'advanced': 'C'} | isolated={'beginner': 'C', 'intermediate': 'C', 'advanced': 'C'}
2026-09-20 09:24:56 | DEBUG    | student_sim | id=411 gold=B | joint={'beginner': 'B', 'intermediate': 'B', 'advanced': 'B'} | isolated={'beginner': 'B', 'intermediate': 'B', 'advanced': 'B'}
2026-09-20 09:24:59 | DEBUG    | student_sim | id=412 gold=A | joint={'beginner': 'B', 'intermediate': 'A', 'advanced': 'A'} | isolated={'beginner': 'B', 'intermediate': 'A', 'advanced': 'A'}
2026-09-20 09:25:02 | DEBUG    | student_sim | id=413 gold=D | joint={'beginner': 'C', 'intermediate': 'C', 'advanced': 'D'} | isolated={'beginner': 'C', 'intermediate': 'C', 'advanced': 'C'}
2026-09-20 09:25:05 | DEBUG    | student_sim | id=414 gold=C | joint={'beginner': 'A', 'intermediate': 'C', 'advanced': 'C'} | isolated={'beginner': 'C', 'intermediate': 'C', 'advanced': 'C'}
2026-09-20 09:25:08 | DEBUG    | student_sim | id=415 gold=A | joint={'beginner': 'C', 'intermediate': 'A', 'advanced': 'A'} | isolated={'beginner': 'A', 'intermediate': 'A', 'advanced': 'A'}
2026-09-20 09:25:10 | DEBUG    | student_sim | id=416 gold=C | joint={'beginner': 'A', 'intermediate': 'C', 'advanced': 'D'} | isolated={'beginner': 'C', 'intermediate': 'D', 'advanced': 'C'}
2026-09-20 09:25:13 | DEBUG    | student_sim | id=417 gold=C | joint={'beginner': 'A', 'intermediate': 'C', 'advanced': 'C'} | isolated={'beginner': 'C', 'intermediate': 'C', 'advanced': 'C'}
2026-09-20 09:25:16 | DEBUG    | student_sim | id=418 gold=B | joint={'beginner': 'A', 'intermediate': 'A', 'advanced': 'B'} | isolated={'beginner': 'A', 'intermediate': 'A', 'advanced': 'B'}
2026-09-20 09:25:19 | DEBUG    | student_sim | id=419 gold=C | joint={'beginner': 'C', 'intermediate': 'C', 'advanced': 'C'} | isolated={'beginner': 'C', 'intermediate': 'C', 'advanced': 'C'}
2026-09-20 09:25:22 | DEBUG    | student_sim | id=420 gold=A | joint={'beginner': 'A', 'intermediate': 'A', 'advanced': 'A'} | isolated={'beginner': 'A', 'intermediate': 'A', 'advanced': 'A'}
2026-09-20 09:25:25 | DEBUG    | student_sim | id=421 gold=B | joint={'beginner': 'A', 'intermediate': 'B', 'advanced': 'B'} | isolated={'beginner': 'B', 'intermediate': 'B', 'advanced': 'B'}
2026-09-20 09:25:28 | DEBUG    | student_sim | id=422 gold=C | joint={'beginner': 'A', 'intermediate': 'C', 'advanced': 'C'} | isolated={'beginner': 'C', 'intermediate': 'C', 'advanced': 'C'}
2026-09-20 09:25:31 | DEBUG    | student_sim | id=423 gold=D | joint={'beginner': 'C', 'intermediate': 'D', 'advanced': 'D'} | isolated={'beginner': 'D', 'intermediate': 'D', 'advanced': 'D'}
2026-09-20 09:25:34 | DEBUG    | student_sim | id=424 gold=D | joint={'beginner': 'C', 'intermediate': 'D', 'advanced': 'D'} | isolated={'beginner': 'D', 'intermediate': 'D', 'advanced': 'D'}
2026-09-20 09:25:37 | DEBUG    | student_sim | id=425 gold=A | joint={'beginner': 'A', 'intermediate': 'A', 'advanced': 'A'} | isolated={'beginner': 'A', 'intermediate': 'A', 'advanced': 'A'}
2026-09-20 09:25:40 | DEBUG    | student_sim | id=426 gold=C | joint={'beginner': 'A', 'intermediate': 'C', 'advanced': 'C'} | isolated={'beginner': 'C', 'intermediate': 'C', 'advanced': 'C'}
2026-09-20 09:25:43 | DEBUG    | student_sim | id=427 gold=A | joint={'beginner': 'A', 'intermediate': 'A', 'advanced': 'A'} | isolated={'beginner': 'A', 'intermediate': 'A', 'advanced': 'A'}
2026-09-20 09:25:46 | DEBUG    | student_sim | id=428 gold=D | joint={'beginner': 'A', 'intermediate': 'D', 'advanced': 'D'} | isolated={'beginner': 'D', 'intermediate': 'D', 'advanced': 'D'}
2026-09-20 09:25:49 | DEBUG    | student_sim | id=429 gold=B | joint={'beginner': 'B', 'intermediate': 'B', 'advanced': 'B'} | isolated={'beginner': 'B', 'intermediate': 'B', 'advanced': 'B'}
2026-09-20 09:25:52 | DEBUG    | student_sim | id=430 gold=D | joint={'beginner': 'A', 'intermediate': 'D', 'advanced': 'D'} | isolated={'beginner': 'D', 'intermediate': 'D', 'advanced': 'D'}
2026-09-20 09:25:55 | DEBUG    | student_sim | id=431 gold=A | joint={'beginner': 'A', 'intermediate': 'A', 'advanced': 'A'} | isolated={'beginner': 'A', 'intermediate': 'A', 'advanced': 'A'}
2026-09-20 09:25:58 | DEBUG    | student_sim | id=432 gold=B | joint={'beginner': 'A', 'intermediate': 'B', 'advanced': 'B'} | isolated={'beginner': 'B', 'intermediate': 'B', 'advanced': 'B'}
2026-09-20 09:26:01 | DEBUG    | student_sim | id=433 gold=D | joint={'beginner': 'D', 'intermediate': 'D', 'advanced': 'D'} | isolated={'beginner': 'D', 'intermediate': 'D', 'advanced': 'D'}
2026-09-20 09:26:03 | DEBUG    | student_sim | id=434 gold=D | joint={'beginner': 'A', 'intermediate': 'D', 'advanced': 'D'} | isolated={'beginner': 'D', 'intermediate': 'D', 'advanced': 'D'}
2026-09-20 09:26:06 | DEBUG    | student_sim | id=435 gold=C | joint={'beginner': 'C', 'intermediate': 'C', 'advanced': 'D'} | isolated={'beginner': 'C', 'intermediate': 'C', 'advanced': 'A'}
2026-09-20 09:26:09 | DEBUG    | student_sim | id=436 gold=B | joint={'beginner': 'C', 'intermediate': 'B', 'advanced': 'B'} | isolated={'beginner': 'B', 'intermediate': 'B', 'advanced': 'B'}
2026-09-20 09:26:12 | DEBUG    | student_sim | id=437 gold=D | joint={'beginner': 'D', 'intermediate': 'D', 'advanced': 'D'} | isolated={'beginner': 'D', 'intermediate': 'D', 'advanced': 'D'}
2026-09-20 09:26:15 | DEBUG    | student_sim | id=438 gold=C | joint={'beginner': 'A', 'intermediate': 'C', 'advanced': 'C'} | isolated={'beginner': 'C', 'intermediate': 'C', 'advanced': 'C'}
2026-09-20 09:26:18 | DEBUG    | student_sim | id=439 gold=B | joint={'beginner': 'A', 'intermediate': 'B', 'advanced': 'B'} | isolated={'beginner': 'B', 'intermediate': 'B', 'advanced': 'B'}
2026-09-20 09:26:18 | INFO     | student_sim |   [ 440/ 884]  49.8% | acc B/I/A  join 0.38/0.92/0.92 | isol 0.89/0.90/0.91 | 2.90s/sample | ETA 21.5 min
2026-09-20 09:26:21 | DEBUG    | student_sim | id=440 gold=D | joint={'beginner': 'A', 'intermediate': 'D', 'advanced': 'D'} | isolated={'beginner': 'D', 'intermediate': 'D', 'advanced': 'D'}
2026-09-20 09:26:24 | DEBUG    | student_sim | id=441 gold=C | joint={'beginner': 'A', 'intermediate': 'C', 'advanced': 'A'} | isolated={'beginner': 'C', 'intermediate': 'C', 'advanced': 'C'}
2026-09-20 09:26:27 | DEBUG    | student_sim | id=442 gold=A | joint={'beginner': 'A', 'intermediate': 'B', 'advanced': 'A'} | isolated={'beginner': 'B', 'intermediate': 'A', 'advanced': 'C'}
2026-09-20 09:26:30 | DEBUG    | student_sim | id=443 gold=D | joint={'beginner': 'A', 'intermediate': 'B', 'advanced': 'D'} | isolated={'beginner': 'A', 'intermediate': 'A', 'advanced': 'A'}
2026-09-20 09:26:33 | DEBUG    | student_sim | id=444 gold=C | joint={'beginner': 'B', 'intermediate': 'C', 'advanced': 'C'} | isolated={'beginner': 'C', 'intermediate': 'C', 'advanced': 'C'}
2026-09-20 09:26:36 | DEBUG    | student_sim | id=445 gold=D | joint={'beginner': 'A', 'intermediate': 'D', 'advanced': 'D'} | isolated={'beginner': 'D', 'intermediate': 'D', 'advanced': 'D'}
2026-09-20 09:26:39 | DEBUG    | student_sim | id=446 gold=A | joint={'beginner': 'A', 'intermediate': 'A', 'advanced': 'A'} | isolated={'beginner': 'A', 'intermediate': 'A', 'advanced': 'A'}
2026-09-20 09:26:42 | DEBUG    | student_sim | id=447 gold=C | joint={'beginner': 'C', 'intermediate': 'C', 'advanced': 'C'} | isolated={'beginner': 'C', 'intermediate': 'C', 'advanced': 'C'}
2026-09-20 09:26:45 | DEBUG    | student_sim | id=448 gold=D | joint={'beginner': 'A', 'intermediate': 'D', 'advanced': 'D'} | isolated={'beginner': 'D', 'intermediate': 'D', 'advanced': 'D'}
2026-09-20 09:26:48 | DEBUG    | student_sim | id=449 gold=A | joint={'beginner': 'A', 'intermediate': 'A', 'advanced': 'A'} | isolated={'beginner': 'A', 'intermediate': 'A', 'advanced': 'A'}
2026-09-20 09:26:51 | DEBUG    | student_sim | id=450 gold=D | joint={'beginner': 'A', 'intermediate': 'D', 'advanced': 'D'} | isolated={'beginner': 'D', 'intermediate': 'D', 'advanced': 'D'}
2026-09-20 09:26:54 | DEBUG    | student_sim | id=451 gold=A | joint={'beginner': 'A', 'intermediate': 'A', 'advanced': 'A'} | isolated={'beginner': 'A', 'intermediate': 'A', 'advanced': 'A'}
2026-09-20 09:26:56 | DEBUG    | student_sim | id=452 gold=D | joint={'beginner': 'B', 'intermediate': 'D', 'advanced': 'D'} | isolated={'beginner': 'D', 'intermediate': 'D', 'advanced': 'D'}
2026-09-20 09:26:59 | DEBUG    | student_sim | id=453 gold=C | joint={'beginner': 'D', 'intermediate': 'C', 'advanced': 'C'} | isolated={'beginner': 'C', 'intermediate': 'C', 'advanced': 'C'}
2026-09-20 09:27:02 | DEBUG    | student_sim | id=454 gold=C | joint={'beginner': 'B', 'intermediate': 'C', 'advanced': 'C'} | isolated={'beginner': 'C', 'intermediate': 'C', 'advanced': 'C'}
2026-09-20 09:27:05 | DEBUG    | student_sim | id=455 gold=A | joint={'beginner': 'C', 'intermediate': 'A', 'advanced': 'A'} | isolated={'beginner': 'A', 'intermediate': 'A', 'advanced': 'A'}
2026-09-20 09:27:08 | DEBUG    | student_sim | id=456 gold=C | joint={'beginner': 'C', 'intermediate': 'C', 'advanced': 'C'} | isolated={'beginner': 'C', 'intermediate': 'C', 'advanced': 'C'}
2026-09-20 09:27:11 | DEBUG    | student_sim | id=457 gold=B | joint={'beginner': 'B', 'intermediate': 'B', 'advanced': 'B'} | isolated={'beginner': 'B', 'intermediate': 'B', 'advanced': 'B'}
2026-09-20 09:27:14 | DEBUG    | student_sim | id=458 gold=B | joint={'beginner': 'B', 'intermediate': 'B', 'advanced': 'B'} | isolated={'beginner': 'B', 'intermediate': 'B', 'advanced': 'B'}
2026-09-20 09:27:16 | DEBUG    | student_sim | id=459 gold=D | joint={'beginner': 'D', 'intermediate': 'D', 'advanced': 'D'} | isolated={'beginner': 'D', 'intermediate': 'D', 'advanced': 'D'}
2026-09-20 09:27:19 | DEBUG    | student_sim | id=460 gold=A | joint={'beginner': 'A', 'intermediate': 'A', 'advanced': 'A'} | isolated={'beginner': 'A', 'intermediate': 'A', 'advanced': 'A'}
2026-09-20 09:27:22 | DEBUG    | student_sim | id=461 gold=A | joint={'beginner': 'A', 'intermediate': 'A', 'advanced': 'A'} | isolated={'beginner': 'A', 'intermediate': 'A', 'advanced': 'A'}
2026-09-20 09:27:25 | DEBUG    | student_sim | id=462 gold=B | joint={'beginner': 'A', 'intermediate': 'B', 'advanced': 'B'} | isolated={'beginner': 'B', 'intermediate': 'B', 'advanced': 'B'}
2026-09-20 09:27:28 | DEBUG    | student_sim | id=463 gold=A | joint={'beginner': 'A', 'intermediate': 'A', 'advanced': 'D'} | isolated={'beginner': 'A', 'intermediate': 'A', 'advanced': 'B'}
2026-09-20 09:27:31 | DEBUG    | student_sim | id=464 gold=B | joint={'beginner': 'C', 'intermediate': 'B', 'advanced': 'B'} | isolated={'beginner': 'B', 'intermediate': 'B', 'advanced': 'B'}
2026-09-20 09:27:34 | DEBUG    | student_sim | id=465 gold=B | joint={'beginner': 'A', 'intermediate': 'B', 'advanced': 'B'} | isolated={'beginner': 'B', 'intermediate': 'B', 'advanced': 'B'}
2026-09-20 09:27:37 | DEBUG    | student_sim | id=466 gold=A | joint={'beginner': 'A', 'intermediate': 'A', 'advanced': 'A'} | isolated={'beginner': 'A', 'intermediate': 'A', 'advanced': 'A'}
2026-09-20 09:27:40 | DEBUG    | student_sim | id=467 gold=D | joint={'beginner': 'D', 'intermediate': 'D', 'advanced': 'D'} | isolated={'beginner': 'D', 'intermediate': 'D', 'advanced': 'D'}
2026-09-20 09:27:43 | DEBUG    | student_sim | id=468 gold=C | joint={'beginner': 'B', 'intermediate': 'C', 'advanced': 'C'} | isolated={'beginner': 'B', 'intermediate': 'C', 'advanced': 'C'}
2026-09-20 09:27:46 | DEBUG    | student_sim | id=469 gold=B | joint={'beginner': 'B', 'intermediate': 'B', 'advanced': 'B'} | isolated={'beginner': 'B', 'intermediate': 'B', 'advanced': 'B'}
2026-09-20 09:27:49 | DEBUG    | student_sim | id=470 gold=B | joint={'beginner': 'A', 'intermediate': 'B', 'advanced': 'B'} | isolated={'beginner': 'B', 'intermediate': 'B', 'advanced': 'B'}
2026-09-20 09:27:52 | DEBUG    | student_sim | id=471 gold=A | joint={'beginner': 'B', 'intermediate': 'A', 'advanced': 'A'} | isolated={'beginner': 'D', 'intermediate': 'A', 'advanced': 'A'}
2026-09-20 09:27:55 | DEBUG    | student_sim | id=472 gold=C | joint={'beginner': 'A', 'intermediate': 'C', 'advanced': 'C'} | isolated={'beginner': 'C', 'intermediate': 'C', 'advanced': 'C'}
2026-09-20 09:27:58 | DEBUG    | student_sim | id=473 gold=D | joint={'beginner': 'B', 'intermediate': 'D', 'advanced': 'D'} | isolated={'beginner': 'D', 'intermediate': 'D', 'advanced': 'D'}
2026-09-20 09:28:01 | DEBUG    | student_sim | id=474 gold=C | joint={'beginner': 'C', 'intermediate': 'C', 'advanced': 'C'} | isolated={'beginner': 'C', 'intermediate': 'C', 'advanced': 'C'}
2026-09-20 09:28:04 | DEBUG    | student_sim | id=475 gold=B | joint={'beginner': 'A', 'intermediate': 'B', 'advanced': 'B'} | isolated={'beginner': 'B', 'intermediate': 'B', 'advanced': 'B'}
2026-09-20 09:28:07 | DEBUG    | student_sim | id=476 gold=A | joint={'beginner': 'D', 'intermediate': 'A', 'advanced': 'A'} | isolated={'beginner': 'A', 'intermediate': 'A', 'advanced': 'A'}
2026-09-20 09:28:10 | DEBUG    | student_sim | id=477 gold=A | joint={'beginner': 'A', 'intermediate': 'A', 'advanced': 'A'} | isolated={'beginner': 'A', 'intermediate': 'A', 'advanced': 'A'}
2026-09-20 09:28:13 | DEBUG    | student_sim | id=478 gold=D | joint={'beginner': 'A', 'intermediate': 'D', 'advanced': 'D'} | isolated={'beginner': 'D', 'intermediate': 'D', 'advanced': 'D'}
2026-09-20 09:28:16 | DEBUG    | student_sim | id=479 gold=D | joint={'beginner': 'C', 'intermediate': 'D', 'advanced': 'D'} | isolated={'beginner': 'D', 'intermediate': 'D', 'advanced': 'D'}
2026-09-20 09:28:18 | DEBUG    | student_sim | id=480 gold=A | joint={'beginner': 'A', 'intermediate': 'A', 'advanced': 'A'} | isolated={'beginner': 'A', 'intermediate': 'A', 'advanced': 'A'}
2026-09-20 09:28:21 | DEBUG    | student_sim | id=481 gold=B | joint={'beginner': 'A', 'intermediate': 'B', 'advanced': 'B'} | isolated={'beginner': 'B', 'intermediate': 'B', 'advanced': 'B'}
2026-09-20 09:28:24 | DEBUG    | student_sim | id=482 gold=A | joint={'beginner': 'A', 'intermediate': 'A', 'advanced': 'A'} | isolated={'beginner': 'A', 'intermediate': 'A', 'advanced': 'A'}
2026-09-20 09:28:27 | DEBUG    | student_sim | id=483 gold=C | joint={'beginner': 'A', 'intermediate': 'C', 'advanced': 'C'} | isolated={'beginner': 'C', 'intermediate': 'C', 'advanced': 'C'}
2026-09-20 09:28:27 | INFO     | student_sim |   [ 484/ 884]  54.8% | acc B/I/A  join 0.38/0.93/0.92 | isol 0.89/0.91/0.91 | 2.90s/sample | ETA 19.4 min
2026-09-20 09:28:30 | DEBUG    | student_sim | id=484 gold=A | joint={'beginner': 'B', 'intermediate': 'A', 'advanced': 'A'} | isolated={'beginner': 'A', 'intermediate': 'A', 'advanced': 'A'}
2026-09-20 09:28:33 | DEBUG    | student_sim | id=485 gold=C | joint={'beginner': 'C', 'intermediate': 'C', 'advanced': 'C'} | isolated={'beginner': 'C', 'intermediate': 'C', 'advanced': 'C'}
2026-09-20 09:28:36 | DEBUG    | student_sim | id=486 gold=A | joint={'beginner': 'A', 'intermediate': 'A', 'advanced': 'A'} | isolated={'beginner': 'A', 'intermediate': 'A', 'advanced': 'A'}
2026-09-20 09:28:39 | DEBUG    | student_sim | id=487 gold=D | joint={'beginner': 'C', 'intermediate': 'D', 'advanced': 'D'} | isolated={'beginner': 'D', 'intermediate': 'D', 'advanced': 'D'}
2026-09-20 09:28:42 | DEBUG    | student_sim | id=488 gold=C | joint={'beginner': 'D', 'intermediate': 'C', 'advanced': 'C'} | isolated={'beginner': 'C', 'intermediate': 'C', 'advanced': 'C'}
2026-09-20 09:28:45 | DEBUG    | student_sim | id=489 gold=C | joint={'beginner': 'A', 'intermediate': 'C', 'advanced': 'C'} | isolated={'beginner': 'C', 'intermediate': 'C', 'advanced': 'C'}
2026-09-20 09:28:48 | DEBUG    | student_sim | id=490 gold=C | joint={'beginner': 'A', 'intermediate': 'C', 'advanced': 'C'} | isolated={'beginner': 'C', 'intermediate': 'C', 'advanced': 'C'}
2026-09-20 09:28:51 | DEBUG    | student_sim | id=491 gold=C | joint={'beginner': 'C', 'intermediate': 'C', 'advanced': 'C'} | isolated={'beginner': 'C', 'intermediate': 'C', 'advanced': 'C'}
2026-09-20 09:28:54 | DEBUG    | student_sim | id=492 gold=B | joint={'beginner': 'A', 'intermediate': 'B', 'advanced': 'B'} | isolated={'beginner': 'B', 'intermediate': 'B', 'advanced': 'B'}
2026-09-20 09:28:57 | DEBUG    | student_sim | id=493 gold=C | joint={'beginner': 'C', 'intermediate': 'C', 'advanced': 'C'} | isolated={'beginner': 'C', 'intermediate': 'C', 'advanced': 'C'}
2026-09-20 09:29:00 | DEBUG    | student_sim | id=494 gold=B | joint={'beginner': 'A', 'intermediate': 'B', 'advanced': 'B'} | isolated={'beginner': 'B', 'intermediate': 'B', 'advanced': 'B'}
2026-09-20 09:29:03 | DEBUG    | student_sim | id=495 gold=C | joint={'beginner': 'A', 'intermediate': 'C', 'advanced': 'C'} | isolated={'beginner': 'C', 'intermediate': 'C', 'advanced': 'C'}
2026-09-20 09:29:06 | DEBUG    | student_sim | id=496 gold=B | joint={'beginner': 'A', 'intermediate': 'A', 'advanced': 'A'} | isolated={'beginner': 'A', 'intermediate': 'A', 'advanced': 'A'}
2026-09-20 09:29:09 | DEBUG    | student_sim | id=497 gold=A | joint={'beginner': 'A', 'intermediate': 'A', 'advanced': 'A'} | isolated={'beginner': 'A', 'intermediate': 'A', 'advanced': 'A'}
2026-09-20 09:29:12 | DEBUG    | student_sim | id=498 gold=C | joint={'beginner': 'A', 'intermediate': 'C', 'advanced': 'C'} | isolated={'beginner': 'C', 'intermediate': 'C', 'advanced': 'C'}
2026-09-20 09:29:15 | DEBUG    | student_sim | id=499 gold=B | joint={'beginner': 'B', 'intermediate': 'B', 'advanced': 'B'} | isolated={'beginner': 'B', 'intermediate': 'B', 'advanced': 'B'}
2026-09-20 09:29:17 | DEBUG    | student_sim | id=500 gold=A | joint={'beginner': 'A', 'intermediate': 'A', 'advanced': 'A'} | isolated={'beginner': 'A', 'intermediate': 'A', 'advanced': 'A'}
2026-09-20 09:29:20 | DEBUG    | student_sim | id=501 gold=A | joint={'beginner': 'A', 'intermediate': 'C', 'advanced': 'C'} | isolated={'beginner': 'B', 'intermediate': 'A', 'advanced': 'A'}
2026-09-20 09:29:23 | DEBUG    | student_sim | id=502 gold=C | joint={'beginner': 'B', 'intermediate': 'C', 'advanced': 'C'} | isolated={'beginner': 'C', 'intermediate': 'C', 'advanced': 'C'}
2026-09-20 09:29:26 | DEBUG    | student_sim | id=503 gold=B | joint={'beginner': 'A', 'intermediate': 'B', 'advanced': 'B'} | isolated={'beginner': 'B', 'intermediate': 'B', 'advanced': 'B'}
2026-09-20 09:29:29 | DEBUG    | student_sim | id=504 gold=B | joint={'beginner': 'A', 'intermediate': 'B', 'advanced': 'B'} | isolated={'beginner': 'B', 'intermediate': 'B', 'advanced': 'B'}
2026-09-20 09:29:32 | DEBUG    | student_sim | id=505 gold=D | joint={'beginner': 'A', 'intermediate': 'D', 'advanced': 'D'} | isolated={'beginner': 'D', 'intermediate': 'D', 'advanced': 'D'}
2026-09-20 09:29:35 | DEBUG    | student_sim | id=506 gold=A | joint={'beginner': 'A', 'intermediate': 'A', 'advanced': 'A'} | isolated={'beginner': 'A', 'intermediate': 'A', 'advanced': 'A'}
2026-09-20 09:29:38 | DEBUG    | student_sim | id=507 gold=B | joint={'beginner': 'B', 'intermediate': 'B', 'advanced': 'B'} | isolated={'beginner': 'B', 'intermediate': 'B', 'advanced': 'B'}
2026-09-20 09:29:41 | DEBUG    | student_sim | id=508 gold=A | joint={'beginner': 'C', 'intermediate': 'A', 'advanced': 'A'} | isolated={'beginner': 'A', 'intermediate': 'A', 'advanced': 'A'}
2026-09-20 09:29:44 | DEBUG    | student_sim | id=509 gold=D | joint={'beginner': 'A', 'intermediate': 'D', 'advanced': 'D'} | isolated={'beginner': 'D', 'intermediate': 'D', 'advanced': 'D'}
2026-09-20 09:29:46 | DEBUG    | student_sim | id=510 gold=A | joint={'beginner': 'A', 'intermediate': 'A', 'advanced': 'A'} | isolated={'beginner': 'A', 'intermediate': 'A', 'advanced': 'A'}
2026-09-20 09:29:49 | DEBUG    | student_sim | id=511 gold=B | joint={'beginner': 'A', 'intermediate': 'B', 'advanced': 'B'} | isolated={'beginner': 'B', 'intermediate': 'B', 'advanced': 'B'}
2026-09-20 09:29:52 | DEBUG    | student_sim | id=512 gold=C | joint={'beginner': 'C', 'intermediate': 'C', 'advanced': 'C'} | isolated={'beginner': 'C', 'intermediate': 'C', 'advanced': 'C'}
2026-09-20 09:29:55 | DEBUG    | student_sim | id=513 gold=C | joint={'beginner': 'C', 'intermediate': 'C', 'advanced': 'C'} | isolated={'beginner': 'C', 'intermediate': 'C', 'advanced': 'C'}
2026-09-20 09:29:58 | DEBUG    | student_sim | id=514 gold=C | joint={'beginner': 'A', 'intermediate': 'D', 'advanced': 'C'} | isolated={'beginner': 'C', 'intermediate': 'C', 'advanced': 'C'}
2026-09-20 09:30:01 | DEBUG    | student_sim | id=515 gold=B | joint={'beginner': 'A', 'intermediate': 'B', 'advanced': 'B'} | isolated={'beginner': 'B', 'intermediate': 'B', 'advanced': 'B'}
2026-09-20 09:30:04 | DEBUG    | student_sim | id=516 gold=B | joint={'beginner': 'B', 'intermediate': 'B', 'advanced': 'B'} | isolated={'beginner': 'B', 'intermediate': 'B', 'advanced': 'B'}
2026-09-20 09:30:07 | DEBUG    | student_sim | id=517 gold=D | joint={'beginner': 'B', 'intermediate': 'D', 'advanced': 'D'} | isolated={'beginner': 'D', 'intermediate': 'D', 'advanced': 'D'}
2026-09-20 09:30:10 | DEBUG    | student_sim | id=518 gold=C | joint={'beginner': 'A', 'intermediate': 'C', 'advanced': 'C'} | isolated={'beginner': 'C', 'intermediate': 'C', 'advanced': 'C'}
2026-09-20 09:30:13 | DEBUG    | student_sim | id=519 gold=D | joint={'beginner': 'A', 'intermediate': 'D', 'advanced': 'D'} | isolated={'beginner': 'D', 'intermediate': 'D', 'advanced': 'D'}
2026-09-20 09:30:16 | DEBUG    | student_sim | id=520 gold=C | joint={'beginner': 'C', 'intermediate': 'C', 'advanced': 'C'} | isolated={'beginner': 'C', 'intermediate': 'C', 'advanced': 'C'}
2026-09-20 09:30:19 | DEBUG    | student_sim | id=521 gold=A | joint={'beginner': 'A', 'intermediate': 'A', 'advanced': 'A'} | isolated={'beginner': 'A', 'intermediate': 'A', 'advanced': 'A'}
2026-09-20 09:30:22 | DEBUG    | student_sim | id=522 gold=D | joint={'beginner': 'A', 'intermediate': 'C', 'advanced': 'D'} | isolated={'beginner': 'D', 'intermediate': 'D', 'advanced': 'D'}
2026-09-20 09:30:25 | DEBUG    | student_sim | id=523 gold=D | joint={'beginner': 'A', 'intermediate': 'D', 'advanced': 'D'} | isolated={'beginner': 'D', 'intermediate': 'D', 'advanced': 'D'}
2026-09-20 09:30:28 | DEBUG    | student_sim | id=524 gold=A | joint={'beginner': 'A', 'intermediate': 'A', 'advanced': 'A'} | isolated={'beginner': 'A', 'intermediate': 'A', 'advanced': 'A'}
2026-09-20 09:30:30 | DEBUG    | student_sim | id=525 gold=D | joint={'beginner': 'A', 'intermediate': 'D', 'advanced': 'D'} | isolated={'beginner': 'D', 'intermediate': 'D', 'advanced': 'D'}
2026-09-20 09:30:33 | DEBUG    | student_sim | id=526 gold=A | joint={'beginner': 'A', 'intermediate': 'A', 'advanced': 'A'} | isolated={'beginner': 'A', 'intermediate': 'A', 'advanced': 'A'}
2026-09-20 09:30:36 | DEBUG    | student_sim | id=527 gold=B | joint={'beginner': 'A', 'intermediate': 'B', 'advanced': 'B'} | isolated={'beginner': 'B', 'intermediate': 'B', 'advanced': 'B'}
2026-09-20 09:30:36 | INFO     | student_sim |   [ 528/ 884]  59.7% | acc B/I/A  join 0.39/0.92/0.93 | isol 0.90/0.91/0.92 | 2.91s/sample | ETA 17.2 min
2026-09-20 09:30:39 | DEBUG    | student_sim | id=528 gold=C | joint={'beginner': 'A', 'intermediate': 'C', 'advanced': 'C'} | isolated={'beginner': 'C', 'intermediate': 'C', 'advanced': 'C'}
2026-09-20 09:30:42 | DEBUG    | student_sim | id=529 gold=B | joint={'beginner': 'C', 'intermediate': 'B', 'advanced': 'B'} | isolated={'beginner': 'B', 'intermediate': 'B', 'advanced': 'B'}
2026-09-20 09:30:45 | DEBUG    | student_sim | id=530 gold=A | joint={'beginner': 'A', 'intermediate': 'A', 'advanced': 'A'} | isolated={'beginner': 'A', 'intermediate': 'A', 'advanced': 'A'}
2026-09-20 09:30:48 | DEBUG    | student_sim | id=531 gold=D | joint={'beginner': 'C', 'intermediate': 'D', 'advanced': 'D'} | isolated={'beginner': 'D', 'intermediate': 'D', 'advanced': 'A'}
2026-09-20 09:30:51 | DEBUG    | student_sim | id=532 gold=C | joint={'beginner': 'A', 'intermediate': 'C', 'advanced': 'C'} | isolated={'beginner': 'C', 'intermediate': 'C', 'advanced': 'C'}
2026-09-20 09:30:54 | DEBUG    | student_sim | id=533 gold=C | joint={'beginner': 'C', 'intermediate': 'C', 'advanced': 'C'} | isolated={'beginner': 'C', 'intermediate': 'C', 'advanced': 'C'}
2026-09-20 09:30:57 | DEBUG    | student_sim | id=534 gold=A | joint={'beginner': 'A', 'intermediate': 'A', 'advanced': 'A'} | isolated={'beginner': 'A', 'intermediate': 'A', 'advanced': 'C'}
2026-09-20 09:31:00 | DEBUG    | student_sim | id=535 gold=A | joint={'beginner': 'A', 'intermediate': 'A', 'advanced': 'A'} | isolated={'beginner': 'A', 'intermediate': 'A', 'advanced': 'A'}
2026-09-20 09:31:03 | DEBUG    | student_sim | id=536 gold=B | joint={'beginner': 'A', 'intermediate': 'B', 'advanced': 'B'} | isolated={'beginner': 'B', 'intermediate': 'B', 'advanced': 'B'}
2026-09-20 09:31:05 | DEBUG    | student_sim | id=537 gold=C | joint={'beginner': 'A', 'intermediate': 'C', 'advanced': 'C'} | isolated={'beginner': 'C', 'intermediate': 'C', 'advanced': 'C'}
2026-09-20 09:31:08 | DEBUG    | student_sim | id=538 gold=D | joint={'beginner': 'B', 'intermediate': 'D', 'advanced': 'D'} | isolated={'beginner': 'B', 'intermediate': 'D', 'advanced': 'D'}
2026-09-20 09:31:11 | DEBUG    | student_sim | id=539 gold=D | joint={'beginner': 'A', 'intermediate': 'D', 'advanced': 'D'} | isolated={'beginner': 'D', 'intermediate': 'D', 'advanced': 'D'}
2026-09-20 09:31:14 | DEBUG    | student_sim | id=540 gold=A | joint={'beginner': 'A', 'intermediate': 'A', 'advanced': 'A'} | isolated={'beginner': 'A', 'intermediate': 'A', 'advanced': 'A'}
2026-09-20 09:31:17 | DEBUG    | student_sim | id=541 gold=B | joint={'beginner': 'A', 'intermediate': 'B', 'advanced': 'B'} | isolated={'beginner': 'B', 'intermediate': 'B', 'advanced': 'B'}
2026-09-20 09:31:20 | DEBUG    | student_sim | id=542 gold=A | joint={'beginner': 'D', 'intermediate': 'A', 'advanced': 'A'} | isolated={'beginner': 'A', 'intermediate': 'A', 'advanced': 'A'}
2026-09-20 09:31:23 | DEBUG    | student_sim | id=543 gold=D | joint={'beginner': 'A', 'intermediate': 'D', 'advanced': 'D'} | isolated={'beginner': 'D', 'intermediate': 'D', 'advanced': 'D'}
2026-09-20 09:31:26 | DEBUG    | student_sim | id=544 gold=C | joint={'beginner': 'A', 'intermediate': 'C', 'advanced': 'C'} | isolated={'beginner': 'C', 'intermediate': 'C', 'advanced': 'C'}
2026-09-20 09:31:29 | DEBUG    | student_sim | id=545 gold=A | joint={'beginner': 'B', 'intermediate': 'A', 'advanced': 'A'} | isolated={'beginner': 'A', 'intermediate': 'A', 'advanced': 'A'}
2026-09-20 09:31:32 | DEBUG    | student_sim | id=546 gold=B | joint={'beginner': 'B', 'intermediate': 'B', 'advanced': 'B'} | isolated={'beginner': 'B', 'intermediate': 'B', 'advanced': 'B'}
2026-09-20 09:31:34 | DEBUG    | student_sim | id=547 gold=A | joint={'beginner': 'A', 'intermediate': 'A', 'advanced': 'A'} | isolated={'beginner': 'A', 'intermediate': 'A', 'advanced': 'A'}
2026-09-20 09:31:37 | DEBUG    | student_sim | id=548 gold=A | joint={'beginner': 'A', 'intermediate': 'A', 'advanced': 'A'} | isolated={'beginner': 'A', 'intermediate': 'A', 'advanced': 'A'}
2026-09-20 09:31:40 | DEBUG    | student_sim | id=549 gold=D | joint={'beginner': 'A', 'intermediate': 'D', 'advanced': 'D'} | isolated={'beginner': 'D', 'intermediate': 'D', 'advanced': 'D'}
2026-09-20 09:31:43 | DEBUG    | student_sim | id=550 gold=D | joint={'beginner': 'C', 'intermediate': 'D', 'advanced': 'D'} | isolated={'beginner': 'C', 'intermediate': 'D', 'advanced': 'D'}
2026-09-20 09:31:46 | DEBUG    | student_sim | id=551 gold=B | joint={'beginner': 'A', 'intermediate': 'B', 'advanced': 'B'} | isolated={'beginner': 'B', 'intermediate': 'B', 'advanced': 'B'}
2026-09-20 09:31:49 | DEBUG    | student_sim | id=552 gold=D | joint={'beginner': 'A', 'intermediate': 'D', 'advanced': 'D'} | isolated={'beginner': 'D', 'intermediate': 'D', 'advanced': 'D'}
2026-09-20 09:31:52 | DEBUG    | student_sim | id=553 gold=A | joint={'beginner': 'A', 'intermediate': 'A', 'advanced': 'A'} | isolated={'beginner': 'A', 'intermediate': 'A', 'advanced': 'A'}
2026-09-20 09:31:55 | DEBUG    | student_sim | id=554 gold=A | joint={'beginner': 'A', 'intermediate': 'A', 'advanced': 'A'} | isolated={'beginner': 'A', 'intermediate': 'A', 'advanced': 'A'}
2026-09-20 09:31:58 | DEBUG    | student_sim | id=555 gold=B | joint={'beginner': 'B', 'intermediate': 'B', 'advanced': 'B'} | isolated={'beginner': 'B', 'intermediate': 'B', 'advanced': 'B'}
2026-09-20 09:32:01 | DEBUG    | student_sim | id=556 gold=A | joint={'beginner': 'A', 'intermediate': 'A', 'advanced': 'A'} | isolated={'beginner': 'A', 'intermediate': 'A', 'advanced': 'A'}
2026-09-20 09:32:04 | DEBUG    | student_sim | id=557 gold=B | joint={'beginner': 'B', 'intermediate': 'B', 'advanced': 'B'} | isolated={'beginner': 'B', 'intermediate': 'B', 'advanced': 'B'}
2026-09-20 09:32:07 | DEBUG    | student_sim | id=558 gold=D | joint={'beginner': 'C', 'intermediate': 'C', 'advanced': 'C'} | isolated={'beginner': 'C', 'intermediate': 'C', 'advanced': 'C'}
2026-09-20 09:32:10 | DEBUG    | student_sim | id=559 gold=B | joint={'beginner': 'B', 'intermediate': 'B', 'advanced': 'B'} | isolated={'beginner': 'B', 'intermediate': 'B', 'advanced': 'B'}
2026-09-20 09:32:12 | DEBUG    | student_sim | id=560 gold=D | joint={'beginner': 'A', 'intermediate': 'D', 'advanced': 'D'} | isolated={'beginner': 'D', 'intermediate': 'D', 'advanced': 'D'}
2026-09-20 09:32:15 | DEBUG    | student_sim | id=561 gold=D | joint={'beginner': 'A', 'intermediate': 'D', 'advanced': 'D'} | isolated={'beginner': 'D', 'intermediate': 'D', 'advanced': 'D'}
2026-09-20 09:32:18 | DEBUG    | student_sim | id=562 gold=A | joint={'beginner': 'A', 'intermediate': 'D', 'advanced': 'D'} | isolated={'beginner': 'A', 'intermediate': 'A', 'advanced': 'A'}
2026-09-20 09:32:21 | DEBUG    | student_sim | id=563 gold=B | joint={'beginner': 'A', 'intermediate': 'B', 'advanced': 'B'} | isolated={'beginner': 'B', 'intermediate': 'B', 'advanced': 'B'}
2026-09-20 09:32:24 | DEBUG    | student_sim | id=564 gold=A | joint={'beginner': 'A', 'intermediate': 'A', 'advanced': 'A'} | isolated={'beginner': 'A', 'intermediate': 'A', 'advanced': 'A'}
2026-09-20 09:32:27 | DEBUG    | student_sim | id=565 gold=A | joint={'beginner': 'A', 'intermediate': 'A', 'advanced': 'A'} | isolated={'beginner': 'A', 'intermediate': 'A', 'advanced': 'A'}
2026-09-20 09:32:30 | DEBUG    | student_sim | id=566 gold=D | joint={'beginner': 'A', 'intermediate': 'D', 'advanced': 'D'} | isolated={'beginner': 'D', 'intermediate': 'D', 'advanced': 'D'}
2026-09-20 09:32:33 | DEBUG    | student_sim | id=567 gold=A | joint={'beginner': 'A', 'intermediate': 'A', 'advanced': 'A'} | isolated={'beginner': 'A', 'intermediate': 'A', 'advanced': 'A'}
2026-09-20 09:32:36 | DEBUG    | student_sim | id=568 gold=C | joint={'beginner': 'C', 'intermediate': 'C', 'advanced': 'C'} | isolated={'beginner': 'C', 'intermediate': 'C', 'advanced': 'C'}
2026-09-20 09:32:39 | DEBUG    | student_sim | id=569 gold=D | joint={'beginner': 'A', 'intermediate': 'D', 'advanced': 'D'} | isolated={'beginner': 'D', 'intermediate': 'D', 'advanced': 'D'}
2026-09-20 09:32:42 | DEBUG    | student_sim | id=570 gold=A | joint={'beginner': 'A', 'intermediate': 'A', 'advanced': 'C'} | isolated={'beginner': 'A', 'intermediate': 'A', 'advanced': 'A'}
2026-09-20 09:32:45 | DEBUG    | student_sim | id=571 gold=D | joint={'beginner': 'D', 'intermediate': 'D', 'advanced': 'D'} | isolated={'beginner': 'D', 'intermediate': 'D', 'advanced': 'D'}
2026-09-20 09:32:45 | INFO     | student_sim |   [ 572/ 884]  64.7% | acc B/I/A  join 0.39/0.93/0.93 | isol 0.90/0.92/0.92 | 2.91s/sample | ETA 15.1 min
2026-09-20 09:32:48 | DEBUG    | student_sim | id=572 gold=C | joint={'beginner': 'A', 'intermediate': 'C', 'advanced': 'C'} | isolated={'beginner': 'A', 'intermediate': 'A', 'advanced': 'A'}
2026-09-20 09:32:51 | DEBUG    | student_sim | id=573 gold=C | joint={'beginner': 'A', 'intermediate': 'C', 'advanced': 'C'} | isolated={'beginner': 'C', 'intermediate': 'C', 'advanced': 'C'}
2026-09-20 09:32:54 | DEBUG    | student_sim | id=574 gold=C | joint={'beginner': 'A', 'intermediate': 'C', 'advanced': 'C'} | isolated={'beginner': 'C', 'intermediate': 'C', 'advanced': 'C'}
2026-09-20 09:32:56 | DEBUG    | student_sim | id=575 gold=A | joint={'beginner': 'A', 'intermediate': 'A', 'advanced': 'A'} | isolated={'beginner': 'A', 'intermediate': 'A', 'advanced': 'A'}
2026-09-20 09:32:59 | DEBUG    | student_sim | id=576 gold=D | joint={'beginner': 'D', 'intermediate': 'D', 'advanced': 'D'} | isolated={'beginner': 'D', 'intermediate': 'D', 'advanced': 'D'}
2026-09-20 09:33:02 | DEBUG    | student_sim | id=577 gold=B | joint={'beginner': 'B', 'intermediate': 'B', 'advanced': 'B'} | isolated={'beginner': 'B', 'intermediate': 'B', 'advanced': 'B'}
2026-09-20 09:33:05 | DEBUG    | student_sim | id=578 gold=B | joint={'beginner': 'B', 'intermediate': 'B', 'advanced': 'B'} | isolated={'beginner': 'B', 'intermediate': 'B', 'advanced': 'B'}
2026-09-20 09:33:08 | DEBUG    | student_sim | id=579 gold=B | joint={'beginner': 'C', 'intermediate': 'B', 'advanced': 'B'} | isolated={'beginner': 'C', 'intermediate': 'B', 'advanced': 'B'}
2026-09-20 09:33:11 | DEBUG    | student_sim | id=580 gold=D | joint={'beginner': 'A', 'intermediate': 'D', 'advanced': 'D'} | isolated={'beginner': 'D', 'intermediate': 'D', 'advanced': 'D'}
2026-09-20 09:33:14 | DEBUG    | student_sim | id=581 gold=B | joint={'beginner': 'B', 'intermediate': 'B', 'advanced': 'B'} | isolated={'beginner': 'B', 'intermediate': 'B', 'advanced': 'B'}
2026-09-20 09:33:17 | DEBUG    | student_sim | id=582 gold=A | joint={'beginner': 'A', 'intermediate': 'A', 'advanced': 'A'} | isolated={'beginner': 'A', 'intermediate': 'A', 'advanced': 'A'}
2026-09-20 09:33:20 | DEBUG    | student_sim | id=583 gold=B | joint={'beginner': 'C', 'intermediate': 'B', 'advanced': 'B'} | isolated={'beginner': 'B', 'intermediate': 'B', 'advanced': 'B'}
2026-09-20 09:33:23 | DEBUG    | student_sim | id=584 gold=D | joint={'beginner': 'A', 'intermediate': 'D', 'advanced': 'D'} | isolated={'beginner': 'D', 'intermediate': 'D', 'advanced': 'D'}
2026-09-20 09:33:26 | DEBUG    | student_sim | id=585 gold=A | joint={'beginner': 'A', 'intermediate': 'A', 'advanced': 'A'} | isolated={'beginner': 'A', 'intermediate': 'A', 'advanced': 'A'}
2026-09-20 09:33:29 | DEBUG    | student_sim | id=586 gold=B | joint={'beginner': 'A', 'intermediate': 'A', 'advanced': 'A'} | isolated={'beginner': 'A', 'intermediate': 'A', 'advanced': 'A'}
2026-09-20 09:33:32 | DEBUG    | student_sim | id=587 gold=B | joint={'beginner': 'C', 'intermediate': 'B', 'advanced': 'B'} | isolated={'beginner': 'B', 'intermediate': 'B', 'advanced': 'B'}
2026-09-20 09:33:35 | DEBUG    | student_sim | id=588 gold=A | joint={'beginner': 'A', 'intermediate': 'A', 'advanced': 'A'} | isolated={'beginner': 'B', 'intermediate': 'A', 'advanced': 'B'}
2026-09-20 09:33:37 | DEBUG    | student_sim | id=589 gold=B | joint={'beginner': 'B', 'intermediate': 'B', 'advanced': 'D'} | isolated={'beginner': 'B', 'intermediate': 'B', 'advanced': 'B'}
2026-09-20 09:33:40 | DEBUG    | student_sim | id=590 gold=B | joint={'beginner': 'B', 'intermediate': 'B', 'advanced': 'B'} | isolated={'beginner': 'B', 'intermediate': 'B', 'advanced': 'B'}
2026-09-20 09:33:43 | DEBUG    | student_sim | id=591 gold=D | joint={'beginner': 'A', 'intermediate': 'D', 'advanced': 'D'} | isolated={'beginner': 'D', 'intermediate': 'D', 'advanced': 'D'}
2026-09-20 09:33:46 | DEBUG    | student_sim | id=592 gold=C | joint={'beginner': 'C', 'intermediate': 'C', 'advanced': 'C'} | isolated={'beginner': 'C', 'intermediate': 'C', 'advanced': 'C'}
2026-09-20 09:33:49 | DEBUG    | student_sim | id=593 gold=B | joint={'beginner': 'A', 'intermediate': 'B', 'advanced': 'B'} | isolated={'beginner': 'B', 'intermediate': 'B', 'advanced': 'B'}
2026-09-20 09:33:52 | DEBUG    | student_sim | id=594 gold=A | joint={'beginner': 'A', 'intermediate': 'B', 'advanced': 'B'} | isolated={'beginner': 'A', 'intermediate': 'A', 'advanced': 'A'}
2026-09-20 09:33:55 | DEBUG    | student_sim | id=595 gold=D | joint={'beginner': 'B', 'intermediate': 'D', 'advanced': 'D'} | isolated={'beginner': 'D', 'intermediate': 'D', 'advanced': 'D'}
2026-09-20 09:33:58 | DEBUG    | student_sim | id=596 gold=C | joint={'beginner': 'C', 'intermediate': 'C', 'advanced': 'C'} | isolated={'beginner': 'C', 'intermediate': 'C', 'advanced': 'C'}
2026-09-20 09:34:01 | DEBUG    | student_sim | id=597 gold=D | joint={'beginner': 'C', 'intermediate': 'D', 'advanced': 'D'} | isolated={'beginner': 'D', 'intermediate': 'D', 'advanced': 'D'}
2026-09-20 09:34:04 | DEBUG    | student_sim | id=598 gold=C | joint={'beginner': 'A', 'intermediate': 'C', 'advanced': 'C'} | isolated={'beginner': 'D', 'intermediate': 'C', 'advanced': 'C'}
2026-09-20 09:34:07 | DEBUG    | student_sim | id=599 gold=D | joint={'beginner': 'A', 'intermediate': 'D', 'advanced': 'D'} | isolated={'beginner': 'D', 'intermediate': 'D', 'advanced': 'D'}
2026-09-20 09:34:10 | DEBUG    | student_sim | id=600 gold=D | joint={'beginner': 'A', 'intermediate': 'A', 'advanced': 'A'} | isolated={'beginner': 'A', 'intermediate': 'A', 'advanced': 'A'}
2026-09-20 09:34:13 | DEBUG    | student_sim | id=601 gold=A | joint={'beginner': 'A', 'intermediate': 'A', 'advanced': 'A'} | isolated={'beginner': 'A', 'intermediate': 'A', 'advanced': 'A'}
2026-09-20 09:34:15 | DEBUG    | student_sim | id=602 gold=D | joint={'beginner': 'A', 'intermediate': 'D', 'advanced': 'D'} | isolated={'beginner': 'D', 'intermediate': 'D', 'advanced': 'D'}
2026-09-20 09:34:18 | DEBUG    | student_sim | id=603 gold=B | joint={'beginner': 'A', 'intermediate': 'B', 'advanced': 'B'} | isolated={'beginner': 'A', 'intermediate': 'B', 'advanced': 'B'}
2026-09-20 09:34:21 | DEBUG    | student_sim | id=604 gold=A | joint={'beginner': 'A', 'intermediate': 'A', 'advanced': 'A'} | isolated={'beginner': 'A', 'intermediate': 'A', 'advanced': 'A'}
2026-09-20 09:34:24 | DEBUG    | student_sim | id=605 gold=D | joint={'beginner': 'B', 'intermediate': 'D', 'advanced': 'D'} | isolated={'beginner': 'D', 'intermediate': 'D', 'advanced': 'D'}
2026-09-20 09:34:27 | DEBUG    | student_sim | id=606 gold=A | joint={'beginner': 'B', 'intermediate': 'A', 'advanced': 'A'} | isolated={'beginner': 'A', 'intermediate': 'A', 'advanced': 'A'}
2026-09-20 09:34:30 | DEBUG    | student_sim | id=607 gold=B | joint={'beginner': 'A', 'intermediate': 'B', 'advanced': 'B'} | isolated={'beginner': 'B', 'intermediate': 'B', 'advanced': 'B'}
2026-09-20 09:34:33 | DEBUG    | student_sim | id=608 gold=B | joint={'beginner': 'C', 'intermediate': 'B', 'advanced': 'C'} | isolated={'beginner': 'B', 'intermediate': 'C', 'advanced': 'C'}
2026-09-20 09:34:36 | DEBUG    | student_sim | id=609 gold=A | joint={'beginner': 'A', 'intermediate': 'A', 'advanced': 'A'} | isolated={'beginner': 'A', 'intermediate': 'A', 'advanced': 'A'}
2026-09-20 09:34:39 | DEBUG    | student_sim | id=610 gold=B | joint={'beginner': 'B', 'intermediate': 'B', 'advanced': 'B'} | isolated={'beginner': 'B', 'intermediate': 'B', 'advanced': 'B'}
2026-09-20 09:34:42 | DEBUG    | student_sim | id=611 gold=B | joint={'beginner': 'C', 'intermediate': 'B', 'advanced': 'B'} | isolated={'beginner': 'B', 'intermediate': 'B', 'advanced': 'B'}
2026-09-20 09:34:45 | DEBUG    | student_sim | id=612 gold=C | joint={'beginner': 'A', 'intermediate': 'C', 'advanced': 'C'} | isolated={'beginner': 'C', 'intermediate': 'C', 'advanced': 'C'}
2026-09-20 09:34:48 | DEBUG    | student_sim | id=613 gold=D | joint={'beginner': 'A', 'intermediate': 'D', 'advanced': 'D'} | isolated={'beginner': 'D', 'intermediate': 'D', 'advanced': 'D'}
2026-09-20 09:34:51 | DEBUG    | student_sim | id=614 gold=C | joint={'beginner': 'C', 'intermediate': 'C', 'advanced': 'B'} | isolated={'beginner': 'C', 'intermediate': 'C', 'advanced': 'C'}
2026-09-20 09:34:53 | DEBUG    | student_sim | id=615 gold=D | joint={'beginner': 'B', 'intermediate': 'D', 'advanced': 'D'} | isolated={'beginner': 'D', 'intermediate': 'D', 'advanced': 'D'}
2026-09-20 09:34:53 | INFO     | student_sim |   [ 616/ 884]  69.7% | acc B/I/A  join 0.39/0.93/0.92 | isol 0.89/0.92/0.92 | 2.91s/sample | ETA 13.0 min
2026-09-20 09:34:56 | DEBUG    | student_sim | id=616 gold=C | joint={'beginner': 'A', 'intermediate': 'C', 'advanced': 'C'} | isolated={'beginner': 'C', 'intermediate': 'C', 'advanced': 'C'}
2026-09-20 09:34:59 | DEBUG    | student_sim | id=617 gold=A | joint={'beginner': 'B', 'intermediate': 'A', 'advanced': 'A'} | isolated={'beginner': 'A', 'intermediate': 'A', 'advanced': 'A'}
2026-09-20 09:35:02 | DEBUG    | student_sim | id=618 gold=C | joint={'beginner': 'C', 'intermediate': 'C', 'advanced': 'C'} | isolated={'beginner': 'C', 'intermediate': 'C', 'advanced': 'C'}
2026-09-20 09:35:05 | DEBUG    | student_sim | id=619 gold=A | joint={'beginner': 'A', 'intermediate': 'A', 'advanced': 'A'} | isolated={'beginner': 'A', 'intermediate': 'A', 'advanced': 'A'}
2026-09-20 09:35:08 | DEBUG    | student_sim | id=620 gold=C | joint={'beginner': 'C', 'intermediate': 'C', 'advanced': 'C'} | isolated={'beginner': 'C', 'intermediate': 'C', 'advanced': 'C'}
2026-09-20 09:35:11 | DEBUG    | student_sim | id=621 gold=A | joint={'beginner': 'A', 'intermediate': 'A', 'advanced': 'A'} | isolated={'beginner': 'A', 'intermediate': 'A', 'advanced': 'A'}
2026-09-20 09:35:14 | DEBUG    | student_sim | id=622 gold=C | joint={'beginner': 'C', 'intermediate': 'C', 'advanced': 'C'} | isolated={'beginner': 'C', 'intermediate': 'C', 'advanced': 'C'}
2026-09-20 09:35:17 | DEBUG    | student_sim | id=623 gold=D | joint={'beginner': 'D', 'intermediate': 'D', 'advanced': 'D'} | isolated={'beginner': 'D', 'intermediate': 'D', 'advanced': 'D'}
2026-09-20 09:35:20 | DEBUG    | student_sim | id=624 gold=A | joint={'beginner': 'A', 'intermediate': 'A', 'advanced': 'A'} | isolated={'beginner': 'A', 'intermediate': 'A', 'advanced': 'A'}
2026-09-20 09:35:23 | DEBUG    | student_sim | id=625 gold=B | joint={'beginner': 'B', 'intermediate': 'B', 'advanced': 'B'} | isolated={'beginner': 'B', 'intermediate': 'B', 'advanced': 'B'}
2026-09-20 09:35:26 | DEBUG    | student_sim | id=626 gold=D | joint={'beginner': 'A', 'intermediate': 'D', 'advanced': 'D'} | isolated={'beginner': 'D', 'intermediate': 'D', 'advanced': 'D'}
2026-09-20 09:35:29 | DEBUG    | student_sim | id=627 gold=A | joint={'beginner': 'A', 'intermediate': 'A', 'advanced': 'A'} | isolated={'beginner': 'A', 'intermediate': 'A', 'advanced': 'A'}
2026-09-20 09:35:32 | DEBUG    | student_sim | id=628 gold=B | joint={'beginner': 'A', 'intermediate': 'B', 'advanced': 'B'} | isolated={'beginner': 'B', 'intermediate': 'B', 'advanced': 'B'}
2026-09-20 09:35:34 | DEBUG    | student_sim | id=629 gold=C | joint={'beginner': 'A', 'intermediate': 'B', 'advanced': 'B'} | isolated={'beginner': 'B', 'intermediate': 'B', 'advanced': 'B'}
2026-09-20 09:35:37 | DEBUG    | student_sim | id=630 gold=A | joint={'beginner': 'A', 'intermediate': 'A', 'advanced': 'A'} | isolated={'beginner': 'A', 'intermediate': 'A', 'advanced': 'A'}
2026-09-20 09:35:40 | DEBUG    | student_sim | id=631 gold=D | joint={'beginner': 'A', 'intermediate': 'D', 'advanced': 'D'} | isolated={'beginner': 'D', 'intermediate': 'D', 'advanced': 'D'}
2026-09-20 09:35:43 | DEBUG    | student_sim | id=632 gold=B | joint={'beginner': 'C', 'intermediate': 'C', 'advanced': 'C'} | isolated={'beginner': 'C', 'intermediate': 'C', 'advanced': 'C'}
2026-09-20 09:35:46 | DEBUG    | student_sim | id=633 gold=C | joint={'beginner': 'C', 'intermediate': 'C', 'advanced': 'C'} | isolated={'beginner': 'C', 'intermediate': 'C', 'advanced': 'C'}
2026-09-20 09:35:49 | DEBUG    | student_sim | id=634 gold=A | joint={'beginner': 'A', 'intermediate': 'A', 'advanced': 'A'} | isolated={'beginner': 'A', 'intermediate': 'A', 'advanced': 'A'}
2026-09-20 09:35:52 | DEBUG    | student_sim | id=635 gold=C | joint={'beginner': 'A', 'intermediate': 'C', 'advanced': 'C'} | isolated={'beginner': 'C', 'intermediate': 'C', 'advanced': 'C'}
2026-09-20 09:35:55 | DEBUG    | student_sim | id=636 gold=D | joint={'beginner': 'A', 'intermediate': 'D', 'advanced': 'D'} | isolated={'beginner': 'D', 'intermediate': 'D', 'advanced': 'D'}
2026-09-20 09:35:58 | DEBUG    | student_sim | id=637 gold=A | joint={'beginner': 'A', 'intermediate': 'A', 'advanced': 'A'} | isolated={'beginner': 'A', 'intermediate': 'A', 'advanced': 'A'}
2026-09-20 09:36:01 | DEBUG    | student_sim | id=638 gold=A | joint={'beginner': 'B', 'intermediate': 'A', 'advanced': 'A'} | isolated={'beginner': 'A', 'intermediate': 'A', 'advanced': 'A'}
2026-09-20 09:36:04 | DEBUG    | student_sim | id=639 gold=B | joint={'beginner': 'A', 'intermediate': 'B', 'advanced': 'B'} | isolated={'beginner': 'B', 'intermediate': 'B', 'advanced': 'B'}
2026-09-20 09:36:07 | DEBUG    | student_sim | id=640 gold=A | joint={'beginner': 'A', 'intermediate': 'A', 'advanced': 'A'} | isolated={'beginner': 'A', 'intermediate': 'A', 'advanced': 'A'}
2026-09-20 09:36:10 | DEBUG    | student_sim | id=641 gold=A | joint={'beginner': 'B', 'intermediate': 'A', 'advanced': 'A'} | isolated={'beginner': 'A', 'intermediate': 'A', 'advanced': 'A'}
2026-09-20 09:36:13 | DEBUG    | student_sim | id=642 gold=A | joint={'beginner': 'A', 'intermediate': 'C', 'advanced': 'A'} | isolated={'beginner': 'A', 'intermediate': 'A', 'advanced': 'A'}
2026-09-20 09:36:16 | DEBUG    | student_sim | id=643 gold=B | joint={'beginner': 'A', 'intermediate': 'B', 'advanced': 'B'} | isolated={'beginner': 'B', 'intermediate': 'B', 'advanced': 'B'}
2026-09-20 09:36:19 | DEBUG    | student_sim | id=644 gold=B | joint={'beginner': 'C', 'intermediate': 'B', 'advanced': 'B'} | isolated={'beginner': 'B', 'intermediate': 'B', 'advanced': 'B'}
2026-09-20 09:36:22 | DEBUG    | student_sim | id=645 gold=A | joint={'beginner': 'A', 'intermediate': 'A', 'advanced': 'A'} | isolated={'beginner': 'A', 'intermediate': 'A', 'advanced': 'B'}
2026-09-20 09:36:24 | DEBUG    | student_sim | id=646 gold=D | joint={'beginner': 'C', 'intermediate': 'D', 'advanced': 'D'} | isolated={'beginner': 'D', 'intermediate': 'D', 'advanced': 'D'}
2026-09-20 09:36:27 | DEBUG    | student_sim | id=647 gold=B | joint={'beginner': 'A', 'intermediate': 'B', 'advanced': 'B'} | isolated={'beginner': 'B', 'intermediate': 'B', 'advanced': 'B'}
2026-09-20 09:36:30 | DEBUG    | student_sim | id=648 gold=D | joint={'beginner': 'A', 'intermediate': 'D', 'advanced': 'D'} | isolated={'beginner': 'A', 'intermediate': 'A', 'advanced': 'D'}
2026-09-20 09:36:33 | DEBUG    | student_sim | id=649 gold=A | joint={'beginner': 'A', 'intermediate': 'C', 'advanced': 'D'} | isolated={'beginner': 'C', 'intermediate': 'C', 'advanced': 'C'}
2026-09-20 09:36:36 | DEBUG    | student_sim | id=650 gold=B | joint={'beginner': 'B', 'intermediate': 'B', 'advanced': 'B'} | isolated={'beginner': 'B', 'intermediate': 'B', 'advanced': 'B'}
2026-09-20 09:36:39 | DEBUG    | student_sim | id=651 gold=D | joint={'beginner': 'B', 'intermediate': 'C', 'advanced': 'D'} | isolated={'beginner': 'D', 'intermediate': 'D', 'advanced': 'D'}
2026-09-20 09:36:42 | DEBUG    | student_sim | id=652 gold=C | joint={'beginner': 'A', 'intermediate': 'C', 'advanced': 'C'} | isolated={'beginner': 'C', 'intermediate': 'C', 'advanced': 'C'}
2026-09-20 09:36:45 | DEBUG    | student_sim | id=653 gold=B | joint={'beginner': 'B', 'intermediate': 'B', 'advanced': 'B'} | isolated={'beginner': 'B', 'intermediate': 'B', 'advanced': 'B'}
2026-09-20 09:36:48 | DEBUG    | student_sim | id=654 gold=B | joint={'beginner': 'B', 'intermediate': 'B', 'advanced': 'B'} | isolated={'beginner': 'B', 'intermediate': 'B', 'advanced': 'B'}
2026-09-20 09:36:51 | DEBUG    | student_sim | id=655 gold=A | joint={'beginner': 'C', 'intermediate': 'A', 'advanced': 'A'} | isolated={'beginner': 'C', 'intermediate': 'A', 'advanced': 'A'}
2026-09-20 09:36:54 | DEBUG    | student_sim | id=656 gold=D | joint={'beginner': 'A', 'intermediate': 'D', 'advanced': 'D'} | isolated={'beginner': 'D', 'intermediate': 'D', 'advanced': 'D'}
2026-09-20 09:36:57 | DEBUG    | student_sim | id=657 gold=A | joint={'beginner': 'A', 'intermediate': 'A', 'advanced': 'A'} | isolated={'beginner': 'A', 'intermediate': 'A', 'advanced': 'A'}
2026-09-20 09:37:00 | DEBUG    | student_sim | id=658 gold=A | joint={'beginner': 'A', 'intermediate': 'A', 'advanced': 'A'} | isolated={'beginner': 'A', 'intermediate': 'A', 'advanced': 'A'}
2026-09-20 09:37:03 | DEBUG    | student_sim | id=659 gold=C | joint={'beginner': 'A', 'intermediate': 'C', 'advanced': 'C'} | isolated={'beginner': 'A', 'intermediate': 'C', 'advanced': 'C'}
2026-09-20 09:37:03 | INFO     | student_sim |   [ 660/ 884]  74.7% | acc B/I/A  join 0.40/0.92/0.92 | isol 0.89/0.92/0.92 | 2.91s/sample | ETA 10.9 min
2026-09-20 09:37:05 | DEBUG    | student_sim | id=660 gold=A | joint={'beginner': 'A', 'intermediate': 'C', 'advanced': 'C'} | isolated={'beginner': 'C', 'intermediate': 'C', 'advanced': 'C'}
2026-09-20 09:37:08 | DEBUG    | student_sim | id=661 gold=A | joint={'beginner': 'A', 'intermediate': 'A', 'advanced': 'A'} | isolated={'beginner': 'A', 'intermediate': 'A', 'advanced': 'A'}
2026-09-20 09:37:11 | DEBUG    | student_sim | id=662 gold=C | joint={'beginner': 'A', 'intermediate': 'C', 'advanced': 'C'} | isolated={'beginner': 'C', 'intermediate': 'C', 'advanced': 'C'}
2026-09-20 09:37:14 | DEBUG    | student_sim | id=663 gold=C | joint={'beginner': 'D', 'intermediate': 'C', 'advanced': 'C'} | isolated={'beginner': 'C', 'intermediate': 'C', 'advanced': 'C'}
2026-09-20 09:37:17 | DEBUG    | student_sim | id=664 gold=B | joint={'beginner': 'C', 'intermediate': 'B', 'advanced': 'B'} | isolated={'beginner': 'B', 'intermediate': 'B', 'advanced': 'B'}
2026-09-20 09:37:20 | DEBUG    | student_sim | id=665 gold=A | joint={'beginner': 'A', 'intermediate': 'A', 'advanced': 'A'} | isolated={'beginner': 'A', 'intermediate': 'A', 'advanced': 'A'}
2026-09-20 09:37:23 | DEBUG    | student_sim | id=666 gold=A | joint={'beginner': 'B', 'intermediate': 'C', 'advanced': 'A'} | isolated={'beginner': 'A', 'intermediate': 'A', 'advanced': 'A'}
2026-09-20 09:37:26 | DEBUG    | student_sim | id=667 gold=C | joint={'beginner': 'A', 'intermediate': 'C', 'advanced': 'C'} | isolated={'beginner': 'C', 'intermediate': 'C', 'advanced': 'C'}
2026-09-20 09:37:29 | DEBUG    | student_sim | id=668 gold=B | joint={'beginner': 'B', 'intermediate': 'B', 'advanced': 'B'} | isolated={'beginner': 'B', 'intermediate': 'B', 'advanced': 'B'}
2026-09-20 09:37:32 | DEBUG    | student_sim | id=669 gold=C | joint={'beginner': 'C', 'intermediate': 'C', 'advanced': 'C'} | isolated={'beginner': 'C', 'intermediate': 'C', 'advanced': 'C'}
2026-09-20 09:37:35 | DEBUG    | student_sim | id=670 gold=D | joint={'beginner': 'D', 'intermediate': 'D', 'advanced': 'D'} | isolated={'beginner': 'D', 'intermediate': 'D', 'advanced': 'D'}
2026-09-20 09:37:38 | DEBUG    | student_sim | id=671 gold=A | joint={'beginner': 'A', 'intermediate': 'A', 'advanced': 'A'} | isolated={'beginner': 'A', 'intermediate': 'A', 'advanced': 'A'}
2026-09-20 09:37:41 | DEBUG    | student_sim | id=672 gold=C | joint={'beginner': 'A', 'intermediate': 'C', 'advanced': 'C'} | isolated={'beginner': 'C', 'intermediate': 'C', 'advanced': 'C'}
2026-09-20 09:37:44 | DEBUG    | student_sim | id=673 gold=C | joint={'beginner': 'A', 'intermediate': 'C', 'advanced': 'C'} | isolated={'beginner': 'C', 'intermediate': 'C', 'advanced': 'C'}
2026-09-20 09:37:47 | DEBUG    | student_sim | id=674 gold=C | joint={'beginner': 'A', 'intermediate': 'C', 'advanced': 'C'} | isolated={'beginner': 'C', 'intermediate': 'C', 'advanced': 'C'}
2026-09-20 09:37:49 | DEBUG    | student_sim | id=675 gold=B | joint={'beginner': 'A', 'intermediate': 'B', 'advanced': 'B'} | isolated={'beginner': 'B', 'intermediate': 'B', 'advanced': 'B'}
2026-09-20 09:37:52 | DEBUG    | student_sim | id=676 gold=D | joint={'beginner': 'A', 'intermediate': 'D', 'advanced': 'D'} | isolated={'beginner': 'D', 'intermediate': 'D', 'advanced': 'D'}
2026-09-20 09:37:55 | DEBUG    | student_sim | id=677 gold=A | joint={'beginner': 'A', 'intermediate': 'A', 'advanced': 'A'} | isolated={'beginner': 'A', 'intermediate': 'A', 'advanced': 'A'}
2026-09-20 09:37:58 | DEBUG    | student_sim | id=678 gold=D | joint={'beginner': 'A', 'intermediate': 'D', 'advanced': 'D'} | isolated={'beginner': 'D', 'intermediate': 'D', 'advanced': 'D'}
2026-09-20 09:38:01 | DEBUG    | student_sim | id=679 gold=D | joint={'beginner': 'D', 'intermediate': 'D', 'advanced': 'D'} | isolated={'beginner': 'D', 'intermediate': 'C', 'advanced': 'D'}
2026-09-20 09:38:04 | DEBUG    | student_sim | id=680 gold=A | joint={'beginner': 'A', 'intermediate': 'A', 'advanced': 'A'} | isolated={'beginner': 'A', 'intermediate': 'A', 'advanced': 'A'}
2026-09-20 09:38:07 | DEBUG    | student_sim | id=681 gold=B | joint={'beginner': 'A', 'intermediate': 'B', 'advanced': 'B'} | isolated={'beginner': 'B', 'intermediate': 'B', 'advanced': 'B'}
2026-09-20 09:38:10 | DEBUG    | student_sim | id=682 gold=A | joint={'beginner': 'B', 'intermediate': 'A', 'advanced': 'A'} | isolated={'beginner': 'A', 'intermediate': 'A', 'advanced': 'A'}
2026-09-20 09:38:13 | DEBUG    | student_sim | id=683 gold=D | joint={'beginner': 'A', 'intermediate': 'D', 'advanced': 'D'} | isolated={'beginner': 'A', 'intermediate': 'A', 'advanced': 'D'}
2026-09-20 09:38:16 | DEBUG    | student_sim | id=684 gold=D | joint={'beginner': 'A', 'intermediate': 'D', 'advanced': 'D'} | isolated={'beginner': 'D', 'intermediate': 'D', 'advanced': 'D'}
2026-09-20 09:38:19 | DEBUG    | student_sim | id=685 gold=C | joint={'beginner': 'B', 'intermediate': 'C', 'advanced': 'B'} | isolated={'beginner': 'B', 'intermediate': 'B', 'advanced': 'C'}
2026-09-20 09:38:22 | DEBUG    | student_sim | id=686 gold=C | joint={'beginner': 'C', 'intermediate': 'C', 'advanced': 'C'} | isolated={'beginner': 'C', 'intermediate': 'C', 'advanced': 'C'}
2026-09-20 09:38:25 | DEBUG    | student_sim | id=687 gold=D | joint={'beginner': 'C', 'intermediate': 'D', 'advanced': 'D'} | isolated={'beginner': 'D', 'intermediate': 'D', 'advanced': 'D'}
2026-09-20 09:38:28 | DEBUG    | student_sim | id=688 gold=D | joint={'beginner': 'A', 'intermediate': 'D', 'advanced': 'D'} | isolated={'beginner': 'D', 'intermediate': 'D', 'advanced': 'D'}
2026-09-20 09:38:31 | DEBUG    | student_sim | id=689 gold=A | joint={'beginner': 'A', 'intermediate': 'A', 'advanced': 'A'} | isolated={'beginner': 'A', 'intermediate': 'A', 'advanced': 'A'}
2026-09-20 09:38:34 | DEBUG    | student_sim | id=690 gold=A | joint={'beginner': 'A', 'intermediate': 'A', 'advanced': 'A'} | isolated={'beginner': 'A', 'intermediate': 'A', 'advanced': 'A'}
2026-09-20 09:38:37 | DEBUG    | student_sim | id=691 gold=C | joint={'beginner': 'C', 'intermediate': 'C', 'advanced': 'C'} | isolated={'beginner': 'C', 'intermediate': 'C', 'advanced': 'C'}
2026-09-20 09:38:40 | DEBUG    | student_sim | id=692 gold=C | joint={'beginner': 'A', 'intermediate': 'C', 'advanced': 'C'} | isolated={'beginner': 'C', 'intermediate': 'C', 'advanced': 'C'}
2026-09-20 09:38:42 | DEBUG    | student_sim | id=693 gold=B | joint={'beginner': 'B', 'intermediate': 'B', 'advanced': 'B'} | isolated={'beginner': 'B', 'intermediate': 'B', 'advanced': 'B'}
2026-09-20 09:38:45 | DEBUG    | student_sim | id=694 gold=D | joint={'beginner': 'D', 'intermediate': 'D', 'advanced': 'D'} | isolated={'beginner': 'D', 'intermediate': 'D', 'advanced': 'D'}
2026-09-20 09:38:48 | DEBUG    | student_sim | id=695 gold=B | joint={'beginner': 'A', 'intermediate': 'B', 'advanced': 'C'} | isolated={'beginner': 'B', 'intermediate': 'C', 'advanced': 'B'}
2026-09-20 09:38:51 | DEBUG    | student_sim | id=696 gold=A | joint={'beginner': 'A', 'intermediate': 'A', 'advanced': 'A'} | isolated={'beginner': 'A', 'intermediate': 'A', 'advanced': 'A'}
2026-09-20 09:38:54 | DEBUG    | student_sim | id=697 gold=A | joint={'beginner': 'A', 'intermediate': 'A', 'advanced': 'A'} | isolated={'beginner': 'A', 'intermediate': 'A', 'advanced': 'A'}
2026-09-20 09:38:57 | DEBUG    | student_sim | id=698 gold=D | joint={'beginner': 'C', 'intermediate': 'D', 'advanced': 'D'} | isolated={'beginner': 'D', 'intermediate': 'D', 'advanced': 'D'}
2026-09-20 09:39:00 | DEBUG    | student_sim | id=699 gold=C | joint={'beginner': 'C', 'intermediate': 'C', 'advanced': 'C'} | isolated={'beginner': 'C', 'intermediate': 'C', 'advanced': 'C'}
2026-09-20 09:39:03 | DEBUG    | student_sim | id=700 gold=C | joint={'beginner': 'A', 'intermediate': 'C', 'advanced': 'C'} | isolated={'beginner': 'A', 'intermediate': 'C', 'advanced': 'C'}
2026-09-20 09:39:06 | DEBUG    | student_sim | id=701 gold=B | joint={'beginner': 'A', 'intermediate': 'B', 'advanced': 'B'} | isolated={'beginner': 'B', 'intermediate': 'B', 'advanced': 'B'}
2026-09-20 09:39:09 | DEBUG    | student_sim | id=702 gold=A | joint={'beginner': 'A', 'intermediate': 'A', 'advanced': 'A'} | isolated={'beginner': 'A', 'intermediate': 'A', 'advanced': 'A'}
2026-09-20 09:39:12 | DEBUG    | student_sim | id=703 gold=B | joint={'beginner': 'A', 'intermediate': 'B', 'advanced': 'C'} | isolated={'beginner': 'B', 'intermediate': 'B', 'advanced': 'C'}
2026-09-20 09:39:12 | INFO     | student_sim |   [ 704/ 884]  79.6% | acc B/I/A  join 0.40/0.93/0.92 | isol 0.89/0.91/0.92 | 2.91s/sample | ETA 8.7 min
2026-09-20 09:39:15 | DEBUG    | student_sim | id=704 gold=A | joint={'beginner': 'B', 'intermediate': 'A', 'advanced': 'A'} | isolated={'beginner': 'A', 'intermediate': 'A', 'advanced': 'A'}
2026-09-20 09:39:18 | DEBUG    | student_sim | id=705 gold=C | joint={'beginner': 'A', 'intermediate': 'B', 'advanced': 'C'} | isolated={'beginner': 'B', 'intermediate': 'B', 'advanced': 'B'}
2026-09-20 09:39:21 | DEBUG    | student_sim | id=706 gold=B | joint={'beginner': 'A', 'intermediate': 'D', 'advanced': 'D'} | isolated={'beginner': 'D', 'intermediate': 'D', 'advanced': 'D'}
2026-09-20 09:39:24 | DEBUG    | student_sim | id=707 gold=A | joint={'beginner': 'B', 'intermediate': 'A', 'advanced': 'A'} | isolated={'beginner': 'A', 'intermediate': 'A', 'advanced': 'A'}
2026-09-20 09:39:27 | DEBUG    | student_sim | id=708 gold=D | joint={'beginner': 'C', 'intermediate': 'D', 'advanced': 'D'} | isolated={'beginner': 'D', 'intermediate': 'D', 'advanced': 'D'}
2026-09-20 09:39:30 | DEBUG    | student_sim | id=709 gold=B | joint={'beginner': 'B', 'intermediate': 'B', 'advanced': 'B'} | isolated={'beginner': 'B', 'intermediate': 'B', 'advanced': 'B'}
2026-09-20 09:39:33 | DEBUG    | student_sim | id=710 gold=C | joint={'beginner': 'A', 'intermediate': 'C', 'advanced': 'C'} | isolated={'beginner': 'C', 'intermediate': 'C', 'advanced': 'C'}
2026-09-20 09:39:35 | DEBUG    | student_sim | id=711 gold=A | joint={'beginner': 'A', 'intermediate': 'A', 'advanced': 'A'} | isolated={'beginner': 'A', 'intermediate': 'A', 'advanced': 'A'}
2026-09-20 09:39:38 | DEBUG    | student_sim | id=712 gold=A | joint={'beginner': 'A', 'intermediate': 'A', 'advanced': 'A'} | isolated={'beginner': 'A', 'intermediate': 'A', 'advanced': 'A'}
2026-09-20 09:39:41 | DEBUG    | student_sim | id=713 gold=C | joint={'beginner': 'A', 'intermediate': 'C', 'advanced': 'C'} | isolated={'beginner': 'C', 'intermediate': 'C', 'advanced': 'C'}
2026-09-20 09:39:44 | DEBUG    | student_sim | id=714 gold=A | joint={'beginner': 'A', 'intermediate': 'A', 'advanced': 'A'} | isolated={'beginner': 'A', 'intermediate': 'A', 'advanced': 'A'}
2026-09-20 09:39:47 | DEBUG    | student_sim | id=715 gold=D | joint={'beginner': 'C', 'intermediate': 'D', 'advanced': 'D'} | isolated={'beginner': 'D', 'intermediate': 'D', 'advanced': 'D'}
2026-09-20 09:39:50 | DEBUG    | student_sim | id=716 gold=D | joint={'beginner': 'C', 'intermediate': 'D', 'advanced': 'D'} | isolated={'beginner': 'D', 'intermediate': 'D', 'advanced': 'D'}
2026-09-20 09:39:53 | DEBUG    | student_sim | id=717 gold=C | joint={'beginner': 'A', 'intermediate': 'C', 'advanced': 'C'} | isolated={'beginner': 'C', 'intermediate': 'C', 'advanced': 'C'}
2026-09-20 09:39:56 | DEBUG    | student_sim | id=718 gold=C | joint={'beginner': 'A', 'intermediate': 'C', 'advanced': 'A'} | isolated={'beginner': 'A', 'intermediate': 'A', 'advanced': 'A'}
2026-09-20 09:39:59 | DEBUG    | student_sim | id=719 gold=C | joint={'beginner': 'B', 'intermediate': 'C', 'advanced': 'C'} | isolated={'beginner': 'C', 'intermediate': 'C', 'advanced': 'C'}
2026-09-20 09:40:02 | DEBUG    | student_sim | id=720 gold=D | joint={'beginner': 'A', 'intermediate': 'D', 'advanced': 'D'} | isolated={'beginner': 'D', 'intermediate': 'D', 'advanced': 'D'}
2026-09-20 09:40:05 | DEBUG    | student_sim | id=721 gold=B | joint={'beginner': 'A', 'intermediate': 'B', 'advanced': 'B'} | isolated={'beginner': 'B', 'intermediate': 'B', 'advanced': 'B'}
2026-09-20 09:40:08 | DEBUG    | student_sim | id=722 gold=A | joint={'beginner': 'A', 'intermediate': 'A', 'advanced': 'A'} | isolated={'beginner': 'A', 'intermediate': 'A', 'advanced': 'A'}
2026-09-20 09:40:11 | DEBUG    | student_sim | id=723 gold=D | joint={'beginner': 'B', 'intermediate': 'D', 'advanced': 'D'} | isolated={'beginner': 'D', 'intermediate': 'D', 'advanced': 'D'}
2026-09-20 09:40:14 | DEBUG    | student_sim | id=724 gold=D | joint={'beginner': 'A', 'intermediate': 'D', 'advanced': 'D'} | isolated={'beginner': 'D', 'intermediate': 'D', 'advanced': 'D'}
2026-09-20 09:40:17 | DEBUG    | student_sim | id=725 gold=D | joint={'beginner': 'B', 'intermediate': 'D', 'advanced': 'D'} | isolated={'beginner': 'D', 'intermediate': 'D', 'advanced': 'D'}
2026-09-20 09:40:20 | DEBUG    | student_sim | id=726 gold=B | joint={'beginner': 'A', 'intermediate': 'C', 'advanced': 'C'} | isolated={'beginner': 'B', 'intermediate': 'B', 'advanced': 'B'}
2026-09-20 09:40:22 | DEBUG    | student_sim | id=727 gold=D | joint={'beginner': 'A', 'intermediate': 'D', 'advanced': 'D'} | isolated={'beginner': 'D', 'intermediate': 'D', 'advanced': 'D'}
2026-09-20 09:40:25 | DEBUG    | student_sim | id=728 gold=D | joint={'beginner': 'C', 'intermediate': 'D', 'advanced': 'D'} | isolated={'beginner': 'C', 'intermediate': 'C', 'advanced': 'D'}
2026-09-20 09:40:28 | DEBUG    | student_sim | id=729 gold=C | joint={'beginner': 'B', 'intermediate': 'C', 'advanced': 'C'} | isolated={'beginner': 'C', 'intermediate': 'C', 'advanced': 'C'}
2026-09-20 09:40:31 | DEBUG    | student_sim | id=730 gold=A | joint={'beginner': 'A', 'intermediate': 'A', 'advanced': 'A'} | isolated={'beginner': 'B', 'intermediate': 'A', 'advanced': 'A'}
2026-09-20 09:40:34 | DEBUG    | student_sim | id=731 gold=B | joint={'beginner': 'A', 'intermediate': 'B', 'advanced': 'B'} | isolated={'beginner': 'B', 'intermediate': 'B', 'advanced': 'B'}
2026-09-20 09:40:37 | DEBUG    | student_sim | id=732 gold=A | joint={'beginner': 'A', 'intermediate': 'A', 'advanced': 'A'} | isolated={'beginner': 'A', 'intermediate': 'A', 'advanced': 'A'}
2026-09-20 09:40:40 | DEBUG    | student_sim | id=733 gold=D | joint={'beginner': 'A', 'intermediate': 'D', 'advanced': 'D'} | isolated={'beginner': 'D', 'intermediate': 'D', 'advanced': 'D'}
2026-09-20 09:40:43 | DEBUG    | student_sim | id=734 gold=B | joint={'beginner': 'A', 'intermediate': 'B', 'advanced': 'B'} | isolated={'beginner': 'B', 'intermediate': 'B', 'advanced': 'B'}
2026-09-20 09:40:46 | DEBUG    | student_sim | id=735 gold=D | joint={'beginner': 'A', 'intermediate': 'D', 'advanced': 'D'} | isolated={'beginner': 'D', 'intermediate': 'D', 'advanced': 'D'}
2026-09-20 09:40:49 | DEBUG    | student_sim | id=736 gold=A | joint={'beginner': 'A', 'intermediate': 'A', 'advanced': 'A'} | isolated={'beginner': 'A', 'intermediate': 'A', 'advanced': 'A'}
2026-09-20 09:40:52 | DEBUG    | student_sim | id=737 gold=C | joint={'beginner': 'B', 'intermediate': 'C', 'advanced': 'B'} | isolated={'beginner': 'B', 'intermediate': 'A', 'advanced': 'A'}
2026-09-20 09:40:55 | DEBUG    | student_sim | id=738 gold=B | joint={'beginner': 'A', 'intermediate': 'B', 'advanced': 'B'} | isolated={'beginner': 'B', 'intermediate': 'B', 'advanced': 'B'}
2026-09-20 09:40:58 | DEBUG    | student_sim | id=739 gold=C | joint={'beginner': 'C', 'intermediate': 'C', 'advanced': 'D'} | isolated={'beginner': 'C', 'intermediate': 'C', 'advanced': 'C'}
2026-09-20 09:41:01 | DEBUG    | student_sim | id=740 gold=D | joint={'beginner': 'B', 'intermediate': 'B', 'advanced': 'D'} | isolated={'beginner': 'B', 'intermediate': 'D', 'advanced': 'D'}
2026-09-20 09:41:03 | DEBUG    | student_sim | id=741 gold=D | joint={'beginner': 'A', 'intermediate': 'D', 'advanced': 'D'} | isolated={'beginner': 'D', 'intermediate': 'D', 'advanced': 'D'}
2026-09-20 09:41:06 | DEBUG    | student_sim | id=742 gold=D | joint={'beginner': 'C', 'intermediate': 'D', 'advanced': 'D'} | isolated={'beginner': 'D', 'intermediate': 'D', 'advanced': 'D'}
2026-09-20 09:41:09 | DEBUG    | student_sim | id=743 gold=B | joint={'beginner': 'B', 'intermediate': 'B', 'advanced': 'B'} | isolated={'beginner': 'B', 'intermediate': 'B', 'advanced': 'B'}
2026-09-20 09:41:12 | DEBUG    | student_sim | id=744 gold=B | joint={'beginner': 'A', 'intermediate': 'B', 'advanced': 'B'} | isolated={'beginner': 'B', 'intermediate': 'B', 'advanced': 'B'}
2026-09-20 09:41:15 | DEBUG    | student_sim | id=745 gold=B | joint={'beginner': 'A', 'intermediate': 'B', 'advanced': 'B'} | isolated={'beginner': 'B', 'intermediate': 'B', 'advanced': 'B'}
2026-09-20 09:41:18 | DEBUG    | student_sim | id=746 gold=C | joint={'beginner': 'A', 'intermediate': 'C', 'advanced': 'C'} | isolated={'beginner': 'C', 'intermediate': 'C', 'advanced': 'C'}
2026-09-20 09:41:21 | DEBUG    | student_sim | id=747 gold=C | joint={'beginner': 'B', 'intermediate': 'C', 'advanced': 'C'} | isolated={'beginner': 'C', 'intermediate': 'C', 'advanced': 'C'}
2026-09-20 09:41:21 | INFO     | student_sim |   [ 748/ 884]  84.6% | acc B/I/A  join 0.39/0.93/0.92 | isol 0.89/0.91/0.92 | 2.91s/sample | ETA 6.6 min
2026-09-20 09:41:24 | DEBUG    | student_sim | id=748 gold=C | joint={'beginner': 'A', 'intermediate': 'B', 'advanced': 'B'} | isolated={'beginner': 'B', 'intermediate': 'B', 'advanced': 'B'}
2026-09-20 09:41:27 | DEBUG    | student_sim | id=749 gold=B | joint={'beginner': 'C', 'intermediate': 'B', 'advanced': 'B'} | isolated={'beginner': 'B', 'intermediate': 'B', 'advanced': 'B'}
2026-09-20 09:41:30 | DEBUG    | student_sim | id=750 gold=A | joint={'beginner': 'A', 'intermediate': 'A', 'advanced': 'A'} | isolated={'beginner': 'A', 'intermediate': 'A', 'advanced': 'A'}
2026-09-20 09:41:33 | DEBUG    | student_sim | id=751 gold=D | joint={'beginner': 'A', 'intermediate': 'B', 'advanced': 'B'} | isolated={'beginner': 'B', 'intermediate': 'B', 'advanced': 'B'}
2026-09-20 09:41:36 | DEBUG    | student_sim | id=752 gold=A | joint={'beginner': 'A', 'intermediate': 'A', 'advanced': 'A'} | isolated={'beginner': 'A', 'intermediate': 'A', 'advanced': 'B'}
2026-09-20 09:41:39 | DEBUG    | student_sim | id=753 gold=D | joint={'beginner': 'C', 'intermediate': 'D', 'advanced': 'D'} | isolated={'beginner': 'D', 'intermediate': 'D', 'advanced': 'D'}
2026-09-20 09:41:42 | DEBUG    | student_sim | id=754 gold=A | joint={'beginner': 'A', 'intermediate': 'A', 'advanced': 'A'} | isolated={'beginner': 'A', 'intermediate': 'A', 'advanced': 'A'}
2026-09-20 09:41:45 | DEBUG    | student_sim | id=755 gold=C | joint={'beginner': 'B', 'intermediate': 'C', 'advanced': 'C'} | isolated={'beginner': 'C', 'intermediate': 'C', 'advanced': 'C'}
2026-09-20 09:41:48 | DEBUG    | student_sim | id=756 gold=C | joint={'beginner': 'A', 'intermediate': 'C', 'advanced': 'C'} | isolated={'beginner': 'C', 'intermediate': 'C', 'advanced': 'C'}
2026-09-20 09:41:51 | DEBUG    | student_sim | id=757 gold=C | joint={'beginner': 'B', 'intermediate': 'C', 'advanced': 'C'} | isolated={'beginner': 'C', 'intermediate': 'C', 'advanced': 'C'}
2026-09-20 09:41:54 | DEBUG    | student_sim | id=758 gold=B | joint={'beginner': 'A', 'intermediate': 'B', 'advanced': 'B'} | isolated={'beginner': 'B', 'intermediate': 'B', 'advanced': 'B'}
2026-09-20 09:41:57 | DEBUG    | student_sim | id=759 gold=B | joint={'beginner': 'A', 'intermediate': 'B', 'advanced': 'B'} | isolated={'beginner': 'B', 'intermediate': 'B', 'advanced': 'B'}
2026-09-20 09:42:00 | DEBUG    | student_sim | id=760 gold=C | joint={'beginner': 'A', 'intermediate': 'C', 'advanced': 'C'} | isolated={'beginner': 'C', 'intermediate': 'C', 'advanced': 'C'}
2026-09-20 09:42:03 | DEBUG    | student_sim | id=761 gold=B | joint={'beginner': 'A', 'intermediate': 'B', 'advanced': 'B'} | isolated={'beginner': 'B', 'intermediate': 'B', 'advanced': 'B'}
2026-09-20 09:42:06 | DEBUG    | student_sim | id=762 gold=B | joint={'beginner': 'B', 'intermediate': 'B', 'advanced': 'B'} | isolated={'beginner': 'B', 'intermediate': 'B', 'advanced': 'B'}
2026-09-20 09:42:09 | DEBUG    | student_sim | id=763 gold=C | joint={'beginner': 'A', 'intermediate': 'C', 'advanced': 'C'} | isolated={'beginner': 'C', 'intermediate': 'C', 'advanced': 'C'}
2026-09-20 09:42:11 | DEBUG    | student_sim | id=764 gold=B | joint={'beginner': 'A', 'intermediate': 'B', 'advanced': 'B'} | isolated={'beginner': 'B', 'intermediate': 'B', 'advanced': 'B'}
2026-09-20 09:42:14 | DEBUG    | student_sim | id=765 gold=D | joint={'beginner': 'B', 'intermediate': 'D', 'advanced': 'D'} | isolated={'beginner': 'D', 'intermediate': 'D', 'advanced': 'D'}
2026-09-20 09:42:17 | DEBUG    | student_sim | id=766 gold=C | joint={'beginner': 'A', 'intermediate': 'C', 'advanced': 'C'} | isolated={'beginner': 'C', 'intermediate': 'C', 'advanced': 'C'}
2026-09-20 09:42:20 | DEBUG    | student_sim | id=767 gold=C | joint={'beginner': 'A', 'intermediate': 'C', 'advanced': 'C'} | isolated={'beginner': 'C', 'intermediate': 'C', 'advanced': 'C'}
2026-09-20 09:42:23 | DEBUG    | student_sim | id=768 gold=B | joint={'beginner': 'B', 'intermediate': 'B', 'advanced': 'B'} | isolated={'beginner': 'B', 'intermediate': 'B', 'advanced': 'B'}
2026-09-20 09:42:26 | DEBUG    | student_sim | id=769 gold=C | joint={'beginner': 'C', 'intermediate': 'C', 'advanced': 'C'} | isolated={'beginner': 'C', 'intermediate': 'C', 'advanced': 'C'}
2026-09-20 09:42:29 | DEBUG    | student_sim | id=770 gold=C | joint={'beginner': 'A', 'intermediate': 'C', 'advanced': 'C'} | isolated={'beginner': 'C', 'intermediate': 'C', 'advanced': 'C'}
2026-09-20 09:42:32 | DEBUG    | student_sim | id=771 gold=A | joint={'beginner': 'A', 'intermediate': 'A', 'advanced': 'A'} | isolated={'beginner': 'A', 'intermediate': 'A', 'advanced': 'A'}
2026-09-20 09:42:35 | DEBUG    | student_sim | id=772 gold=A | joint={'beginner': 'C', 'intermediate': 'A', 'advanced': 'A'} | isolated={'beginner': 'C', 'intermediate': 'A', 'advanced': 'A'}
2026-09-20 09:42:38 | DEBUG    | student_sim | id=773 gold=A | joint={'beginner': 'A', 'intermediate': 'A', 'advanced': 'A'} | isolated={'beginner': 'A', 'intermediate': 'A', 'advanced': 'A'}
2026-09-20 09:42:41 | DEBUG    | student_sim | id=774 gold=C | joint={'beginner': 'A', 'intermediate': 'C', 'advanced': 'C'} | isolated={'beginner': 'C', 'intermediate': 'C', 'advanced': 'C'}
2026-09-20 09:42:44 | DEBUG    | student_sim | id=775 gold=C | joint={'beginner': 'C', 'intermediate': 'C', 'advanced': 'C'} | isolated={'beginner': 'C', 'intermediate': 'C', 'advanced': 'C'}
2026-09-20 09:42:47 | DEBUG    | student_sim | id=776 gold=B | joint={'beginner': 'A', 'intermediate': 'B', 'advanced': 'B'} | isolated={'beginner': 'B', 'intermediate': 'B', 'advanced': 'B'}
2026-09-20 09:42:50 | DEBUG    | student_sim | id=777 gold=B | joint={'beginner': 'A', 'intermediate': 'B', 'advanced': 'B'} | isolated={'beginner': 'B', 'intermediate': 'B', 'advanced': 'B'}
2026-09-20 09:42:53 | DEBUG    | student_sim | id=778 gold=D | joint={'beginner': 'A', 'intermediate': 'D', 'advanced': 'D'} | isolated={'beginner': 'D', 'intermediate': 'D', 'advanced': 'D'}
2026-09-20 09:42:56 | DEBUG    | student_sim | id=779 gold=C | joint={'beginner': 'B', 'intermediate': 'C', 'advanced': 'C'} | isolated={'beginner': 'C', 'intermediate': 'C', 'advanced': 'C'}
2026-09-20 09:42:59 | DEBUG    | student_sim | id=780 gold=C | joint={'beginner': 'A', 'intermediate': 'C', 'advanced': 'C'} | isolated={'beginner': 'C', 'intermediate': 'C', 'advanced': 'C'}
2026-09-20 09:43:02 | DEBUG    | student_sim | id=781 gold=A | joint={'beginner': 'A', 'intermediate': 'A', 'advanced': 'A'} | isolated={'beginner': 'A', 'intermediate': 'A', 'advanced': 'A'}
2026-09-20 09:43:05 | DEBUG    | student_sim | id=782 gold=A | joint={'beginner': 'C', 'intermediate': 'A', 'advanced': 'A'} | isolated={'beginner': 'A', 'intermediate': 'A', 'advanced': 'A'}
2026-09-20 09:43:08 | DEBUG    | student_sim | id=783 gold=C | joint={'beginner': 'C', 'intermediate': 'C', 'advanced': 'C'} | isolated={'beginner': 'C', 'intermediate': 'C', 'advanced': 'C'}
2026-09-20 09:43:11 | DEBUG    | student_sim | id=784 gold=C | joint={'beginner': 'A', 'intermediate': 'C', 'advanced': 'C'} | isolated={'beginner': 'C', 'intermediate': 'C', 'advanced': 'C'}
2026-09-20 09:43:14 | DEBUG    | student_sim | id=785 gold=B | joint={'beginner': 'A', 'intermediate': 'B', 'advanced': 'B'} | isolated={'beginner': 'B', 'intermediate': 'B', 'advanced': 'B'}
2026-09-20 09:43:17 | DEBUG    | student_sim | id=786 gold=D | joint={'beginner': 'D', 'intermediate': 'D', 'advanced': 'D'} | isolated={'beginner': 'D', 'intermediate': 'D', 'advanced': 'D'}
2026-09-20 09:43:20 | DEBUG    | student_sim | id=787 gold=D | joint={'beginner': 'A', 'intermediate': 'D', 'advanced': 'D'} | isolated={'beginner': 'D', 'intermediate': 'D', 'advanced': 'D'}
2026-09-20 09:43:23 | DEBUG    | student_sim | id=788 gold=C | joint={'beginner': 'A', 'intermediate': 'C', 'advanced': 'C'} | isolated={'beginner': 'C', 'intermediate': 'C', 'advanced': 'C'}
2026-09-20 09:43:25 | DEBUG    | student_sim | id=789 gold=D | joint={'beginner': 'C', 'intermediate': 'D', 'advanced': 'D'} | isolated={'beginner': 'D', 'intermediate': 'D', 'advanced': 'D'}
2026-09-20 09:43:28 | DEBUG    | student_sim | id=790 gold=C | joint={'beginner': 'A', 'intermediate': 'C', 'advanced': 'C'} | isolated={'beginner': 'C', 'intermediate': 'C', 'advanced': 'C'}
2026-09-20 09:43:31 | DEBUG    | student_sim | id=791 gold=C | joint={'beginner': 'C', 'intermediate': 'C', 'advanced': 'C'} | isolated={'beginner': 'C', 'intermediate': 'C', 'advanced': 'C'}
2026-09-20 09:43:31 | INFO     | student_sim |   [ 792/ 884]  89.6% | acc B/I/A  join 0.39/0.93/0.92 | isol 0.89/0.92/0.92 | 2.92s/sample | ETA 4.5 min
2026-09-20 09:43:34 | DEBUG    | student_sim | id=792 gold=C | joint={'beginner': 'A', 'intermediate': 'C', 'advanced': 'C'} | isolated={'beginner': 'C', 'intermediate': 'C', 'advanced': 'C'}
2026-09-20 09:43:37 | DEBUG    | student_sim | id=793 gold=A | joint={'beginner': 'A', 'intermediate': 'A', 'advanced': 'A'} | isolated={'beginner': 'A', 'intermediate': 'A', 'advanced': 'A'}
2026-09-20 09:43:40 | DEBUG    | student_sim | id=794 gold=D | joint={'beginner': 'D', 'intermediate': 'D', 'advanced': 'D'} | isolated={'beginner': 'D', 'intermediate': 'D', 'advanced': 'D'}
2026-09-20 09:43:43 | DEBUG    | student_sim | id=795 gold=C | joint={'beginner': 'B', 'intermediate': 'C', 'advanced': 'C'} | isolated={'beginner': 'B', 'intermediate': 'C', 'advanced': 'C'}
2026-09-20 09:43:46 | DEBUG    | student_sim | id=796 gold=C | joint={'beginner': 'C', 'intermediate': 'C', 'advanced': 'C'} | isolated={'beginner': 'C', 'intermediate': 'C', 'advanced': 'C'}
2026-09-20 09:43:49 | DEBUG    | student_sim | id=797 gold=A | joint={'beginner': 'C', 'intermediate': 'A', 'advanced': 'A'} | isolated={'beginner': 'A', 'intermediate': 'A', 'advanced': 'A'}
2026-09-20 09:43:52 | DEBUG    | student_sim | id=798 gold=C | joint={'beginner': 'C', 'intermediate': 'C', 'advanced': 'C'} | isolated={'beginner': 'C', 'intermediate': 'C', 'advanced': 'C'}
2026-09-20 09:43:55 | DEBUG    | student_sim | id=799 gold=B | joint={'beginner': 'A', 'intermediate': 'D', 'advanced': 'D'} | isolated={'beginner': 'D', 'intermediate': 'B', 'advanced': 'B'}
2026-09-20 09:43:58 | DEBUG    | student_sim | id=800 gold=B | joint={'beginner': 'C', 'intermediate': 'A', 'advanced': 'B'} | isolated={'beginner': 'A', 'intermediate': 'A', 'advanced': 'C'}
2026-09-20 09:44:01 | DEBUG    | student_sim | id=801 gold=D | joint={'beginner': 'A', 'intermediate': 'D', 'advanced': 'D'} | isolated={'beginner': 'D', 'intermediate': 'D', 'advanced': 'D'}
2026-09-20 09:44:04 | DEBUG    | student_sim | id=802 gold=A | joint={'beginner': 'B', 'intermediate': 'A', 'advanced': 'A'} | isolated={'beginner': 'B', 'intermediate': 'B', 'advanced': 'A'}
2026-09-20 09:44:07 | DEBUG    | student_sim | id=803 gold=D | joint={'beginner': 'A', 'intermediate': 'D', 'advanced': 'D'} | isolated={'beginner': 'D', 'intermediate': 'D', 'advanced': 'D'}
2026-09-20 09:44:10 | DEBUG    | student_sim | id=804 gold=C | joint={'beginner': 'A', 'intermediate': 'C', 'advanced': 'C'} | isolated={'beginner': 'C', 'intermediate': 'C', 'advanced': 'C'}
2026-09-20 09:44:13 | DEBUG    | student_sim | id=805 gold=A | joint={'beginner': 'A', 'intermediate': 'A', 'advanced': 'A'} | isolated={'beginner': 'A', 'intermediate': 'A', 'advanced': 'A'}
2026-09-20 09:44:15 | DEBUG    | student_sim | id=806 gold=D | joint={'beginner': 'A', 'intermediate': 'D', 'advanced': 'D'} | isolated={'beginner': 'D', 'intermediate': 'D', 'advanced': 'D'}
2026-09-20 09:44:18 | DEBUG    | student_sim | id=807 gold=C | joint={'beginner': 'A', 'intermediate': 'C', 'advanced': 'C'} | isolated={'beginner': 'C', 'intermediate': 'C', 'advanced': 'C'}
2026-09-20 09:44:21 | DEBUG    | student_sim | id=808 gold=C | joint={'beginner': 'C', 'intermediate': 'C', 'advanced': 'C'} | isolated={'beginner': 'C', 'intermediate': 'C', 'advanced': 'C'}
2026-09-20 09:44:24 | DEBUG    | student_sim | id=809 gold=B | joint={'beginner': 'A', 'intermediate': 'B', 'advanced': 'D'} | isolated={'beginner': 'B', 'intermediate': 'B', 'advanced': 'B'}
2026-09-20 09:44:27 | DEBUG    | student_sim | id=810 gold=B | joint={'beginner': 'A', 'intermediate': 'B', 'advanced': 'B'} | isolated={'beginner': 'B', 'intermediate': 'B', 'advanced': 'B'}
2026-09-20 09:44:30 | DEBUG    | student_sim | id=811 gold=B | joint={'beginner': 'B', 'intermediate': 'B', 'advanced': 'B'} | isolated={'beginner': 'B', 'intermediate': 'B', 'advanced': 'B'}
2026-09-20 09:44:33 | DEBUG    | student_sim | id=812 gold=C | joint={'beginner': 'A', 'intermediate': 'C', 'advanced': 'C'} | isolated={'beginner': 'C', 'intermediate': 'C', 'advanced': 'C'}
2026-09-20 09:44:36 | DEBUG    | student_sim | id=813 gold=B | joint={'beginner': 'A', 'intermediate': 'B', 'advanced': 'B'} | isolated={'beginner': 'B', 'intermediate': 'B', 'advanced': 'B'}
2026-09-20 09:44:39 | DEBUG    | student_sim | id=814 gold=A | joint={'beginner': 'B', 'intermediate': 'A', 'advanced': 'A'} | isolated={'beginner': 'A', 'intermediate': 'A', 'advanced': 'A'}
2026-09-20 09:44:42 | DEBUG    | student_sim | id=815 gold=B | joint={'beginner': 'C', 'intermediate': 'B', 'advanced': 'B'} | isolated={'beginner': 'B', 'intermediate': 'B', 'advanced': 'B'}
2026-09-20 09:44:45 | DEBUG    | student_sim | id=816 gold=D | joint={'beginner': 'A', 'intermediate': 'D', 'advanced': 'D'} | isolated={'beginner': 'D', 'intermediate': 'A', 'advanced': 'D'}
2026-09-20 09:44:48 | DEBUG    | student_sim | id=817 gold=D | joint={'beginner': 'A', 'intermediate': 'D', 'advanced': 'D'} | isolated={'beginner': 'B', 'intermediate': 'D', 'advanced': 'D'}
2026-09-20 09:44:51 | DEBUG    | student_sim | id=818 gold=C | joint={'beginner': 'C', 'intermediate': 'C', 'advanced': 'C'} | isolated={'beginner': 'C', 'intermediate': 'C', 'advanced': 'C'}
2026-09-20 09:44:53 | DEBUG    | student_sim | id=819 gold=B | joint={'beginner': 'A', 'intermediate': 'B', 'advanced': 'B'} | isolated={'beginner': 'B', 'intermediate': 'B', 'advanced': 'B'}
2026-09-20 09:44:56 | DEBUG    | student_sim | id=820 gold=A | joint={'beginner': 'A', 'intermediate': 'A', 'advanced': 'A'} | isolated={'beginner': 'A', 'intermediate': 'A', 'advanced': 'A'}
2026-09-20 09:44:59 | DEBUG    | student_sim | id=821 gold=A | joint={'beginner': 'C', 'intermediate': 'A', 'advanced': 'A'} | isolated={'beginner': 'A', 'intermediate': 'A', 'advanced': 'A'}
2026-09-20 09:45:02 | DEBUG    | student_sim | id=822 gold=C | joint={'beginner': 'A', 'intermediate': 'C', 'advanced': 'C'} | isolated={'beginner': 'C', 'intermediate': 'C', 'advanced': 'C'}
2026-09-20 09:45:05 | DEBUG    | student_sim | id=823 gold=D | joint={'beginner': 'C', 'intermediate': 'D', 'advanced': 'D'} | isolated={'beginner': 'D', 'intermediate': 'D', 'advanced': 'D'}
2026-09-20 09:45:08 | DEBUG    | student_sim | id=824 gold=B | joint={'beginner': 'C', 'intermediate': 'B', 'advanced': 'B'} | isolated={'beginner': 'B', 'intermediate': 'B', 'advanced': 'B'}
2026-09-20 09:45:11 | DEBUG    | student_sim | id=825 gold=D | joint={'beginner': 'A', 'intermediate': 'D', 'advanced': 'D'} | isolated={'beginner': 'D', 'intermediate': 'D', 'advanced': 'D'}
2026-09-20 09:45:14 | DEBUG    | student_sim | id=826 gold=B | joint={'beginner': 'A', 'intermediate': 'B', 'advanced': 'B'} | isolated={'beginner': 'B', 'intermediate': 'B', 'advanced': 'B'}
2026-09-20 09:45:17 | DEBUG    | student_sim | id=827 gold=A | joint={'beginner': 'A', 'intermediate': 'A', 'advanced': 'A'} | isolated={'beginner': 'A', 'intermediate': 'A', 'advanced': 'A'}
2026-09-20 09:45:20 | DEBUG    | student_sim | id=828 gold=D | joint={'beginner': 'D', 'intermediate': 'D', 'advanced': 'D'} | isolated={'beginner': 'D', 'intermediate': 'D', 'advanced': 'D'}
2026-09-20 09:45:23 | DEBUG    | student_sim | id=829 gold=A | joint={'beginner': 'A', 'intermediate': 'A', 'advanced': 'A'} | isolated={'beginner': 'A', 'intermediate': 'A', 'advanced': 'A'}
2026-09-20 09:45:26 | DEBUG    | student_sim | id=830 gold=C | joint={'beginner': 'D', 'intermediate': 'C', 'advanced': 'C'} | isolated={'beginner': 'C', 'intermediate': 'C', 'advanced': 'C'}
2026-09-20 09:45:29 | DEBUG    | student_sim | id=831 gold=D | joint={'beginner': 'A', 'intermediate': 'D', 'advanced': 'D'} | isolated={'beginner': 'D', 'intermediate': 'D', 'advanced': 'D'}
2026-09-20 09:45:32 | DEBUG    | student_sim | id=832 gold=A | joint={'beginner': 'A', 'intermediate': 'A', 'advanced': 'A'} | isolated={'beginner': 'A', 'intermediate': 'A', 'advanced': 'A'}
2026-09-20 09:45:35 | DEBUG    | student_sim | id=833 gold=D | joint={'beginner': 'A', 'intermediate': 'D', 'advanced': 'D'} | isolated={'beginner': 'D', 'intermediate': 'D', 'advanced': 'D'}
2026-09-20 09:45:38 | DEBUG    | student_sim | id=834 gold=B | joint={'beginner': 'B', 'intermediate': 'B', 'advanced': 'B'} | isolated={'beginner': 'B', 'intermediate': 'B', 'advanced': 'B'}
2026-09-20 09:45:40 | DEBUG    | student_sim | id=835 gold=B | joint={'beginner': 'A', 'intermediate': 'B', 'advanced': 'B'} | isolated={'beginner': 'B', 'intermediate': 'B', 'advanced': 'B'}
2026-09-20 09:45:40 | INFO     | student_sim |   [ 836/ 884]  94.6% | acc B/I/A  join 0.39/0.93/0.92 | isol 0.89/0.92/0.92 | 2.92s/sample | ETA 2.3 min
2026-09-20 09:45:43 | DEBUG    | student_sim | id=836 gold=A | joint={'beginner': 'C', 'intermediate': 'A', 'advanced': 'A'} | isolated={'beginner': 'C', 'intermediate': 'A', 'advanced': 'A'}
2026-09-20 09:45:46 | DEBUG    | student_sim | id=837 gold=D | joint={'beginner': 'C', 'intermediate': 'D', 'advanced': 'D'} | isolated={'beginner': 'D', 'intermediate': 'D', 'advanced': 'D'}
2026-09-20 09:45:49 | DEBUG    | student_sim | id=838 gold=A | joint={'beginner': 'B', 'intermediate': 'A', 'advanced': 'A'} | isolated={'beginner': 'A', 'intermediate': 'A', 'advanced': 'A'}
2026-09-20 09:45:52 | DEBUG    | student_sim | id=839 gold=C | joint={'beginner': 'B', 'intermediate': 'C', 'advanced': 'C'} | isolated={'beginner': 'B', 'intermediate': 'C', 'advanced': 'C'}
2026-09-20 09:45:55 | DEBUG    | student_sim | id=840 gold=A | joint={'beginner': 'A', 'intermediate': 'A', 'advanced': 'A'} | isolated={'beginner': 'A', 'intermediate': 'A', 'advanced': 'A'}
2026-09-20 09:45:58 | DEBUG    | student_sim | id=841 gold=C | joint={'beginner': 'D', 'intermediate': 'C', 'advanced': 'C'} | isolated={'beginner': 'C', 'intermediate': 'C', 'advanced': 'C'}
2026-09-20 09:46:01 | DEBUG    | student_sim | id=842 gold=A | joint={'beginner': 'A', 'intermediate': 'A', 'advanced': 'A'} | isolated={'beginner': 'A', 'intermediate': 'A', 'advanced': 'A'}
2026-09-20 09:46:04 | DEBUG    | student_sim | id=843 gold=B | joint={'beginner': 'A', 'intermediate': 'B', 'advanced': 'B'} | isolated={'beginner': 'B', 'intermediate': 'B', 'advanced': 'B'}
2026-09-20 09:46:07 | DEBUG    | student_sim | id=844 gold=B | joint={'beginner': 'A', 'intermediate': 'B', 'advanced': 'B'} | isolated={'beginner': 'D', 'intermediate': 'B', 'advanced': 'A'}
2026-09-20 09:46:10 | DEBUG    | student_sim | id=845 gold=B | joint={'beginner': 'C', 'intermediate': 'B', 'advanced': 'B'} | isolated={'beginner': 'B', 'intermediate': 'B', 'advanced': 'B'}
2026-09-20 09:46:13 | DEBUG    | student_sim | id=846 gold=C | joint={'beginner': 'A', 'intermediate': 'C', 'advanced': 'C'} | isolated={'beginner': 'C', 'intermediate': 'C', 'advanced': 'C'}
2026-09-20 09:46:16 | DEBUG    | student_sim | id=847 gold=C | joint={'beginner': 'A', 'intermediate': 'C', 'advanced': 'C'} | isolated={'beginner': 'C', 'intermediate': 'C', 'advanced': 'C'}
2026-09-20 09:46:19 | DEBUG    | student_sim | id=848 gold=A | joint={'beginner': 'A', 'intermediate': 'A', 'advanced': 'A'} | isolated={'beginner': 'A', 'intermediate': 'A', 'advanced': 'A'}
2026-09-20 09:46:22 | DEBUG    | student_sim | id=849 gold=A | joint={'beginner': 'B', 'intermediate': 'A', 'advanced': 'A'} | isolated={'beginner': 'B', 'intermediate': 'B', 'advanced': 'A'}
2026-09-20 09:46:25 | DEBUG    | student_sim | id=850 gold=B | joint={'beginner': 'A', 'intermediate': 'B', 'advanced': 'B'} | isolated={'beginner': 'B', 'intermediate': 'B', 'advanced': 'B'}
2026-09-20 09:46:28 | DEBUG    | student_sim | id=851 gold=B | joint={'beginner': 'A', 'intermediate': 'B', 'advanced': 'B'} | isolated={'beginner': 'B', 'intermediate': 'B', 'advanced': 'B'}
2026-09-20 09:46:31 | DEBUG    | student_sim | id=852 gold=B | joint={'beginner': 'B', 'intermediate': 'B', 'advanced': 'B'} | isolated={'beginner': 'B', 'intermediate': 'B', 'advanced': 'B'}
2026-09-20 09:46:34 | DEBUG    | student_sim | id=853 gold=A | joint={'beginner': 'A', 'intermediate': 'A', 'advanced': 'A'} | isolated={'beginner': 'A', 'intermediate': 'A', 'advanced': 'A'}
2026-09-20 09:46:36 | DEBUG    | student_sim | id=854 gold=B | joint={'beginner': 'B', 'intermediate': 'B', 'advanced': 'B'} | isolated={'beginner': 'B', 'intermediate': 'B', 'advanced': 'B'}
2026-09-20 09:46:39 | DEBUG    | student_sim | id=855 gold=A | joint={'beginner': 'A', 'intermediate': 'A', 'advanced': 'A'} | isolated={'beginner': 'A', 'intermediate': 'A', 'advanced': 'A'}
2026-09-20 09:46:42 | DEBUG    | student_sim | id=856 gold=B | joint={'beginner': 'C', 'intermediate': 'B', 'advanced': 'B'} | isolated={'beginner': 'B', 'intermediate': 'B', 'advanced': 'B'}
2026-09-20 09:46:45 | DEBUG    | student_sim | id=857 gold=B | joint={'beginner': 'A', 'intermediate': 'B', 'advanced': 'B'} | isolated={'beginner': 'B', 'intermediate': 'B', 'advanced': 'B'}
2026-09-20 09:46:48 | DEBUG    | student_sim | id=858 gold=D | joint={'beginner': 'A', 'intermediate': 'D', 'advanced': 'D'} | isolated={'beginner': 'D', 'intermediate': 'D', 'advanced': 'D'}
2026-09-20 09:46:51 | DEBUG    | student_sim | id=859 gold=A | joint={'beginner': 'A', 'intermediate': 'A', 'advanced': 'A'} | isolated={'beginner': 'A', 'intermediate': 'A', 'advanced': 'A'}
2026-09-20 09:46:54 | DEBUG    | student_sim | id=860 gold=D | joint={'beginner': 'D', 'intermediate': 'D', 'advanced': 'D'} | isolated={'beginner': 'D', 'intermediate': 'D', 'advanced': 'D'}
2026-09-20 09:46:57 | DEBUG    | student_sim | id=861 gold=A | joint={'beginner': 'A', 'intermediate': 'A', 'advanced': 'A'} | isolated={'beginner': 'A', 'intermediate': 'A', 'advanced': 'A'}
2026-09-20 09:47:00 | DEBUG    | student_sim | id=862 gold=B | joint={'beginner': 'B', 'intermediate': 'B', 'advanced': 'B'} | isolated={'beginner': 'B', 'intermediate': 'B', 'advanced': 'B'}
2026-09-20 09:47:03 | DEBUG    | student_sim | id=863 gold=B | joint={'beginner': 'B', 'intermediate': 'B', 'advanced': 'B'} | isolated={'beginner': 'B', 'intermediate': 'B', 'advanced': 'B'}
2026-09-20 09:47:06 | DEBUG    | student_sim | id=864 gold=A | joint={'beginner': 'A', 'intermediate': 'A', 'advanced': 'A'} | isolated={'beginner': 'A', 'intermediate': 'A', 'advanced': 'A'}
2026-09-20 09:47:08 | DEBUG    | student_sim | id=865 gold=A | joint={'beginner': 'D', 'intermediate': 'A', 'advanced': 'A'} | isolated={'beginner': 'A', 'intermediate': 'A', 'advanced': 'A'}
2026-09-20 09:47:11 | DEBUG    | student_sim | id=866 gold=D | joint={'beginner': 'A', 'intermediate': 'D', 'advanced': 'D'} | isolated={'beginner': 'D', 'intermediate': 'D', 'advanced': 'D'}
2026-09-20 09:47:14 | DEBUG    | student_sim | id=867 gold=D | joint={'beginner': 'A', 'intermediate': 'D', 'advanced': 'C'} | isolated={'beginner': 'D', 'intermediate': 'D', 'advanced': 'D'}
2026-09-20 09:47:17 | DEBUG    | student_sim | id=868 gold=B | joint={'beginner': 'A', 'intermediate': 'B', 'advanced': 'B'} | isolated={'beginner': 'B', 'intermediate': 'B', 'advanced': 'B'}
2026-09-20 09:47:20 | DEBUG    | student_sim | id=869 gold=A | joint={'beginner': 'D', 'intermediate': 'A', 'advanced': 'A'} | isolated={'beginner': 'A', 'intermediate': 'A', 'advanced': 'A'}
2026-09-20 09:47:23 | DEBUG    | student_sim | id=870 gold=D | joint={'beginner': 'A', 'intermediate': 'D', 'advanced': 'D'} | isolated={'beginner': 'D', 'intermediate': 'D', 'advanced': 'D'}
2026-09-20 09:47:26 | DEBUG    | student_sim | id=871 gold=C | joint={'beginner': 'A', 'intermediate': 'C', 'advanced': 'C'} | isolated={'beginner': 'C', 'intermediate': 'C', 'advanced': 'C'}
2026-09-20 09:47:29 | DEBUG    | student_sim | id=872 gold=A | joint={'beginner': 'A', 'intermediate': 'A', 'advanced': 'A'} | isolated={'beginner': 'A', 'intermediate': 'A', 'advanced': 'A'}
2026-09-20 09:47:32 | DEBUG    | student_sim | id=873 gold=B | joint={'beginner': 'C', 'intermediate': 'B', 'advanced': 'B'} | isolated={'beginner': 'B', 'intermediate': 'B', 'advanced': 'B'}
2026-09-20 09:47:35 | DEBUG    | student_sim | id=874 gold=C | joint={'beginner': 'A', 'intermediate': 'C', 'advanced': 'C'} | isolated={'beginner': 'A', 'intermediate': 'C', 'advanced': 'C'}
2026-09-20 09:47:38 | DEBUG    | student_sim | id=875 gold=D | joint={'beginner': 'D', 'intermediate': 'D', 'advanced': 'D'} | isolated={'beginner': 'D', 'intermediate': 'D', 'advanced': 'D'}
2026-09-20 09:47:41 | DEBUG    | student_sim | id=876 gold=D | joint={'beginner': 'A', 'intermediate': 'D', 'advanced': 'D'} | isolated={'beginner': 'D', 'intermediate': 'D', 'advanced': 'D'}
2026-09-20 09:47:44 | DEBUG    | student_sim | id=877 gold=A | joint={'beginner': 'A', 'intermediate': 'A', 'advanced': 'A'} | isolated={'beginner': 'A', 'intermediate': 'A', 'advanced': 'A'}
2026-09-20 09:47:47 | DEBUG    | student_sim | id=878 gold=C | joint={'beginner': 'A', 'intermediate': 'C', 'advanced': 'C'} | isolated={'beginner': 'C', 'intermediate': 'C', 'advanced': 'C'}
2026-09-20 09:47:50 | DEBUG    | student_sim | id=879 gold=B | joint={'beginner': 'B', 'intermediate': 'B', 'advanced': 'B'} | isolated={'beginner': 'B', 'intermediate': 'B', 'advanced': 'B'}
2026-09-20 09:47:50 | INFO     | student_sim |   [ 880/ 884]  99.5% | acc B/I/A  join 0.39/0.93/0.93 | isol 0.89/0.92/0.93 | 2.92s/sample | ETA 0.2 min
2026-09-20 09:47:53 | DEBUG    | student_sim | id=880 gold=A | joint={'beginner': 'B', 'intermediate': 'A', 'advanced': 'A'} | isolated={'beginner': 'A', 'intermediate': 'A', 'advanced': 'A'}
2026-09-20 09:47:56 | DEBUG    | student_sim | id=881 gold=C | joint={'beginner': 'A', 'intermediate': 'C', 'advanced': 'C'} | isolated={'beginner': 'C', 'intermediate': 'C', 'advanced': 'C'}
2026-09-20 09:47:58 | DEBUG    | student_sim | id=882 gold=D | joint={'beginner': 'C', 'intermediate': 'D', 'advanced': 'D'} | isolated={'beginner': 'D', 'intermediate': 'D', 'advanced': 'D'}
2026-09-20 09:48:01 | DEBUG    | student_sim | id=883 gold=D | joint={'beginner': 'A', 'intermediate': 'D', 'advanced': 'D'} | isolated={'beginner': 'D', 'intermediate': 'D', 'advanced': 'D'}
2026-09-20 09:48:01 | INFO     | student_sim |   [ 884/ 884] 100.0% | acc B/I/A  join 0.38/0.93/0.93 | isol 0.89/0.92/0.93 | 2.92s/sample | ETA 0.0 min
2026-09-20 09:48:02 | INFO     | student_sim | 
2026-09-20 09:48:02 | INFO     | student_sim |   SCIQ -- ACCURACY STRATIFICATION
2026-09-20 09:48:02 | INFO     | student_sim |   ------------------------------------------------------------------------------------------------
2026-09-20 09:48:02 | INFO     | student_sim |     paradigm     beginner   intermediate       advanced        gap   monotone
2026-09-20 09:48:02 | INFO     | student_sim |     joint          0.3835         0.9321         0.9265     0.5430         NO
2026-09-20 09:48:02 | INFO     | student_sim |     isolated       0.8925         0.9197         0.9253     0.0328        yes
2026-09-20 09:48:02 | INFO     | student_sim |     gap(joint) - gap(isolated) = +0.5102
2026-09-20 09:48:02 | INFO     | student_sim | 
2026-09-20 09:48:02 | INFO     | student_sim |     joint scaffold differentiation pressure (order beginner -> intermediate -> advanced)
2026-09-20 09:48:02 | INFO     | student_sim |       all three tiers distinct        : 0.026 (chance if independent: 0.375)
2026-09-20 09:48:02 | INFO     | student_sim |       last tier (advanced) breaks a tie : 0.044  over 341 agreeing questions
2026-09-20 09:48:02 | INFO     | student_sim |       those breaks that are wrong     : 0.667
2026-09-20 09:48:02 | INFO     | student_sim |       breaks away from correct answer : 0.667
2026-09-20 09:48:02 | INFO     | student_sim | 
2026-09-20 09:48:02 | INFO     | student_sim |     trap-hit rate among errors (random distractor baseline = 0.333)
2026-09-20 09:48:02 | INFO     | student_sim |       joint     beginner      longest 0.315 (n= 314) | stem-overlap 0.667 (n= 24) | lookalike 0.326 (n= 429)
2026-09-20 09:48:02 | INFO     | student_sim |       joint     intermediate  longest 0.270 (n=  37) | stem-overlap 0.500 (n=  2) | lookalike 0.386 (n=  44)
2026-09-20 09:48:02 | INFO     | student_sim |       joint     advanced      longest 0.342 (n=  38) | stem-overlap 1.000 (n=  1) | lookalike 0.400 (n=  55)
2026-09-20 09:48:02 | INFO     | student_sim |       isolated  beginner      longest 0.192 (n=  52) | stem-overlap 0.800 (n=  5) | lookalike 0.416 (n=  77)
2026-09-20 09:48:02 | INFO     | student_sim |       isolated  intermediate  longest 0.289 (n=  38) | stem-overlap 0.500 (n=  2) | lookalike 0.407 (n=  59)
2026-09-20 09:48:02 | INFO     | student_sim |       isolated  advanced      longest 0.275 (n=  40) | stem-overlap 1.000 (n=  1) | lookalike 0.273 (n=  55)
2026-09-20 09:48:02 | INFO     | student_sim |   ------------------------------------------------------------------------------------------------
2026-09-20 09:48:02 | INFO     | student_sim |   wrote /kaggle/working/results_persona_simulation_sciq_qwen2.5_7b.json
2026-09-20 09:48:02 | INFO     | student_sim | 
2026-09-20 09:48:02 | INFO     | student_sim | ====================================================================================================
2026-09-20 09:48:02 | INFO     | student_sim | DATASET OBQA (allenai/openbookqa, test) -- 500 samples, zero-context (no passage)
2026-09-20 09:48:02 | INFO     | student_sim |   file      : /kaggle/temp/qwen25_persona_project/datasets/openbookqa/obqa_test_full.json
2026-09-20 09:48:02 | INFO     | student_sim |   paradigms : joint, isolated
2026-09-20 09:48:02 | INFO     | student_sim |   joint order: beginner -> intermediate -> advanced
2026-09-20 09:48:02 | INFO     | student_sim | ====================================================================================================
2026-09-20 09:48:05 | DEBUG    | student_sim | id=0 gold=B | joint={'beginner': 'B', 'intermediate': 'B', 'advanced': 'B'} | isolated={'beginner': 'B', 'intermediate': 'B', 'advanced': 'B'}
2026-09-20 09:48:07 | DEBUG    | student_sim | id=1 gold=A | joint={'beginner': 'A', 'intermediate': 'A', 'advanced': 'A'} | isolated={'beginner': 'A', 'intermediate': 'A', 'advanced': 'A'}
2026-09-20 09:48:10 | DEBUG    | student_sim | id=2 gold=C | joint={'beginner': 'A', 'intermediate': 'A', 'advanced': 'A'} | isolated={'beginner': 'A', 'intermediate': 'A', 'advanced': 'D'}
2026-09-20 09:48:13 | DEBUG    | student_sim | id=3 gold=C | joint={'beginner': 'C', 'intermediate': 'C', 'advanced': 'C'} | isolated={'beginner': 'C', 'intermediate': 'C', 'advanced': 'C'}
2026-09-20 09:48:15 | DEBUG    | student_sim | id=4 gold=C | joint={'beginner': 'D', 'intermediate': 'B', 'advanced': 'C'} | isolated={'beginner': 'B', 'intermediate': 'B', 'advanced': 'B'}
2026-09-20 09:48:18 | DEBUG    | student_sim | id=5 gold=C | joint={'beginner': 'D', 'intermediate': 'C', 'advanced': 'C'} | isolated={'beginner': 'C', 'intermediate': 'C', 'advanced': 'C'}
2026-09-20 09:48:21 | DEBUG    | student_sim | id=6 gold=C | joint={'beginner': 'D', 'intermediate': 'B', 'advanced': 'B'} | isolated={'beginner': 'B', 'intermediate': 'B', 'advanced': 'B'}
2026-09-20 09:48:24 | DEBUG    | student_sim | id=7 gold=B | joint={'beginner': 'B', 'intermediate': 'B', 'advanced': 'B'} | isolated={'beginner': 'B', 'intermediate': 'B', 'advanced': 'B'}
2026-09-20 09:48:26 | DEBUG    | student_sim | id=8 gold=D | joint={'beginner': 'B', 'intermediate': 'B', 'advanced': 'B'} | isolated={'beginner': 'B', 'intermediate': 'B', 'advanced': 'B'}
2026-09-20 09:48:29 | DEBUG    | student_sim | id=9 gold=B | joint={'beginner': 'B', 'intermediate': 'A', 'advanced': 'A'} | isolated={'beginner': 'B', 'intermediate': 'B', 'advanced': 'B'}
2026-09-20 09:48:32 | DEBUG    | student_sim | id=10 gold=C | joint={'beginner': 'C', 'intermediate': 'A', 'advanced': 'C'} | isolated={'beginner': 'C', 'intermediate': 'C', 'advanced': 'C'}
2026-09-20 09:48:34 | DEBUG    | student_sim | id=11 gold=B | joint={'beginner': 'B', 'intermediate': 'B', 'advanced': 'B'} | isolated={'beginner': 'B', 'intermediate': 'B', 'advanced': 'B'}
2026-09-20 09:48:37 | DEBUG    | student_sim | id=12 gold=C | joint={'beginner': 'C', 'intermediate': 'D', 'advanced': 'D'} | isolated={'beginner': 'C', 'intermediate': 'C', 'advanced': 'C'}
2026-09-20 09:48:40 | DEBUG    | student_sim | id=13 gold=A | joint={'beginner': 'A', 'intermediate': 'A', 'advanced': 'A'} | isolated={'beginner': 'A', 'intermediate': 'A', 'advanced': 'A'}
2026-09-20 09:48:43 | DEBUG    | student_sim | id=14 gold=C | joint={'beginner': 'C', 'intermediate': 'C', 'advanced': 'C'} | isolated={'beginner': 'C', 'intermediate': 'C', 'advanced': 'C'}
2026-09-20 09:48:45 | DEBUG    | student_sim | id=15 gold=D | joint={'beginner': 'D', 'intermediate': 'D', 'advanced': 'D'} | isolated={'beginner': 'D', 'intermediate': 'D', 'advanced': 'D'}
2026-09-20 09:48:48 | DEBUG    | student_sim | id=16 gold=C | joint={'beginner': 'B', 'intermediate': 'C', 'advanced': 'C'} | isolated={'beginner': 'C', 'intermediate': 'C', 'advanced': 'C'}
2026-09-20 09:48:51 | DEBUG    | student_sim | id=17 gold=C | joint={'beginner': 'A', 'intermediate': 'C', 'advanced': 'C'} | isolated={'beginner': 'C', 'intermediate': 'C', 'advanced': 'C'}
2026-09-20 09:48:54 | DEBUG    | student_sim | id=18 gold=A | joint={'beginner': 'D', 'intermediate': 'D', 'advanced': 'D'} | isolated={'beginner': 'A', 'intermediate': 'A', 'advanced': 'A'}
2026-09-20 09:48:56 | DEBUG    | student_sim | id=19 gold=B | joint={'beginner': 'A', 'intermediate': 'B', 'advanced': 'A'} | isolated={'beginner': 'A', 'intermediate': 'A', 'advanced': 'A'}
2026-09-20 09:48:59 | DEBUG    | student_sim | id=20 gold=A | joint={'beginner': 'A', 'intermediate': 'D', 'advanced': 'D'} | isolated={'beginner': 'D', 'intermediate': 'D', 'advanced': 'D'}
2026-09-20 09:49:02 | DEBUG    | student_sim | id=21 gold=A | joint={'beginner': 'A', 'intermediate': 'A', 'advanced': 'A'} | isolated={'beginner': 'A', 'intermediate': 'A', 'advanced': 'A'}
2026-09-20 09:49:04 | DEBUG    | student_sim | id=22 gold=A | joint={'beginner': 'A', 'intermediate': 'A', 'advanced': 'A'} | isolated={'beginner': 'A', 'intermediate': 'A', 'advanced': 'A'}
2026-09-20 09:49:07 | DEBUG    | student_sim | id=23 gold=B | joint={'beginner': 'C', 'intermediate': 'B', 'advanced': 'B'} | isolated={'beginner': 'B', 'intermediate': 'B', 'advanced': 'B'}
2026-09-20 09:49:10 | DEBUG    | student_sim | id=24 gold=B | joint={'beginner': 'A', 'intermediate': 'A', 'advanced': 'B'} | isolated={'beginner': 'A', 'intermediate': 'A', 'advanced': 'A'}
2026-09-20 09:49:10 | INFO     | student_sim |   [  25/ 500]   5.0% | acc B/I/A  join 0.56/0.60/0.68 | isol 0.72/0.72/0.72 | 2.73s/sample | ETA 21.6 min
2026-09-20 09:49:13 | DEBUG    | student_sim | id=25 gold=B | joint={'beginner': 'B', 'intermediate': 'B', 'advanced': 'B'} | isolated={'beginner': 'A', 'intermediate': 'B', 'advanced': 'B'}
2026-09-20 09:49:16 | DEBUG    | student_sim | id=26 gold=D | joint={'beginner': 'A', 'intermediate': 'A', 'advanced': 'D'} | isolated={'beginner': 'A', 'intermediate': 'A', 'advanced': 'B'}
2026-09-20 09:49:19 | DEBUG    | student_sim | id=27 gold=A | joint={'beginner': 'C', 'intermediate': 'A', 'advanced': 'A'} | isolated={'beginner': 'B', 'intermediate': 'A', 'advanced': 'A'}
2026-09-20 09:49:21 | DEBUG    | student_sim | id=28 gold=D | joint={'beginner': 'D', 'intermediate': 'D', 'advanced': 'D'} | isolated={'beginner': 'D', 'intermediate': 'D', 'advanced': 'D'}
2026-09-20 09:49:24 | DEBUG    | student_sim | id=29 gold=B | joint={'beginner': 'C', 'intermediate': 'C', 'advanced': 'C'} | isolated={'beginner': 'C', 'intermediate': 'C', 'advanced': 'B'}
2026-09-20 09:49:27 | DEBUG    | student_sim | id=30 gold=C | joint={'beginner': 'C', 'intermediate': 'C', 'advanced': 'C'} | isolated={'beginner': 'C', 'intermediate': 'C', 'advanced': 'C'}
2026-09-20 09:49:29 | DEBUG    | student_sim | id=31 gold=D | joint={'beginner': 'B', 'intermediate': 'D', 'advanced': 'D'} | isolated={'beginner': 'C', 'intermediate': 'D', 'advanced': 'C'}
2026-09-20 09:49:32 | DEBUG    | student_sim | id=32 gold=B | joint={'beginner': 'B', 'intermediate': 'B', 'advanced': 'A'} | isolated={'beginner': 'B', 'intermediate': 'B', 'advanced': 'A'}
2026-09-20 09:49:35 | DEBUG    | student_sim | id=33 gold=A | joint={'beginner': 'A', 'intermediate': 'A', 'advanced': 'A'} | isolated={'beginner': 'A', 'intermediate': 'A', 'advanced': 'A'}
2026-09-20 09:49:38 | DEBUG    | student_sim | id=34 gold=B | joint={'beginner': 'B', 'intermediate': 'C', 'advanced': 'C'} | isolated={'beginner': 'B', 'intermediate': 'B', 'advanced': 'B'}
2026-09-20 09:49:40 | DEBUG    | student_sim | id=35 gold=A | joint={'beginner': 'A', 'intermediate': 'B', 'advanced': 'B'} | isolated={'beginner': 'A', 'intermediate': 'A', 'advanced': 'A'}
2026-09-20 09:49:43 | DEBUG    | student_sim | id=36 gold=A | joint={'beginner': 'A', 'intermediate': 'A', 'advanced': 'A'} | isolated={'beginner': 'A', 'intermediate': 'A', 'advanced': 'A'}
2026-09-20 09:49:46 | DEBUG    | student_sim | id=37 gold=D | joint={'beginner': 'D', 'intermediate': 'D', 'advanced': 'D'} | isolated={'beginner': 'D', 'intermediate': 'D', 'advanced': 'D'}
2026-09-20 09:49:49 | DEBUG    | student_sim | id=38 gold=D | joint={'beginner': 'A', 'intermediate': 'D', 'advanced': 'D'} | isolated={'beginner': 'A', 'intermediate': 'A', 'advanced': 'D'}
2026-09-20 09:49:51 | DEBUG    | student_sim | id=39 gold=A | joint={'beginner': 'A', 'intermediate': 'A', 'advanced': 'A'} | isolated={'beginner': 'A', 'intermediate': 'A', 'advanced': 'A'}
2026-09-20 09:49:54 | DEBUG    | student_sim | id=40 gold=D | joint={'beginner': 'C', 'intermediate': 'D', 'advanced': 'D'} | isolated={'beginner': 'B', 'intermediate': 'A', 'advanced': 'D'}
2026-09-20 09:49:57 | DEBUG    | student_sim | id=41 gold=D | joint={'beginner': 'D', 'intermediate': 'D', 'advanced': 'B'} | isolated={'beginner': 'D', 'intermediate': 'D', 'advanced': 'D'}
2026-09-20 09:50:00 | DEBUG    | student_sim | id=42 gold=A | joint={'beginner': 'A', 'intermediate': 'A', 'advanced': 'A'} | isolated={'beginner': 'A', 'intermediate': 'A', 'advanced': 'A'}
2026-09-20 09:50:02 | DEBUG    | student_sim | id=43 gold=D | joint={'beginner': 'C', 'intermediate': 'D', 'advanced': 'D'} | isolated={'beginner': 'D', 'intermediate': 'D', 'advanced': 'D'}
2026-09-20 09:50:05 | DEBUG    | student_sim | id=44 gold=A | joint={'beginner': 'A', 'intermediate': 'A', 'advanced': 'A'} | isolated={'beginner': 'A', 'intermediate': 'A', 'advanced': 'A'}
2026-09-20 09:50:08 | DEBUG    | student_sim | id=45 gold=A | joint={'beginner': 'A', 'intermediate': 'A', 'advanced': 'A'} | isolated={'beginner': 'A', 'intermediate': 'A', 'advanced': 'A'}
2026-09-20 09:50:11 | DEBUG    | student_sim | id=46 gold=A | joint={'beginner': 'A', 'intermediate': 'A', 'advanced': 'A'} | isolated={'beginner': 'A', 'intermediate': 'A', 'advanced': 'A'}
2026-09-20 09:50:14 | DEBUG    | student_sim | id=47 gold=A | joint={'beginner': 'A', 'intermediate': 'A', 'advanced': 'A'} | isolated={'beginner': 'A', 'intermediate': 'A', 'advanced': 'A'}
2026-09-20 09:50:16 | DEBUG    | student_sim | id=48 gold=B | joint={'beginner': 'C', 'intermediate': 'B', 'advanced': 'B'} | isolated={'beginner': 'B', 'intermediate': 'B', 'advanced': 'B'}
2026-09-20 09:50:19 | DEBUG    | student_sim | id=49 gold=C | joint={'beginner': 'C', 'intermediate': 'C', 'advanced': 'C'} | isolated={'beginner': 'C', 'intermediate': 'C', 'advanced': 'C'}
2026-09-20 09:50:19 | INFO     | student_sim |   [  50/ 500]  10.0% | acc B/I/A  join 0.62/0.72/0.74 | isol 0.72/0.78/0.80 | 2.74s/sample | ETA 20.6 min
2026-09-20 09:50:22 | DEBUG    | student_sim | id=50 gold=A | joint={'beginner': 'A', 'intermediate': 'A', 'advanced': 'A'} | isolated={'beginner': 'A', 'intermediate': 'A', 'advanced': 'A'}
2026-09-20 09:50:24 | DEBUG    | student_sim | id=51 gold=D | joint={'beginner': 'D', 'intermediate': 'D', 'advanced': 'D'} | isolated={'beginner': 'D', 'intermediate': 'D', 'advanced': 'D'}
2026-09-20 09:50:27 | DEBUG    | student_sim | id=52 gold=A | joint={'beginner': 'A', 'intermediate': 'A', 'advanced': 'A'} | isolated={'beginner': 'A', 'intermediate': 'A', 'advanced': 'A'}
2026-09-20 09:50:30 | DEBUG    | student_sim | id=53 gold=D | joint={'beginner': 'D', 'intermediate': 'D', 'advanced': 'D'} | isolated={'beginner': 'D', 'intermediate': 'D', 'advanced': 'D'}
2026-09-20 09:50:33 | DEBUG    | student_sim | id=54 gold=C | joint={'beginner': 'B', 'intermediate': 'A', 'advanced': 'A'} | isolated={'beginner': 'C', 'intermediate': 'B', 'advanced': 'C'}
2026-09-20 09:50:35 | DEBUG    | student_sim | id=55 gold=A | joint={'beginner': 'D', 'intermediate': 'A', 'advanced': 'A'} | isolated={'beginner': 'C', 'intermediate': 'C', 'advanced': 'C'}
2026-09-20 09:50:38 | DEBUG    | student_sim | id=56 gold=C | joint={'beginner': 'B', 'intermediate': 'C', 'advanced': 'C'} | isolated={'beginner': 'C', 'intermediate': 'C', 'advanced': 'C'}
2026-09-20 09:50:41 | DEBUG    | student_sim | id=57 gold=D | joint={'beginner': 'D', 'intermediate': 'D', 'advanced': 'D'} | isolated={'beginner': 'D', 'intermediate': 'D', 'advanced': 'D'}
2026-09-20 09:50:44 | DEBUG    | student_sim | id=58 gold=B | joint={'beginner': 'B', 'intermediate': 'C', 'advanced': 'B'} | isolated={'beginner': 'B', 'intermediate': 'B', 'advanced': 'B'}
2026-09-20 09:50:46 | DEBUG    | student_sim | id=59 gold=A | joint={'beginner': 'A', 'intermediate': 'A', 'advanced': 'A'} | isolated={'beginner': 'A', 'intermediate': 'A', 'advanced': 'A'}
2026-09-20 09:50:49 | DEBUG    | student_sim | id=60 gold=C | joint={'beginner': 'D', 'intermediate': 'A', 'advanced': 'A'} | isolated={'beginner': 'A', 'intermediate': 'A', 'advanced': 'C'}
2026-09-20 09:50:52 | DEBUG    | student_sim | id=61 gold=C | joint={'beginner': 'B', 'intermediate': 'C', 'advanced': 'B'} | isolated={'beginner': 'B', 'intermediate': 'B', 'advanced': 'B'}
2026-09-20 09:50:55 | DEBUG    | student_sim | id=62 gold=A | joint={'beginner': 'A', 'intermediate': 'B', 'advanced': 'D'} | isolated={'beginner': 'A', 'intermediate': 'B', 'advanced': 'D'}
2026-09-20 09:50:57 | DEBUG    | student_sim | id=63 gold=B | joint={'beginner': 'B', 'intermediate': 'B', 'advanced': 'B'} | isolated={'beginner': 'B', 'intermediate': 'B', 'advanced': 'B'}
2026-09-20 09:51:00 | DEBUG    | student_sim | id=64 gold=B | joint={'beginner': 'C', 'intermediate': 'B', 'advanced': 'B'} | isolated={'beginner': 'B', 'intermediate': 'B', 'advanced': 'B'}
2026-09-20 09:51:03 | DEBUG    | student_sim | id=65 gold=C | joint={'beginner': 'C', 'intermediate': 'C', 'advanced': 'C'} | isolated={'beginner': 'C', 'intermediate': 'C', 'advanced': 'C'}
2026-09-20 09:51:05 | DEBUG    | student_sim | id=66 gold=A | joint={'beginner': 'D', 'intermediate': 'D', 'advanced': 'C'} | isolated={'beginner': 'C', 'intermediate': 'C', 'advanced': 'C'}
2026-09-20 09:51:08 | DEBUG    | student_sim | id=67 gold=A | joint={'beginner': 'A', 'intermediate': 'A', 'advanced': 'A'} | isolated={'beginner': 'A', 'intermediate': 'A', 'advanced': 'A'}
2026-09-20 09:51:11 | DEBUG    | student_sim | id=68 gold=A | joint={'beginner': 'A', 'intermediate': 'A', 'advanced': 'A'} | isolated={'beginner': 'A', 'intermediate': 'A', 'advanced': 'A'}
2026-09-20 09:51:14 | DEBUG    | student_sim | id=69 gold=D | joint={'beginner': 'A', 'intermediate': 'D', 'advanced': 'D'} | isolated={'beginner': 'D', 'intermediate': 'D', 'advanced': 'D'}
2026-09-20 09:51:17 | DEBUG    | student_sim | id=70 gold=B | joint={'beginner': 'B', 'intermediate': 'B', 'advanced': 'B'} | isolated={'beginner': 'B', 'intermediate': 'B', 'advanced': 'B'}
2026-09-20 09:51:19 | DEBUG    | student_sim | id=71 gold=C | joint={'beginner': 'D', 'intermediate': 'D', 'advanced': 'D'} | isolated={'beginner': 'C', 'intermediate': 'C', 'advanced': 'A'}
2026-09-20 09:51:22 | DEBUG    | student_sim | id=72 gold=C | joint={'beginner': 'C', 'intermediate': 'C', 'advanced': 'C'} | isolated={'beginner': 'C', 'intermediate': 'C', 'advanced': 'C'}
2026-09-20 09:51:25 | DEBUG    | student_sim | id=73 gold=A | joint={'beginner': 'C', 'intermediate': 'A', 'advanced': 'A'} | isolated={'beginner': 'B', 'intermediate': 'A', 'advanced': 'A'}
2026-09-20 09:51:28 | DEBUG    | student_sim | id=74 gold=C | joint={'beginner': 'C', 'intermediate': 'C', 'advanced': 'C'} | isolated={'beginner': 'C', 'intermediate': 'C', 'advanced': 'C'}
2026-09-20 09:51:28 | INFO     | student_sim |   [  75/ 500]  15.0% | acc B/I/A  join 0.61/0.73/0.75 | isol 0.75/0.77/0.80 | 2.75s/sample | ETA 19.5 min
2026-09-20 09:51:30 | DEBUG    | student_sim | id=75 gold=C | joint={'beginner': 'A', 'intermediate': 'D', 'advanced': 'D'} | isolated={'beginner': 'A', 'intermediate': 'A', 'advanced': 'A'}
2026-09-20 09:51:33 | DEBUG    | student_sim | id=76 gold=A | joint={'beginner': 'A', 'intermediate': 'A', 'advanced': 'A'} | isolated={'beginner': 'A', 'intermediate': 'A', 'advanced': 'A'}
2026-09-20 09:51:36 | DEBUG    | student_sim | id=77 gold=C | joint={'beginner': 'A', 'intermediate': 'C', 'advanced': 'C'} | isolated={'beginner': 'C', 'intermediate': 'C', 'advanced': 'C'}
2026-09-20 09:51:38 | DEBUG    | student_sim | id=78 gold=B | joint={'beginner': 'B', 'intermediate': 'B', 'advanced': 'B'} | isolated={'beginner': 'B', 'intermediate': 'B', 'advanced': 'B'}
2026-09-20 09:51:41 | DEBUG    | student_sim | id=79 gold=C | joint={'beginner': 'A', 'intermediate': 'C', 'advanced': 'C'} | isolated={'beginner': 'C', 'intermediate': 'C', 'advanced': 'C'}
2026-09-20 09:51:44 | DEBUG    | student_sim | id=80 gold=C | joint={'beginner': 'D', 'intermediate': 'C', 'advanced': 'C'} | isolated={'beginner': 'C', 'intermediate': 'C', 'advanced': 'C'}
2026-09-20 09:51:47 | DEBUG    | student_sim | id=81 gold=A | joint={'beginner': 'A', 'intermediate': 'A', 'advanced': 'D'} | isolated={'beginner': 'A', 'intermediate': 'A', 'advanced': 'A'}
2026-09-20 09:51:49 | DEBUG    | student_sim | id=82 gold=A | joint={'beginner': 'B', 'intermediate': 'A', 'advanced': 'A'} | isolated={'beginner': 'A', 'intermediate': 'A', 'advanced': 'B'}
2026-09-20 09:51:52 | DEBUG    | student_sim | id=83 gold=B | joint={'beginner': 'B', 'intermediate': 'B', 'advanced': 'B'} | isolated={'beginner': 'B', 'intermediate': 'B', 'advanced': 'B'}
2026-09-20 09:51:55 | DEBUG    | student_sim | id=84 gold=D | joint={'beginner': 'A', 'intermediate': 'D', 'advanced': 'B'} | isolated={'beginner': 'D', 'intermediate': 'D', 'advanced': 'D'}
2026-09-20 09:51:58 | DEBUG    | student_sim | id=85 gold=B | joint={'beginner': 'B', 'intermediate': 'B', 'advanced': 'B'} | isolated={'beginner': 'B', 'intermediate': 'B', 'advanced': 'B'}
2026-09-20 09:52:01 | DEBUG    | student_sim | id=86 gold=D | joint={'beginner': 'D', 'intermediate': 'D', 'advanced': 'D'} | isolated={'beginner': 'D', 'intermediate': 'D', 'advanced': 'D'}
2026-09-20 09:52:03 | DEBUG    | student_sim | id=87 gold=D | joint={'beginner': 'B', 'intermediate': 'D', 'advanced': 'D'} | isolated={'beginner': 'D', 'intermediate': 'D', 'advanced': 'D'}
2026-09-20 09:52:06 | DEBUG    | student_sim | id=88 gold=C | joint={'beginner': 'D', 'intermediate': 'C', 'advanced': 'C'} | isolated={'beginner': 'C', 'intermediate': 'C', 'advanced': 'C'}
2026-09-20 09:52:09 | DEBUG    | student_sim | id=89 gold=A | joint={'beginner': 'A', 'intermediate': 'B', 'advanced': 'B'} | isolated={'beginner': 'A', 'intermediate': 'B', 'advanced': 'B'}
2026-09-20 09:52:11 | DEBUG    | student_sim | id=90 gold=A | joint={'beginner': 'C', 'intermediate': 'C', 'advanced': 'C'} | isolated={'beginner': 'A', 'intermediate': 'A', 'advanced': 'A'}
2026-09-20 09:52:14 | DEBUG    | student_sim | id=91 gold=D | joint={'beginner': 'A', 'intermediate': 'B', 'advanced': 'B'} | isolated={'beginner': 'B', 'intermediate': 'A', 'advanced': 'B'}
2026-09-20 09:52:17 | DEBUG    | student_sim | id=92 gold=C | joint={'beginner': 'C', 'intermediate': 'C', 'advanced': 'D'} | isolated={'beginner': 'C', 'intermediate': 'C', 'advanced': 'C'}
2026-09-20 09:52:20 | DEBUG    | student_sim | id=93 gold=A | joint={'beginner': 'A', 'intermediate': 'A', 'advanced': 'A'} | isolated={'beginner': 'A', 'intermediate': 'A', 'advanced': 'A'}
2026-09-20 09:52:22 | DEBUG    | student_sim | id=94 gold=C | joint={'beginner': 'B', 'intermediate': 'C', 'advanced': 'D'} | isolated={'beginner': 'C', 'intermediate': 'C', 'advanced': 'C'}
2026-09-20 09:52:25 | DEBUG    | student_sim | id=95 gold=C | joint={'beginner': 'A', 'intermediate': 'C', 'advanced': 'C'} | isolated={'beginner': 'C', 'intermediate': 'C', 'advanced': 'C'}
2026-09-20 09:52:28 | DEBUG    | student_sim | id=96 gold=C | joint={'beginner': 'D', 'intermediate': 'C', 'advanced': 'C'} | isolated={'beginner': 'C', 'intermediate': 'C', 'advanced': 'C'}
2026-09-20 09:52:31 | DEBUG    | student_sim | id=97 gold=B | joint={'beginner': 'B', 'intermediate': 'B', 'advanced': 'B'} | isolated={'beginner': 'B', 'intermediate': 'B', 'advanced': 'B'}
2026-09-20 09:52:33 | DEBUG    | student_sim | id=98 gold=A | joint={'beginner': 'A', 'intermediate': 'A', 'advanced': 'A'} | isolated={'beginner': 'A', 'intermediate': 'A', 'advanced': 'A'}
2026-09-20 09:52:36 | DEBUG    | student_sim | id=99 gold=C | joint={'beginner': 'D', 'intermediate': 'D', 'advanced': 'D'} | isolated={'beginner': 'D', 'intermediate': 'D', 'advanced': 'D'}
2026-09-20 09:52:36 | INFO     | student_sim |   [ 100/ 500]  20.0% | acc B/I/A  join 0.57/0.75/0.72 | isol 0.78/0.79/0.80 | 2.74s/sample | ETA 18.3 min
2026-09-20 09:52:39 | DEBUG    | student_sim | id=100 gold=B | joint={'beginner': 'C', 'intermediate': 'B', 'advanced': 'B'} | isolated={'beginner': 'B', 'intermediate': 'B', 'advanced': 'B'}
2026-09-20 09:52:41 | DEBUG    | student_sim | id=101 gold=B | joint={'beginner': 'A', 'intermediate': 'B', 'advanced': 'B'} | isolated={'beginner': 'B', 'intermediate': 'B', 'advanced': 'B'}
2026-09-20 09:52:44 | DEBUG    | student_sim | id=102 gold=A | joint={'beginner': 'A', 'intermediate': 'A', 'advanced': 'A'} | isolated={'beginner': 'A', 'intermediate': 'A', 'advanced': 'A'}
2026-09-20 09:52:47 | DEBUG    | student_sim | id=103 gold=D | joint={'beginner': 'D', 'intermediate': 'D', 'advanced': 'D'} | isolated={'beginner': 'D', 'intermediate': 'D', 'advanced': 'D'}
2026-09-20 09:52:50 | DEBUG    | student_sim | id=104 gold=B | joint={'beginner': 'B', 'intermediate': 'B', 'advanced': 'A'} | isolated={'beginner': 'B', 'intermediate': 'B', 'advanced': 'B'}
2026-09-20 09:52:52 | DEBUG    | student_sim | id=105 gold=D | joint={'beginner': 'D', 'intermediate': 'D', 'advanced': 'D'} | isolated={'beginner': 'D', 'intermediate': 'D', 'advanced': 'D'}
2026-09-20 09:52:55 | DEBUG    | student_sim | id=106 gold=B | joint={'beginner': 'C', 'intermediate': 'B', 'advanced': 'B'} | isolated={'beginner': 'B', 'intermediate': 'B', 'advanced': 'B'}
2026-09-20 09:52:58 | DEBUG    | student_sim | id=107 gold=A | joint={'beginner': 'D', 'intermediate': 'A', 'advanced': 'A'} | isolated={'beginner': 'A', 'intermediate': 'A', 'advanced': 'A'}
2026-09-20 09:53:01 | DEBUG    | student_sim | id=108 gold=D | joint={'beginner': 'D', 'intermediate': 'D', 'advanced': 'D'} | isolated={'beginner': 'D', 'intermediate': 'D', 'advanced': 'D'}
2026-09-20 09:53:04 | DEBUG    | student_sim | id=109 gold=C | joint={'beginner': 'C', 'intermediate': 'D', 'advanced': 'A'} | isolated={'beginner': 'C', 'intermediate': 'C', 'advanced': 'A'}
2026-09-20 09:53:06 | DEBUG    | student_sim | id=110 gold=C | joint={'beginner': 'D', 'intermediate': 'C', 'advanced': 'C'} | isolated={'beginner': 'C', 'intermediate': 'C', 'advanced': 'C'}
2026-09-20 09:53:09 | DEBUG    | student_sim | id=111 gold=B | joint={'beginner': 'C', 'intermediate': 'C', 'advanced': 'A'} | isolated={'beginner': 'A', 'intermediate': 'C', 'advanced': 'D'}
2026-09-20 09:53:12 | DEBUG    | student_sim | id=112 gold=B | joint={'beginner': 'B', 'intermediate': 'B', 'advanced': 'B'} | isolated={'beginner': 'B', 'intermediate': 'B', 'advanced': 'B'}
2026-09-20 09:53:15 | DEBUG    | student_sim | id=113 gold=C | joint={'beginner': 'A', 'intermediate': 'A', 'advanced': 'A'} | isolated={'beginner': 'A', 'intermediate': 'A', 'advanced': 'A'}
2026-09-20 09:53:17 | DEBUG    | student_sim | id=114 gold=A | joint={'beginner': 'A', 'intermediate': 'A', 'advanced': 'A'} | isolated={'beginner': 'A', 'intermediate': 'A', 'advanced': 'A'}
2026-09-20 09:53:20 | DEBUG    | student_sim | id=115 gold=C | joint={'beginner': 'C', 'intermediate': 'C', 'advanced': 'B'} | isolated={'beginner': 'C', 'intermediate': 'C', 'advanced': 'C'}
2026-09-20 09:53:23 | DEBUG    | student_sim | id=116 gold=D | joint={'beginner': 'A', 'intermediate': 'D', 'advanced': 'D'} | isolated={'beginner': 'A', 'intermediate': 'D', 'advanced': 'D'}
2026-09-20 09:53:26 | DEBUG    | student_sim | id=117 gold=D | joint={'beginner': 'D', 'intermediate': 'A', 'advanced': 'D'} | isolated={'beginner': 'D', 'intermediate': 'A', 'advanced': 'A'}
2026-09-20 09:53:29 | DEBUG    | student_sim | id=118 gold=A | joint={'beginner': 'A', 'intermediate': 'A', 'advanced': 'A'} | isolated={'beginner': 'A', 'intermediate': 'A', 'advanced': 'A'}
2026-09-20 09:53:31 | DEBUG    | student_sim | id=119 gold=B | joint={'beginner': 'B', 'intermediate': 'B', 'advanced': 'B'} | isolated={'beginner': 'B', 'intermediate': 'B', 'advanced': 'B'}
2026-09-20 09:53:34 | DEBUG    | student_sim | id=120 gold=A | joint={'beginner': 'A', 'intermediate': 'A', 'advanced': 'A'} | isolated={'beginner': 'A', 'intermediate': 'A', 'advanced': 'A'}
2026-09-20 09:53:37 | DEBUG    | student_sim | id=121 gold=D | joint={'beginner': 'A', 'intermediate': 'A', 'advanced': 'A'} | isolated={'beginner': 'A', 'intermediate': 'A', 'advanced': 'B'}
2026-09-20 09:53:40 | DEBUG    | student_sim | id=122 gold=A | joint={'beginner': 'B', 'intermediate': 'B', 'advanced': 'A'} | isolated={'beginner': 'B', 'intermediate': 'A', 'advanced': 'A'}
2026-09-20 09:53:42 | DEBUG    | student_sim | id=123 gold=D | joint={'beginner': 'B', 'intermediate': 'D', 'advanced': 'D'} | isolated={'beginner': 'B', 'intermediate': 'B', 'advanced': 'D'}
2026-09-20 09:53:45 | DEBUG    | student_sim | id=124 gold=B | joint={'beginner': 'B', 'intermediate': 'B', 'advanced': 'B'} | isolated={'beginner': 'B', 'intermediate': 'B', 'advanced': 'B'}
2026-09-20 09:53:45 | INFO     | student_sim |   [ 125/ 500]  25.0% | acc B/I/A  join 0.57/0.75/0.73 | isol 0.78/0.79/0.80 | 2.75s/sample | ETA 17.2 min
2026-09-20 09:53:48 | DEBUG    | student_sim | id=125 gold=A | joint={'beginner': 'A', 'intermediate': 'B', 'advanced': 'B'} | isolated={'beginner': 'B', 'intermediate': 'B', 'advanced': 'B'}
2026-09-20 09:53:51 | DEBUG    | student_sim | id=126 gold=A | joint={'beginner': 'A', 'intermediate': 'A', 'advanced': 'A'} | isolated={'beginner': 'A', 'intermediate': 'A', 'advanced': 'A'}
2026-09-20 09:53:53 | DEBUG    | student_sim | id=127 gold=D | joint={'beginner': 'D', 'intermediate': 'B', 'advanced': 'D'} | isolated={'beginner': 'D', 'intermediate': 'D', 'advanced': 'D'}
2026-09-20 09:53:56 | DEBUG    | student_sim | id=128 gold=B | joint={'beginner': 'B', 'intermediate': 'D', 'advanced': 'D'} | isolated={'beginner': 'B', 'intermediate': 'D', 'advanced': 'D'}
2026-09-20 09:53:59 | DEBUG    | student_sim | id=129 gold=C | joint={'beginner': 'C', 'intermediate': 'C', 'advanced': 'C'} | isolated={'beginner': 'C', 'intermediate': 'C', 'advanced': 'C'}
2026-09-20 09:54:02 | DEBUG    | student_sim | id=130 gold=B | joint={'beginner': 'B', 'intermediate': 'B', 'advanced': 'B'} | isolated={'beginner': 'B', 'intermediate': 'B', 'advanced': 'B'}
2026-09-20 09:54:04 | DEBUG    | student_sim | id=131 gold=D | joint={'beginner': 'D', 'intermediate': 'D', 'advanced': 'D'} | isolated={'beginner': 'D', 'intermediate': 'D', 'advanced': 'D'}
2026-09-20 09:54:07 | DEBUG    | student_sim | id=132 gold=C | joint={'beginner': 'D', 'intermediate': 'C', 'advanced': 'C'} | isolated={'beginner': 'C', 'intermediate': 'C', 'advanced': 'C'}
2026-09-20 09:54:10 | DEBUG    | student_sim | id=133 gold=A | joint={'beginner': 'A', 'intermediate': 'A', 'advanced': 'A'} | isolated={'beginner': 'A', 'intermediate': 'A', 'advanced': 'A'}
2026-09-20 09:54:13 | DEBUG    | student_sim | id=134 gold=D | joint={'beginner': 'A', 'intermediate': 'D', 'advanced': 'B'} | isolated={'beginner': 'B', 'intermediate': 'B', 'advanced': 'D'}
2026-09-20 09:54:16 | DEBUG    | student_sim | id=135 gold=A | joint={'beginner': 'A', 'intermediate': 'A', 'advanced': 'A'} | isolated={'beginner': 'A', 'intermediate': 'A', 'advanced': 'A'}
2026-09-20 09:54:18 | DEBUG    | student_sim | id=136 gold=D | joint={'beginner': 'D', 'intermediate': 'A', 'advanced': 'C'} | isolated={'beginner': 'A', 'intermediate': 'A', 'advanced': 'C'}
2026-09-20 09:54:21 | DEBUG    | student_sim | id=137 gold=B | joint={'beginner': 'A', 'intermediate': 'B', 'advanced': 'A'} | isolated={'beginner': 'A', 'intermediate': 'A', 'advanced': 'A'}
2026-09-20 09:54:24 | DEBUG    | student_sim | id=138 gold=B | joint={'beginner': 'B', 'intermediate': 'D', 'advanced': 'D'} | isolated={'beginner': 'B', 'intermediate': 'D', 'advanced': 'B'}
2026-09-20 09:54:26 | DEBUG    | student_sim | id=139 gold=A | joint={'beginner': 'B', 'intermediate': 'A', 'advanced': 'A'} | isolated={'beginner': 'A', 'intermediate': 'B', 'advanced': 'A'}
2026-09-20 09:54:29 | DEBUG    | student_sim | id=140 gold=C | joint={'beginner': 'C', 'intermediate': 'B', 'advanced': 'B'} | isolated={'beginner': 'C', 'intermediate': 'C', 'advanced': 'C'}
2026-09-20 09:54:32 | DEBUG    | student_sim | id=141 gold=A | joint={'beginner': 'B', 'intermediate': 'D', 'advanced': 'D'} | isolated={'beginner': 'D', 'intermediate': 'D', 'advanced': 'D'}
2026-09-20 09:54:35 | DEBUG    | student_sim | id=142 gold=D | joint={'beginner': 'C', 'intermediate': 'D', 'advanced': 'D'} | isolated={'beginner': 'C', 'intermediate': 'D', 'advanced': 'D'}
2026-09-20 09:54:37 | DEBUG    | student_sim | id=143 gold=D | joint={'beginner': 'D', 'intermediate': 'D', 'advanced': 'D'} | isolated={'beginner': 'D', 'intermediate': 'D', 'advanced': 'D'}
2026-09-20 09:54:40 | DEBUG    | student_sim | id=144 gold=A | joint={'beginner': 'A', 'intermediate': 'A', 'advanced': 'A'} | isolated={'beginner': 'A', 'intermediate': 'A', 'advanced': 'A'}
2026-09-20 09:54:43 | DEBUG    | student_sim | id=145 gold=D | joint={'beginner': 'D', 'intermediate': 'D', 'advanced': 'D'} | isolated={'beginner': 'D', 'intermediate': 'D', 'advanced': 'D'}
2026-09-20 09:54:46 | DEBUG    | student_sim | id=146 gold=A | joint={'beginner': 'C', 'intermediate': 'C', 'advanced': 'C'} | isolated={'beginner': 'C', 'intermediate': 'C', 'advanced': 'C'}
2026-09-20 09:54:48 | DEBUG    | student_sim | id=147 gold=A | joint={'beginner': 'A', 'intermediate': 'A', 'advanced': 'A'} | isolated={'beginner': 'A', 'intermediate': 'A', 'advanced': 'A'}
2026-09-20 09:54:51 | DEBUG    | student_sim | id=148 gold=A | joint={'beginner': 'B', 'intermediate': 'A', 'advanced': 'A'} | isolated={'beginner': 'A', 'intermediate': 'B', 'advanced': 'A'}
2026-09-20 09:54:54 | DEBUG    | student_sim | id=149 gold=A | joint={'beginner': 'A', 'intermediate': 'A', 'advanced': 'A'} | isolated={'beginner': 'A', 'intermediate': 'A', 'advanced': 'A'}
2026-09-20 09:54:54 | INFO     | student_sim |   [ 150/ 500]  30.0% | acc B/I/A  join 0.59/0.74/0.71 | isol 0.77/0.76/0.79 | 2.75s/sample | ETA 16.0 min
2026-09-20 09:54:57 | DEBUG    | student_sim | id=150 gold=C | joint={'beginner': 'C', 'intermediate': 'C', 'advanced': 'C'} | isolated={'beginner': 'C', 'intermediate': 'C', 'advanced': 'C'}
2026-09-20 09:54:59 | DEBUG    | student_sim | id=151 gold=D | joint={'beginner': 'D', 'intermediate': 'D', 'advanced': 'D'} | isolated={'beginner': 'D', 'intermediate': 'D', 'advanced': 'D'}
2026-09-20 09:55:02 | DEBUG    | student_sim | id=152 gold=B | joint={'beginner': 'B', 'intermediate': 'B', 'advanced': 'B'} | isolated={'beginner': 'B', 'intermediate': 'B', 'advanced': 'B'}
2026-09-20 09:55:05 | DEBUG    | student_sim | id=153 gold=C | joint={'beginner': 'A', 'intermediate': 'C', 'advanced': 'C'} | isolated={'beginner': 'A', 'intermediate': 'A', 'advanced': 'C'}
2026-09-20 09:55:08 | DEBUG    | student_sim | id=154 gold=A | joint={'beginner': 'A', 'intermediate': 'A', 'advanced': 'A'} | isolated={'beginner': 'A', 'intermediate': 'A', 'advanced': 'A'}
2026-09-20 09:55:10 | DEBUG    | student_sim | id=155 gold=B | joint={'beginner': 'B', 'intermediate': 'B', 'advanced': 'B'} | isolated={'beginner': 'B', 'intermediate': 'B', 'advanced': 'B'}
2026-09-20 09:55:13 | DEBUG    | student_sim | id=156 gold=A | joint={'beginner': 'A', 'intermediate': 'A', 'advanced': 'A'} | isolated={'beginner': 'A', 'intermediate': 'A', 'advanced': 'A'}
2026-09-20 09:55:16 | DEBUG    | student_sim | id=157 gold=C | joint={'beginner': 'A', 'intermediate': 'C', 'advanced': 'C'} | isolated={'beginner': 'C', 'intermediate': 'C', 'advanced': 'C'}
2026-09-20 09:55:18 | DEBUG    | student_sim | id=158 gold=C | joint={'beginner': 'A', 'intermediate': 'C', 'advanced': 'C'} | isolated={'beginner': 'C', 'intermediate': 'C', 'advanced': 'C'}
2026-09-20 09:55:21 | DEBUG    | student_sim | id=159 gold=B | joint={'beginner': 'B', 'intermediate': 'B', 'advanced': 'B'} | isolated={'beginner': 'B', 'intermediate': 'B', 'advanced': 'B'}
2026-09-20 09:55:24 | DEBUG    | student_sim | id=160 gold=C | joint={'beginner': 'D', 'intermediate': 'C', 'advanced': 'C'} | isolated={'beginner': 'C', 'intermediate': 'C', 'advanced': 'C'}
2026-09-20 09:55:27 | DEBUG    | student_sim | id=161 gold=A | joint={'beginner': 'A', 'intermediate': 'A', 'advanced': 'A'} | isolated={'beginner': 'A', 'intermediate': 'A', 'advanced': 'A'}
2026-09-20 09:55:29 | DEBUG    | student_sim | id=162 gold=B | joint={'beginner': 'D', 'intermediate': 'D', 'advanced': 'D'} | isolated={'beginner': 'B', 'intermediate': 'B', 'advanced': 'D'}
2026-09-20 09:55:32 | DEBUG    | student_sim | id=163 gold=C | joint={'beginner': 'B', 'intermediate': 'C', 'advanced': 'B'} | isolated={'beginner': 'A', 'intermediate': 'B', 'advanced': 'C'}
2026-09-20 09:55:35 | DEBUG    | student_sim | id=164 gold=A | joint={'beginner': 'A', 'intermediate': 'A', 'advanced': 'A'} | isolated={'beginner': 'A', 'intermediate': 'A', 'advanced': 'A'}
2026-09-20 09:55:38 | DEBUG    | student_sim | id=165 gold=C | joint={'beginner': 'C', 'intermediate': 'C', 'advanced': 'C'} | isolated={'beginner': 'C', 'intermediate': 'C', 'advanced': 'C'}
2026-09-20 09:55:40 | DEBUG    | student_sim | id=166 gold=A | joint={'beginner': 'A', 'intermediate': 'A', 'advanced': 'A'} | isolated={'beginner': 'A', 'intermediate': 'A', 'advanced': 'A'}
2026-09-20 09:55:43 | DEBUG    | student_sim | id=167 gold=C | joint={'beginner': 'A', 'intermediate': 'C', 'advanced': 'C'} | isolated={'beginner': 'C', 'intermediate': 'C', 'advanced': 'C'}
2026-09-20 09:55:46 | DEBUG    | student_sim | id=168 gold=C | joint={'beginner': 'C', 'intermediate': 'A', 'advanced': 'A'} | isolated={'beginner': 'A', 'intermediate': 'A', 'advanced': 'A'}
2026-09-20 09:55:49 | DEBUG    | student_sim | id=169 gold=B | joint={'beginner': 'B', 'intermediate': 'B', 'advanced': 'B'} | isolated={'beginner': 'B', 'intermediate': 'B', 'advanced': 'A'}
2026-09-20 09:55:52 | DEBUG    | student_sim | id=170 gold=C | joint={'beginner': 'B', 'intermediate': 'C', 'advanced': 'C'} | isolated={'beginner': 'C', 'intermediate': 'C', 'advanced': 'C'}
2026-09-20 09:55:54 | DEBUG    | student_sim | id=171 gold=A | joint={'beginner': 'D', 'intermediate': 'A', 'advanced': 'A'} | isolated={'beginner': 'A', 'intermediate': 'A', 'advanced': 'A'}
2026-09-20 09:55:57 | DEBUG    | student_sim | id=172 gold=C | joint={'beginner': 'D', 'intermediate': 'C', 'advanced': 'C'} | isolated={'beginner': 'C', 'intermediate': 'C', 'advanced': 'D'}
2026-09-20 09:56:00 | DEBUG    | student_sim | id=173 gold=A | joint={'beginner': 'B', 'intermediate': 'A', 'advanced': 'A'} | isolated={'beginner': 'A', 'intermediate': 'A', 'advanced': 'A'}
2026-09-20 09:56:02 | DEBUG    | student_sim | id=174 gold=B | joint={'beginner': 'B', 'intermediate': 'B', 'advanced': 'B'} | isolated={'beginner': 'B', 'intermediate': 'B', 'advanced': 'B'}
2026-09-20 09:56:02 | INFO     | student_sim |   [ 175/ 500]  35.0% | acc B/I/A  join 0.58/0.77/0.74 | isol 0.78/0.78/0.80 | 2.75s/sample | ETA 14.9 min
2026-09-20 09:56:05 | DEBUG    | student_sim | id=175 gold=B | joint={'beginner': 'D', 'intermediate': 'B', 'advanced': 'B'} | isolated={'beginner': 'B', 'intermediate': 'B', 'advanced': 'B'}
2026-09-20 09:56:08 | DEBUG    | student_sim | id=176 gold=B | joint={'beginner': 'A', 'intermediate': 'B', 'advanced': 'B'} | isolated={'beginner': 'B', 'intermediate': 'A', 'advanced': 'B'}
2026-09-20 09:56:11 | DEBUG    | student_sim | id=177 gold=A | joint={'beginner': 'A', 'intermediate': 'A', 'advanced': 'D'} | isolated={'beginner': 'A', 'intermediate': 'A', 'advanced': 'A'}
2026-09-20 09:56:13 | DEBUG    | student_sim | id=178 gold=D | joint={'beginner': 'A', 'intermediate': 'D', 'advanced': 'A'} | isolated={'beginner': 'D', 'intermediate': 'D', 'advanced': 'A'}
2026-09-20 09:56:16 | DEBUG    | student_sim | id=179 gold=B | joint={'beginner': 'B', 'intermediate': 'D', 'advanced': 'D'} | isolated={'beginner': 'B', 'intermediate': 'B', 'advanced': 'D'}
2026-09-20 09:56:19 | DEBUG    | student_sim | id=180 gold=C | joint={'beginner': 'D', 'intermediate': 'C', 'advanced': 'C'} | isolated={'beginner': 'C', 'intermediate': 'C', 'advanced': 'C'}
2026-09-20 09:56:22 | DEBUG    | student_sim | id=181 gold=C | joint={'beginner': 'A', 'intermediate': 'B', 'advanced': 'C'} | isolated={'beginner': 'A', 'intermediate': 'C', 'advanced': 'C'}
2026-09-20 09:56:24 | DEBUG    | student_sim | id=182 gold=C | joint={'beginner': 'D', 'intermediate': 'C', 'advanced': 'C'} | isolated={'beginner': 'C', 'intermediate': 'C', 'advanced': 'C'}
2026-09-20 09:56:27 | DEBUG    | student_sim | id=183 gold=C | joint={'beginner': 'B', 'intermediate': 'C', 'advanced': 'C'} | isolated={'beginner': 'C', 'intermediate': 'C', 'advanced': 'C'}
2026-09-20 09:56:30 | DEBUG    | student_sim | id=184 gold=D | joint={'beginner': 'D', 'intermediate': 'D', 'advanced': 'D'} | isolated={'beginner': 'D', 'intermediate': 'D', 'advanced': 'D'}
2026-09-20 09:56:33 | DEBUG    | student_sim | id=185 gold=A | joint={'beginner': 'A', 'intermediate': 'A', 'advanced': 'C'} | isolated={'beginner': 'A', 'intermediate': 'A', 'advanced': 'A'}
2026-09-20 09:56:35 | DEBUG    | student_sim | id=186 gold=D | joint={'beginner': 'A', 'intermediate': 'D', 'advanced': 'D'} | isolated={'beginner': 'D', 'intermediate': 'D', 'advanced': 'D'}
2026-09-20 09:56:38 | DEBUG    | student_sim | id=187 gold=C | joint={'beginner': 'C', 'intermediate': 'C', 'advanced': 'C'} | isolated={'beginner': 'C', 'intermediate': 'C', 'advanced': 'C'}
2026-09-20 09:56:41 | DEBUG    | student_sim | id=188 gold=D | joint={'beginner': 'D', 'intermediate': 'D', 'advanced': 'D'} | isolated={'beginner': 'D', 'intermediate': 'D', 'advanced': 'D'}
2026-09-20 09:56:44 | DEBUG    | student_sim | id=189 gold=C | joint={'beginner': 'D', 'intermediate': 'C', 'advanced': 'C'} | isolated={'beginner': 'C', 'intermediate': 'C', 'advanced': 'C'}
2026-09-20 09:56:46 | DEBUG    | student_sim | id=190 gold=C | joint={'beginner': 'A', 'intermediate': 'A', 'advanced': 'A'} | isolated={'beginner': 'A', 'intermediate': 'A', 'advanced': 'A'}
2026-09-20 09:56:49 | DEBUG    | student_sim | id=191 gold=B | joint={'beginner': 'C', 'intermediate': 'B', 'advanced': 'B'} | isolated={'beginner': 'B', 'intermediate': 'B', 'advanced': 'B'}
2026-09-20 09:56:52 | DEBUG    | student_sim | id=192 gold=D | joint={'beginner': 'A', 'intermediate': 'A', 'advanced': 'D'} | isolated={'beginner': 'A', 'intermediate': 'D', 'advanced': 'D'}
2026-09-20 09:56:54 | DEBUG    | student_sim | id=193 gold=A | joint={'beginner': 'A', 'intermediate': 'A', 'advanced': 'D'} | isolated={'beginner': 'A', 'intermediate': 'A', 'advanced': 'A'}
2026-09-20 09:56:57 | DEBUG    | student_sim | id=194 gold=C | joint={'beginner': 'B', 'intermediate': 'A', 'advanced': 'D'} | isolated={'beginner': 'A', 'intermediate': 'A', 'advanced': 'A'}
2026-09-20 09:57:00 | DEBUG    | student_sim | id=195 gold=B | joint={'beginner': 'B', 'intermediate': 'A', 'advanced': 'B'} | isolated={'beginner': 'B', 'intermediate': 'B', 'advanced': 'B'}
2026-09-20 09:57:03 | DEBUG    | student_sim | id=196 gold=A | joint={'beginner': 'A', 'intermediate': 'A', 'advanced': 'A'} | isolated={'beginner': 'A', 'intermediate': 'A', 'advanced': 'A'}
2026-09-20 09:57:05 | DEBUG    | student_sim | id=197 gold=A | joint={'beginner': 'A', 'intermediate': 'A', 'advanced': 'A'} | isolated={'beginner': 'A', 'intermediate': 'A', 'advanced': 'A'}
2026-09-20 09:57:08 | DEBUG    | student_sim | id=198 gold=C | joint={'beginner': 'C', 'intermediate': 'C', 'advanced': 'C'} | isolated={'beginner': 'C', 'intermediate': 'C', 'advanced': 'C'}
2026-09-20 09:57:11 | DEBUG    | student_sim | id=199 gold=C | joint={'beginner': 'D', 'intermediate': 'C', 'advanced': 'C'} | isolated={'beginner': 'C', 'intermediate': 'C', 'advanced': 'C'}
2026-09-20 09:57:11 | INFO     | student_sim |   [ 200/ 500]  40.0% | acc B/I/A  join 0.56/0.77/0.73 | isol 0.79/0.79/0.81 | 2.75s/sample | ETA 13.7 min
2026-09-20 09:57:14 | DEBUG    | student_sim | id=200 gold=D | joint={'beginner': 'D', 'intermediate': 'D', 'advanced': 'D'} | isolated={'beginner': 'D', 'intermediate': 'D', 'advanced': 'D'}
2026-09-20 09:57:16 | DEBUG    | student_sim | id=201 gold=D | joint={'beginner': 'A', 'intermediate': 'D', 'advanced': 'D'} | isolated={'beginner': 'D', 'intermediate': 'D', 'advanced': 'D'}
2026-09-20 09:57:19 | DEBUG    | student_sim | id=202 gold=C | joint={'beginner': 'D', 'intermediate': 'C', 'advanced': 'C'} | isolated={'beginner': 'C', 'intermediate': 'C', 'advanced': 'C'}
2026-09-20 09:57:22 | DEBUG    | student_sim | id=203 gold=A | joint={'beginner': 'A', 'intermediate': 'A', 'advanced': 'D'} | isolated={'beginner': 'A', 'intermediate': 'A', 'advanced': 'A'}
2026-09-20 09:57:25 | DEBUG    | student_sim | id=204 gold=C | joint={'beginner': 'C', 'intermediate': 'C', 'advanced': 'C'} | isolated={'beginner': 'C', 'intermediate': 'C', 'advanced': 'C'}
2026-09-20 09:57:27 | DEBUG    | student_sim | id=205 gold=C | joint={'beginner': 'C', 'intermediate': 'C', 'advanced': 'C'} | isolated={'beginner': 'C', 'intermediate': 'C', 'advanced': 'C'}
2026-09-20 09:57:30 | DEBUG    | student_sim | id=206 gold=D | joint={'beginner': 'D', 'intermediate': 'D', 'advanced': 'D'} | isolated={'beginner': 'D', 'intermediate': 'D', 'advanced': 'D'}
2026-09-20 09:57:33 | DEBUG    | student_sim | id=207 gold=D | joint={'beginner': 'A', 'intermediate': 'D', 'advanced': 'D'} | isolated={'beginner': 'D', 'intermediate': 'D', 'advanced': 'D'}
2026-09-20 09:57:36 | DEBUG    | student_sim | id=208 gold=B | joint={'beginner': 'B', 'intermediate': 'B', 'advanced': 'D'} | isolated={'beginner': 'B', 'intermediate': 'B', 'advanced': 'B'}
2026-09-20 09:57:38 | DEBUG    | student_sim | id=209 gold=A | joint={'beginner': 'A', 'intermediate': 'A', 'advanced': 'A'} | isolated={'beginner': 'B', 'intermediate': 'A', 'advanced': 'A'}
2026-09-20 09:57:41 | DEBUG    | student_sim | id=210 gold=B | joint={'beginner': 'B', 'intermediate': 'B', 'advanced': 'B'} | isolated={'beginner': 'B', 'intermediate': 'B', 'advanced': 'B'}
2026-09-20 09:57:44 | DEBUG    | student_sim | id=211 gold=B | joint={'beginner': 'B', 'intermediate': 'A', 'advanced': 'A'} | isolated={'beginner': 'A', 'intermediate': 'B', 'advanced': 'B'}
2026-09-20 09:57:47 | DEBUG    | student_sim | id=212 gold=D | joint={'beginner': 'B', 'intermediate': 'D', 'advanced': 'D'} | isolated={'beginner': 'D', 'intermediate': 'D', 'advanced': 'D'}
2026-09-20 09:57:49 | DEBUG    | student_sim | id=213 gold=B | joint={'beginner': 'B', 'intermediate': 'B', 'advanced': 'B'} | isolated={'beginner': 'B', 'intermediate': 'B', 'advanced': 'B'}
2026-09-20 09:57:52 | DEBUG    | student_sim | id=214 gold=B | joint={'beginner': 'A', 'intermediate': 'B', 'advanced': 'B'} | isolated={'beginner': 'B', 'intermediate': 'B', 'advanced': 'B'}
2026-09-20 09:57:55 | DEBUG    | student_sim | id=215 gold=C | joint={'beginner': 'A', 'intermediate': 'C', 'advanced': 'C'} | isolated={'beginner': 'C', 'intermediate': 'C', 'advanced': 'C'}
2026-09-20 09:57:58 | DEBUG    | student_sim | id=216 gold=C | joint={'beginner': 'C', 'intermediate': 'B', 'advanced': 'C'} | isolated={'beginner': 'C', 'intermediate': 'C', 'advanced': 'C'}
2026-09-20 09:58:00 | DEBUG    | student_sim | id=217 gold=D | joint={'beginner': 'A', 'intermediate': 'D', 'advanced': 'D'} | isolated={'beginner': 'A', 'intermediate': 'D', 'advanced': 'D'}
2026-09-20 09:58:03 | DEBUG    | student_sim | id=218 gold=D | joint={'beginner': 'D', 'intermediate': 'D', 'advanced': 'D'} | isolated={'beginner': 'D', 'intermediate': 'D', 'advanced': 'D'}
2026-09-20 09:58:06 | DEBUG    | student_sim | id=219 gold=A | joint={'beginner': 'A', 'intermediate': 'A', 'advanced': 'A'} | isolated={'beginner': 'A', 'intermediate': 'A', 'advanced': 'A'}
2026-09-20 09:58:08 | DEBUG    | student_sim | id=220 gold=A | joint={'beginner': 'A', 'intermediate': 'A', 'advanced': 'A'} | isolated={'beginner': 'A', 'intermediate': 'A', 'advanced': 'A'}
2026-09-20 09:58:11 | DEBUG    | student_sim | id=221 gold=D | joint={'beginner': 'D', 'intermediate': 'D', 'advanced': 'D'} | isolated={'beginner': 'D', 'intermediate': 'D', 'advanced': 'D'}
2026-09-20 09:58:14 | DEBUG    | student_sim | id=222 gold=A | joint={'beginner': 'C', 'intermediate': 'A', 'advanced': 'A'} | isolated={'beginner': 'C', 'intermediate': 'A', 'advanced': 'A'}
2026-09-20 09:58:17 | DEBUG    | student_sim | id=223 gold=D | joint={'beginner': 'D', 'intermediate': 'A', 'advanced': 'A'} | isolated={'beginner': 'A', 'intermediate': 'A', 'advanced': 'A'}
2026-09-20 09:58:19 | DEBUG    | student_sim | id=224 gold=B | joint={'beginner': 'B', 'intermediate': 'B', 'advanced': 'B'} | isolated={'beginner': 'B', 'intermediate': 'B', 'advanced': 'B'}
2026-09-20 09:58:19 | INFO     | student_sim |   [ 225/ 500]  45.0% | acc B/I/A  join 0.58/0.78/0.75 | isol 0.79/0.81/0.82 | 2.75s/sample | ETA 12.6 min
2026-09-20 09:58:22 | DEBUG    | student_sim | id=225 gold=C | joint={'beginner': 'B', 'intermediate': 'C', 'advanced': 'C'} | isolated={'beginner': 'B', 'intermediate': 'C', 'advanced': 'C'}
2026-09-20 09:58:25 | DEBUG    | student_sim | id=226 gold=D | joint={'beginner': 'D', 'intermediate': 'D', 'advanced': 'D'} | isolated={'beginner': 'D', 'intermediate': 'D', 'advanced': 'D'}
2026-09-20 09:58:28 | DEBUG    | student_sim | id=227 gold=B | joint={'beginner': 'B', 'intermediate': 'B', 'advanced': 'B'} | isolated={'beginner': 'B', 'intermediate': 'B', 'advanced': 'B'}
2026-09-20 09:58:30 | DEBUG    | student_sim | id=228 gold=B | joint={'beginner': 'B', 'intermediate': 'B', 'advanced': 'A'} | isolated={'beginner': 'B', 'intermediate': 'B', 'advanced': 'B'}
2026-09-20 09:58:33 | DEBUG    | student_sim | id=229 gold=B | joint={'beginner': 'A', 'intermediate': 'B', 'advanced': 'B'} | isolated={'beginner': 'A', 'intermediate': 'B', 'advanced': 'B'}
2026-09-20 09:58:36 | DEBUG    | student_sim | id=230 gold=D | joint={'beginner': 'B', 'intermediate': 'D', 'advanced': 'D'} | isolated={'beginner': 'D', 'intermediate': 'D', 'advanced': 'B'}
2026-09-20 09:58:39 | DEBUG    | student_sim | id=231 gold=B | joint={'beginner': 'B', 'intermediate': 'B', 'advanced': 'B'} | isolated={'beginner': 'B', 'intermediate': 'B', 'advanced': 'B'}
2026-09-20 09:58:41 | DEBUG    | student_sim | id=232 gold=A | joint={'beginner': 'A', 'intermediate': 'A', 'advanced': 'D'} | isolated={'beginner': 'A', 'intermediate': 'A', 'advanced': 'A'}
2026-09-20 09:58:44 | DEBUG    | student_sim | id=233 gold=C | joint={'beginner': 'C', 'intermediate': 'C', 'advanced': 'C'} | isolated={'beginner': 'C', 'intermediate': 'C', 'advanced': 'C'}
2026-09-20 09:58:47 | DEBUG    | student_sim | id=234 gold=C | joint={'beginner': 'A', 'intermediate': 'C', 'advanced': 'C'} | isolated={'beginner': 'C', 'intermediate': 'C', 'advanced': 'C'}
2026-09-20 09:58:49 | DEBUG    | student_sim | id=235 gold=B | joint={'beginner': 'D', 'intermediate': 'D', 'advanced': 'D'} | isolated={'beginner': 'A', 'intermediate': 'A', 'advanced': 'A'}
2026-09-20 09:58:52 | DEBUG    | student_sim | id=236 gold=A | joint={'beginner': 'B', 'intermediate': 'B', 'advanced': 'A'} | isolated={'beginner': 'B', 'intermediate': 'B', 'advanced': 'B'}
2026-09-20 09:58:55 | DEBUG    | student_sim | id=237 gold=A | joint={'beginner': 'D', 'intermediate': 'B', 'advanced': 'B'} | isolated={'beginner': 'A', 'intermediate': 'A', 'advanced': 'A'}
2026-09-20 09:58:58 | DEBUG    | student_sim | id=238 gold=C | joint={'beginner': 'C', 'intermediate': 'C', 'advanced': 'D'} | isolated={'beginner': 'C', 'intermediate': 'C', 'advanced': 'C'}
2026-09-20 09:59:00 | DEBUG    | student_sim | id=239 gold=D | joint={'beginner': 'B', 'intermediate': 'D', 'advanced': 'D'} | isolated={'beginner': 'B', 'intermediate': 'D', 'advanced': 'D'}
2026-09-20 09:59:03 | DEBUG    | student_sim | id=240 gold=A | joint={'beginner': 'A', 'intermediate': 'A', 'advanced': 'A'} | isolated={'beginner': 'A', 'intermediate': 'A', 'advanced': 'A'}
2026-09-20 09:59:06 | DEBUG    | student_sim | id=241 gold=D | joint={'beginner': 'D', 'intermediate': 'D', 'advanced': 'D'} | isolated={'beginner': 'D', 'intermediate': 'D', 'advanced': 'D'}
2026-09-20 09:59:09 | DEBUG    | student_sim | id=242 gold=D | joint={'beginner': 'D', 'intermediate': 'B', 'advanced': 'A'} | isolated={'beginner': 'D', 'intermediate': 'D', 'advanced': 'D'}
2026-09-20 09:59:11 | DEBUG    | student_sim | id=243 gold=B | joint={'beginner': 'B', 'intermediate': 'A', 'advanced': 'A'} | isolated={'beginner': 'B', 'intermediate': 'B', 'advanced': 'B'}
2026-09-20 09:59:14 | DEBUG    | student_sim | id=244 gold=A | joint={'beginner': 'A', 'intermediate': 'A', 'advanced': 'A'} | isolated={'beginner': 'A', 'intermediate': 'A', 'advanced': 'A'}
2026-09-20 09:59:17 | DEBUG    | student_sim | id=245 gold=A | joint={'beginner': 'B', 'intermediate': 'A', 'advanced': 'A'} | isolated={'beginner': 'A', 'intermediate': 'A', 'advanced': 'A'}
2026-09-20 09:59:20 | DEBUG    | student_sim | id=246 gold=A | joint={'beginner': 'A', 'intermediate': 'A', 'advanced': 'A'} | isolated={'beginner': 'A', 'intermediate': 'A', 'advanced': 'A'}
2026-09-20 09:59:22 | DEBUG    | student_sim | id=247 gold=C | joint={'beginner': 'D', 'intermediate': 'C', 'advanced': 'C'} | isolated={'beginner': 'C', 'intermediate': 'C', 'advanced': 'C'}
2026-09-20 09:59:25 | DEBUG    | student_sim | id=248 gold=D | joint={'beginner': 'C', 'intermediate': 'D', 'advanced': 'D'} | isolated={'beginner': 'D', 'intermediate': 'D', 'advanced': 'D'}
2026-09-20 09:59:28 | DEBUG    | student_sim | id=249 gold=D | joint={'beginner': 'D', 'intermediate': 'D', 'advanced': 'D'} | isolated={'beginner': 'D', 'intermediate': 'D', 'advanced': 'D'}
2026-09-20 09:59:28 | INFO     | student_sim |   [ 250/ 500]  50.0% | acc B/I/A  join 0.58/0.78/0.74 | isol 0.79/0.82/0.83 | 2.74s/sample | ETA 11.4 min
2026-09-20 09:59:31 | DEBUG    | student_sim | id=250 gold=D | joint={'beginner': 'D', 'intermediate': 'B', 'advanced': 'A'} | isolated={'beginner': 'B', 'intermediate': 'B', 'advanced': 'D'}
2026-09-20 09:59:33 | DEBUG    | student_sim | id=251 gold=B | joint={'beginner': 'A', 'intermediate': 'B', 'advanced': 'B'} | isolated={'beginner': 'B', 'intermediate': 'B', 'advanced': 'B'}
2026-09-20 09:59:36 | DEBUG    | student_sim | id=252 gold=C | joint={'beginner': 'A', 'intermediate': 'C', 'advanced': 'C'} | isolated={'beginner': 'C', 'intermediate': 'C', 'advanced': 'C'}
2026-09-20 09:59:39 | DEBUG    | student_sim | id=253 gold=A | joint={'beginner': 'B', 'intermediate': 'A', 'advanced': 'A'} | isolated={'beginner': 'A', 'intermediate': 'A', 'advanced': 'A'}
2026-09-20 09:59:41 | DEBUG    | student_sim | id=254 gold=B | joint={'beginner': 'C', 'intermediate': 'A', 'advanced': 'A'} | isolated={'beginner': 'A', 'intermediate': 'A', 'advanced': 'A'}
2026-09-20 09:59:44 | DEBUG    | student_sim | id=255 gold=D | joint={'beginner': 'B', 'intermediate': 'D', 'advanced': 'D'} | isolated={'beginner': 'B', 'intermediate': 'B', 'advanced': 'D'}
2026-09-20 09:59:47 | DEBUG    | student_sim | id=256 gold=D | joint={'beginner': 'D', 'intermediate': 'A', 'advanced': 'A'} | isolated={'beginner': 'B', 'intermediate': 'B', 'advanced': 'B'}
2026-09-20 09:59:49 | DEBUG    | student_sim | id=257 gold=A | joint={'beginner': 'A', 'intermediate': 'A', 'advanced': 'A'} | isolated={'beginner': 'A', 'intermediate': 'A', 'advanced': 'A'}
2026-09-20 09:59:52 | DEBUG    | student_sim | id=258 gold=D | joint={'beginner': 'A', 'intermediate': 'D', 'advanced': 'D'} | isolated={'beginner': 'D', 'intermediate': 'D', 'advanced': 'D'}
2026-09-20 09:59:55 | DEBUG    | student_sim | id=259 gold=D | joint={'beginner': 'D', 'intermediate': 'C', 'advanced': 'D'} | isolated={'beginner': 'D', 'intermediate': 'D', 'advanced': 'D'}
2026-09-20 09:59:58 | DEBUG    | student_sim | id=260 gold=B | joint={'beginner': 'B', 'intermediate': 'B', 'advanced': 'B'} | isolated={'beginner': 'B', 'intermediate': 'B', 'advanced': 'B'}
2026-09-20 10:00:00 | DEBUG    | student_sim | id=261 gold=B | joint={'beginner': 'C', 'intermediate': 'B', 'advanced': 'C'} | isolated={'beginner': 'C', 'intermediate': 'C', 'advanced': 'C'}
2026-09-20 10:00:03 | DEBUG    | student_sim | id=262 gold=B | joint={'beginner': 'B', 'intermediate': 'A', 'advanced': 'A'} | isolated={'beginner': 'B', 'intermediate': 'A', 'advanced': 'B'}
2026-09-20 10:00:06 | DEBUG    | student_sim | id=263 gold=B | joint={'beginner': 'B', 'intermediate': 'B', 'advanced': 'B'} | isolated={'beginner': 'B', 'intermediate': 'B', 'advanced': 'B'}
2026-09-20 10:00:09 | DEBUG    | student_sim | id=264 gold=C | joint={'beginner': 'D', 'intermediate': 'C', 'advanced': 'D'} | isolated={'beginner': 'C', 'intermediate': 'C', 'advanced': 'D'}
2026-09-20 10:00:11 | DEBUG    | student_sim | id=265 gold=D | joint={'beginner': 'A', 'intermediate': 'D', 'advanced': 'D'} | isolated={'beginner': 'D', 'intermediate': 'D', 'advanced': 'D'}
2026-09-20 10:00:14 | DEBUG    | student_sim | id=266 gold=A | joint={'beginner': 'A', 'intermediate': 'A', 'advanced': 'A'} | isolated={'beginner': 'A', 'intermediate': 'A', 'advanced': 'A'}
2026-09-20 10:00:17 | DEBUG    | student_sim | id=267 gold=C | joint={'beginner': 'A', 'intermediate': 'A', 'advanced': 'A'} | isolated={'beginner': 'A', 'intermediate': 'A', 'advanced': 'A'}
2026-09-20 10:00:19 | DEBUG    | student_sim | id=268 gold=D | joint={'beginner': 'A', 'intermediate': 'D', 'advanced': 'D'} | isolated={'beginner': 'D', 'intermediate': 'D', 'advanced': 'D'}
2026-09-20 10:00:22 | DEBUG    | student_sim | id=269 gold=D | joint={'beginner': 'A', 'intermediate': 'A', 'advanced': 'B'} | isolated={'beginner': 'D', 'intermediate': 'D', 'advanced': 'D'}
2026-09-20 10:00:25 | DEBUG    | student_sim | id=270 gold=C | joint={'beginner': 'A', 'intermediate': 'D', 'advanced': 'D'} | isolated={'beginner': 'D', 'intermediate': 'D', 'advanced': 'D'}
2026-09-20 10:00:28 | DEBUG    | student_sim | id=271 gold=A | joint={'beginner': 'A', 'intermediate': 'A', 'advanced': 'A'} | isolated={'beginner': 'A', 'intermediate': 'A', 'advanced': 'A'}
2026-09-20 10:00:30 | DEBUG    | student_sim | id=272 gold=B | joint={'beginner': 'C', 'intermediate': 'B', 'advanced': 'B'} | isolated={'beginner': 'B', 'intermediate': 'B', 'advanced': 'B'}
2026-09-20 10:00:33 | DEBUG    | student_sim | id=273 gold=D | joint={'beginner': 'A', 'intermediate': 'D', 'advanced': 'D'} | isolated={'beginner': 'D', 'intermediate': 'D', 'advanced': 'D'}
2026-09-20 10:00:36 | DEBUG    | student_sim | id=274 gold=D | joint={'beginner': 'A', 'intermediate': 'D', 'advanced': 'D'} | isolated={'beginner': 'A', 'intermediate': 'D', 'advanced': 'D'}
2026-09-20 10:00:36 | INFO     | student_sim |   [ 275/ 500]  55.0% | acc B/I/A  join 0.56/0.77/0.73 | isol 0.78/0.81/0.82 | 2.74s/sample | ETA 10.3 min
2026-09-20 10:00:39 | DEBUG    | student_sim | id=275 gold=D | joint={'beginner': 'D', 'intermediate': 'D', 'advanced': 'D'} | isolated={'beginner': 'D', 'intermediate': 'D', 'advanced': 'D'}
2026-09-20 10:00:41 | DEBUG    | student_sim | id=276 gold=B | joint={'beginner': 'D', 'intermediate': 'B', 'advanced': 'B'} | isolated={'beginner': 'B', 'intermediate': 'B', 'advanced': 'B'}
2026-09-20 10:00:44 | DEBUG    | student_sim | id=277 gold=C | joint={'beginner': 'D', 'intermediate': 'C', 'advanced': 'D'} | isolated={'beginner': 'C', 'intermediate': 'C', 'advanced': 'D'}
2026-09-20 10:00:47 | DEBUG    | student_sim | id=278 gold=D | joint={'beginner': 'B', 'intermediate': 'D', 'advanced': 'D'} | isolated={'beginner': 'D', 'intermediate': 'D', 'advanced': 'D'}
2026-09-20 10:00:50 | DEBUG    | student_sim | id=279 gold=B | joint={'beginner': 'A', 'intermediate': 'A', 'advanced': 'A'} | isolated={'beginner': 'B', 'intermediate': 'B', 'advanced': 'A'}
2026-09-20 10:00:52 | DEBUG    | student_sim | id=280 gold=A | joint={'beginner': 'B', 'intermediate': 'A', 'advanced': 'A'} | isolated={'beginner': 'A', 'intermediate': 'A', 'advanced': 'A'}
2026-09-20 10:00:55 | DEBUG    | student_sim | id=281 gold=D | joint={'beginner': 'B', 'intermediate': 'D', 'advanced': 'D'} | isolated={'beginner': 'B', 'intermediate': 'B', 'advanced': 'D'}
2026-09-20 10:00:58 | DEBUG    | student_sim | id=282 gold=C | joint={'beginner': 'A', 'intermediate': 'A', 'advanced': 'A'} | isolated={'beginner': 'A', 'intermediate': 'A', 'advanced': 'A'}
2026-09-20 10:01:01 | DEBUG    | student_sim | id=283 gold=D | joint={'beginner': 'B', 'intermediate': 'D', 'advanced': 'D'} | isolated={'beginner': 'B', 'intermediate': 'B', 'advanced': 'B'}
2026-09-20 10:01:03 | DEBUG    | student_sim | id=284 gold=B | joint={'beginner': 'B', 'intermediate': 'B', 'advanced': 'B'} | isolated={'beginner': 'B', 'intermediate': 'B', 'advanced': 'B'}
2026-09-20 10:01:06 | DEBUG    | student_sim | id=285 gold=A | joint={'beginner': 'A', 'intermediate': 'A', 'advanced': 'A'} | isolated={'beginner': 'A', 'intermediate': 'A', 'advanced': 'A'}
2026-09-20 10:01:09 | DEBUG    | student_sim | id=286 gold=B | joint={'beginner': 'B', 'intermediate': 'B', 'advanced': 'B'} | isolated={'beginner': 'B', 'intermediate': 'B', 'advanced': 'B'}
2026-09-20 10:01:11 | DEBUG    | student_sim | id=287 gold=B | joint={'beginner': 'B', 'intermediate': 'B', 'advanced': 'B'} | isolated={'beginner': 'B', 'intermediate': 'B', 'advanced': 'B'}
2026-09-20 10:01:14 | DEBUG    | student_sim | id=288 gold=B | joint={'beginner': 'B', 'intermediate': 'B', 'advanced': 'B'} | isolated={'beginner': 'B', 'intermediate': 'B', 'advanced': 'B'}
2026-09-20 10:01:17 | DEBUG    | student_sim | id=289 gold=A | joint={'beginner': 'C', 'intermediate': 'A', 'advanced': 'A'} | isolated={'beginner': 'A', 'intermediate': 'A', 'advanced': 'A'}
2026-09-20 10:01:20 | DEBUG    | student_sim | id=290 gold=A | joint={'beginner': 'A', 'intermediate': 'A', 'advanced': 'A'} | isolated={'beginner': 'A', 'intermediate': 'A', 'advanced': 'A'}
2026-09-20 10:01:23 | DEBUG    | student_sim | id=291 gold=C | joint={'beginner': 'C', 'intermediate': 'C', 'advanced': 'C'} | isolated={'beginner': 'C', 'intermediate': 'C', 'advanced': 'C'}
2026-09-20 10:01:25 | DEBUG    | student_sim | id=292 gold=C | joint={'beginner': 'C', 'intermediate': 'C', 'advanced': 'C'} | isolated={'beginner': 'C', 'intermediate': 'C', 'advanced': 'C'}
2026-09-20 10:01:28 | DEBUG    | student_sim | id=293 gold=A | joint={'beginner': 'A', 'intermediate': 'C', 'advanced': 'B'} | isolated={'beginner': 'A', 'intermediate': 'A', 'advanced': 'A'}
2026-09-20 10:01:31 | DEBUG    | student_sim | id=294 gold=A | joint={'beginner': 'A', 'intermediate': 'D', 'advanced': 'D'} | isolated={'beginner': 'C', 'intermediate': 'C', 'advanced': 'C'}
2026-09-20 10:01:34 | DEBUG    | student_sim | id=295 gold=A | joint={'beginner': 'A', 'intermediate': 'A', 'advanced': 'A'} | isolated={'beginner': 'A', 'intermediate': 'A', 'advanced': 'A'}
2026-09-20 10:01:36 | DEBUG    | student_sim | id=296 gold=D | joint={'beginner': 'B', 'intermediate': 'D', 'advanced': 'D'} | isolated={'beginner': 'D', 'intermediate': 'D', 'advanced': 'D'}
2026-09-20 10:01:39 | DEBUG    | student_sim | id=297 gold=C | joint={'beginner': 'C', 'intermediate': 'C', 'advanced': 'C'} | isolated={'beginner': 'C', 'intermediate': 'C', 'advanced': 'C'}
2026-09-20 10:01:42 | DEBUG    | student_sim | id=298 gold=C | joint={'beginner': 'C', 'intermediate': 'C', 'advanced': 'C'} | isolated={'beginner': 'C', 'intermediate': 'C', 'advanced': 'C'}
2026-09-20 10:01:44 | DEBUG    | student_sim | id=299 gold=A | joint={'beginner': 'A', 'intermediate': 'A', 'advanced': 'A'} | isolated={'beginner': 'A', 'intermediate': 'A', 'advanced': 'A'}
2026-09-20 10:01:44 | INFO     | student_sim |   [ 300/ 500]  60.0% | acc B/I/A  join 0.56/0.78/0.74 | isol 0.79/0.81/0.82 | 2.74s/sample | ETA 9.1 min
2026-09-20 10:01:47 | DEBUG    | student_sim | id=300 gold=B | joint={'beginner': 'A', 'intermediate': 'B', 'advanced': 'B'} | isolated={'beginner': 'A', 'intermediate': 'B', 'advanced': 'A'}
2026-09-20 10:01:50 | DEBUG    | student_sim | id=301 gold=D | joint={'beginner': 'A', 'intermediate': 'D', 'advanced': 'D'} | isolated={'beginner': 'D', 'intermediate': 'D', 'advanced': 'D'}
2026-09-20 10:01:53 | DEBUG    | student_sim | id=302 gold=D | joint={'beginner': 'A', 'intermediate': 'D', 'advanced': 'D'} | isolated={'beginner': 'D', 'intermediate': 'D', 'advanced': 'D'}
2026-09-20 10:01:55 | DEBUG    | student_sim | id=303 gold=A | joint={'beginner': 'A', 'intermediate': 'A', 'advanced': 'A'} | isolated={'beginner': 'A', 'intermediate': 'A', 'advanced': 'A'}
2026-09-20 10:01:58 | DEBUG    | student_sim | id=304 gold=C | joint={'beginner': 'A', 'intermediate': 'C', 'advanced': 'C'} | isolated={'beginner': 'C', 'intermediate': 'C', 'advanced': 'C'}
2026-09-20 10:02:01 | DEBUG    | student_sim | id=305 gold=A | joint={'beginner': 'C', 'intermediate': 'A', 'advanced': 'A'} | isolated={'beginner': 'A', 'intermediate': 'A', 'advanced': 'A'}
2026-09-20 10:02:04 | DEBUG    | student_sim | id=306 gold=C | joint={'beginner': 'A', 'intermediate': 'C', 'advanced': 'C'} | isolated={'beginner': 'A', 'intermediate': 'C', 'advanced': 'C'}
2026-09-20 10:02:07 | DEBUG    | student_sim | id=307 gold=B | joint={'beginner': 'B', 'intermediate': 'B', 'advanced': 'B'} | isolated={'beginner': 'B', 'intermediate': 'B', 'advanced': 'B'}
2026-09-20 10:02:09 | DEBUG    | student_sim | id=308 gold=C | joint={'beginner': 'A', 'intermediate': 'D', 'advanced': 'D'} | isolated={'beginner': 'D', 'intermediate': 'A', 'advanced': 'D'}
2026-09-20 10:02:12 | DEBUG    | student_sim | id=309 gold=B | joint={'beginner': 'B', 'intermediate': 'B', 'advanced': 'B'} | isolated={'beginner': 'B', 'intermediate': 'B', 'advanced': 'B'}
2026-09-20 10:02:15 | DEBUG    | student_sim | id=310 gold=B | joint={'beginner': 'D', 'intermediate': 'D', 'advanced': 'D'} | isolated={'beginner': 'B', 'intermediate': 'B', 'advanced': 'D'}
2026-09-20 10:02:18 | DEBUG    | student_sim | id=311 gold=A | joint={'beginner': 'A', 'intermediate': 'A', 'advanced': 'A'} | isolated={'beginner': 'A', 'intermediate': 'A', 'advanced': 'A'}
2026-09-20 10:02:20 | DEBUG    | student_sim | id=312 gold=B | joint={'beginner': 'B', 'intermediate': 'B', 'advanced': 'B'} | isolated={'beginner': 'B', 'intermediate': 'B', 'advanced': 'B'}
2026-09-20 10:02:23 | DEBUG    | student_sim | id=313 gold=D | joint={'beginner': 'D', 'intermediate': 'D', 'advanced': 'D'} | isolated={'beginner': 'D', 'intermediate': 'D', 'advanced': 'D'}
2026-09-20 10:02:26 | DEBUG    | student_sim | id=314 gold=B | joint={'beginner': 'B', 'intermediate': 'A', 'advanced': 'A'} | isolated={'beginner': 'B', 'intermediate': 'B', 'advanced': 'B'}
2026-09-20 10:02:28 | DEBUG    | student_sim | id=315 gold=C | joint={'beginner': 'B', 'intermediate': 'C', 'advanced': 'C'} | isolated={'beginner': 'B', 'intermediate': 'C', 'advanced': 'C'}
2026-09-20 10:02:31 | DEBUG    | student_sim | id=316 gold=C | joint={'beginner': 'A', 'intermediate': 'C', 'advanced': 'C'} | isolated={'beginner': 'C', 'intermediate': 'C', 'advanced': 'C'}
2026-09-20 10:02:34 | DEBUG    | student_sim | id=317 gold=B | joint={'beginner': 'A', 'intermediate': 'C', 'advanced': 'C'} | isolated={'beginner': 'A', 'intermediate': 'C', 'advanced': 'C'}
2026-09-20 10:02:37 | DEBUG    | student_sim | id=318 gold=B | joint={'beginner': 'D', 'intermediate': 'B', 'advanced': 'B'} | isolated={'beginner': 'B', 'intermediate': 'B', 'advanced': 'B'}
2026-09-20 10:02:39 | DEBUG    | student_sim | id=319 gold=B | joint={'beginner': 'D', 'intermediate': 'B', 'advanced': 'B'} | isolated={'beginner': 'B', 'intermediate': 'B', 'advanced': 'B'}
2026-09-20 10:02:42 | DEBUG    | student_sim | id=320 gold=A | joint={'beginner': 'A', 'intermediate': 'A', 'advanced': 'A'} | isolated={'beginner': 'A', 'intermediate': 'C', 'advanced': 'A'}
2026-09-20 10:02:45 | DEBUG    | student_sim | id=321 gold=D | joint={'beginner': 'D', 'intermediate': 'D', 'advanced': 'D'} | isolated={'beginner': 'D', 'intermediate': 'D', 'advanced': 'D'}
2026-09-20 10:02:48 | DEBUG    | student_sim | id=322 gold=B | joint={'beginner': 'B', 'intermediate': 'B', 'advanced': 'B'} | isolated={'beginner': 'B', 'intermediate': 'B', 'advanced': 'B'}
2026-09-20 10:02:50 | DEBUG    | student_sim | id=323 gold=C | joint={'beginner': 'C', 'intermediate': 'C', 'advanced': 'C'} | isolated={'beginner': 'C', 'intermediate': 'C', 'advanced': 'C'}
2026-09-20 10:02:53 | DEBUG    | student_sim | id=324 gold=D | joint={'beginner': 'B', 'intermediate': 'D', 'advanced': 'D'} | isolated={'beginner': 'D', 'intermediate': 'D', 'advanced': 'D'}
2026-09-20 10:02:53 | INFO     | student_sim |   [ 325/ 500]  65.0% | acc B/I/A  join 0.55/0.78/0.75 | isol 0.79/0.82/0.82 | 2.74s/sample | ETA 8.0 min
2026-09-20 10:02:56 | DEBUG    | student_sim | id=325 gold=C | joint={'beginner': 'A', 'intermediate': 'C', 'advanced': 'C'} | isolated={'beginner': 'C', 'intermediate': 'C', 'advanced': 'C'}
2026-09-20 10:02:59 | DEBUG    | student_sim | id=326 gold=A | joint={'beginner': 'A', 'intermediate': 'D', 'advanced': 'D'} | isolated={'beginner': 'A', 'intermediate': 'A', 'advanced': 'A'}
2026-09-20 10:03:02 | DEBUG    | student_sim | id=327 gold=D | joint={'beginner': 'D', 'intermediate': 'D', 'advanced': 'D'} | isolated={'beginner': 'C', 'intermediate': 'C', 'advanced': 'A'}
2026-09-20 10:03:04 | DEBUG    | student_sim | id=328 gold=C | joint={'beginner': 'D', 'intermediate': 'C', 'advanced': 'C'} | isolated={'beginner': 'C', 'intermediate': 'C', 'advanced': 'C'}
2026-09-20 10:03:07 | DEBUG    | student_sim | id=329 gold=D | joint={'beginner': 'A', 'intermediate': 'D', 'advanced': 'B'} | isolated={'beginner': 'D', 'intermediate': 'D', 'advanced': 'A'}
2026-09-20 10:03:10 | DEBUG    | student_sim | id=330 gold=A | joint={'beginner': 'A', 'intermediate': 'A', 'advanced': 'A'} | isolated={'beginner': 'A', 'intermediate': 'A', 'advanced': 'A'}
2026-09-20 10:03:12 | DEBUG    | student_sim | id=331 gold=A | joint={'beginner': 'B', 'intermediate': 'B', 'advanced': 'A'} | isolated={'beginner': 'B', 'intermediate': 'B', 'advanced': 'B'}
2026-09-20 10:03:15 | DEBUG    | student_sim | id=332 gold=D | joint={'beginner': 'C', 'intermediate': 'B', 'advanced': 'D'} | isolated={'beginner': 'D', 'intermediate': 'D', 'advanced': 'D'}
2026-09-20 10:03:18 | DEBUG    | student_sim | id=333 gold=D | joint={'beginner': 'A', 'intermediate': 'B', 'advanced': 'D'} | isolated={'beginner': 'B', 'intermediate': 'B', 'advanced': 'D'}
2026-09-20 10:03:21 | DEBUG    | student_sim | id=334 gold=B | joint={'beginner': 'B', 'intermediate': 'B', 'advanced': 'B'} | isolated={'beginner': 'B', 'intermediate': 'B', 'advanced': 'B'}
2026-09-20 10:03:24 | DEBUG    | student_sim | id=335 gold=D | joint={'beginner': 'D', 'intermediate': 'D', 'advanced': 'D'} | isolated={'beginner': 'D', 'intermediate': 'D', 'advanced': 'D'}
2026-09-20 10:03:26 | DEBUG    | student_sim | id=336 gold=B | joint={'beginner': 'D', 'intermediate': 'B', 'advanced': 'B'} | isolated={'beginner': 'B', 'intermediate': 'B', 'advanced': 'B'}
2026-09-20 10:03:29 | DEBUG    | student_sim | id=337 gold=A | joint={'beginner': 'A', 'intermediate': 'A', 'advanced': 'A'} | isolated={'beginner': 'A', 'intermediate': 'A', 'advanced': 'A'}
2026-09-20 10:03:32 | DEBUG    | student_sim | id=338 gold=B | joint={'beginner': 'C', 'intermediate': 'B', 'advanced': 'B'} | isolated={'beginner': 'B', 'intermediate': 'B', 'advanced': 'B'}
2026-09-20 10:03:35 | DEBUG    | student_sim | id=339 gold=A | joint={'beginner': 'B', 'intermediate': 'A', 'advanced': 'A'} | isolated={'beginner': 'B', 'intermediate': 'A', 'advanced': 'A'}
2026-09-20 10:03:37 | DEBUG    | student_sim | id=340 gold=C | joint={'beginner': 'D', 'intermediate': 'C', 'advanced': 'C'} | isolated={'beginner': 'C', 'intermediate': 'C', 'advanced': 'C'}
2026-09-20 10:03:40 | DEBUG    | student_sim | id=341 gold=B | joint={'beginner': 'D', 'intermediate': 'B', 'advanced': 'D'} | isolated={'beginner': 'D', 'intermediate': 'B', 'advanced': 'B'}
2026-09-20 10:03:43 | DEBUG    | student_sim | id=342 gold=C | joint={'beginner': 'B', 'intermediate': 'B', 'advanced': 'B'} | isolated={'beginner': 'C', 'intermediate': 'B', 'advanced': 'B'}
2026-09-20 10:03:46 | DEBUG    | student_sim | id=343 gold=A | joint={'beginner': 'A', 'intermediate': 'A', 'advanced': 'A'} | isolated={'beginner': 'A', 'intermediate': 'A', 'advanced': 'A'}
2026-09-20 10:03:48 | DEBUG    | student_sim | id=344 gold=D | joint={'beginner': 'B', 'intermediate': 'D', 'advanced': 'D'} | isolated={'beginner': 'B', 'intermediate': 'A', 'advanced': 'D'}
2026-09-20 10:03:51 | DEBUG    | student_sim | id=345 gold=B | joint={'beginner': 'B', 'intermediate': 'B', 'advanced': 'B'} | isolated={'beginner': 'B', 'intermediate': 'B', 'advanced': 'B'}
2026-09-20 10:03:54 | DEBUG    | student_sim | id=346 gold=A | joint={'beginner': 'A', 'intermediate': 'A', 'advanced': 'A'} | isolated={'beginner': 'A', 'intermediate': 'A', 'advanced': 'A'}
2026-09-20 10:03:56 | DEBUG    | student_sim | id=347 gold=A | joint={'beginner': 'D', 'intermediate': 'A', 'advanced': 'A'} | isolated={'beginner': 'A', 'intermediate': 'A', 'advanced': 'A'}
2026-09-20 10:03:59 | DEBUG    | student_sim | id=348 gold=A | joint={'beginner': 'A', 'intermediate': 'A', 'advanced': 'A'} | isolated={'beginner': 'A', 'intermediate': 'A', 'advanced': 'A'}
2026-09-20 10:04:02 | DEBUG    | student_sim | id=349 gold=C | joint={'beginner': 'A', 'intermediate': 'C', 'advanced': 'C'} | isolated={'beginner': 'C', 'intermediate': 'C', 'advanced': 'C'}
2026-09-20 10:04:02 | INFO     | student_sim |   [ 350/ 500]  70.0% | acc B/I/A  join 0.54/0.78/0.75 | isol 0.79/0.81/0.82 | 2.74s/sample | ETA 6.9 min
2026-09-20 10:04:05 | DEBUG    | student_sim | id=350 gold=B | joint={'beginner': 'A', 'intermediate': 'B', 'advanced': 'B'} | isolated={'beginner': 'B', 'intermediate': 'B', 'advanced': 'B'}
2026-09-20 10:04:07 | DEBUG    | student_sim | id=351 gold=D | joint={'beginner': 'A', 'intermediate': 'C', 'advanced': 'D'} | isolated={'beginner': 'D', 'intermediate': 'D', 'advanced': 'C'}
2026-09-20 10:04:10 | DEBUG    | student_sim | id=352 gold=C | joint={'beginner': 'D', 'intermediate': 'C', 'advanced': 'C'} | isolated={'beginner': 'C', 'intermediate': 'C', 'advanced': 'C'}
2026-09-20 10:04:13 | DEBUG    | student_sim | id=353 gold=A | joint={'beginner': 'B', 'intermediate': 'B', 'advanced': 'B'} | isolated={'beginner': 'B', 'intermediate': 'B', 'advanced': 'B'}
2026-09-20 10:04:15 | DEBUG    | student_sim | id=354 gold=B | joint={'beginner': 'B', 'intermediate': 'D', 'advanced': 'D'} | isolated={'beginner': 'D', 'intermediate': 'D', 'advanced': 'D'}
2026-09-20 10:04:18 | DEBUG    | student_sim | id=355 gold=A | joint={'beginner': 'B', 'intermediate': 'C', 'advanced': 'B'} | isolated={'beginner': 'B', 'intermediate': 'B', 'advanced': 'B'}
2026-09-20 10:04:21 | DEBUG    | student_sim | id=356 gold=A | joint={'beginner': 'A', 'intermediate': 'A', 'advanced': 'A'} | isolated={'beginner': 'A', 'intermediate': 'A', 'advanced': 'A'}
2026-09-20 10:04:24 | DEBUG    | student_sim | id=357 gold=B | joint={'beginner': 'C', 'intermediate': 'B', 'advanced': 'B'} | isolated={'beginner': 'B', 'intermediate': 'A', 'advanced': 'B'}
2026-09-20 10:04:26 | DEBUG    | student_sim | id=358 gold=B | joint={'beginner': 'B', 'intermediate': 'B', 'advanced': 'A'} | isolated={'beginner': 'B', 'intermediate': 'B', 'advanced': 'B'}
2026-09-20 10:04:29 | DEBUG    | student_sim | id=359 gold=B | joint={'beginner': 'C', 'intermediate': 'B', 'advanced': 'A'} | isolated={'beginner': 'D', 'intermediate': 'A', 'advanced': 'A'}
2026-09-20 10:04:32 | DEBUG    | student_sim | id=360 gold=D | joint={'beginner': 'D', 'intermediate': 'D', 'advanced': 'D'} | isolated={'beginner': 'D', 'intermediate': 'D', 'advanced': 'D'}
2026-09-20 10:04:35 | DEBUG    | student_sim | id=361 gold=D | joint={'beginner': 'A', 'intermediate': 'D', 'advanced': 'D'} | isolated={'beginner': 'D', 'intermediate': 'D', 'advanced': 'D'}
2026-09-20 10:04:37 | DEBUG    | student_sim | id=362 gold=B | joint={'beginner': 'D', 'intermediate': 'B', 'advanced': 'B'} | isolated={'beginner': 'B', 'intermediate': 'B', 'advanced': 'B'}
2026-09-20 10:04:40 | DEBUG    | student_sim | id=363 gold=A | joint={'beginner': 'A', 'intermediate': 'A', 'advanced': 'A'} | isolated={'beginner': 'A', 'intermediate': 'A', 'advanced': 'A'}
2026-09-20 10:04:43 | DEBUG    | student_sim | id=364 gold=C | joint={'beginner': 'A', 'intermediate': 'C', 'advanced': 'C'} | isolated={'beginner': 'C', 'intermediate': 'C', 'advanced': 'C'}
2026-09-20 10:04:46 | DEBUG    | student_sim | id=365 gold=D | joint={'beginner': 'A', 'intermediate': 'D', 'advanced': 'D'} | isolated={'beginner': 'D', 'intermediate': 'D', 'advanced': 'D'}
2026-09-20 10:04:48 | DEBUG    | student_sim | id=366 gold=B | joint={'beginner': 'B', 'intermediate': 'A', 'advanced': 'A'} | isolated={'beginner': 'B', 'intermediate': 'B', 'advanced': 'B'}
2026-09-20 10:04:51 | DEBUG    | student_sim | id=367 gold=C | joint={'beginner': 'D', 'intermediate': 'C', 'advanced': 'C'} | isolated={'beginner': 'C', 'intermediate': 'C', 'advanced': 'C'}
2026-09-20 10:04:54 | DEBUG    | student_sim | id=368 gold=B | joint={'beginner': 'C', 'intermediate': 'B', 'advanced': 'B'} | isolated={'beginner': 'B', 'intermediate': 'B', 'advanced': 'B'}
2026-09-20 10:04:57 | DEBUG    | student_sim | id=369 gold=B | joint={'beginner': 'A', 'intermediate': 'A', 'advanced': 'B'} | isolated={'beginner': 'B', 'intermediate': 'A', 'advanced': 'A'}
2026-09-20 10:04:59 | DEBUG    | student_sim | id=370 gold=B | joint={'beginner': 'B', 'intermediate': 'B', 'advanced': 'B'} | isolated={'beginner': 'B', 'intermediate': 'B', 'advanced': 'B'}
2026-09-20 10:05:02 | DEBUG    | student_sim | id=371 gold=C | joint={'beginner': 'C', 'intermediate': 'C', 'advanced': 'C'} | isolated={'beginner': 'C', 'intermediate': 'C', 'advanced': 'C'}
2026-09-20 10:05:05 | DEBUG    | student_sim | id=372 gold=B | joint={'beginner': 'A', 'intermediate': 'B', 'advanced': 'B'} | isolated={'beginner': 'B', 'intermediate': 'B', 'advanced': 'B'}
2026-09-20 10:05:08 | DEBUG    | student_sim | id=373 gold=A | joint={'beginner': 'A', 'intermediate': 'A', 'advanced': 'D'} | isolated={'beginner': 'B', 'intermediate': 'B', 'advanced': 'D'}
2026-09-20 10:05:11 | DEBUG    | student_sim | id=374 gold=C | joint={'beginner': 'B', 'intermediate': 'C', 'advanced': 'A'} | isolated={'beginner': 'B', 'intermediate': 'C', 'advanced': 'A'}
2026-09-20 10:05:11 | INFO     | student_sim |   [ 375/ 500]  75.0% | acc B/I/A  join 0.53/0.78/0.75 | isol 0.78/0.81/0.81 | 2.74s/sample | ETA 5.7 min
2026-09-20 10:05:13 | DEBUG    | student_sim | id=375 gold=A | joint={'beginner': 'D', 'intermediate': 'A', 'advanced': 'A'} | isolated={'beginner': 'A', 'intermediate': 'A', 'advanced': 'A'}
2026-09-20 10:05:16 | DEBUG    | student_sim | id=376 gold=B | joint={'beginner': 'B', 'intermediate': 'B', 'advanced': 'B'} | isolated={'beginner': 'B', 'intermediate': 'B', 'advanced': 'B'}
2026-09-20 10:05:19 | DEBUG    | student_sim | id=377 gold=C | joint={'beginner': 'B', 'intermediate': 'C', 'advanced': 'A'} | isolated={'beginner': 'C', 'intermediate': 'C', 'advanced': 'C'}
2026-09-20 10:05:21 | DEBUG    | student_sim | id=378 gold=D | joint={'beginner': 'B', 'intermediate': 'D', 'advanced': 'D'} | isolated={'beginner': 'D', 'intermediate': 'D', 'advanced': 'D'}
2026-09-20 10:05:24 | DEBUG    | student_sim | id=379 gold=C | joint={'beginner': 'C', 'intermediate': 'C', 'advanced': 'C'} | isolated={'beginner': 'C', 'intermediate': 'C', 'advanced': 'C'}
2026-09-20 10:05:27 | DEBUG    | student_sim | id=380 gold=B | joint={'beginner': 'A', 'intermediate': 'B', 'advanced': 'B'} | isolated={'beginner': 'B', 'intermediate': 'B', 'advanced': 'B'}
2026-09-20 10:05:30 | DEBUG    | student_sim | id=381 gold=A | joint={'beginner': 'A', 'intermediate': 'A', 'advanced': 'A'} | isolated={'beginner': 'A', 'intermediate': 'A', 'advanced': 'A'}
2026-09-20 10:05:32 | DEBUG    | student_sim | id=382 gold=D | joint={'beginner': 'D', 'intermediate': 'D', 'advanced': 'D'} | isolated={'beginner': 'D', 'intermediate': 'D', 'advanced': 'D'}
2026-09-20 10:05:35 | DEBUG    | student_sim | id=383 gold=A | joint={'beginner': 'C', 'intermediate': 'B', 'advanced': 'B'} | isolated={'beginner': 'B', 'intermediate': 'B', 'advanced': 'B'}
2026-09-20 10:05:38 | DEBUG    | student_sim | id=384 gold=C | joint={'beginner': 'B', 'intermediate': 'D', 'advanced': 'A'} | isolated={'beginner': 'C', 'intermediate': 'C', 'advanced': 'A'}
2026-09-20 10:05:40 | DEBUG    | student_sim | id=385 gold=A | joint={'beginner': 'A', 'intermediate': 'A', 'advanced': 'A'} | isolated={'beginner': 'A', 'intermediate': 'A', 'advanced': 'A'}
2026-09-20 10:05:43 | DEBUG    | student_sim | id=386 gold=B | joint={'beginner': 'D', 'intermediate': 'B', 'advanced': 'C'} | isolated={'beginner': 'C', 'intermediate': 'C', 'advanced': 'C'}
2026-09-20 10:05:46 | DEBUG    | student_sim | id=387 gold=D | joint={'beginner': 'A', 'intermediate': 'D', 'advanced': 'D'} | isolated={'beginner': 'D', 'intermediate': 'D', 'advanced': 'D'}
2026-09-20 10:05:48 | DEBUG    | student_sim | id=388 gold=C | joint={'beginner': 'A', 'intermediate': 'B', 'advanced': 'C'} | isolated={'beginner': 'B', 'intermediate': 'B', 'advanced': 'D'}
2026-09-20 10:05:51 | DEBUG    | student_sim | id=389 gold=A | joint={'beginner': 'B', 'intermediate': 'A', 'advanced': 'A'} | isolated={'beginner': 'B', 'intermediate': 'A', 'advanced': 'A'}
2026-09-20 10:05:54 | DEBUG    | student_sim | id=390 gold=C | joint={'beginner': 'D', 'intermediate': 'C', 'advanced': 'C'} | isolated={'beginner': 'C', 'intermediate': 'C', 'advanced': 'C'}
2026-09-20 10:05:57 | DEBUG    | student_sim | id=391 gold=B | joint={'beginner': 'B', 'intermediate': 'B', 'advanced': 'B'} | isolated={'beginner': 'B', 'intermediate': 'B', 'advanced': 'B'}
2026-09-20 10:06:00 | DEBUG    | student_sim | id=392 gold=B | joint={'beginner': 'D', 'intermediate': 'D', 'advanced': 'D'} | isolated={'beginner': 'B', 'intermediate': 'D', 'advanced': 'D'}
2026-09-20 10:06:02 | DEBUG    | student_sim | id=393 gold=C | joint={'beginner': 'C', 'intermediate': 'C', 'advanced': 'C'} | isolated={'beginner': 'C', 'intermediate': 'C', 'advanced': 'C'}
2026-09-20 10:06:05 | DEBUG    | student_sim | id=394 gold=A | joint={'beginner': 'A', 'intermediate': 'A', 'advanced': 'A'} | isolated={'beginner': 'A', 'intermediate': 'A', 'advanced': 'A'}
2026-09-20 10:06:08 | DEBUG    | student_sim | id=395 gold=D | joint={'beginner': 'A', 'intermediate': 'D', 'advanced': 'D'} | isolated={'beginner': 'D', 'intermediate': 'D', 'advanced': 'D'}
2026-09-20 10:06:10 | DEBUG    | student_sim | id=396 gold=A | joint={'beginner': 'A', 'intermediate': 'A', 'advanced': 'A'} | isolated={'beginner': 'A', 'intermediate': 'A', 'advanced': 'A'}
2026-09-20 10:06:13 | DEBUG    | student_sim | id=397 gold=A | joint={'beginner': 'A', 'intermediate': 'A', 'advanced': 'A'} | isolated={'beginner': 'A', 'intermediate': 'A', 'advanced': 'A'}
2026-09-20 10:06:16 | DEBUG    | student_sim | id=398 gold=D | joint={'beginner': 'A', 'intermediate': 'D', 'advanced': 'D'} | isolated={'beginner': 'D', 'intermediate': 'B', 'advanced': 'D'}
2026-09-20 10:06:19 | DEBUG    | student_sim | id=399 gold=C | joint={'beginner': 'D', 'intermediate': 'B', 'advanced': 'C'} | isolated={'beginner': 'C', 'intermediate': 'C', 'advanced': 'A'}
2026-09-20 10:06:19 | INFO     | student_sim |   [ 400/ 500]  80.0% | acc B/I/A  join 0.52/0.78/0.75 | isol 0.79/0.81/0.81 | 2.74s/sample | ETA 4.6 min
2026-09-20 10:06:21 | DEBUG    | student_sim | id=400 gold=A | joint={'beginner': 'A', 'intermediate': 'D', 'advanced': 'D'} | isolated={'beginner': 'A', 'intermediate': 'A', 'advanced': 'D'}
2026-09-20 10:06:24 | DEBUG    | student_sim | id=401 gold=B | joint={'beginner': 'B', 'intermediate': 'B', 'advanced': 'B'} | isolated={'beginner': 'B', 'intermediate': 'B', 'advanced': 'B'}
2026-09-20 10:06:27 | DEBUG    | student_sim | id=402 gold=C | joint={'beginner': 'D', 'intermediate': 'C', 'advanced': 'C'} | isolated={'beginner': 'C', 'intermediate': 'C', 'advanced': 'C'}
2026-09-20 10:06:30 | DEBUG    | student_sim | id=403 gold=A | joint={'beginner': 'A', 'intermediate': 'A', 'advanced': 'A'} | isolated={'beginner': 'A', 'intermediate': 'A', 'advanced': 'A'}
2026-09-20 10:06:32 | DEBUG    | student_sim | id=404 gold=D | joint={'beginner': 'D', 'intermediate': 'A', 'advanced': 'C'} | isolated={'beginner': 'A', 'intermediate': 'D', 'advanced': 'D'}
2026-09-20 10:06:35 | DEBUG    | student_sim | id=405 gold=B | joint={'beginner': 'B', 'intermediate': 'B', 'advanced': 'B'} | isolated={'beginner': 'B', 'intermediate': 'B', 'advanced': 'B'}
2026-09-20 10:06:38 | DEBUG    | student_sim | id=406 gold=A | joint={'beginner': 'A', 'intermediate': 'A', 'advanced': 'A'} | isolated={'beginner': 'A', 'intermediate': 'A', 'advanced': 'A'}
2026-09-20 10:06:40 | DEBUG    | student_sim | id=407 gold=B | joint={'beginner': 'B', 'intermediate': 'B', 'advanced': 'B'} | isolated={'beginner': 'B', 'intermediate': 'B', 'advanced': 'B'}
2026-09-20 10:06:43 | DEBUG    | student_sim | id=408 gold=D | joint={'beginner': 'A', 'intermediate': 'B', 'advanced': 'D'} | isolated={'beginner': 'D', 'intermediate': 'D', 'advanced': 'D'}
2026-09-20 10:06:46 | DEBUG    | student_sim | id=409 gold=D | joint={'beginner': 'D', 'intermediate': 'B', 'advanced': 'A'} | isolated={'beginner': 'A', 'intermediate': 'B', 'advanced': 'D'}
2026-09-20 10:06:48 | DEBUG    | student_sim | id=410 gold=D | joint={'beginner': 'A', 'intermediate': 'A', 'advanced': 'A'} | isolated={'beginner': 'A', 'intermediate': 'A', 'advanced': 'A'}
2026-09-20 10:06:51 | DEBUG    | student_sim | id=411 gold=B | joint={'beginner': 'A', 'intermediate': 'B', 'advanced': 'B'} | isolated={'beginner': 'B', 'intermediate': 'B', 'advanced': 'B'}
2026-09-20 10:06:54 | DEBUG    | student_sim | id=412 gold=A | joint={'beginner': 'A', 'intermediate': 'A', 'advanced': 'A'} | isolated={'beginner': 'A', 'intermediate': 'A', 'advanced': 'A'}
2026-09-20 10:06:57 | DEBUG    | student_sim | id=413 gold=B | joint={'beginner': 'A', 'intermediate': 'B', 'advanced': 'B'} | isolated={'beginner': 'A', 'intermediate': 'A', 'advanced': 'A'}
2026-09-20 10:06:59 | DEBUG    | student_sim | id=414 gold=B | joint={'beginner': 'B', 'intermediate': 'B', 'advanced': 'B'} | isolated={'beginner': 'B', 'intermediate': 'B', 'advanced': 'B'}
2026-09-20 10:07:02 | DEBUG    | student_sim | id=415 gold=A | joint={'beginner': 'D', 'intermediate': 'B', 'advanced': 'A'} | isolated={'beginner': 'A', 'intermediate': 'B', 'advanced': 'A'}
2026-09-20 10:07:05 | DEBUG    | student_sim | id=416 gold=A | joint={'beginner': 'A', 'intermediate': 'A', 'advanced': 'A'} | isolated={'beginner': 'A', 'intermediate': 'A', 'advanced': 'A'}
2026-09-20 10:07:08 | DEBUG    | student_sim | id=417 gold=C | joint={'beginner': 'D', 'intermediate': 'C', 'advanced': 'C'} | isolated={'beginner': 'B', 'intermediate': 'A', 'advanced': 'B'}
2026-09-20 10:07:10 | DEBUG    | student_sim | id=418 gold=A | joint={'beginner': 'A', 'intermediate': 'A', 'advanced': 'A'} | isolated={'beginner': 'A', 'intermediate': 'A', 'advanced': 'A'}
2026-09-20 10:07:13 | DEBUG    | student_sim | id=419 gold=C | joint={'beginner': 'B', 'intermediate': 'C', 'advanced': 'C'} | isolated={'beginner': 'B', 'intermediate': 'C', 'advanced': 'C'}
2026-09-20 10:07:16 | DEBUG    | student_sim | id=420 gold=C | joint={'beginner': 'B', 'intermediate': 'D', 'advanced': 'D'} | isolated={'beginner': 'D', 'intermediate': 'D', 'advanced': 'D'}
2026-09-20 10:07:19 | DEBUG    | student_sim | id=421 gold=C | joint={'beginner': 'D', 'intermediate': 'C', 'advanced': 'C'} | isolated={'beginner': 'C', 'intermediate': 'C', 'advanced': 'C'}
2026-09-20 10:07:21 | DEBUG    | student_sim | id=422 gold=C | joint={'beginner': 'A', 'intermediate': 'A', 'advanced': 'C'} | isolated={'beginner': 'A', 'intermediate': 'A', 'advanced': 'A'}
2026-09-20 10:07:24 | DEBUG    | student_sim | id=423 gold=C | joint={'beginner': 'B', 'intermediate': 'C', 'advanced': 'C'} | isolated={'beginner': 'C', 'intermediate': 'C', 'advanced': 'C'}
2026-09-20 10:07:27 | DEBUG    | student_sim | id=424 gold=A | joint={'beginner': 'A', 'intermediate': 'A', 'advanced': 'A'} | isolated={'beginner': 'A', 'intermediate': 'A', 'advanced': 'A'}
2026-09-20 10:07:27 | INFO     | student_sim |   [ 425/ 500]  85.0% | acc B/I/A  join 0.52/0.78/0.76 | isol 0.78/0.80/0.81 | 2.74s/sample | ETA 3.4 min
2026-09-20 10:07:30 | DEBUG    | student_sim | id=425 gold=A | joint={'beginner': 'A', 'intermediate': 'A', 'advanced': 'A'} | isolated={'beginner': 'A', 'intermediate': 'A', 'advanced': 'A'}
2026-09-20 10:07:32 | DEBUG    | student_sim | id=426 gold=C | joint={'beginner': 'B', 'intermediate': 'C', 'advanced': 'C'} | isolated={'beginner': 'C', 'intermediate': 'C', 'advanced': 'C'}
2026-09-20 10:07:35 | DEBUG    | student_sim | id=427 gold=C | joint={'beginner': 'D', 'intermediate': 'C', 'advanced': 'C'} | isolated={'beginner': 'D', 'intermediate': 'C', 'advanced': 'C'}
2026-09-20 10:07:38 | DEBUG    | student_sim | id=428 gold=A | joint={'beginner': 'A', 'intermediate': 'A', 'advanced': 'A'} | isolated={'beginner': 'A', 'intermediate': 'A', 'advanced': 'A'}
2026-09-20 10:07:41 | DEBUG    | student_sim | id=429 gold=C | joint={'beginner': 'C', 'intermediate': 'C', 'advanced': 'C'} | isolated={'beginner': 'C', 'intermediate': 'C', 'advanced': 'C'}
2026-09-20 10:07:43 | DEBUG    | student_sim | id=430 gold=A | joint={'beginner': 'A', 'intermediate': 'A', 'advanced': 'A'} | isolated={'beginner': 'A', 'intermediate': 'A', 'advanced': 'A'}
2026-09-20 10:07:46 | DEBUG    | student_sim | id=431 gold=B | joint={'beginner': 'B', 'intermediate': 'B', 'advanced': 'B'} | isolated={'beginner': 'B', 'intermediate': 'B', 'advanced': 'B'}
2026-09-20 10:07:49 | DEBUG    | student_sim | id=432 gold=B | joint={'beginner': 'A', 'intermediate': 'B', 'advanced': 'B'} | isolated={'beginner': 'B', 'intermediate': 'B', 'advanced': 'B'}
2026-09-20 10:07:51 | DEBUG    | student_sim | id=433 gold=C | joint={'beginner': 'A', 'intermediate': 'C', 'advanced': 'C'} | isolated={'beginner': 'C', 'intermediate': 'C', 'advanced': 'C'}
2026-09-20 10:07:54 | DEBUG    | student_sim | id=434 gold=B | joint={'beginner': 'D', 'intermediate': 'B', 'advanced': 'A'} | isolated={'beginner': 'B', 'intermediate': 'B', 'advanced': 'B'}
2026-09-20 10:07:57 | DEBUG    | student_sim | id=435 gold=C | joint={'beginner': 'C', 'intermediate': 'C', 'advanced': 'C'} | isolated={'beginner': 'C', 'intermediate': 'C', 'advanced': 'C'}
2026-09-20 10:07:59 | DEBUG    | student_sim | id=436 gold=A | joint={'beginner': 'A', 'intermediate': 'A', 'advanced': 'A'} | isolated={'beginner': 'A', 'intermediate': 'A', 'advanced': 'A'}
2026-09-20 10:08:02 | DEBUG    | student_sim | id=437 gold=A | joint={'beginner': 'A', 'intermediate': 'A', 'advanced': 'A'} | isolated={'beginner': 'A', 'intermediate': 'A', 'advanced': 'A'}
2026-09-20 10:08:05 | DEBUG    | student_sim | id=438 gold=A | joint={'beginner': 'D', 'intermediate': 'A', 'advanced': 'D'} | isolated={'beginner': 'D', 'intermediate': 'D', 'advanced': 'D'}
2026-09-20 10:08:08 | DEBUG    | student_sim | id=439 gold=A | joint={'beginner': 'A', 'intermediate': 'A', 'advanced': 'A'} | isolated={'beginner': 'A', 'intermediate': 'A', 'advanced': 'A'}
2026-09-20 10:08:10 | DEBUG    | student_sim | id=440 gold=C | joint={'beginner': 'A', 'intermediate': 'C', 'advanced': 'C'} | isolated={'beginner': 'C', 'intermediate': 'C', 'advanced': 'C'}
2026-09-20 10:08:13 | DEBUG    | student_sim | id=441 gold=C | joint={'beginner': 'C', 'intermediate': 'C', 'advanced': 'C'} | isolated={'beginner': 'C', 'intermediate': 'C', 'advanced': 'C'}
2026-09-20 10:08:16 | DEBUG    | student_sim | id=442 gold=A | joint={'beginner': 'A', 'intermediate': 'A', 'advanced': 'A'} | isolated={'beginner': 'A', 'intermediate': 'A', 'advanced': 'A'}
2026-09-20 10:08:19 | DEBUG    | student_sim | id=443 gold=D | joint={'beginner': 'B', 'intermediate': 'D', 'advanced': 'B'} | isolated={'beginner': 'B', 'intermediate': 'D', 'advanced': 'D'}
2026-09-20 10:08:21 | DEBUG    | student_sim | id=444 gold=D | joint={'beginner': 'D', 'intermediate': 'D', 'advanced': 'D'} | isolated={'beginner': 'D', 'intermediate': 'D', 'advanced': 'D'}
2026-09-20 10:08:24 | DEBUG    | student_sim | id=445 gold=B | joint={'beginner': 'B', 'intermediate': 'B', 'advanced': 'B'} | isolated={'beginner': 'B', 'intermediate': 'D', 'advanced': 'A'}
2026-09-20 10:08:27 | DEBUG    | student_sim | id=446 gold=B | joint={'beginner': 'C', 'intermediate': 'B', 'advanced': 'B'} | isolated={'beginner': 'B', 'intermediate': 'B', 'advanced': 'B'}
2026-09-20 10:08:29 | DEBUG    | student_sim | id=447 gold=D | joint={'beginner': 'D', 'intermediate': 'D', 'advanced': 'D'} | isolated={'beginner': 'D', 'intermediate': 'D', 'advanced': 'D'}
2026-09-20 10:08:32 | DEBUG    | student_sim | id=448 gold=D | joint={'beginner': 'C', 'intermediate': 'D', 'advanced': 'D'} | isolated={'beginner': 'D', 'intermediate': 'D', 'advanced': 'D'}
2026-09-20 10:08:35 | DEBUG    | student_sim | id=449 gold=B | joint={'beginner': 'A', 'intermediate': 'B', 'advanced': 'B'} | isolated={'beginner': 'B', 'intermediate': 'B', 'advanced': 'B'}
2026-09-20 10:08:35 | INFO     | student_sim |   [ 450/ 500]  90.0% | acc B/I/A  join 0.52/0.79/0.76 | isol 0.79/0.81/0.81 | 2.74s/sample | ETA 2.3 min
2026-09-20 10:08:38 | DEBUG    | student_sim | id=450 gold=A | joint={'beginner': 'A', 'intermediate': 'A', 'advanced': 'A'} | isolated={'beginner': 'A', 'intermediate': 'A', 'advanced': 'A'}
2026-09-20 10:08:40 | DEBUG    | student_sim | id=451 gold=B | joint={'beginner': 'B', 'intermediate': 'B', 'advanced': 'B'} | isolated={'beginner': 'B', 'intermediate': 'B', 'advanced': 'B'}
2026-09-20 10:08:43 | DEBUG    | student_sim | id=452 gold=A | joint={'beginner': 'B', 'intermediate': 'D', 'advanced': 'A'} | isolated={'beginner': 'A', 'intermediate': 'A', 'advanced': 'D'}
2026-09-20 10:08:46 | DEBUG    | student_sim | id=453 gold=A | joint={'beginner': 'C', 'intermediate': 'A', 'advanced': 'A'} | isolated={'beginner': 'A', 'intermediate': 'A', 'advanced': 'A'}
2026-09-20 10:08:49 | DEBUG    | student_sim | id=454 gold=B | joint={'beginner': 'B', 'intermediate': 'B', 'advanced': 'B'} | isolated={'beginner': 'B', 'intermediate': 'B', 'advanced': 'B'}
2026-09-20 10:08:51 | DEBUG    | student_sim | id=455 gold=D | joint={'beginner': 'C', 'intermediate': 'D', 'advanced': 'D'} | isolated={'beginner': 'D', 'intermediate': 'D', 'advanced': 'D'}
2026-09-20 10:08:54 | DEBUG    | student_sim | id=456 gold=B | joint={'beginner': 'B', 'intermediate': 'B', 'advanced': 'B'} | isolated={'beginner': 'B', 'intermediate': 'B', 'advanced': 'B'}
2026-09-20 10:08:57 | DEBUG    | student_sim | id=457 gold=B | joint={'beginner': 'B', 'intermediate': 'B', 'advanced': 'B'} | isolated={'beginner': 'B', 'intermediate': 'B', 'advanced': 'B'}
2026-09-20 10:08:59 | DEBUG    | student_sim | id=458 gold=C | joint={'beginner': 'A', 'intermediate': 'A', 'advanced': 'D'} | isolated={'beginner': 'A', 'intermediate': 'D', 'advanced': 'C'}
2026-09-20 10:09:02 | DEBUG    | student_sim | id=459 gold=D | joint={'beginner': 'D', 'intermediate': 'D', 'advanced': 'D'} | isolated={'beginner': 'A', 'intermediate': 'D', 'advanced': 'D'}
2026-09-20 10:09:05 | DEBUG    | student_sim | id=460 gold=B | joint={'beginner': 'C', 'intermediate': 'B', 'advanced': 'B'} | isolated={'beginner': 'B', 'intermediate': 'B', 'advanced': 'B'}
2026-09-20 10:09:08 | DEBUG    | student_sim | id=461 gold=C | joint={'beginner': 'C', 'intermediate': 'C', 'advanced': 'C'} | isolated={'beginner': 'C', 'intermediate': 'C', 'advanced': 'C'}
2026-09-20 10:09:10 | DEBUG    | student_sim | id=462 gold=C | joint={'beginner': 'B', 'intermediate': 'C', 'advanced': 'A'} | isolated={'beginner': 'C', 'intermediate': 'C', 'advanced': 'C'}
2026-09-20 10:09:13 | DEBUG    | student_sim | id=463 gold=A | joint={'beginner': 'A', 'intermediate': 'A', 'advanced': 'A'} | isolated={'beginner': 'A', 'intermediate': 'A', 'advanced': 'A'}
2026-09-20 10:09:16 | DEBUG    | student_sim | id=464 gold=C | joint={'beginner': 'A', 'intermediate': 'C', 'advanced': 'C'} | isolated={'beginner': 'C', 'intermediate': 'C', 'advanced': 'C'}
2026-09-20 10:09:19 | DEBUG    | student_sim | id=465 gold=C | joint={'beginner': 'A', 'intermediate': 'C', 'advanced': 'C'} | isolated={'beginner': 'C', 'intermediate': 'C', 'advanced': 'C'}
2026-09-20 10:09:21 | DEBUG    | student_sim | id=466 gold=C | joint={'beginner': 'D', 'intermediate': 'C', 'advanced': 'C'} | isolated={'beginner': 'C', 'intermediate': 'C', 'advanced': 'C'}
2026-09-20 10:09:24 | DEBUG    | student_sim | id=467 gold=C | joint={'beginner': 'A', 'intermediate': 'C', 'advanced': 'B'} | isolated={'beginner': 'C', 'intermediate': 'C', 'advanced': 'C'}
2026-09-20 10:09:27 | DEBUG    | student_sim | id=468 gold=B | joint={'beginner': 'B', 'intermediate': 'B', 'advanced': 'B'} | isolated={'beginner': 'B', 'intermediate': 'B', 'advanced': 'B'}
2026-09-20 10:09:30 | DEBUG    | student_sim | id=469 gold=A | joint={'beginner': 'A', 'intermediate': 'A', 'advanced': 'A'} | isolated={'beginner': 'A', 'intermediate': 'A', 'advanced': 'A'}
2026-09-20 10:09:32 | DEBUG    | student_sim | id=470 gold=B | joint={'beginner': 'B', 'intermediate': 'B', 'advanced': 'D'} | isolated={'beginner': 'B', 'intermediate': 'B', 'advanced': 'B'}
2026-09-20 10:09:35 | DEBUG    | student_sim | id=471 gold=B | joint={'beginner': 'A', 'intermediate': 'D', 'advanced': 'D'} | isolated={'beginner': 'B', 'intermediate': 'B', 'advanced': 'B'}
2026-09-20 10:09:38 | DEBUG    | student_sim | id=472 gold=C | joint={'beginner': 'D', 'intermediate': 'D', 'advanced': 'D'} | isolated={'beginner': 'C', 'intermediate': 'C', 'advanced': 'C'}
2026-09-20 10:09:41 | DEBUG    | student_sim | id=473 gold=B | joint={'beginner': 'B', 'intermediate': 'B', 'advanced': 'B'} | isolated={'beginner': 'B', 'intermediate': 'B', 'advanced': 'B'}
2026-09-20 10:09:43 | DEBUG    | student_sim | id=474 gold=D | joint={'beginner': 'C', 'intermediate': 'D', 'advanced': 'D'} | isolated={'beginner': 'D', 'intermediate': 'D', 'advanced': 'D'}
2026-09-20 10:09:43 | INFO     | student_sim |   [ 475/ 500]  95.0% | acc B/I/A  join 0.52/0.79/0.76 | isol 0.79/0.82/0.82 | 2.74s/sample | ETA 1.1 min
2026-09-20 10:09:46 | DEBUG    | student_sim | id=475 gold=D | joint={'beginner': 'A', 'intermediate': 'D', 'advanced': 'A'} | isolated={'beginner': 'B', 'intermediate': 'B', 'advanced': 'A'}
2026-09-20 10:09:49 | DEBUG    | student_sim | id=476 gold=C | joint={'beginner': 'A', 'intermediate': 'C', 'advanced': 'C'} | isolated={'beginner': 'C', 'intermediate': 'C', 'advanced': 'C'}
2026-09-20 10:09:51 | DEBUG    | student_sim | id=477 gold=C | joint={'beginner': 'B', 'intermediate': 'C', 'advanced': 'A'} | isolated={'beginner': 'B', 'intermediate': 'A', 'advanced': 'C'}
2026-09-20 10:09:54 | DEBUG    | student_sim | id=478 gold=B | joint={'beginner': 'D', 'intermediate': 'B', 'advanced': 'B'} | isolated={'beginner': 'B', 'intermediate': 'B', 'advanced': 'B'}
2026-09-20 10:09:57 | DEBUG    | student_sim | id=479 gold=A | joint={'beginner': 'A', 'intermediate': 'A', 'advanced': 'A'} | isolated={'beginner': 'A', 'intermediate': 'A', 'advanced': 'A'}
2026-09-20 10:10:00 | DEBUG    | student_sim | id=480 gold=D | joint={'beginner': 'B', 'intermediate': 'D', 'advanced': 'D'} | isolated={'beginner': 'A', 'intermediate': 'A', 'advanced': 'D'}
2026-09-20 10:10:02 | DEBUG    | student_sim | id=481 gold=A | joint={'beginner': 'A', 'intermediate': 'B', 'advanced': 'D'} | isolated={'beginner': 'A', 'intermediate': 'A', 'advanced': 'A'}
2026-09-20 10:10:05 | DEBUG    | student_sim | id=482 gold=D | joint={'beginner': 'B', 'intermediate': 'C', 'advanced': 'C'} | isolated={'beginner': 'B', 'intermediate': 'C', 'advanced': 'C'}
2026-09-20 10:10:08 | DEBUG    | student_sim | id=483 gold=B | joint={'beginner': 'C', 'intermediate': 'B', 'advanced': 'B'} | isolated={'beginner': 'B', 'intermediate': 'B', 'advanced': 'B'}
2026-09-20 10:10:11 | DEBUG    | student_sim | id=484 gold=C | joint={'beginner': 'B', 'intermediate': 'C', 'advanced': 'C'} | isolated={'beginner': 'C', 'intermediate': 'C', 'advanced': 'C'}
2026-09-20 10:10:13 | DEBUG    | student_sim | id=485 gold=C | joint={'beginner': 'A', 'intermediate': 'A', 'advanced': 'C'} | isolated={'beginner': 'C', 'intermediate': 'A', 'advanced': 'C'}
2026-09-20 10:10:16 | DEBUG    | student_sim | id=486 gold=B | joint={'beginner': 'B', 'intermediate': 'B', 'advanced': 'B'} | isolated={'beginner': 'B', 'intermediate': 'B', 'advanced': 'B'}
2026-09-20 10:10:19 | DEBUG    | student_sim | id=487 gold=D | joint={'beginner': 'D', 'intermediate': 'D', 'advanced': 'D'} | isolated={'beginner': 'D', 'intermediate': 'B', 'advanced': 'B'}
2026-09-20 10:10:22 | DEBUG    | student_sim | id=488 gold=B | joint={'beginner': 'B', 'intermediate': 'B', 'advanced': 'B'} | isolated={'beginner': 'B', 'intermediate': 'B', 'advanced': 'B'}
2026-09-20 10:10:25 | DEBUG    | student_sim | id=489 gold=B | joint={'beginner': 'B', 'intermediate': 'B', 'advanced': 'B'} | isolated={'beginner': 'B', 'intermediate': 'B', 'advanced': 'B'}
2026-09-20 10:10:27 | DEBUG    | student_sim | id=490 gold=A | joint={'beginner': 'A', 'intermediate': 'A', 'advanced': 'A'} | isolated={'beginner': 'A', 'intermediate': 'A', 'advanced': 'A'}
2026-09-20 10:10:30 | DEBUG    | student_sim | id=491 gold=A | joint={'beginner': 'A', 'intermediate': 'A', 'advanced': 'B'} | isolated={'beginner': 'A', 'intermediate': 'A', 'advanced': 'A'}
2026-09-20 10:10:33 | DEBUG    | student_sim | id=492 gold=C | joint={'beginner': 'D', 'intermediate': 'C', 'advanced': 'C'} | isolated={'beginner': 'C', 'intermediate': 'C', 'advanced': 'C'}
2026-09-20 10:10:36 | DEBUG    | student_sim | id=493 gold=C | joint={'beginner': 'B', 'intermediate': 'B', 'advanced': 'B'} | isolated={'beginner': 'B', 'intermediate': 'B', 'advanced': 'B'}
2026-09-20 10:10:39 | DEBUG    | student_sim | id=494 gold=A | joint={'beginner': 'B', 'intermediate': 'A', 'advanced': 'A'} | isolated={'beginner': 'A', 'intermediate': 'A', 'advanced': 'A'}
2026-09-20 10:10:41 | DEBUG    | student_sim | id=495 gold=A | joint={'beginner': 'A', 'intermediate': 'A', 'advanced': 'A'} | isolated={'beginner': 'A', 'intermediate': 'A', 'advanced': 'A'}
2026-09-20 10:10:44 | DEBUG    | student_sim | id=496 gold=C | joint={'beginner': 'A', 'intermediate': 'C', 'advanced': 'B'} | isolated={'beginner': 'C', 'intermediate': 'C', 'advanced': 'C'}
2026-09-20 10:10:47 | DEBUG    | student_sim | id=497 gold=C | joint={'beginner': 'B', 'intermediate': 'C', 'advanced': 'C'} | isolated={'beginner': 'C', 'intermediate': 'C', 'advanced': 'C'}
2026-09-20 10:10:50 | DEBUG    | student_sim | id=498 gold=B | joint={'beginner': 'A', 'intermediate': 'B', 'advanced': 'B'} | isolated={'beginner': 'B', 'intermediate': 'B', 'advanced': 'B'}
2026-09-20 10:10:53 | DEBUG    | student_sim | id=499 gold=C | joint={'beginner': 'B', 'intermediate': 'A', 'advanced': 'B'} | isolated={'beginner': 'B', 'intermediate': 'B', 'advanced': 'B'}
2026-09-20 10:10:53 | INFO     | student_sim |   [ 500/ 500] 100.0% | acc B/I/A  join 0.51/0.79/0.76 | isol 0.79/0.81/0.82 | 2.74s/sample | ETA 0.0 min
2026-09-20 10:10:53 | INFO     | student_sim | 
2026-09-20 10:10:53 | INFO     | student_sim |   OBQA -- ACCURACY STRATIFICATION
2026-09-20 10:10:53 | INFO     | student_sim |   ------------------------------------------------------------------------------------------------
2026-09-20 10:10:53 | INFO     | student_sim |     paradigm     beginner   intermediate       advanced        gap   monotone
2026-09-20 10:10:53 | INFO     | student_sim |     joint          0.5120         0.7920         0.7580     0.2460         NO
2026-09-20 10:10:53 | INFO     | student_sim |     isolated       0.7920         0.8100         0.8200     0.0280        yes
2026-09-20 10:10:53 | INFO     | student_sim |     gap(joint) - gap(isolated) = +0.2180
2026-09-20 10:10:53 | INFO     | student_sim | 
2026-09-20 10:10:53 | INFO     | student_sim |     joint scaffold differentiation pressure (order beginner -> intermediate -> advanced)
2026-09-20 10:10:53 | INFO     | student_sim |       all three tiers distinct        : 0.068 (chance if independent: 0.375)
2026-09-20 10:10:53 | INFO     | student_sim |       last tier (advanced) breaks a tie : 0.123  over 253 agreeing questions
2026-09-20 10:10:53 | INFO     | student_sim |       those breaks that are wrong     : 0.710
2026-09-20 10:10:53 | INFO     | student_sim |       breaks away from correct answer : 0.581
2026-09-20 10:10:53 | INFO     | student_sim | 
2026-09-20 10:10:53 | INFO     | student_sim |     trap-hit rate among errors (random distractor baseline = 0.333)
2026-09-20 10:10:53 | INFO     | student_sim |       joint     beginner      longest 0.398 (n= 133) | stem-overlap 0.375 (n= 24) | lookalike 0.303 (n= 188)
2026-09-20 10:10:53 | INFO     | student_sim |       joint     intermediate  longest 0.349 (n=  63) | stem-overlap 0.400 (n=  5) | lookalike 0.312 (n=  77)
2026-09-20 10:10:53 | INFO     | student_sim |       joint     advanced      longest 0.304 (n=  69) | stem-overlap 0.222 (n=  9) | lookalike 0.292 (n=  89)
2026-09-20 10:10:53 | INFO     | student_sim |       isolated  beginner      longest 0.372 (n=  43) | stem-overlap 0.667 (n=  9) | lookalike 0.342 (n=  79)
2026-09-20 10:10:53 | INFO     | student_sim |       isolated  intermediate  longest 0.311 (n=  45) | stem-overlap 0.000 (n=  6) | lookalike 0.356 (n=  73)
2026-09-20 10:10:53 | INFO     | student_sim |       isolated  advanced      longest 0.250 (n=  48) | stem-overlap 0.400 (n=  5) | lookalike 0.343 (n=  67)
2026-09-20 10:10:53 | INFO     | student_sim |   ------------------------------------------------------------------------------------------------
2026-09-20 10:10:53 | INFO     | student_sim |   wrote /kaggle/working/results_persona_simulation_obqa_qwen2.5_7b.json
2026-09-20 10:10:53 | INFO     | student_sim | 
2026-09-20 10:10:53 | INFO     | student_sim | ====================================================================================================
2026-09-20 10:10:53 | INFO     | student_sim | SUMMARY -- accuracy by ability tier (zero context)
2026-09-20 10:10:53 | INFO     | student_sim | ====================================================================================================
2026-09-20 10:10:53 | INFO     | student_sim |   dataset  paradigm     beginner   intermediate       advanced        gap
2026-09-20 10:10:53 | INFO     | student_sim |   sciq     joint          0.3835         0.9321         0.9265     0.5430
2026-09-20 10:10:53 | INFO     | student_sim |   sciq     isolated       0.8925         0.9197         0.9253     0.0328
2026-09-20 10:10:53 | INFO     | student_sim |   obqa     joint          0.5120         0.7920         0.7580     0.2460
2026-09-20 10:10:53 | INFO     | student_sim |   obqa     isolated       0.7920         0.8100         0.8200     0.0280
2026-09-20 10:10:53 | INFO     | student_sim | 
2026-09-20 10:10:53 | INFO     | student_sim | Results sciq  : /kaggle/working/results_persona_simulation_sciq_qwen2.5_7b.json
2026-09-20 10:10:53 | INFO     | student_sim | Results obqa  : /kaggle/working/results_persona_simulation_obqa_qwen2.5_7b.json
2026-09-20 10:10:53 | INFO     | student_sim | Log           : /kaggle/working/student_simulation_qwen2.5_7b.log
2026-09-20 10:10:53 | INFO     | student_sim | Runtime       : 66.8 min
2026-09-20 10:10:53 | INFO     | student_sim | Done.
