2026-09-20 17:27:47 | INFO     | free_response | ====================================================================================================
2026-09-20 17:27:47 | INFO     | free_response | OPTION-FREE FREE-RESPONSE EVALUATION
2026-09-20 17:27:47 | INFO     | free_response | ====================================================================================================
2026-09-20 17:27:47 | INFO     | free_response | Model    : /kaggle/temp/Qwen2.5-7B-Instruct
2026-09-20 17:27:47 | INFO     | free_response | Cells    : A_prime, B_prime
2026-09-20 17:27:47 | INFO     | free_response | Datasets : sciq, obqa
2026-09-20 17:27:47 | INFO     | free_response | Limit    : none (full split)
2026-09-20 17:27:47 | INFO     | free_response | Decoding : greedy, max_new_tokens=24
2026-09-20 17:28:09 | INFO     | numexpr.utils | NumExpr defaulting to 4 threads.
2026-09-20 17:28:10 | INFO     | free_response | Loading tokenizer from /kaggle/temp/Qwen2.5-7B-Instruct
2026-09-20 17:28:42 | INFO     | free_response | VRAM after load: 5.45 GB of 14.56 GB
2026-09-20 17:28:42 | INFO     | free_response |   judge verdict tokens: {'CORRECT': 52320, 'INCORRECT': 38439}
2026-09-20 17:28:42 | INFO     | free_response | 
2026-09-20 17:28:42 | INFO     | free_response | ====================================================================================================
2026-09-20 17:28:42 | INFO     | free_response | DATASET SCIQ -- 884 samples, cells A_prime, B_prime
2026-09-20 17:28:42 | INFO     | free_response | ====================================================================================================
2026-09-20 17:28:43 | DEBUG    | free_response | id=0 cell=A_prime gold='oxidants' pred='oxidizing agents' stage=judge correct=True
2026-09-20 17:28:44 | DEBUG    | free_response | id=0 cell=B_prime gold='oxidants' pred='oxidants' stage=strict correct=True
2026-09-20 17:28:44 | DEBUG    | free_response | id=1 cell=A_prime gold='clone' pred='Clone' stage=strict correct=True
2026-09-20 17:28:44 | DEBUG    | free_response | id=1 cell=B_prime gold='clone' pred='Clone' stage=strict correct=True
2026-09-20 17:28:45 | DEBUG    | free_response | id=2 cell=A_prime gold='backbone' pred='vertebral column' stage=judge correct=True
2026-09-20 17:28:45 | DEBUG    | free_response | id=2 cell=B_prime gold='backbone' pred='backbone' stage=strict correct=True
2026-09-20 17:28:46 | DEBUG    | free_response | id=3 cell=A_prime gold='elevation' pred='Elevation' stage=strict correct=True
2026-09-20 17:28:46 | DEBUG    | free_response | id=3 cell=B_prime gold='elevation' pred='Elevation' stage=strict correct=True
2026-09-20 17:28:46 | DEBUG    | free_response | id=4 cell=A_prime gold='tree rings' pred='Tree rings' stage=strict correct=True
2026-09-20 17:28:47 | DEBUG    | free_response | id=4 cell=B_prime gold='tree rings' pred='Tree rings' stage=strict correct=True
2026-09-20 17:28:47 | DEBUG    | free_response | id=5 cell=A_prime gold='plant hormones' pred='Plant hormones' stage=strict correct=True
2026-09-20 17:28:47 | DEBUG    | free_response | id=5 cell=B_prime gold='plant hormones' pred='Plant hormones' stage=strict correct=True
2026-09-20 17:28:48 | DEBUG    | free_response | id=6 cell=A_prime gold='sperm and eggs' pred='gametes' stage=judge correct=True
2026-09-20 17:28:48 | DEBUG    | free_response | id=6 cell=B_prime gold='sperm and eggs' pred='sperm and eggs' stage=strict correct=True
2026-09-20 17:28:49 | DEBUG    | free_response | id=7 cell=A_prime gold='deciduous' pred='Deciduous' stage=strict correct=True
2026-09-20 17:28:50 | DEBUG    | free_response | id=7 cell=B_prime gold='deciduous' pred='Deciduous trees' stage=judge correct=True
2026-09-20 17:28:50 | DEBUG    | free_response | id=8 cell=A_prime gold='highly viscous' pred='High' stage=judge correct=True
2026-09-20 17:28:51 | DEBUG    | free_response | id=8 cell=B_prime gold='highly viscous' pred='highly viscous' stage=strict correct=True
2026-09-20 17:28:51 | DEBUG    | free_response | id=9 cell=A_prime gold='regular array' pred='crystal lattice' stage=judge correct=True
2026-09-20 17:28:52 | DEBUG    | free_response | id=9 cell=B_prime gold='regular array' pred='lattice' stage=judge correct=True
2026-09-20 17:28:53 | DEBUG    | free_response | id=10 cell=A_prime gold='about 2 km' pred='3,000 meters' stage=judge correct=True
2026-09-20 17:28:54 | DEBUG    | free_response | id=10 cell=B_prime gold='about 2 km' pred='2 km' stage=judge correct=True
2026-09-20 17:28:55 | DEBUG    | free_response | id=11 cell=A_prime gold='insects' pred='arthropods' stage=judge correct=False
2026-09-20 17:28:55 | DEBUG    | free_response | id=11 cell=B_prime gold='insects' pred='insects' stage=strict correct=True
2026-09-20 17:28:55 | DEBUG    | free_response | id=12 cell=A_prime gold='sediments' pred='sediment' stage=normalised correct=True
2026-09-20 17:28:55 | DEBUG    | free_response | id=12 cell=B_prime gold='sediments' pred='sediments' stage=strict correct=True
2026-09-20 17:28:56 | DEBUG    | free_response | id=13 cell=A_prime gold='male reproductive system' pred='Reproductive' stage=judge correct=False
2026-09-20 17:28:57 | DEBUG    | free_response | id=13 cell=B_prime gold='male reproductive system' pred='Reproductive' stage=judge correct=False
2026-09-20 17:28:58 | DEBUG    | free_response | id=14 cell=A_prime gold='photosynthesis' pred='Cyanophylls' stage=judge correct=False
2026-09-20 17:28:58 | DEBUG    | free_response | id=14 cell=B_prime gold='photosynthesis' pred='photosynthesis' stage=strict correct=True
2026-09-20 17:28:59 | DEBUG    | free_response | id=15 cell=A_prime gold='electroluminescence' pred='Electrons emit light when they return to lower energy levels' stage=judge correct=True
2026-09-20 17:29:00 | DEBUG    | free_response | id=15 cell=B_prime gold='electroluminescence' pred='Electroluminescence' stage=strict correct=True
2026-09-20 17:29:00 | DEBUG    | free_response | id=16 cell=A_prime gold='wings' pred='Wings' stage=strict correct=True
2026-09-20 17:29:00 | DEBUG    | free_response | id=16 cell=B_prime gold='wings' pred='Wings' stage=strict correct=True
2026-09-20 17:29:01 | DEBUG    | free_response | id=17 cell=A_prime gold='oxygen' pred='Cellular respiration' stage=judge correct=False
2026-09-20 17:29:02 | DEBUG    | free_response | id=17 cell=B_prime gold='oxygen' pred='oxygen' stage=strict correct=True
2026-09-20 17:29:02 | DEBUG    | free_response | id=18 cell=A_prime gold='feldspar and quartz' pred='Feldspar and quartz' stage=strict correct=True
2026-09-20 17:29:02 | DEBUG    | free_response | id=18 cell=B_prime gold='feldspar and quartz' pred='Feldspar and quartz' stage=strict correct=True
2026-09-20 17:29:03 | DEBUG    | free_response | id=19 cell=A_prime gold='humidity' pred='Humidity' stage=strict correct=True
2026-09-20 17:29:03 | DEBUG    | free_response | id=19 cell=B_prime gold='humidity' pred='Humidity' stage=strict correct=True
2026-09-20 17:29:03 | DEBUG    | free_response | id=20 cell=A_prime gold='diffusion' pred='Diffusion' stage=strict correct=True
2026-09-20 17:29:04 | DEBUG    | free_response | id=20 cell=B_prime gold='diffusion' pred='diffusion' stage=strict correct=True
2026-09-20 17:29:04 | DEBUG    | free_response | id=21 cell=A_prime gold='plant' pred='Plant' stage=strict correct=True
2026-09-20 17:29:04 | DEBUG    | free_response | id=21 cell=B_prime gold='plant' pred='Plant' stage=strict correct=True
2026-09-20 17:29:05 | DEBUG    | free_response | id=22 cell=A_prime gold='goosebumps' pred='Piloerection' stage=judge correct=True
2026-09-20 17:29:06 | DEBUG    | free_response | id=22 cell=B_prime gold='goosebumps' pred='Goosebumps' stage=strict correct=True
2026-09-20 17:29:06 | DEBUG    | free_response | id=23 cell=A_prime gold='bone fractures' pred='fractures' stage=judge correct=True
2026-09-20 17:29:07 | DEBUG    | free_response | id=23 cell=B_prime gold='bone fractures' pred='fractures' stage=judge correct=True
2026-09-20 17:29:08 | DEBUG    | free_response | id=24 cell=A_prime gold='between atoms' pred='Chemical bonds' stage=judge correct=True
2026-09-20 17:29:09 | DEBUG    | free_response | id=24 cell=B_prime gold='between atoms' pred='Chemical bonds' stage=judge correct=True
2026-09-20 17:29:10 | DEBUG    | free_response | id=25 cell=A_prime gold='immune system' pred='vitamin D' stage=judge correct=False
2026-09-20 17:29:10 | DEBUG    | free_response | id=25 cell=B_prime gold='immune system' pred='immune system' stage=strict correct=True
2026-09-20 17:29:11 | DEBUG    | free_response | id=26 cell=A_prime gold='nitrogen' pred='Nitrogen' stage=strict correct=True
2026-09-20 17:29:11 | DEBUG    | free_response | id=26 cell=B_prime gold='nitrogen' pred='Organisms' stage=judge correct=False
2026-09-20 17:29:12 | DEBUG    | free_response | id=27 cell=A_prime gold='sexual reproduction' pred='Sexual' stage=judge correct=True
2026-09-20 17:29:13 | DEBUG    | free_response | id=27 cell=B_prime gold='sexual reproduction' pred='sexual' stage=judge correct=True
2026-09-20 17:29:13 | DEBUG    | free_response | id=28 cell=A_prime gold='stomach' pred='Stomach' stage=strict correct=True
2026-09-20 17:29:14 | DEBUG    | free_response | id=28 cell=B_prime gold='stomach' pred='stomach' stage=strict correct=True
2026-09-20 17:29:14 | DEBUG    | free_response | id=29 cell=A_prime gold='gender determination' pred='reproduction' stage=judge correct=False
2026-09-20 17:29:15 | DEBUG    | free_response | id=29 cell=B_prime gold='gender determination' pred='gender determination' stage=strict correct=True
2026-09-20 17:29:15 | DEBUG    | free_response | id=30 cell=A_prime gold='aluminum' pred='Silicon' stage=judge correct=False
2026-09-20 17:29:16 | DEBUG    | free_response | id=30 cell=B_prime gold='aluminum' pred='Aluminum' stage=strict correct=True
2026-09-20 17:29:16 | DEBUG    | free_response | id=31 cell=A_prime gold='thermal energy' pred='Temperature' stage=judge correct=False
2026-09-20 17:29:17 | DEBUG    | free_response | id=31 cell=B_prime gold='thermal energy' pred='Thermal energy' stage=strict correct=True
2026-09-20 17:29:17 | DEBUG    | free_response | id=32 cell=A_prime gold='pupil' pred='Cornea' stage=judge correct=False
2026-09-20 17:29:18 | DEBUG    | free_response | id=32 cell=B_prime gold='pupil' pred='pupil' stage=strict correct=True
2026-09-20 17:29:18 | DEBUG    | free_response | id=33 cell=A_prime gold='fight-or-flight' pred='Fight-or-flight' stage=strict correct=True
2026-09-20 17:29:19 | DEBUG    | free_response | id=33 cell=B_prime gold='fight-or-flight' pred='flight-or-flight' stage=judge correct=True
2026-09-20 17:29:20 | DEBUG    | free_response | id=34 cell=A_prime gold='vestibular system' pred='Vagus nerve' stage=judge correct=False
2026-09-20 17:29:21 | DEBUG    | free_response | id=34 cell=B_prime gold='vestibular system' pred='Vestibular system' stage=strict correct=True
2026-09-20 17:29:21 | DEBUG    | free_response | id=35 cell=A_prime gold='joules' pred='joules' stage=strict correct=True
2026-09-20 17:29:22 | DEBUG    | free_response | id=35 cell=B_prime gold='joules' pred='joules' stage=strict correct=True
2026-09-20 17:29:22 | DEBUG    | free_response | id=36 cell=A_prime gold='photosynthesis' pred='Photosynthesis' stage=strict correct=True
2026-09-20 17:29:22 | DEBUG    | free_response | id=36 cell=B_prime gold='photosynthesis' pred='photosynthesis' stage=strict correct=True
2026-09-20 17:29:23 | DEBUG    | free_response | id=37 cell=A_prime gold='dead organisms' pred='Decomposition' stage=judge correct=False
2026-09-20 17:29:23 | DEBUG    | free_response | id=37 cell=B_prime gold='dead organisms' pred='dead organisms' stage=strict correct=True
2026-09-20 17:29:24 | DEBUG    | free_response | id=38 cell=A_prime gold='become red supergiants' pred='Supernova' stage=judge correct=False
2026-09-20 17:29:25 | DEBUG    | free_response | id=38 cell=B_prime gold='become red supergiants' pred='Red Supergiants' stage=judge correct=True
2026-09-20 17:29:26 | DEBUG    | free_response | id=39 cell=A_prime gold='hydroxide ions' pred='OH-' stage=judge correct=True
2026-09-20 17:29:26 | DEBUG    | free_response | id=39 cell=B_prime gold='hydroxide ions' pred='hydroxide ions' stage=strict correct=True
2026-09-20 17:29:26 | DEBUG    | free_response | id=40 cell=A_prime gold='voltages' pred='voltages' stage=strict correct=True
2026-09-20 17:29:27 | DEBUG    | free_response | id=40 cell=B_prime gold='voltages' pred='voltages' stage=strict correct=True
2026-09-20 17:29:28 | DEBUG    | free_response | id=41 cell=A_prime gold='extreme water pressure' pred='pressure' stage=judge correct=True
2026-09-20 17:29:29 | DEBUG    | free_response | id=41 cell=B_prime gold='extreme water pressure' pred='extreme water pressure, very cold water, and complete darkness' stage=judge correct=True
2026-09-20 17:29:30 | DEBUG    | free_response | id=42 cell=A_prime gold='central nervous system' pred='Nervous System' stage=judge correct=True
2026-09-20 17:29:30 | DEBUG    | free_response | id=42 cell=B_prime gold='central nervous system' pred='central nervous system' stage=strict correct=True
2026-09-20 17:29:30 | DEBUG    | free_response | id=43 cell=A_prime gold='enzymes' pred='Enzymes' stage=strict correct=True
2026-09-20 17:29:31 | DEBUG    | free_response | id=43 cell=B_prime gold='enzymes' pred='Enzymes' stage=strict correct=True
2026-09-20 17:29:31 | DEBUG    | free_response | id=44 cell=A_prime gold='analytical balance' pred='Balance' stage=judge correct=True
2026-09-20 17:29:32 | DEBUG    | free_response | id=44 cell=B_prime gold='analytical balance' pred='Analytical balance' stage=strict correct=True
2026-09-20 17:29:33 | DEBUG    | free_response | id=45 cell=A_prime gold='to attract pollinators' pred='Attract pollinators' stage=judge correct=True
2026-09-20 17:29:33 | DEBUG    | free_response | id=45 cell=B_prime gold='to attract pollinators' pred='to attract pollinators' stage=strict correct=True
2026-09-20 17:29:34 | DEBUG    | free_response | id=46 cell=A_prime gold='abdominal' pred='Thoracic' stage=judge correct=False
2026-09-20 17:29:35 | DEBUG    | free_response | id=46 cell=B_prime gold='abdominal' pred='abdominal' stage=strict correct=True
2026-09-20 17:29:35 | DEBUG    | free_response | id=47 cell=A_prime gold='food' pred='food' stage=strict correct=True
2026-09-20 17:29:36 | DEBUG    | free_response | id=47 cell=B_prime gold='food' pred='food' stage=strict correct=True
2026-09-20 17:29:36 | DEBUG    | free_response | id=48 cell=A_prime gold='rods and cones' pred='rods and cones' stage=strict correct=True
2026-09-20 17:29:36 | DEBUG    | free_response | id=48 cell=B_prime gold='rods and cones' pred='rods and cones' stage=strict correct=True
2026-09-20 17:29:37 | DEBUG    | free_response | id=49 cell=A_prime gold='abiotic factors' pred='abiotic' stage=judge correct=True
2026-09-20 17:29:38 | DEBUG    | free_response | id=49 cell=B_prime gold='abiotic factors' pred='abiotic factors' stage=strict correct=True
2026-09-20 17:29:38 | DEBUG    | free_response | id=50 cell=A_prime gold='volcanic activity' pred='Volcanic activity' stage=strict correct=True
2026-09-20 17:29:39 | DEBUG    | free_response | id=50 cell=B_prime gold='volcanic activity' pred='Volcanic activity' stage=strict correct=True
2026-09-20 17:29:39 | DEBUG    | free_response | id=51 cell=A_prime gold='central nervous' pred='Central nervous system' stage=judge correct=True
2026-09-20 17:29:40 | DEBUG    | free_response | id=51 cell=B_prime gold='central nervous' pred='central nervous system' stage=judge correct=True
2026-09-20 17:29:41 | DEBUG    | free_response | id=52 cell=A_prime gold='smooth' pred='Diaphragm' stage=judge correct=False
2026-09-20 17:29:42 | DEBUG    | free_response | id=52 cell=B_prime gold='smooth' pred='Smooth muscle' stage=judge correct=True
2026-09-20 17:29:42 | DEBUG    | free_response | id=53 cell=A_prime gold='pi bonds' pred='Pi bonds' stage=strict correct=True
2026-09-20 17:29:42 | DEBUG    | free_response | id=53 cell=B_prime gold='pi bonds' pred='Pi bonds' stage=strict correct=True
2026-09-20 17:29:43 | DEBUG    | free_response | id=54 cell=A_prime gold='14th' pred='Day 14' stage=judge correct=True
2026-09-20 17:29:44 | DEBUG    | free_response | id=54 cell=B_prime gold='14th' pred='day 14' stage=judge correct=True
2026-09-20 17:29:44 | DEBUG    | free_response | id=55 cell=A_prime gold='invertebrate' pred='Invertebrates' stage=normalised correct=True
2026-09-20 17:29:45 | DEBUG    | free_response | id=55 cell=B_prime gold='invertebrate' pred='Invertebrates' stage=normalised correct=True
2026-09-20 17:29:45 | DEBUG    | free_response | id=56 cell=A_prime gold='backbone' pred='Spine' stage=judge correct=True
2026-09-20 17:29:46 | DEBUG    | free_response | id=56 cell=B_prime gold='backbone' pred='脊柱' stage=judge correct=True
2026-09-20 17:29:47 | DEBUG    | free_response | id=57 cell=A_prime gold='melting' pred='melting point' stage=judge correct=True
2026-09-20 17:29:47 | DEBUG    | free_response | id=57 cell=B_prime gold='melting' pred='melting' stage=strict correct=True
2026-09-20 17:29:48 | DEBUG    | free_response | id=58 cell=A_prime gold='ovarian' pred='Oogonia' stage=judge correct=True
2026-09-20 17:29:49 | DEBUG    | free_response | id=58 cell=B_prime gold='ovarian' pred='ovarian stem cells' stage=judge correct=True
2026-09-20 17:29:50 | DEBUG    | free_response | id=59 cell=A_prime gold='motion' pred='Physics' stage=judge correct=False
2026-09-20 17:29:50 | DEBUG    | free_response | id=59 cell=B_prime gold='motion' pred='motion' stage=strict correct=True
2026-09-20 17:29:51 | DEBUG    | free_response | id=60 cell=A_prime gold='metamorphosis' pred='Metamorphosis' stage=strict correct=True
2026-09-20 17:29:51 | DEBUG    | free_response | id=60 cell=B_prime gold='metamorphosis' pred='metamorphosis' stage=strict correct=True
2026-09-20 17:29:52 | DEBUG    | free_response | id=61 cell=A_prime gold='a neutral one' pred='Neutral' stage=judge correct=True
2026-09-20 17:29:53 | DEBUG    | free_response | id=61 cell=B_prime gold='a neutral one' pred='neutral' stage=judge correct=True
2026-09-20 17:29:53 | DEBUG    | free_response | id=62 cell=A_prime gold='jet streams' pred='Jet streams' stage=strict correct=True
2026-09-20 17:29:53 | DEBUG    | free_response | id=62 cell=B_prime gold='jet streams' pred='Jet streams' stage=strict correct=True
2026-09-20 17:29:54 | DEBUG    | free_response | id=63 cell=A_prime gold='kidneys' pred='Kidneys' stage=strict correct=True
2026-09-20 17:29:54 | DEBUG    | free_response | id=63 cell=B_prime gold='kidneys' pred='Kidneys' stage=strict correct=True
2026-09-20 17:29:55 | DEBUG    | free_response | id=64 cell=A_prime gold='life cycles' pred='spores' stage=judge correct=False
2026-09-20 17:29:55 | DEBUG    | free_response | id=64 cell=B_prime gold='life cycles' pred='life cycles' stage=strict correct=True
2026-09-20 17:29:56 | DEBUG    | free_response | id=65 cell=A_prime gold='the anode' pred='Anode' stage=strict correct=True
2026-09-20 17:29:56 | DEBUG    | free_response | id=65 cell=B_prime gold='the anode' pred='anode' stage=strict correct=True
2026-09-20 17:29:56 | DEBUG    | free_response | id=66 cell=A_prime gold='retina' pred='retina' stage=strict correct=True
2026-09-20 17:29:57 | DEBUG    | free_response | id=66 cell=B_prime gold='retina' pred='retina' stage=strict correct=True
2026-09-20 17:29:57 | DEBUG    | free_response | id=67 cell=A_prime gold='energy' pred='Energy' stage=strict correct=True
2026-09-20 17:29:57 | DEBUG    | free_response | id=67 cell=B_prime gold='energy' pred='Energy' stage=strict correct=True
2026-09-20 17:29:58 | DEBUG    | free_response | id=68 cell=A_prime gold='golden eagles' pred='Eagle' stage=judge correct=False
2026-09-20 17:29:59 | DEBUG    | free_response | id=68 cell=B_prime gold='golden eagles' pred='Golden Eagle' stage=normalised correct=True
2026-09-20 17:29:59 | DEBUG    | free_response | id=69 cell=A_prime gold='nucleus' pred='Nucleus' stage=strict correct=True
2026-09-20 17:29:59 | DEBUG    | free_response | id=69 cell=B_prime gold='nucleus' pred='nucleus' stage=strict correct=True
2026-09-20 17:30:00 | DEBUG    | free_response | id=70 cell=A_prime gold='teeth' pred='scutes' stage=judge correct=False
2026-09-20 17:30:01 | DEBUG    | free_response | id=70 cell=B_prime gold='teeth' pred='teeth' stage=strict correct=True
2026-09-20 17:30:01 | DEBUG    | free_response | id=71 cell=A_prime gold='methane' pred='Methane' stage=strict correct=True
2026-09-20 17:30:01 | DEBUG    | free_response | id=71 cell=B_prime gold='methane' pred='methane' stage=strict correct=True
2026-09-20 17:30:02 | DEBUG    | free_response | id=72 cell=A_prime gold='kidneys' pred='Kidneys' stage=strict correct=True
2026-09-20 17:30:02 | DEBUG    | free_response | id=72 cell=B_prime gold='kidneys' pred='Kidneys' stage=strict correct=True
2026-09-20 17:30:03 | DEBUG    | free_response | id=73 cell=A_prime gold='one mole' pred='Mole' stage=judge correct=True
2026-09-20 17:30:04 | DEBUG    | free_response | id=73 cell=B_prime gold='one mole' pred='mole' stage=judge correct=True
2026-09-20 17:30:04 | DEBUG    | free_response | id=74 cell=A_prime gold='vision' pred='Eye' stage=judge correct=False
2026-09-20 17:30:05 | DEBUG    | free_response | id=74 cell=B_prime gold='vision' pred='Vision' stage=strict correct=True
2026-09-20 17:30:05 | DEBUG    | free_response | id=75 cell=A_prime gold='a marsupial' pred='marsupial' stage=strict correct=True
2026-09-20 17:30:05 | DEBUG    | free_response | id=75 cell=B_prime gold='a marsupial' pred='Marsupial' stage=strict correct=True
2026-09-20 17:30:06 | DEBUG    | free_response | id=76 cell=A_prime gold='parasitic' pred='Parasites' stage=judge correct=True
2026-09-20 17:30:07 | DEBUG    | free_response | id=76 cell=B_prime gold='parasitic' pred='parasitic' stage=strict correct=True
2026-09-20 17:30:07 | DEBUG    | free_response | id=77 cell=A_prime gold='osmosis' pred='Osmosis' stage=strict correct=True
2026-09-20 17:30:08 | DEBUG    | free_response | id=77 cell=B_prime gold='osmosis' pred='Osmosis' stage=strict correct=True
2026-09-20 17:30:08 | DEBUG    | free_response | id=78 cell=A_prime gold='neutrons' pred='neutrons' stage=strict correct=True
2026-09-20 17:30:08 | DEBUG    | free_response | id=78 cell=B_prime gold='neutrons' pred='neutrons' stage=strict correct=True
2026-09-20 17:30:09 | DEBUG    | free_response | id=79 cell=A_prime gold='torque' pred='Torque' stage=strict correct=True
2026-09-20 17:30:09 | DEBUG    | free_response | id=79 cell=B_prime gold='torque' pred='Torque' stage=strict correct=True
2026-09-20 17:30:09 | DEBUG    | free_response | id=80 cell=A_prime gold='tendons' pred='Tendons' stage=strict correct=True
2026-09-20 17:30:10 | DEBUG    | free_response | id=80 cell=B_prime gold='tendons' pred='tendons' stage=strict correct=True
2026-09-20 17:30:10 | DEBUG    | free_response | id=81 cell=A_prime gold='vision' pred='Vision' stage=strict correct=True
2026-09-20 17:30:10 | DEBUG    | free_response | id=81 cell=B_prime gold='vision' pred='Vision' stage=strict correct=True
2026-09-20 17:30:11 | DEBUG    | free_response | id=82 cell=A_prime gold='seed and pollen' pred='Vessels and Cuticle' stage=judge correct=False
2026-09-20 17:30:12 | DEBUG    | free_response | id=82 cell=B_prime gold='seed and pollen' pred='seed and pollen' stage=strict correct=True
2026-09-20 17:30:13 | DEBUG    | free_response | id=83 cell=A_prime gold='energy' pred='Electrolysis' stage=judge correct=False
2026-09-20 17:30:13 | DEBUG    | free_response | id=83 cell=B_prime gold='energy' pred='energy' stage=strict correct=True
2026-09-20 17:30:14 | DEBUG    | free_response | id=84 cell=A_prime gold='notochord' pred='notochord' stage=strict correct=True
2026-09-20 17:30:14 | DEBUG    | free_response | id=84 cell=B_prime gold='notochord' pred='notochord' stage=strict correct=True
2026-09-20 17:30:15 | DEBUG    | free_response | id=85 cell=A_prime gold='visible light' pred='Visible' stage=judge correct=True
2026-09-20 17:30:15 | DEBUG    | free_response | id=85 cell=B_prime gold='visible light' pred='Visible light' stage=strict correct=True
2026-09-20 17:30:16 | DEBUG    | free_response | id=86 cell=A_prime gold='sperm and egg' pred='Sperm and卵细胞' stage=judge correct=True
2026-09-20 17:30:17 | DEBUG    | free_response | id=86 cell=B_prime gold='sperm and egg' pred='sperm and egg' stage=strict correct=True
2026-09-20 17:30:17 | DEBUG    | free_response | id=87 cell=A_prime gold='plates' pred='plates' stage=strict correct=True
2026-09-20 17:30:17 | DEBUG    | free_response | id=87 cell=B_prime gold='plates' pred='plates' stage=strict correct=True
2026-09-20 17:30:17 | INFO     | free_response |   [ 88/884] A_prime 0.76  B_prime 0.98 | 1.09s/item | ETA 14.4 min
2026-09-20 17:30:17 | DEBUG    | free_response | id=88 cell=A_prime gold='infant' pred='Infant' stage=strict correct=True
2026-09-20 17:30:18 | DEBUG    | free_response | id=88 cell=B_prime gold='infant' pred='infant' stage=strict correct=True
2026-09-20 17:30:19 | DEBUG    | free_response | id=89 cell=A_prime gold='prefixes' pred='Subscripts' stage=judge correct=False
2026-09-20 17:30:19 | DEBUG    | free_response | id=89 cell=B_prime gold='prefixes' pred='Prefixes' stage=strict correct=True
2026-09-20 17:30:20 | DEBUG    | free_response | id=90 cell=A_prime gold='derived units' pred='physical' stage=judge correct=False
2026-09-20 17:30:20 | DEBUG    | free_response | id=90 cell=B_prime gold='derived units' pred='derived units' stage=strict correct=True
2026-09-20 17:30:20 | DEBUG    | free_response | id=91 cell=A_prime gold='kinetic' pred='Kinetic' stage=strict correct=True
2026-09-20 17:30:21 | DEBUG    | free_response | id=91 cell=B_prime gold='kinetic' pred='kinetic' stage=strict correct=True
2026-09-20 17:30:21 | DEBUG    | free_response | id=92 cell=A_prime gold='terminal velocity' pred='terminal velocity' stage=strict correct=True
2026-09-20 17:30:22 | DEBUG    | free_response | id=92 cell=B_prime gold='terminal velocity' pred='terminal velocity' stage=strict correct=True
2026-09-20 17:30:22 | DEBUG    | free_response | id=93 cell=A_prime gold='ovaries' pred='Ovaries' stage=strict correct=True
2026-09-20 17:30:23 | DEBUG    | free_response | id=93 cell=B_prime gold='ovaries' pred='Ovaries' stage=strict correct=True
2026-09-20 17:30:23 | DEBUG    | free_response | id=94 cell=A_prime gold='camouflage' pred='Camouflage' stage=strict correct=True
2026-09-20 17:30:23 | DEBUG    | free_response | id=94 cell=B_prime gold='camouflage' pred='Camouflage' stage=strict correct=True
2026-09-20 17:30:24 | DEBUG    | free_response | id=95 cell=A_prime gold='coagulation' pred='Coagulation' stage=strict correct=True
2026-09-20 17:30:24 | DEBUG    | free_response | id=95 cell=B_prime gold='coagulation' pred='coagulation' stage=strict correct=True
2026-09-20 17:30:25 | DEBUG    | free_response | id=96 cell=A_prime gold='ecology' pred='Ecology' stage=strict correct=True
2026-09-20 17:30:25 | DEBUG    | free_response | id=96 cell=B_prime gold='ecology' pred='Ecology' stage=strict correct=True
2026-09-20 17:30:26 | DEBUG    | free_response | id=97 cell=A_prime gold='amniotic' pred='amniotic' stage=strict correct=True
2026-09-20 17:30:26 | DEBUG    | free_response | id=97 cell=B_prime gold='amniotic' pred='amniotic' stage=strict correct=True
2026-09-20 17:30:26 | DEBUG    | free_response | id=98 cell=A_prime gold='genetic drift' pred='Genetic Drift' stage=strict correct=True
2026-09-20 17:30:27 | DEBUG    | free_response | id=98 cell=B_prime gold='genetic drift' pred='Genetic Drift' stage=strict correct=True
2026-09-20 17:30:28 | DEBUG    | free_response | id=99 cell=A_prime gold='implantation' pred='Implantation' stage=strict correct=True
2026-09-20 17:30:28 | DEBUG    | free_response | id=99 cell=B_prime gold='implantation' pred='Implantation' stage=strict correct=True
2026-09-20 17:30:28 | DEBUG    | free_response | id=100 cell=A_prime gold='fluorescence' pred='fluorescence' stage=strict correct=True
2026-09-20 17:30:29 | DEBUG    | free_response | id=100 cell=B_prime gold='fluorescence' pred='fluorescence' stage=strict correct=True
2026-09-20 17:30:29 | DEBUG    | free_response | id=101 cell=A_prime gold='cancer' pred='Cancer' stage=strict correct=True
2026-09-20 17:30:30 | DEBUG    | free_response | id=101 cell=B_prime gold='cancer' pred='Cancer' stage=strict correct=True
2026-09-20 17:30:30 | DEBUG    | free_response | id=102 cell=A_prime gold='it will sink' pred='sink' stage=judge correct=True
2026-09-20 17:30:31 | DEBUG    | free_response | id=102 cell=B_prime gold='it will sink' pred='sink' stage=judge correct=True
2026-09-20 17:30:31 | DEBUG    | free_response | id=103 cell=A_prime gold='skin' pred='Skin' stage=strict correct=True
2026-09-20 17:30:32 | DEBUG    | free_response | id=103 cell=B_prime gold='skin' pred='skin' stage=strict correct=True
2026-09-20 17:30:33 | DEBUG    | free_response | id=104 cell=A_prime gold='a hill' pred='Elevation difference' stage=judge correct=False
2026-09-20 17:30:33 | DEBUG    | free_response | id=104 cell=B_prime gold='a hill' pred='hill' stage=strict correct=True
2026-09-20 17:30:33 | DEBUG    | free_response | id=105 cell=A_prime gold='alveoli' pred='Alveoli' stage=strict correct=True
2026-09-20 17:30:34 | DEBUG    | free_response | id=105 cell=B_prime gold='alveoli' pred='Alveoli' stage=strict correct=True
2026-09-20 17:30:34 | DEBUG    | free_response | id=106 cell=A_prime gold='monthly' pred='Monthly' stage=strict correct=True
2026-09-20 17:30:34 | DEBUG    | free_response | id=106 cell=B_prime gold='monthly' pred='monthly' stage=strict correct=True
2026-09-20 17:30:34 | DEBUG    | free_response | id=107 cell=A_prime gold='rings' pred='rings' stage=strict correct=True
2026-09-20 17:30:35 | DEBUG    | free_response | id=107 cell=B_prime gold='rings' pred="Saturn's rings" stage=judge correct=True
2026-09-20 17:30:36 | DEBUG    | free_response | id=108 cell=A_prime gold='hair' pred='keratin' stage=judge correct=False
2026-09-20 17:30:37 | DEBUG    | free_response | id=108 cell=B_prime gold='hair' pred='Hair' stage=strict correct=True
2026-09-20 17:30:37 | DEBUG    | free_response | id=109 cell=A_prime gold='head' pred='neck' stage=judge correct=True
2026-09-20 17:30:38 | DEBUG    | free_response | id=109 cell=B_prime gold='head' pred='head' stage=strict correct=True
2026-09-20 17:30:38 | DEBUG    | free_response | id=110 cell=A_prime gold='seed plants' pred='Crops' stage=judge correct=True
2026-09-20 17:30:39 | DEBUG    | free_response | id=110 cell=B_prime gold='seed plants' pred='seed plants' stage=strict correct=True
2026-09-20 17:30:39 | DEBUG    | free_response | id=111 cell=A_prime gold='ketones' pred='ketones' stage=strict correct=True
2026-09-20 17:30:39 | DEBUG    | free_response | id=111 cell=B_prime gold='ketones' pred='ketones' stage=strict correct=True
2026-09-20 17:30:40 | DEBUG    | free_response | id=112 cell=A_prime gold='prokaryotic cells' pred='Prokaryotes' stage=judge correct=True
2026-09-20 17:30:41 | DEBUG    | free_response | id=112 cell=B_prime gold='prokaryotic cells' pred='Prokaryotic' stage=judge correct=True
2026-09-20 17:30:42 | DEBUG    | free_response | id=113 cell=A_prime gold='ligaments' pred='Muscle' stage=judge correct=False
2026-09-20 17:30:42 | DEBUG    | free_response | id=113 cell=B_prime gold='ligaments' pred='ligaments' stage=strict correct=True
2026-09-20 17:30:43 | DEBUG    | free_response | id=114 cell=A_prime gold='hormones' pred='hormones' stage=strict correct=True
2026-09-20 17:30:43 | DEBUG    | free_response | id=114 cell=B_prime gold='hormones' pred='hormones' stage=strict correct=True
2026-09-20 17:30:43 | DEBUG    | free_response | id=115 cell=A_prime gold='elephantiasis' pred='Elephantiasis' stage=strict correct=True
2026-09-20 17:30:44 | DEBUG    | free_response | id=115 cell=B_prime gold='elephantiasis' pred='Elephantiasis' stage=strict correct=True
2026-09-20 17:30:45 | DEBUG    | free_response | id=116 cell=A_prime gold='physical oceanography' pred='Oceanography' stage=judge correct=False
2026-09-20 17:30:45 | DEBUG    | free_response | id=116 cell=B_prime gold='physical oceanography' pred='Physical oceanography' stage=strict correct=True
2026-09-20 17:30:45 | DEBUG    | free_response | id=117 cell=A_prime gold='head' pred='Head' stage=strict correct=True
2026-09-20 17:30:46 | DEBUG    | free_response | id=117 cell=B_prime gold='head' pred='head' stage=strict correct=True
2026-09-20 17:30:46 | DEBUG    | free_response | id=118 cell=A_prime gold='hypha' pred='hypha' stage=strict correct=True
2026-09-20 17:30:46 | DEBUG    | free_response | id=118 cell=B_prime gold='hypha' pred='hypha' stage=strict correct=True
2026-09-20 17:30:47 | DEBUG    | free_response | id=119 cell=A_prime gold='acid rain' pred='Acid rain' stage=strict correct=True
2026-09-20 17:30:47 | DEBUG    | free_response | id=119 cell=B_prime gold='acid rain' pred='Acid rain' stage=strict correct=True
2026-09-20 17:30:48 | DEBUG    | free_response | id=120 cell=A_prime gold='decomposing dead organisms' pred='Decay' stage=judge correct=True
2026-09-20 17:30:48 | DEBUG    | free_response | id=120 cell=B_prime gold='decomposing dead organisms' pred='Decomposing dead organisms' stage=strict correct=True
2026-09-20 17:30:49 | DEBUG    | free_response | id=121 cell=A_prime gold='gibberellins' pred='Auxins' stage=judge correct=False
2026-09-20 17:30:50 | DEBUG    | free_response | id=121 cell=B_prime gold='gibberellins' pred='Gibberellins' stage=strict correct=True
2026-09-20 17:30:50 | DEBUG    | free_response | id=122 cell=A_prime gold='small intestine' pred='Small intestine' stage=strict correct=True
2026-09-20 17:30:50 | DEBUG    | free_response | id=122 cell=B_prime gold='small intestine' pred='small intestine' stage=strict correct=True
2026-09-20 17:30:51 | DEBUG    | free_response | id=123 cell=A_prime gold='cells' pred='Cell' stage=normalised correct=True
2026-09-20 17:30:51 | DEBUG    | free_response | id=123 cell=B_prime gold='cells' pred='Cells' stage=strict correct=True
2026-09-20 17:30:51 | DEBUG    | free_response | id=124 cell=A_prime gold='lower limb' pred='lower limb' stage=strict correct=True
2026-09-20 17:30:52 | DEBUG    | free_response | id=124 cell=B_prime gold='lower limb' pred='lower limb' stage=strict correct=True
2026-09-20 17:30:52 | DEBUG    | free_response | id=125 cell=A_prime gold='gametes' pred='reproductive' stage=judge correct=False
2026-09-20 17:30:53 | DEBUG    | free_response | id=125 cell=B_prime gold='gametes' pred='gametes' stage=strict correct=True
2026-09-20 17:30:53 | DEBUG    | free_response | id=126 cell=A_prime gold='nitrogen oxides' pred='Nitrogen oxide' stage=normalised correct=True
2026-09-20 17:30:54 | DEBUG    | free_response | id=126 cell=B_prime gold='nitrogen oxides' pred='Nitrogen oxides' stage=strict correct=True
2026-09-20 17:30:54 | DEBUG    | free_response | id=127 cell=A_prime gold='bar graph' pred='Bar graph' stage=strict correct=True
2026-09-20 17:30:54 | DEBUG    | free_response | id=127 cell=B_prime gold='bar graph' pred='Bar graph' stage=strict correct=True
2026-09-20 17:30:55 | DEBUG    | free_response | id=128 cell=A_prime gold='helicase' pred='Helicase' stage=strict correct=True
2026-09-20 17:30:55 | DEBUG    | free_response | id=128 cell=B_prime gold='helicase' pred='helicase' stage=strict correct=True
2026-09-20 17:30:56 | DEBUG    | free_response | id=129 cell=A_prime gold='microcontinents' pred='plates' stage=judge correct=False
2026-09-20 17:30:56 | DEBUG    | free_response | id=129 cell=B_prime gold='microcontinents' pred='Microcontinents' stage=strict correct=True
2026-09-20 17:30:57 | DEBUG    | free_response | id=130 cell=A_prime gold='scavengers' pred='Decomposers' stage=judge correct=False
2026-09-20 17:30:57 | DEBUG    | free_response | id=130 cell=B_prime gold='scavengers' pred='scavengers' stage=strict correct=True
2026-09-20 17:30:58 | DEBUG    | free_response | id=131 cell=A_prime gold='terrestrial biomes' pred='Biomes' stage=judge correct=True
2026-09-20 17:30:58 | DEBUG    | free_response | id=131 cell=B_prime gold='terrestrial biomes' pred='Terrestrial biomes' stage=strict correct=True
2026-09-20 17:30:59 | DEBUG    | free_response | id=132 cell=A_prime gold='domains' pred='Kingdom' stage=judge correct=False
2026-09-20 17:31:00 | DEBUG    | free_response | id=132 cell=B_prime gold='domains' pred='Domains' stage=strict correct=True
2026-09-20 17:31:00 | DEBUG    | free_response | id=133 cell=A_prime gold='carotid' pred='Carotid' stage=strict correct=True
2026-09-20 17:31:01 | DEBUG    | free_response | id=133 cell=B_prime gold='carotid' pred='carotid artery' stage=judge correct=True
2026-09-20 17:31:01 | DEBUG    | free_response | id=134 cell=A_prime gold='hydrogen' pred='hydrogen' stage=strict correct=True
2026-09-20 17:31:02 | DEBUG    | free_response | id=134 cell=B_prime gold='hydrogen' pred='hydrogen' stage=strict correct=True
2026-09-20 17:31:02 | DEBUG    | free_response | id=135 cell=A_prime gold='hydrogen bonds' pred='Hydrogen bonds' stage=strict correct=True
2026-09-20 17:31:03 | DEBUG    | free_response | id=135 cell=B_prime gold='hydrogen bonds' pred='two hydrogen bonds' stage=judge correct=True
2026-09-20 17:31:03 | DEBUG    | free_response | id=136 cell=A_prime gold='oxygen' pred='Oxygen' stage=strict correct=True
2026-09-20 17:31:04 | DEBUG    | free_response | id=136 cell=B_prime gold='oxygen' pred='oxygen' stage=strict correct=True
2026-09-20 17:31:04 | DEBUG    | free_response | id=137 cell=A_prime gold='covalent bonds' pred='Covalent bonds' stage=strict correct=True
2026-09-20 17:31:04 | DEBUG    | free_response | id=137 cell=B_prime gold='covalent bonds' pred='covalent bonds' stage=strict correct=True
2026-09-20 17:31:05 | DEBUG    | free_response | id=138 cell=A_prime gold='chemical bonds' pred='Covalent bonding' stage=judge correct=True
2026-09-20 17:31:06 | DEBUG    | free_response | id=138 cell=B_prime gold='chemical bonds' pred='Bonds' stage=judge correct=True
2026-09-20 17:31:06 | DEBUG    | free_response | id=139 cell=A_prime gold='mouse' pred='mouse' stage=strict correct=True
2026-09-20 17:31:07 | DEBUG    | free_response | id=139 cell=B_prime gold='mouse' pred='mouse' stage=strict correct=True
2026-09-20 17:31:07 | DEBUG    | free_response | id=140 cell=A_prime gold='orbit' pred='orbit' stage=strict correct=True
2026-09-20 17:31:08 | DEBUG    | free_response | id=140 cell=B_prime gold='orbit' pred='Orbit' stage=strict correct=True
2026-09-20 17:31:08 | DEBUG    | free_response | id=141 cell=A_prime gold='sunlight' pred='Sunlight' stage=strict correct=True
2026-09-20 17:31:08 | DEBUG    | free_response | id=141 cell=B_prime gold='sunlight' pred='sunlight' stage=strict correct=True
2026-09-20 17:31:09 | DEBUG    | free_response | id=142 cell=A_prime gold='cellulose' pred='Cellulose' stage=strict correct=True
2026-09-20 17:31:09 | DEBUG    | free_response | id=142 cell=B_prime gold='cellulose' pred='Cellulose' stage=strict correct=True
2026-09-20 17:31:10 | DEBUG    | free_response | id=143 cell=A_prime gold='crust, mantle, core' pred='Lithosphere, hydrosphere, atmosphere' stage=judge correct=False
2026-09-20 17:31:11 | DEBUG    | free_response | id=143 cell=B_prime gold='crust, mantle, core' pred='crust, mantle, core' stage=strict correct=True
2026-09-20 17:31:12 | DEBUG    | free_response | id=144 cell=A_prime gold='transporting electrcal energy' pred='Alternating Current (AC) is better than Direct Current (DC) for long-distance power transmission' stage=judge correct=True
2026-09-20 17:31:13 | DEBUG    | free_response | id=144 cell=B_prime gold='transporting electrcal energy' pred='transporting electrical energy' stage=judge correct=True
2026-09-20 17:31:14 | DEBUG    | free_response | id=145 cell=A_prime gold='genetic variation' pred='Genetic diversity' stage=judge correct=True
2026-09-20 17:31:15 | DEBUG    | free_response | id=145 cell=B_prime gold='genetic variation' pred='Genetic variation' stage=strict correct=True
2026-09-20 17:31:15 | DEBUG    | free_response | id=146 cell=A_prime gold='skeletal muscle fibers' pred='Muscle' stage=judge correct=False
2026-09-20 17:31:16 | DEBUG    | free_response | id=146 cell=B_prime gold='skeletal muscle fibers' pred='muscle fiber' stage=judge correct=True
2026-09-20 17:31:17 | DEBUG    | free_response | id=147 cell=A_prime gold='valence electron' pred='valence electron' stage=strict correct=True
2026-09-20 17:31:17 | DEBUG    | free_response | id=147 cell=B_prime gold='valence electron' pred='valence electron' stage=strict correct=True
2026-09-20 17:31:18 | DEBUG    | free_response | id=148 cell=A_prime gold='sulfonate' pred='carboxylate' stage=judge correct=False
2026-09-20 17:31:18 | DEBUG    | free_response | id=148 cell=B_prime gold='sulfonate' pred='sulfonate' stage=strict correct=True
2026-09-20 17:31:19 | DEBUG    | free_response | id=149 cell=A_prime gold='lumen' pred='lumen' stage=strict correct=True
2026-09-20 17:31:19 | DEBUG    | free_response | id=149 cell=B_prime gold='lumen' pred='lumen' stage=strict correct=True
2026-09-20 17:31:19 | DEBUG    | free_response | id=150 cell=A_prime gold='birds' pred='Birds' stage=strict correct=True
2026-09-20 17:31:20 | DEBUG    | free_response | id=150 cell=B_prime gold='birds' pred='Birds' stage=strict correct=True
2026-09-20 17:31:20 | DEBUG    | free_response | id=151 cell=A_prime gold='brain' pred='Brain' stage=strict correct=True
2026-09-20 17:31:20 | DEBUG    | free_response | id=151 cell=B_prime gold='brain' pred='Brain' stage=strict correct=True
2026-09-20 17:31:21 | DEBUG    | free_response | id=152 cell=A_prime gold='hemoglobin' pred='Hemoglobin' stage=strict correct=True
2026-09-20 17:31:21 | DEBUG    | free_response | id=152 cell=B_prime gold='hemoglobin' pred='Hemoglobin' stage=strict correct=True
2026-09-20 17:31:21 | DEBUG    | free_response | id=153 cell=A_prime gold='specific gravity' pred='Specific gravity' stage=strict correct=True
2026-09-20 17:31:23 | DEBUG    | free_response | id=153 cell=B_prime gold='specific gravity' pred='density' stage=judge correct=True
2026-09-20 17:31:23 | DEBUG    | free_response | id=154 cell=A_prime gold='accessory organs' pred='Glands' stage=judge correct=False
2026-09-20 17:31:24 | DEBUG    | free_response | id=154 cell=B_prime gold='accessory organs' pred='accessory organs' stage=strict correct=True
2026-09-20 17:31:24 | DEBUG    | free_response | id=155 cell=A_prime gold='neurotransmitters' pred='Neurotransmitters' stage=strict correct=True
2026-09-20 17:31:24 | DEBUG    | free_response | id=155 cell=B_prime gold='neurotransmitters' pred='neurotransmitters' stage=strict correct=True
2026-09-20 17:31:25 | DEBUG    | free_response | id=156 cell=A_prime gold='net force' pred='Net Force' stage=strict correct=True
2026-09-20 17:31:25 | DEBUG    | free_response | id=156 cell=B_prime gold='net force' pred='net force' stage=strict correct=True
2026-09-20 17:31:25 | DEBUG    | free_response | id=157 cell=A_prime gold='bedrock' pred='bedrock' stage=strict correct=True
2026-09-20 17:31:26 | DEBUG    | free_response | id=157 cell=B_prime gold='bedrock' pred='bedrock' stage=strict correct=True
2026-09-20 17:31:26 | DEBUG    | free_response | id=158 cell=A_prime gold='diameter' pred='Dilate' stage=judge correct=True
2026-09-20 17:31:27 | DEBUG    | free_response | id=158 cell=B_prime gold='diameter' pred='diameter' stage=strict correct=True
2026-09-20 17:31:27 | DEBUG    | free_response | id=159 cell=A_prime gold='digestion' pred='Digestion' stage=strict correct=True
2026-09-20 17:31:28 | DEBUG    | free_response | id=159 cell=B_prime gold='digestion' pred='Digestive Processes' stage=judge correct=True
2026-09-20 17:31:29 | DEBUG    | free_response | id=160 cell=A_prime gold='lamprey' pred='Lamprey' stage=strict correct=True
2026-09-20 17:31:29 | DEBUG    | free_response | id=160 cell=B_prime gold='lamprey' pred='Lampreys' stage=normalised correct=True
2026-09-20 17:31:30 | DEBUG    | free_response | id=161 cell=A_prime gold='physical' pred='Physical Change' stage=judge correct=True
2026-09-20 17:31:31 | DEBUG    | free_response | id=161 cell=B_prime gold='physical' pred='Physical change' stage=judge correct=True
2026-09-20 17:31:31 | DEBUG    | free_response | id=162 cell=A_prime gold='digestive system' pred='Digestive' stage=judge correct=True
2026-09-20 17:31:32 | DEBUG    | free_response | id=162 cell=B_prime gold='digestive system' pred='digestive system' stage=strict correct=True
2026-09-20 17:31:33 | DEBUG    | free_response | id=163 cell=A_prime gold='underside' pred='Abdomen' stage=judge correct=False
2026-09-20 17:31:33 | DEBUG    | free_response | id=163 cell=B_prime gold='underside' pred='underside' stage=strict correct=True
2026-09-20 17:31:34 | DEBUG    | free_response | id=164 cell=A_prime gold='second' pred='second messenger' stage=judge correct=True
2026-09-20 17:31:35 | DEBUG    | free_response | id=164 cell=B_prime gold='second' pred='Second Messenger' stage=judge correct=True
2026-09-20 17:31:35 | DEBUG    | free_response | id=165 cell=A_prime gold='light years' pred='Light-years' stage=strict correct=True
2026-09-20 17:31:36 | DEBUG    | free_response | id=165 cell=B_prime gold='light years' pred='light years' stage=strict correct=True
2026-09-20 17:31:36 | DEBUG    | free_response | id=166 cell=A_prime gold='osmosis' pred='Osmosis' stage=strict correct=True
2026-09-20 17:31:37 | DEBUG    | free_response | id=166 cell=B_prime gold='osmosis' pred='osmosis' stage=strict correct=True
2026-09-20 17:31:37 | DEBUG    | free_response | id=167 cell=A_prime gold='neurons' pred='Neurons' stage=strict correct=True
2026-09-20 17:31:37 | DEBUG    | free_response | id=167 cell=B_prime gold='neurons' pred='Neurons' stage=strict correct=True
2026-09-20 17:31:38 | DEBUG    | free_response | id=168 cell=A_prime gold='fullerenes' pred='Fullerene' stage=normalised correct=True
2026-09-20 17:31:38 | DEBUG    | free_response | id=168 cell=B_prime gold='fullerenes' pred='fullerenes' stage=strict correct=True
2026-09-20 17:31:39 | DEBUG    | free_response | id=169 cell=A_prime gold='pericardial cavity' pred='Pericardial cavity' stage=strict correct=True
2026-09-20 17:31:39 | DEBUG    | free_response | id=169 cell=B_prime gold='pericardial cavity' pred='pericardial cavity' stage=strict correct=True
2026-09-20 17:31:40 | DEBUG    | free_response | id=170 cell=A_prime gold='the testes' pred='Epididymis' stage=judge correct=False
2026-09-20 17:31:40 | DEBUG    | free_response | id=170 cell=B_prime gold='the testes' pred='testes' stage=strict correct=True
2026-09-20 17:31:41 | DEBUG    | free_response | id=171 cell=A_prime gold='lava' pred='rocks' stage=judge correct=False
2026-09-20 17:31:41 | DEBUG    | free_response | id=171 cell=B_prime gold='lava' pred='lava' stage=strict correct=True
2026-09-20 17:31:42 | DEBUG    | free_response | id=172 cell=A_prime gold='pulmonary circulation' pred='double circulation' stage=judge correct=False
2026-09-20 17:31:43 | DEBUG    | free_response | id=172 cell=B_prime gold='pulmonary circulation' pred='pulmonary circulation' stage=strict correct=True
2026-09-20 17:31:44 | DEBUG    | free_response | id=173 cell=A_prime gold='aseptic' pred='Aseptic Technique' stage=judge correct=True
2026-09-20 17:31:45 | DEBUG    | free_response | id=173 cell=B_prime gold='aseptic' pred='Aseptic technique' stage=judge correct=True
2026-09-20 17:31:46 | DEBUG    | free_response | id=174 cell=A_prime gold='galvanic cell' pred='reducing agent' stage=judge correct=False
2026-09-20 17:31:47 | DEBUG    | free_response | id=174 cell=B_prime gold='galvanic cell' pred='galvanic cell' stage=strict correct=True
2026-09-20 17:31:48 | DEBUG    | free_response | id=175 cell=A_prime gold='mitochondria' pred='Mitochondrion' stage=judge correct=True
2026-09-20 17:31:49 | DEBUG    | free_response | id=175 cell=B_prime gold='mitochondria' pred='mitochondrion' stage=judge correct=True
2026-09-20 17:31:49 | INFO     | free_response |   [176/884] A_prime 0.77  B_prime 0.99 | 1.06s/item | ETA 12.5 min
2026-09-20 17:31:50 | DEBUG    | free_response | id=176 cell=A_prime gold='desiccation and predators' pred='dehydration' stage=judge correct=True
2026-09-20 17:31:51 | DEBUG    | free_response | id=176 cell=B_prime gold='desiccation and predators' pred='desiccation' stage=judge correct=True
2026-09-20 17:31:51 | DEBUG    | free_response | id=177 cell=A_prime gold='wind' pred='Wind' stage=strict correct=True
2026-09-20 17:31:51 | DEBUG    | free_response | id=177 cell=B_prime gold='wind' pred='Wind' stage=strict correct=True
2026-09-20 17:31:52 | DEBUG    | free_response | id=178 cell=A_prime gold='lungs' pred='Lungs' stage=strict correct=True
2026-09-20 17:31:52 | DEBUG    | free_response | id=178 cell=B_prime gold='lungs' pred='Lungs' stage=strict correct=True
2026-09-20 17:31:53 | DEBUG    | free_response | id=179 cell=A_prime gold='dinosaurs' pred='dinosaurs' stage=strict correct=True
2026-09-20 17:31:53 | DEBUG    | free_response | id=179 cell=B_prime gold='dinosaurs' pred='dinosaurs' stage=strict correct=True
2026-09-20 17:31:53 | DEBUG    | free_response | id=180 cell=A_prime gold='chromosomes' pred='chromosomes' stage=strict correct=True
2026-09-20 17:31:54 | DEBUG    | free_response | id=180 cell=B_prime gold='chromosomes' pred='chromosomes' stage=strict correct=True
2026-09-20 17:31:55 | DEBUG    | free_response | id=181 cell=A_prime gold='marsupial' pred='Cesarean section' stage=judge correct=False
2026-09-20 17:31:56 | DEBUG    | free_response | id=181 cell=B_prime gold='marsupial' pred='Marsupial development' stage=judge correct=True
2026-09-20 17:31:56 | DEBUG    | free_response | id=182 cell=A_prime gold='changes in nuclei' pred='Radioactive decay' stage=judge correct=True
2026-09-20 17:31:57 | DEBUG    | free_response | id=182 cell=B_prime gold='changes in nuclei' pred='changes in the nuclei' stage=judge correct=True
2026-09-20 17:31:58 | DEBUG    | free_response | id=183 cell=A_prime gold='it increases it' pred='Increases' stage=judge correct=True
2026-09-20 17:31:59 | DEBUG    | free_response | id=183 cell=B_prime gold='it increases it' pred='faster' stage=judge correct=True
2026-09-20 17:32:00 | DEBUG    | free_response | id=184 cell=A_prime gold='lunar' pred='Total lunar eclipse' stage=judge correct=True
2026-09-20 17:32:01 | DEBUG    | free_response | id=184 cell=B_prime gold='lunar' pred='Lunar eclipse' stage=judge correct=True
2026-09-20 17:32:01 | DEBUG    | free_response | id=185 cell=A_prime gold='chemical' pred='Chemical' stage=strict correct=True
2026-09-20 17:32:01 | DEBUG    | free_response | id=185 cell=B_prime gold='chemical' pred='chemical' stage=strict correct=True
2026-09-20 17:32:02 | DEBUG    | free_response | id=186 cell=A_prime gold='protons and electrons' pred='Protons' stage=judge correct=False
2026-09-20 17:32:03 | DEBUG    | free_response | id=186 cell=B_prime gold='protons and electrons' pred='number of protons and electrons' stage=judge correct=True
2026-09-20 17:32:03 | DEBUG    | free_response | id=187 cell=A_prime gold='genes' pred='Genes' stage=strict correct=True
2026-09-20 17:32:04 | DEBUG    | free_response | id=187 cell=B_prime gold='genes' pred='genes' stage=strict correct=True
2026-09-20 17:32:04 | DEBUG    | free_response | id=188 cell=A_prime gold='ionic compound' pred='ionic compounds' stage=normalised correct=True
2026-09-20 17:32:04 | DEBUG    | free_response | id=188 cell=B_prime gold='ionic compound' pred='ionic compound' stage=strict correct=True
2026-09-20 17:32:05 | DEBUG    | free_response | id=189 cell=A_prime gold='plants' pred='Plants' stage=strict correct=True
2026-09-20 17:32:05 | DEBUG    | free_response | id=189 cell=B_prime gold='plants' pred='plants' stage=strict correct=True
2026-09-20 17:32:05 | DEBUG    | free_response | id=190 cell=A_prime gold='venus' pred='Venus' stage=strict correct=True
2026-09-20 17:32:06 | DEBUG    | free_response | id=190 cell=B_prime gold='venus' pred='Venus' stage=strict correct=True
2026-09-20 17:32:06 | DEBUG    | free_response | id=191 cell=A_prime gold='black holes' pred='Black holes' stage=strict correct=True
2026-09-20 17:32:06 | DEBUG    | free_response | id=191 cell=B_prime gold='black holes' pred='Black holes' stage=strict correct=True
2026-09-20 17:32:07 | DEBUG    | free_response | id=192 cell=A_prime gold='hydrocarbons' pred='Alkanes' stage=judge correct=True
2026-09-20 17:32:08 | DEBUG    | free_response | id=192 cell=B_prime gold='hydrocarbons' pred='Hydrocarbons' stage=strict correct=True
2026-09-20 17:32:09 | DEBUG    | free_response | id=193 cell=A_prime gold='axis' pred='bilaterally' stage=judge correct=True
2026-09-20 17:32:09 | DEBUG    | free_response | id=193 cell=B_prime gold='axis' pred='axis' stage=strict correct=True
2026-09-20 17:32:10 | DEBUG    | free_response | id=194 cell=A_prime gold='intraspecific competition' pred='Intraspecificcompetition' stage=judge correct=True
2026-09-20 17:32:10 | DEBUG    | free_response | id=194 cell=B_prime gold='intraspecific competition' pred='Intraspecific competition' stage=strict correct=True
2026-09-20 17:32:11 | DEBUG    | free_response | id=195 cell=A_prime gold='electrical charge' pred='charge' stage=judge correct=True
2026-09-20 17:32:12 | DEBUG    | free_response | id=195 cell=B_prime gold='electrical charge' pred='electric charge' stage=judge correct=True
2026-09-20 17:32:12 | DEBUG    | free_response | id=196 cell=A_prime gold='activation energy' pred='activation energy' stage=strict correct=True
2026-09-20 17:32:12 | DEBUG    | free_response | id=196 cell=B_prime gold='activation energy' pred='activation energy' stage=strict correct=True
2026-09-20 17:32:13 | DEBUG    | free_response | id=197 cell=A_prime gold='amphibians' pred='Amphibians' stage=strict correct=True
2026-09-20 17:32:13 | DEBUG    | free_response | id=197 cell=B_prime gold='amphibians' pred='Amphibians' stage=strict correct=True
2026-09-20 17:32:14 | DEBUG    | free_response | id=198 cell=A_prime gold='aging' pred='aging' stage=strict correct=True
2026-09-20 17:32:14 | DEBUG    | free_response | id=198 cell=B_prime gold='aging' pred='aging' stage=strict correct=True
2026-09-20 17:32:14 | DEBUG    | free_response | id=199 cell=A_prime gold='carbon dioxide' pred='Carbon dioxide' stage=strict correct=True
2026-09-20 17:32:15 | DEBUG    | free_response | id=199 cell=B_prime gold='carbon dioxide' pred='Carbon dioxide' stage=strict correct=True
2026-09-20 17:32:15 | DEBUG    | free_response | id=200 cell=A_prime gold='concave lens' pred='Concave' stage=judge correct=True
2026-09-20 17:32:16 | DEBUG    | free_response | id=200 cell=B_prime gold='concave lens' pred='concave' stage=judge correct=True
2026-09-20 17:32:17 | DEBUG    | free_response | id=201 cell=A_prime gold='nuclear fusion' pred='Star formation' stage=judge correct=False
2026-09-20 17:32:18 | DEBUG    | free_response | id=201 cell=B_prime gold='nuclear fusion' pred='Stars formation' stage=judge correct=False
2026-09-20 17:32:18 | DEBUG    | free_response | id=202 cell=A_prime gold='converging lenses' pred='lenses' stage=judge correct=False
2026-09-20 17:32:19 | DEBUG    | free_response | id=202 cell=B_prime gold='converging lenses' pred='converging lenses' stage=strict correct=True
2026-09-20 17:32:19 | DEBUG    | free_response | id=203 cell=A_prime gold='increases' pred='Increases' stage=strict correct=True
2026-09-20 17:32:20 | DEBUG    | free_response | id=203 cell=B_prime gold='increases' pred='increases' stage=strict correct=True
2026-09-20 17:32:20 | DEBUG    | free_response | id=204 cell=A_prime gold='direction' pred='direction' stage=strict correct=True
2026-09-20 17:32:20 | DEBUG    | free_response | id=204 cell=B_prime gold='direction' pred='direction' stage=strict correct=True
2026-09-20 17:32:21 | DEBUG    | free_response | id=205 cell=A_prime gold='electromagnet' pred='magnet' stage=judge correct=False
2026-09-20 17:32:21 | DEBUG    | free_response | id=205 cell=B_prime gold='electromagnet' pred='Electromagnet' stage=strict correct=True
2026-09-20 17:32:22 | DEBUG    | free_response | id=206 cell=A_prime gold='second' pred='second' stage=strict correct=True
2026-09-20 17:32:22 | DEBUG    | free_response | id=206 cell=B_prime gold='second' pred='second' stage=strict correct=True
2026-09-20 17:32:22 | DEBUG    | free_response | id=207 cell=A_prime gold='neurons' pred='neurons' stage=strict correct=True
2026-09-20 17:32:23 | DEBUG    | free_response | id=207 cell=B_prime gold='neurons' pred='neurons' stage=strict correct=True
2026-09-20 17:32:24 | DEBUG    | free_response | id=208 cell=A_prime gold='three' pred='Six' stage=judge correct=False
2026-09-20 17:32:24 | DEBUG    | free_response | id=208 cell=B_prime gold='three' pred='three' stage=strict correct=True
2026-09-20 17:32:24 | DEBUG    | free_response | id=209 cell=A_prime gold='peripheral nervous system' pred='peripheral nervous system' stage=strict correct=True
2026-09-20 17:32:25 | DEBUG    | free_response | id=209 cell=B_prime gold='peripheral nervous system' pred='peripheral nervous system' stage=strict correct=True
2026-09-20 17:32:25 | DEBUG    | free_response | id=210 cell=A_prime gold='compact bone' pred='Compact bone' stage=strict correct=True
2026-09-20 17:32:25 | DEBUG    | free_response | id=210 cell=B_prime gold='compact bone' pred='Compact bone' stage=strict correct=True
2026-09-20 17:32:26 | DEBUG    | free_response | id=211 cell=A_prime gold='innate behaviors' pred='Instinctive' stage=judge correct=True
2026-09-20 17:32:27 | DEBUG    | free_response | id=211 cell=B_prime gold='innate behaviors' pred='Innate behaviors' stage=strict correct=True
2026-09-20 17:32:27 | DEBUG    | free_response | id=212 cell=A_prime gold='fungi' pred='fungi' stage=strict correct=True
2026-09-20 17:32:27 | DEBUG    | free_response | id=212 cell=B_prime gold='fungi' pred='fungi' stage=strict correct=True
2026-09-20 17:32:28 | DEBUG    | free_response | id=213 cell=A_prime gold='fossils' pred='Fossil' stage=normalised correct=True
2026-09-20 17:32:28 | DEBUG    | free_response | id=213 cell=B_prime gold='fossils' pred='Fossils' stage=strict correct=True
2026-09-20 17:32:28 | DEBUG    | free_response | id=214 cell=A_prime gold='meiosis' pred='Meiosis' stage=strict correct=True
2026-09-20 17:32:29 | DEBUG    | free_response | id=214 cell=B_prime gold='meiosis' pred='Meiosis' stage=strict correct=True
2026-09-20 17:32:29 | DEBUG    | free_response | id=215 cell=A_prime gold='valence' pred='valence' stage=strict correct=True
2026-09-20 17:32:30 | DEBUG    | free_response | id=215 cell=B_prime gold='valence' pred='valence' stage=strict correct=True
2026-09-20 17:32:30 | DEBUG    | free_response | id=216 cell=A_prime gold='metallic bond' pred='Metallic bond' stage=strict correct=True
2026-09-20 17:32:30 | DEBUG    | free_response | id=216 cell=B_prime gold='metallic bond' pred='Metallic bond' stage=strict correct=True
2026-09-20 17:32:31 | DEBUG    | free_response | id=217 cell=A_prime gold='kinetic energy' pred='energy' stage=judge correct=False
2026-09-20 17:32:32 | DEBUG    | free_response | id=217 cell=B_prime gold='kinetic energy' pred='kinetic energy' stage=strict correct=True
2026-09-20 17:32:32 | DEBUG    | free_response | id=218 cell=A_prime gold='nervous system' pred='Nervous System' stage=strict correct=True
2026-09-20 17:32:32 | DEBUG    | free_response | id=218 cell=B_prime gold='nervous system' pred='nervous system' stage=strict correct=True
2026-09-20 17:32:33 | DEBUG    | free_response | id=219 cell=A_prime gold='a full moon' pred='Solar eclipse' stage=judge correct=False
2026-09-20 17:32:34 | DEBUG    | free_response | id=219 cell=B_prime gold='a full moon' pred='Full moon' stage=strict correct=True
2026-09-20 17:32:34 | DEBUG    | free_response | id=220 cell=A_prime gold='biomass energy' pred='生物质' stage=judge correct=True
2026-09-20 17:32:35 | DEBUG    | free_response | id=220 cell=B_prime gold='biomass energy' pred='Biomass energy' stage=strict correct=True
2026-09-20 17:32:35 | DEBUG    | free_response | id=221 cell=A_prime gold='proxima centauri' pred='Proxima Centauri' stage=strict correct=True
2026-09-20 17:32:36 | DEBUG    | free_response | id=221 cell=B_prime gold='proxima centauri' pred='Proxima Centauri' stage=strict correct=True
2026-09-20 17:32:37 | DEBUG    | free_response | id=222 cell=A_prime gold='chemical state of solute' pred='Concentration' stage=judge correct=False
2026-09-20 17:32:38 | DEBUG    | free_response | id=222 cell=B_prime gold='chemical state of solute' pred='chemical identity' stage=judge correct=False
2026-09-20 17:32:38 | DEBUG    | free_response | id=223 cell=A_prime gold='oxygen' pred='metal' stage=judge correct=False
2026-09-20 17:32:39 | DEBUG    | free_response | id=223 cell=B_prime gold='oxygen' pred='oxygen' stage=strict correct=True
2026-09-20 17:32:39 | DEBUG    | free_response | id=224 cell=A_prime gold='mood swings' pred='changes' stage=judge correct=False
2026-09-20 17:32:40 | DEBUG    | free_response | id=224 cell=B_prime gold='mood swings' pred='mood swings' stage=strict correct=True
2026-09-20 17:32:40 | DEBUG    | free_response | id=225 cell=A_prime gold='magnetic force' pred='Magnetic Force' stage=strict correct=True
2026-09-20 17:32:41 | DEBUG    | free_response | id=225 cell=B_prime gold='magnetic force' pred='Magnetic force' stage=strict correct=True
2026-09-20 17:32:41 | DEBUG    | free_response | id=226 cell=A_prime gold='blood cells' pred='Osteocytes' stage=judge correct=False
2026-09-20 17:32:42 | DEBUG    | free_response | id=226 cell=B_prime gold='blood cells' pred='Blood cells' stage=strict correct=True
2026-09-20 17:32:42 | DEBUG    | free_response | id=227 cell=A_prime gold='sediments' pred='sediment' stage=normalised correct=True
2026-09-20 17:32:42 | DEBUG    | free_response | id=227 cell=B_prime gold='sediments' pred='sediments' stage=strict correct=True
2026-09-20 17:32:43 | DEBUG    | free_response | id=228 cell=A_prime gold='cellular respiration' pred='Respiration' stage=judge correct=True
2026-09-20 17:32:44 | DEBUG    | free_response | id=228 cell=B_prime gold='cellular respiration' pred='Cellular respiration' stage=strict correct=True
2026-09-20 17:32:44 | DEBUG    | free_response | id=229 cell=A_prime gold='mitochondria' pred='Mitochondria' stage=strict correct=True
2026-09-20 17:32:44 | DEBUG    | free_response | id=229 cell=B_prime gold='mitochondria' pred='Mitochondria' stage=strict correct=True
2026-09-20 17:32:45 | DEBUG    | free_response | id=230 cell=A_prime gold='a solution' pred='Solution' stage=strict correct=True
2026-09-20 17:32:45 | DEBUG    | free_response | id=230 cell=B_prime gold='a solution' pred='Solution' stage=strict correct=True
2026-09-20 17:32:46 | DEBUG    | free_response | id=231 cell=A_prime gold='flowering plants' pred='Angiosperms' stage=judge correct=True
2026-09-20 17:32:46 | DEBUG    | free_response | id=231 cell=B_prime gold='flowering plants' pred='Flowering plants' stage=strict correct=True
2026-09-20 17:32:46 | DEBUG    | free_response | id=232 cell=A_prime gold='mutagens' pred='Mutagens' stage=strict correct=True
2026-09-20 17:32:47 | DEBUG    | free_response | id=232 cell=B_prime gold='mutagens' pred='mutagens' stage=strict correct=True
2026-09-20 17:32:47 | DEBUG    | free_response | id=233 cell=A_prime gold='friction' pred='Friction' stage=strict correct=True
2026-09-20 17:32:48 | DEBUG    | free_response | id=233 cell=B_prime gold='friction' pred='Friction' stage=strict correct=True
2026-09-20 17:32:48 | DEBUG    | free_response | id=234 cell=A_prime gold='muscle' pred='muscle' stage=strict correct=True
2026-09-20 17:32:49 | DEBUG    | free_response | id=234 cell=B_prime gold='muscle' pred='muscle tissues' stage=judge correct=True
2026-09-20 17:32:49 | DEBUG    | free_response | id=235 cell=A_prime gold='mass' pred='mass' stage=strict correct=True
2026-09-20 17:32:49 | DEBUG    | free_response | id=235 cell=B_prime gold='mass' pred='mass' stage=strict correct=True
2026-09-20 17:32:50 | DEBUG    | free_response | id=236 cell=A_prime gold='genes' pred='genes' stage=strict correct=True
2026-09-20 17:32:50 | DEBUG    | free_response | id=236 cell=B_prime gold='genes' pred='genes' stage=strict correct=True
2026-09-20 17:32:50 | DEBUG    | free_response | id=237 cell=A_prime gold='3' pred='3' stage=strict correct=True
2026-09-20 17:32:51 | DEBUG    | free_response | id=237 cell=B_prime gold='3' pred='three' stage=judge correct=True
2026-09-20 17:32:51 | DEBUG    | free_response | id=238 cell=A_prime gold='visible light' pred='Visible light' stage=strict correct=True
2026-09-20 17:32:51 | DEBUG    | free_response | id=238 cell=B_prime gold='visible light' pred='Visible light' stage=strict correct=True
2026-09-20 17:32:52 | DEBUG    | free_response | id=239 cell=A_prime gold='linnaean system' pred='Taxonomic system' stage=judge correct=False
2026-09-20 17:32:53 | DEBUG    | free_response | id=239 cell=B_prime gold='linnaean system' pred='Linnaean system' stage=strict correct=True
2026-09-20 17:32:53 | DEBUG    | free_response | id=240 cell=A_prime gold='two meters' pred='5 meters' stage=judge correct=False
2026-09-20 17:32:54 | DEBUG    | free_response | id=240 cell=B_prime gold='two meters' pred='two meters' stage=strict correct=True
2026-09-20 17:32:54 | DEBUG    | free_response | id=241 cell=A_prime gold='solution' pred='Solution' stage=strict correct=True
2026-09-20 17:32:55 | DEBUG    | free_response | id=241 cell=B_prime gold='solution' pred='solution' stage=strict correct=True
2026-09-20 17:32:55 | DEBUG    | free_response | id=242 cell=A_prime gold='element' pred='element' stage=strict correct=True
2026-09-20 17:32:55 | DEBUG    | free_response | id=242 cell=B_prime gold='element' pred='element' stage=strict correct=True
2026-09-20 17:32:56 | DEBUG    | free_response | id=243 cell=A_prime gold='atoms' pred='Atoms' stage=strict correct=True
2026-09-20 17:32:56 | DEBUG    | free_response | id=243 cell=B_prime gold='atoms' pred='atoms' stage=strict correct=True
2026-09-20 17:32:57 | DEBUG    | free_response | id=244 cell=A_prime gold='voltage' pred='polarization' stage=judge correct=False
2026-09-20 17:32:58 | DEBUG    | free_response | id=244 cell=B_prime gold='voltage' pred='resting voltage' stage=judge correct=True
2026-09-20 17:32:59 | DEBUG    | free_response | id=245 cell=A_prime gold='digestive system' pred='circulatory system' stage=judge correct=False
2026-09-20 17:32:59 | DEBUG    | free_response | id=245 cell=B_prime gold='digestive system' pred='digestive system' stage=strict correct=True
2026-09-20 17:33:00 | DEBUG    | free_response | id=246 cell=A_prime gold='ribosomes' pred='Ribosomes' stage=strict correct=True
2026-09-20 17:33:00 | DEBUG    | free_response | id=246 cell=B_prime gold='ribosomes' pred='Ribosomes' stage=strict correct=True
2026-09-20 17:33:01 | DEBUG    | free_response | id=247 cell=A_prime gold='plasma' pred='Dark Matter' stage=judge correct=False
2026-09-20 17:33:01 | DEBUG    | free_response | id=247 cell=B_prime gold='plasma' pred='Plasma' stage=strict correct=True
2026-09-20 17:33:02 | DEBUG    | free_response | id=248 cell=A_prime gold='live birth' pred='live birth' stage=strict correct=True
2026-09-20 17:33:02 | DEBUG    | free_response | id=248 cell=B_prime gold='live birth' pred='live births' stage=normalised correct=True
2026-09-20 17:33:03 | DEBUG    | free_response | id=249 cell=A_prime gold='amino' pred='Amino acids' stage=judge correct=True
2026-09-20 17:33:04 | DEBUG    | free_response | id=249 cell=B_prime gold='amino' pred='amino acids' stage=judge correct=True
2026-09-20 17:33:04 | DEBUG    | free_response | id=250 cell=A_prime gold='biology' pred='Biology' stage=strict correct=True
2026-09-20 17:33:04 | DEBUG    | free_response | id=250 cell=B_prime gold='biology' pred='Biology' stage=strict correct=True
2026-09-20 17:33:05 | DEBUG    | free_response | id=251 cell=A_prime gold='backbone' pred='Backbone' stage=strict correct=True
2026-09-20 17:33:05 | DEBUG    | free_response | id=251 cell=B_prime gold='backbone' pred='backbone' stage=strict correct=True
2026-09-20 17:33:06 | DEBUG    | free_response | id=252 cell=A_prime gold='deinonychus' pred='Archaeopteryx' stage=judge correct=False
2026-09-20 17:33:06 | DEBUG    | free_response | id=252 cell=B_prime gold='deinonychus' pred='Deinonychus' stage=strict correct=True
2026-09-20 17:33:07 | DEBUG    | free_response | id=253 cell=A_prime gold='unicellular organisms' pred='unicellular' stage=judge correct=True
2026-09-20 17:33:08 | DEBUG    | free_response | id=253 cell=B_prime gold='unicellular organisms' pred='unicellular' stage=judge correct=True
2026-09-20 17:33:08 | DEBUG    | free_response | id=254 cell=A_prime gold='fungi' pred='Fungi' stage=strict correct=True
2026-09-20 17:33:09 | DEBUG    | free_response | id=254 cell=B_prime gold='fungi' pred='fungi' stage=strict correct=True
2026-09-20 17:33:09 | DEBUG    | free_response | id=255 cell=A_prime gold='seismic waves' pred='Seismic waves' stage=strict correct=True
2026-09-20 17:33:10 | DEBUG    | free_response | id=255 cell=B_prime gold='seismic waves' pred='Seismic waves' stage=strict correct=True
2026-09-20 17:33:10 | DEBUG    | free_response | id=256 cell=A_prime gold='resonance' pred='closed circuit' stage=judge correct=False
2026-09-20 17:33:11 | DEBUG    | free_response | id=256 cell=B_prime gold='resonance' pred='resonance' stage=strict correct=True
2026-09-20 17:33:12 | DEBUG    | free_response | id=257 cell=A_prime gold='binary fission' pred='Binary fission' stage=strict correct=True
2026-09-20 17:33:12 | DEBUG    | free_response | id=257 cell=B_prime gold='binary fission' pred='Binary fission' stage=strict correct=True
2026-09-20 17:33:12 | DEBUG    | free_response | id=258 cell=A_prime gold='metabolic pathway' pred='Metabolic pathway' stage=strict correct=True
2026-09-20 17:33:13 | DEBUG    | free_response | id=258 cell=B_prime gold='metabolic pathway' pred='Metabolic pathway' stage=strict correct=True
2026-09-20 17:33:14 | DEBUG    | free_response | id=259 cell=A_prime gold='endoskeleton' pred='pentamerous symmetry' stage=judge correct=False
2026-09-20 17:33:15 | DEBUG    | free_response | id=259 cell=B_prime gold='endoskeleton' pred='endoskeleton' stage=strict correct=True
2026-09-20 17:33:15 | DEBUG    | free_response | id=260 cell=A_prime gold='prophase i' pred='Prophase' stage=judge correct=False
2026-09-20 17:33:16 | DEBUG    | free_response | id=260 cell=B_prime gold='prophase i' pred='Prophase I' stage=strict correct=True
2026-09-20 17:33:17 | DEBUG    | free_response | id=261 cell=A_prime gold='vaginal secretions' pred='Mucus' stage=judge correct=True
2026-09-20 17:33:17 | DEBUG    | free_response | id=261 cell=B_prime gold='vaginal secretions' pred='Vaginal secretions' stage=strict correct=True
2026-09-20 17:33:18 | DEBUG    | free_response | id=262 cell=A_prime gold='nervous system' pred='Nervous' stage=judge correct=True
2026-09-20 17:33:19 | DEBUG    | free_response | id=262 cell=B_prime gold='nervous system' pred='nervous system' stage=strict correct=True
2026-09-20 17:33:19 | DEBUG    | free_response | id=263 cell=A_prime gold='speed' pred='Speed' stage=strict correct=True
2026-09-20 17:33:19 | DEBUG    | free_response | id=263 cell=B_prime gold='speed' pred='speed' stage=strict correct=True
2026-09-20 17:33:19 | INFO     | free_response |   [264/884] A_prime 0.77  B_prime 0.98 | 1.05s/item | ETA 10.9 min
2026-09-20 17:33:20 | DEBUG    | free_response | id=264 cell=A_prime gold='along stream beds' pred='moist environments' stage=judge correct=True
2026-09-20 17:33:21 | DEBUG    | free_response | id=264 cell=B_prime gold='along stream beds' pred='along stream beds' stage=strict correct=True
2026-09-20 17:33:21 | DEBUG    | free_response | id=265 cell=A_prime gold='eruption is close' pred='Increased activity' stage=judge correct=False
2026-09-20 17:33:22 | DEBUG    | free_response | id=265 cell=B_prime gold='eruption is close' pred='volcano is about to erupt' stage=judge correct=True
2026-09-20 17:33:23 | DEBUG    | free_response | id=266 cell=A_prime gold='biodiversity' pred='Biodiversity' stage=strict correct=True
2026-09-20 17:33:23 | DEBUG    | free_response | id=266 cell=B_prime gold='biodiversity' pred='Biodiversity' stage=strict correct=True
2026-09-20 17:33:23 | DEBUG    | free_response | id=267 cell=A_prime gold='ore' pred='ore' stage=strict correct=True
2026-09-20 17:33:24 | DEBUG    | free_response | id=267 cell=B_prime gold='ore' pred='ore' stage=strict correct=True
2026-09-20 17:33:24 | DEBUG    | free_response | id=268 cell=A_prime gold='minerals they contain' pred='Chemical composition' stage=judge correct=False
2026-09-20 17:33:25 | DEBUG    | free_response | id=268 cell=B_prime gold='minerals they contain' pred='minerals' stage=judge correct=True
2026-09-20 17:33:26 | DEBUG    | free_response | id=269 cell=A_prime gold='fluid' pred='fluid' stage=strict correct=True
2026-09-20 17:33:26 | DEBUG    | free_response | id=269 cell=B_prime gold='fluid' pred='fluid' stage=strict correct=True
2026-09-20 17:33:27 | DEBUG    | free_response | id=270 cell=A_prime gold='tumor' pred='Overproduction' stage=judge correct=False
2026-09-20 17:33:27 | DEBUG    | free_response | id=270 cell=B_prime gold='tumor' pred='tumor' stage=strict correct=True
2026-09-20 17:33:28 | DEBUG    | free_response | id=271 cell=A_prime gold='pituitary' pred='PITUITARY' stage=strict correct=True
2026-09-20 17:33:29 | DEBUG    | free_response | id=271 cell=B_prime gold='pituitary' pred='pituitary gland' stage=judge correct=True
2026-09-20 17:33:30 | DEBUG    | free_response | id=272 cell=A_prime gold='actual charges' pred='electrons' stage=judge correct=False
2026-09-20 17:33:30 | DEBUG    | free_response | id=272 cell=B_prime gold='actual charges' pred='actual charges' stage=strict correct=True
2026-09-20 17:33:30 | DEBUG    | free_response | id=273 cell=A_prime gold='impermeable' pred='impermeable' stage=strict correct=True
2026-09-20 17:33:31 | DEBUG    | free_response | id=273 cell=B_prime gold='impermeable' pred='impermeable' stage=strict correct=True
2026-09-20 17:33:32 | DEBUG    | free_response | id=274 cell=A_prime gold='amniota' pred='Reptilia' stage=judge correct=False
2026-09-20 17:33:32 | DEBUG    | free_response | id=274 cell=B_prime gold='amniota' pred='Amniota' stage=strict correct=True
2026-09-20 17:33:33 | DEBUG    | free_response | id=275 cell=A_prime gold='bacteria' pred='Bacteria' stage=strict correct=True
2026-09-20 17:33:33 | DEBUG    | free_response | id=275 cell=B_prime gold='bacteria' pred='bacteria' stage=strict correct=True
2026-09-20 17:33:34 | DEBUG    | free_response | id=276 cell=A_prime gold='excursion' pred='Lateralization' stage=judge correct=False
2026-09-20 17:33:34 | DEBUG    | free_response | id=276 cell=B_prime gold='excursion' pred='Excursion' stage=strict correct=True
2026-09-20 17:33:35 | DEBUG    | free_response | id=277 cell=A_prime gold='glacier' pred='Glacier' stage=strict correct=True
2026-09-20 17:33:35 | DEBUG    | free_response | id=277 cell=B_prime gold='glacier' pred='glacier' stage=strict correct=True
2026-09-20 17:33:36 | DEBUG    | free_response | id=278 cell=A_prime gold='4 weeks' pred='Week 4' stage=judge correct=True
2026-09-20 17:33:36 | DEBUG    | free_response | id=278 cell=B_prime gold='4 weeks' pred='4 weeks' stage=strict correct=True
2026-09-20 17:33:37 | DEBUG    | free_response | id=279 cell=A_prime gold='epiphytes' pred='Epiphytes' stage=strict correct=True
2026-09-20 17:33:37 | DEBUG    | free_response | id=279 cell=B_prime gold='epiphytes' pred='Epiphytes' stage=strict correct=True
2026-09-20 17:33:38 | DEBUG    | free_response | id=280 cell=A_prime gold='simple harmonic oscillator' pred='oscillator' stage=judge correct=False
2026-09-20 17:33:38 | DEBUG    | free_response | id=280 cell=B_prime gold='simple harmonic oscillator' pred='simple harmonic oscillator' stage=strict correct=True
2026-09-20 17:33:39 | DEBUG    | free_response | id=281 cell=A_prime gold='physical' pred='physical' stage=strict correct=True
2026-09-20 17:33:39 | DEBUG    | free_response | id=281 cell=B_prime gold='physical' pred='physical' stage=strict correct=True
2026-09-20 17:33:39 | DEBUG    | free_response | id=282 cell=A_prime gold='exothermic' pred='Exothermic' stage=strict correct=True
2026-09-20 17:33:40 | DEBUG    | free_response | id=282 cell=B_prime gold='exothermic' pred='exothermic' stage=strict correct=True
2026-09-20 17:33:40 | DEBUG    | free_response | id=283 cell=A_prime gold='pollinate' pred='Pollinate' stage=strict correct=True
2026-09-20 17:33:41 | DEBUG    | free_response | id=283 cell=B_prime gold='pollinate' pred='pollinate' stage=strict correct=True
2026-09-20 17:33:41 | DEBUG    | free_response | id=284 cell=A_prime gold='communities' pred='communities' stage=strict correct=True
2026-09-20 17:33:41 | DEBUG    | free_response | id=284 cell=B_prime gold='communities' pred='Communities' stage=strict correct=True
2026-09-20 17:33:41 | DEBUG    | free_response | id=285 cell=A_prime gold='animals' pred='Animals' stage=strict correct=True
2026-09-20 17:33:42 | DEBUG    | free_response | id=285 cell=B_prime gold='animals' pred='Animals' stage=strict correct=True
2026-09-20 17:33:42 | DEBUG    | free_response | id=286 cell=A_prime gold='digestive' pred='digestive' stage=strict correct=True
2026-09-20 17:33:43 | DEBUG    | free_response | id=286 cell=B_prime gold='digestive' pred='digestive system' stage=judge correct=True
2026-09-20 17:33:43 | DEBUG    | free_response | id=287 cell=A_prime gold='protons' pred='Protons' stage=strict correct=True
2026-09-20 17:33:44 | DEBUG    | free_response | id=287 cell=B_prime gold='protons' pred='protons' stage=strict correct=True
2026-09-20 17:33:45 | DEBUG    | free_response | id=288 cell=A_prime gold='cell division' pred='Mitosis' stage=judge correct=True
2026-09-20 17:33:45 | DEBUG    | free_response | id=288 cell=B_prime gold='cell division' pred='Cell division' stage=strict correct=True
2026-09-20 17:33:46 | DEBUG    | free_response | id=289 cell=A_prime gold='models' pred='Modeling' stage=judge correct=True
2026-09-20 17:33:46 | DEBUG    | free_response | id=289 cell=B_prime gold='models' pred='Models' stage=strict correct=True
2026-09-20 17:33:47 | DEBUG    | free_response | id=290 cell=A_prime gold='dissolved solute' pred='solute' stage=judge correct=True
2026-09-20 17:33:47 | DEBUG    | free_response | id=290 cell=B_prime gold='dissolved solute' pred='dissolved solute' stage=strict correct=True
2026-09-20 17:33:48 | DEBUG    | free_response | id=291 cell=A_prime gold='triple bond' pred='triple bond' stage=strict correct=True
2026-09-20 17:33:48 | DEBUG    | free_response | id=291 cell=B_prime gold='triple bond' pred='triple bond' stage=strict correct=True
2026-09-20 17:33:49 | DEBUG    | free_response | id=292 cell=A_prime gold='fragmentation' pred='Regeneration' stage=judge correct=False
2026-09-20 17:33:49 | DEBUG    | free_response | id=292 cell=B_prime gold='fragmentation' pred='Fragmentation' stage=strict correct=True
2026-09-20 17:33:50 | DEBUG    | free_response | id=293 cell=A_prime gold='lungs' pred='Lungs' stage=strict correct=True
2026-09-20 17:33:50 | DEBUG    | free_response | id=293 cell=B_prime gold='lungs' pred='lungs' stage=strict correct=True
2026-09-20 17:33:50 | DEBUG    | free_response | id=294 cell=A_prime gold='heat' pred='Heat' stage=strict correct=True
2026-09-20 17:33:51 | DEBUG    | free_response | id=294 cell=B_prime gold='heat' pred='heat' stage=strict correct=True
2026-09-20 17:33:51 | DEBUG    | free_response | id=295 cell=A_prime gold='pressure' pred='Pressure' stage=strict correct=True
2026-09-20 17:33:51 | DEBUG    | free_response | id=295 cell=B_prime gold='pressure' pred='pressure' stage=strict correct=True
2026-09-20 17:33:52 | DEBUG    | free_response | id=296 cell=A_prime gold='electromagnets' pred='Coils' stage=judge correct=True
2026-09-20 17:33:52 | DEBUG    | free_response | id=296 cell=B_prime gold='electromagnets' pred='electromagnets' stage=strict correct=True
2026-09-20 17:33:53 | DEBUG    | free_response | id=297 cell=A_prime gold='two' pred='Two' stage=strict correct=True
2026-09-20 17:33:53 | DEBUG    | free_response | id=297 cell=B_prime gold='two' pred='two' stage=strict correct=True
2026-09-20 17:33:54 | DEBUG    | free_response | id=298 cell=A_prime gold='aspirin' pred='Aspirin' stage=strict correct=True
2026-09-20 17:33:54 | DEBUG    | free_response | id=298 cell=B_prime gold='aspirin' pred='aspirin' stage=strict correct=True
2026-09-20 17:33:55 | DEBUG    | free_response | id=299 cell=A_prime gold='cold temperatures' pred='Cold' stage=judge correct=True
2026-09-20 17:33:55 | DEBUG    | free_response | id=299 cell=B_prime gold='cold temperatures' pred='cold' stage=judge correct=True
2026-09-20 17:33:56 | DEBUG    | free_response | id=300 cell=A_prime gold='seafloor spreading' pred='Magma' stage=judge correct=False
2026-09-20 17:33:57 | DEBUG    | free_response | id=300 cell=B_prime gold='seafloor spreading' pred='Seafloor spreading' stage=strict correct=True
2026-09-20 17:33:57 | DEBUG    | free_response | id=301 cell=A_prime gold='amino acids' pred='Amino acids' stage=strict correct=True
2026-09-20 17:33:58 | DEBUG    | free_response | id=301 cell=B_prime gold='amino acids' pred='Amino acids' stage=strict correct=True
2026-09-20 17:33:58 | DEBUG    | free_response | id=302 cell=A_prime gold='endocrine diseases' pred='hormonal' stage=judge correct=False
2026-09-20 17:33:59 | DEBUG    | free_response | id=302 cell=B_prime gold='endocrine diseases' pred='endocrine' stage=judge correct=True
2026-09-20 17:34:00 | DEBUG    | free_response | id=303 cell=A_prime gold='gas exchange' pred='Gas exchange' stage=strict correct=True
2026-09-20 17:34:00 | DEBUG    | free_response | id=303 cell=B_prime gold='gas exchange' pred='Gas exchange' stage=strict correct=True
2026-09-20 17:34:01 | DEBUG    | free_response | id=304 cell=A_prime gold='hydrocarbons' pred='Methane' stage=judge correct=True
2026-09-20 17:34:02 | DEBUG    | free_response | id=304 cell=B_prime gold='hydrocarbons' pred='Methane' stage=judge correct=True
2026-09-20 17:34:02 | DEBUG    | free_response | id=305 cell=A_prime gold='protons' pred='Protons' stage=strict correct=True
2026-09-20 17:34:03 | DEBUG    | free_response | id=305 cell=B_prime gold='protons' pred='protons' stage=strict correct=True
2026-09-20 17:34:03 | DEBUG    | free_response | id=306 cell=A_prime gold='scales' pred='Scales' stage=strict correct=True
2026-09-20 17:34:03 | DEBUG    | free_response | id=306 cell=B_prime gold='scales' pred='scales' stage=strict correct=True
2026-09-20 17:34:04 | DEBUG    | free_response | id=307 cell=A_prime gold='oceanic crust' pred='Mantle' stage=judge correct=False
2026-09-20 17:34:04 | DEBUG    | free_response | id=307 cell=B_prime gold='oceanic crust' pred='oceanic crust' stage=strict correct=True
2026-09-20 17:34:05 | DEBUG    | free_response | id=308 cell=A_prime gold='fossils' pred='Fossil record' stage=judge correct=True
2026-09-20 17:34:06 | DEBUG    | free_response | id=308 cell=B_prime gold='fossils' pred='Fossils' stage=strict correct=True
2026-09-20 17:34:06 | DEBUG    | free_response | id=309 cell=A_prime gold='meiosis' pred='Meiosis' stage=strict correct=True
2026-09-20 17:34:06 | DEBUG    | free_response | id=309 cell=B_prime gold='meiosis' pred='Meiosis' stage=strict correct=True
2026-09-20 17:34:07 | DEBUG    | free_response | id=310 cell=A_prime gold='fission' pred='Nuclear fission' stage=judge correct=True
2026-09-20 17:34:08 | DEBUG    | free_response | id=310 cell=B_prime gold='fission' pred='Nuclear fission' stage=judge correct=True
2026-09-20 17:34:09 | DEBUG    | free_response | id=311 cell=A_prime gold='sex-linked traits' pred='Sex-linked' stage=judge correct=True
2026-09-20 17:34:09 | DEBUG    | free_response | id=311 cell=B_prime gold='sex-linked traits' pred='sex-linked traits' stage=strict correct=True
2026-09-20 17:34:10 | DEBUG    | free_response | id=312 cell=A_prime gold='alveoli' pred='alveoli' stage=strict correct=True
2026-09-20 17:34:10 | DEBUG    | free_response | id=312 cell=B_prime gold='alveoli' pred='Alveoli' stage=strict correct=True
2026-09-20 17:34:10 | DEBUG    | free_response | id=313 cell=A_prime gold='shingles' pred='Shingles' stage=strict correct=True
2026-09-20 17:34:11 | DEBUG    | free_response | id=313 cell=B_prime gold='shingles' pred='Shingles' stage=strict correct=True
2026-09-20 17:34:11 | DEBUG    | free_response | id=314 cell=A_prime gold='solvent' pred='solvent' stage=strict correct=True
2026-09-20 17:34:11 | DEBUG    | free_response | id=314 cell=B_prime gold='solvent' pred='solvent' stage=strict correct=True
2026-09-20 17:34:12 | DEBUG    | free_response | id=315 cell=A_prime gold='a base' pred='Base' stage=strict correct=True
2026-09-20 17:34:12 | DEBUG    | free_response | id=315 cell=B_prime gold='a base' pred='base' stage=strict correct=True
2026-09-20 17:34:13 | DEBUG    | free_response | id=316 cell=A_prime gold='predators' pred='Carnivores' stage=judge correct=False
2026-09-20 17:34:14 | DEBUG    | free_response | id=316 cell=B_prime gold='predators' pred='Predators' stage=strict correct=True
2026-09-20 17:34:14 | DEBUG    | free_response | id=317 cell=A_prime gold='autoimmune' pred='Autoimmune' stage=strict correct=True
2026-09-20 17:34:15 | DEBUG    | free_response | id=317 cell=B_prime gold='autoimmune' pred='Autoimmune diseases' stage=judge correct=True
2026-09-20 17:34:15 | DEBUG    | free_response | id=318 cell=A_prime gold='flowers' pred='flower' stage=normalised correct=True
2026-09-20 17:34:15 | DEBUG    | free_response | id=318 cell=B_prime gold='flowers' pred='flowers' stage=strict correct=True
2026-09-20 17:34:16 | DEBUG    | free_response | id=319 cell=A_prime gold='four haploid cells' pred='Gametes' stage=judge correct=True
2026-09-20 17:34:17 | DEBUG    | free_response | id=319 cell=B_prime gold='four haploid cells' pred='haploid cells' stage=judge correct=True
2026-09-20 17:34:18 | DEBUG    | free_response | id=320 cell=A_prime gold='fossil fuels' pred='natural gas' stage=judge correct=False
2026-09-20 17:34:19 | DEBUG    | free_response | id=320 cell=B_prime gold='fossil fuels' pred='other fossil fuels' stage=judge correct=True
2026-09-20 17:34:19 | DEBUG    | free_response | id=321 cell=A_prime gold='erosion' pred='Erosion' stage=strict correct=True
2026-09-20 17:34:19 | DEBUG    | free_response | id=321 cell=B_prime gold='erosion' pred='erosion' stage=strict correct=True
2026-09-20 17:34:20 | DEBUG    | free_response | id=322 cell=A_prime gold='elements' pred='elements' stage=strict correct=True
2026-09-20 17:34:20 | DEBUG    | free_response | id=322 cell=B_prime gold='elements' pred='elements' stage=strict correct=True
2026-09-20 17:34:21 | DEBUG    | free_response | id=323 cell=A_prime gold='impermeable rock' pred='impermeable layer' stage=judge correct=True
2026-09-20 17:34:21 | DEBUG    | free_response | id=323 cell=B_prime gold='impermeable rock' pred='impermeable rock' stage=strict correct=True
2026-09-20 17:34:22 | DEBUG    | free_response | id=324 cell=A_prime gold='spinal cavity' pred='ventral' stage=judge correct=False
2026-09-20 17:34:23 | DEBUG    | free_response | id=324 cell=B_prime gold='spinal cavity' pred='ventral' stage=judge correct=False
2026-09-20 17:34:23 | DEBUG    | free_response | id=325 cell=A_prime gold='proteins' pred='Protein' stage=normalised correct=True
2026-09-20 17:34:24 | DEBUG    | free_response | id=325 cell=B_prime gold='proteins' pred='Proteins' stage=strict correct=True
2026-09-20 17:34:24 | DEBUG    | free_response | id=326 cell=A_prime gold='cell-level organization' pred='Porifera' stage=judge correct=False
2026-09-20 17:34:25 | DEBUG    | free_response | id=326 cell=B_prime gold='cell-level organization' pred='cell-level organization' stage=strict correct=True
2026-09-20 17:34:26 | DEBUG    | free_response | id=327 cell=A_prime gold='exothermic reactions' pred='Exothermic' stage=judge correct=True
2026-09-20 17:34:27 | DEBUG    | free_response | id=327 cell=B_prime gold='exothermic reactions' pred='Exothermic' stage=judge correct=True
2026-09-20 17:34:27 | DEBUG    | free_response | id=328 cell=A_prime gold='nodules' pred='Clasts' stage=judge correct=False
2026-09-20 17:34:28 | DEBUG    | free_response | id=328 cell=B_prime gold='nodules' pred='nodules' stage=strict correct=True
2026-09-20 17:34:29 | DEBUG    | free_response | id=329 cell=A_prime gold='light' pred='Speed of light' stage=judge correct=True
2026-09-20 17:34:29 | DEBUG    | free_response | id=329 cell=B_prime gold='light' pred='light' stage=strict correct=True
2026-09-20 17:34:30 | DEBUG    | free_response | id=330 cell=A_prime gold='pinocytosis' pred='Endocytosis' stage=judge correct=False
2026-09-20 17:34:30 | DEBUG    | free_response | id=330 cell=B_prime gold='pinocytosis' pred='Pinocytosis' stage=strict correct=True
2026-09-20 17:34:30 | DEBUG    | free_response | id=331 cell=A_prime gold='spring' pred='Spring' stage=strict correct=True
2026-09-20 17:34:31 | DEBUG    | free_response | id=331 cell=B_prime gold='spring' pred='Spring' stage=strict correct=True
2026-09-20 17:34:31 | DEBUG    | free_response | id=332 cell=A_prime gold='cells' pred='Cells' stage=strict correct=True
2026-09-20 17:34:31 | DEBUG    | free_response | id=332 cell=B_prime gold='cells' pred='Cells' stage=strict correct=True
2026-09-20 17:34:32 | DEBUG    | free_response | id=333 cell=A_prime gold='sublimation' pred='Sublimation' stage=strict correct=True
2026-09-20 17:34:32 | DEBUG    | free_response | id=333 cell=B_prime gold='sublimation' pred='Sublimation' stage=strict correct=True
2026-09-20 17:34:33 | DEBUG    | free_response | id=334 cell=A_prime gold='hemodialysis' pred='hemodialysis' stage=strict correct=True
2026-09-20 17:34:34 | DEBUG    | free_response | id=334 cell=B_prime gold='hemodialysis' pred='hemodialysis' stage=strict correct=True
2026-09-20 17:34:34 | DEBUG    | free_response | id=335 cell=A_prime gold='radioactive elements' pred='Radioactive elements' stage=strict correct=True
2026-09-20 17:34:34 | DEBUG    | free_response | id=335 cell=B_prime gold='radioactive elements' pred='Radioactive elements' stage=strict correct=True
2026-09-20 17:34:35 | DEBUG    | free_response | id=336 cell=A_prime gold='cytosol' pred='cytoplasm' stage=judge correct=True
2026-09-20 17:34:36 | DEBUG    | free_response | id=336 cell=B_prime gold='cytosol' pred='cytosol' stage=strict correct=True
2026-09-20 17:34:36 | DEBUG    | free_response | id=337 cell=A_prime gold='hair' pred='Nerves' stage=judge correct=False
2026-09-20 17:34:37 | DEBUG    | free_response | id=337 cell=B_prime gold='hair' pred='Hair' stage=strict correct=True
2026-09-20 17:34:37 | DEBUG    | free_response | id=338 cell=A_prime gold='saturn' pred='Jupiter' stage=judge correct=False
2026-09-20 17:34:38 | DEBUG    | free_response | id=338 cell=B_prime gold='saturn' pred='Saturn' stage=strict correct=True
2026-09-20 17:34:38 | DEBUG    | free_response | id=339 cell=A_prime gold='microwaves' pred='Microwave' stage=normalised correct=True
2026-09-20 17:34:39 | DEBUG    | free_response | id=339 cell=B_prime gold='microwaves' pred='microwaves' stage=strict correct=True
2026-09-20 17:34:40 | DEBUG    | free_response | id=340 cell=A_prime gold='right lobe' pred='Hepaticoduodenal ligament' stage=judge correct=False
2026-09-20 17:34:41 | DEBUG    | free_response | id=340 cell=B_prime gold='right lobe' pred='right' stage=judge correct=True
2026-09-20 17:34:41 | DEBUG    | free_response | id=341 cell=A_prime gold='cell division' pred='Cell division' stage=strict correct=True
2026-09-20 17:34:41 | DEBUG    | free_response | id=341 cell=B_prime gold='cell division' pred='Cell division' stage=strict correct=True
2026-09-20 17:34:42 | DEBUG    | free_response | id=342 cell=A_prime gold='expanding universe' pred='Stretchespace' stage=judge correct=False
2026-09-20 17:34:43 | DEBUG    | free_response | id=342 cell=B_prime gold='expanding universe' pred='expansion' stage=judge correct=True
2026-09-20 17:34:44 | DEBUG    | free_response | id=343 cell=A_prime gold='complete and incomplete' pred='Suctorial and Schizocoelic' stage=judge correct=False
2026-09-20 17:34:45 | DEBUG    | free_response | id=343 cell=B_prime gold='complete and incomplete' pred='incomplete and complete' stage=judge correct=True
2026-09-20 17:34:46 | DEBUG    | free_response | id=344 cell=A_prime gold='metastasized' pred='Metastatic' stage=judge correct=True
2026-09-20 17:34:46 | DEBUG    | free_response | id=344 cell=B_prime gold='metastasized' pred='Metastasized' stage=strict correct=True
2026-09-20 17:34:47 | DEBUG    | free_response | id=345 cell=A_prime gold='birds' pred='Mammals' stage=judge correct=False
2026-09-20 17:34:48 | DEBUG    | free_response | id=345 cell=B_prime gold='birds' pred='birds' stage=strict correct=True
2026-09-20 17:34:48 | DEBUG    | free_response | id=346 cell=A_prime gold='4' pred='4' stage=strict correct=True
2026-09-20 17:34:49 | DEBUG    | free_response | id=346 cell=B_prime gold='4' pred='4 Calories' stage=judge correct=True
2026-09-20 17:34:49 | DEBUG    | free_response | id=347 cell=A_prime gold='remission' pred='Treatment' stage=judge correct=False
2026-09-20 17:34:50 | DEBUG    | free_response | id=347 cell=B_prime gold='remission' pred='remission' stage=strict correct=True
2026-09-20 17:34:50 | DEBUG    | free_response | id=348 cell=A_prime gold='cuticle' pred='Cuticle' stage=strict correct=True
2026-09-20 17:34:51 | DEBUG    | free_response | id=348 cell=B_prime gold='cuticle' pred='exocuticle' stage=judge correct=True
2026-09-20 17:34:51 | DEBUG    | free_response | id=349 cell=A_prime gold='pupa' pred='Pupa' stage=strict correct=True
2026-09-20 17:34:52 | DEBUG    | free_response | id=349 cell=B_prime gold='pupa' pred='Pupa' stage=strict correct=True
2026-09-20 17:34:52 | DEBUG    | free_response | id=350 cell=A_prime gold='medium' pred='medium' stage=strict correct=True
2026-09-20 17:34:52 | DEBUG    | free_response | id=350 cell=B_prime gold='medium' pred='medium' stage=strict correct=True
2026-09-20 17:34:53 | DEBUG    | free_response | id=351 cell=A_prime gold='alternation of generation' pred='adaptation' stage=judge correct=False
2026-09-20 17:34:53 | DEBUG    | free_response | id=351 cell=B_prime gold='alternation of generation' pred='alternation of generations' stage=normalised correct=True
2026-09-20 17:34:53 | INFO     | free_response |   [352/884] A_prime 0.75  B_prime 0.99 | 1.06s/item | ETA 9.4 min
2026-09-20 17:34:54 | DEBUG    | free_response | id=352 cell=A_prime gold='compounds' pred='composition' stage=judge correct=False
2026-09-20 17:34:54 | DEBUG    | free_response | id=352 cell=B_prime gold='compounds' pred='compounds' stage=strict correct=True
2026-09-20 17:34:55 | DEBUG    | free_response | id=353 cell=A_prime gold='binary fission' pred='Binary fission' stage=strict correct=True
2026-09-20 17:34:55 | DEBUG    | free_response | id=353 cell=B_prime gold='binary fission' pred='Binary fission' stage=strict correct=True
2026-09-20 17:34:56 | DEBUG    | free_response | id=354 cell=A_prime gold='digestive system' pred='Digestive system' stage=strict correct=True
2026-09-20 17:34:56 | DEBUG    | free_response | id=354 cell=B_prime gold='digestive system' pred='Digestive system' stage=strict correct=True
2026-09-20 17:34:56 | DEBUG    | free_response | id=355 cell=A_prime gold='sublimation' pred='Sublimation' stage=strict correct=True
2026-09-20 17:34:57 | DEBUG    | free_response | id=355 cell=B_prime gold='sublimation' pred='Sublimation' stage=strict correct=True
2026-09-20 17:34:57 | DEBUG    | free_response | id=356 cell=A_prime gold='anus' pred='anus' stage=strict correct=True
2026-09-20 17:34:58 | DEBUG    | free_response | id=356 cell=B_prime gold='anus' pred='anus' stage=strict correct=True
2026-09-20 17:34:58 | DEBUG    | free_response | id=357 cell=A_prime gold='specific heat' pred='Specific heat capacity' stage=judge correct=True
2026-09-20 17:34:59 | DEBUG    | free_response | id=357 cell=B_prime gold='specific heat' pred='specific heat' stage=strict correct=True
2026-09-20 17:34:59 | DEBUG    | free_response | id=358 cell=A_prime gold='the sun' pred='Sun' stage=strict correct=True
2026-09-20 17:35:00 | DEBUG    | free_response | id=358 cell=B_prime gold='the sun' pred='The sun' stage=strict correct=True
2026-09-20 17:35:00 | DEBUG    | free_response | id=359 cell=A_prime gold='antiviral drugs' pred='Antiviral' stage=judge correct=True
2026-09-20 17:35:01 | DEBUG    | free_response | id=359 cell=B_prime gold='antiviral drugs' pred='Antiviral drugs' stage=strict correct=True
2026-09-20 17:35:01 | DEBUG    | free_response | id=360 cell=A_prime gold='renewable' pred='Renewable' stage=strict correct=True
2026-09-20 17:35:02 | DEBUG    | free_response | id=360 cell=B_prime gold='renewable' pred='renewable' stage=strict correct=True
2026-09-20 17:35:02 | DEBUG    | free_response | id=361 cell=A_prime gold='core' pred='neutron star' stage=judge correct=False
2026-09-20 17:35:03 | DEBUG    | free_response | id=361 cell=B_prime gold='core' pred='core' stage=strict correct=True
2026-09-20 17:35:03 | DEBUG    | free_response | id=362 cell=A_prime gold='petals' pred='Petals' stage=strict correct=True
2026-09-20 17:35:03 | DEBUG    | free_response | id=362 cell=B_prime gold='petals' pred='Petals' stage=strict correct=True
2026-09-20 17:35:04 | DEBUG    | free_response | id=363 cell=A_prime gold='metals and nonmetals' pred='ions' stage=judge correct=False
2026-09-20 17:35:05 | DEBUG    | free_response | id=363 cell=B_prime gold='metals and nonmetals' pred='metals and nonmetals' stage=strict correct=True
2026-09-20 17:35:05 | DEBUG    | free_response | id=364 cell=A_prime gold='energy' pred='shape' stage=judge correct=False
2026-09-20 17:35:06 | DEBUG    | free_response | id=364 cell=B_prime gold='energy' pred='energy' stage=strict correct=True
2026-09-20 17:35:06 | DEBUG    | free_response | id=365 cell=A_prime gold='specialization' pred='Coevolution' stage=judge correct=False
2026-09-20 17:35:07 | DEBUG    | free_response | id=365 cell=B_prime gold='specialization' pred='Specialization' stage=strict correct=True
2026-09-20 17:35:08 | DEBUG    | free_response | id=366 cell=A_prime gold='nerve fibers' pred='osteocytes' stage=judge correct=False
2026-09-20 17:35:08 | DEBUG    | free_response | id=366 cell=B_prime gold='nerve fibers' pred='nerve fibers' stage=strict correct=True
2026-09-20 17:35:08 | DEBUG    | free_response | id=367 cell=A_prime gold='radio telescopes' pred='Radio telescopes' stage=strict correct=True
2026-09-20 17:35:09 | DEBUG    | free_response | id=367 cell=B_prime gold='radio telescopes' pred='Radio telescopes' stage=strict correct=True
2026-09-20 17:35:09 | DEBUG    | free_response | id=368 cell=A_prime gold='dna' pred='DNA' stage=strict correct=True
2026-09-20 17:35:09 | DEBUG    | free_response | id=368 cell=B_prime gold='dna' pred='DNA' stage=strict correct=True
2026-09-20 17:35:10 | DEBUG    | free_response | id=369 cell=A_prime gold='alleles' pred='Alleles' stage=strict correct=True
2026-09-20 17:35:10 | DEBUG    | free_response | id=369 cell=B_prime gold='alleles' pred='alleles' stage=strict correct=True
2026-09-20 17:35:10 | DEBUG    | free_response | id=370 cell=A_prime gold='products' pred='products' stage=strict correct=True
2026-09-20 17:35:11 | DEBUG    | free_response | id=370 cell=B_prime gold='products' pred='products' stage=strict correct=True
2026-09-20 17:35:11 | DEBUG    | free_response | id=371 cell=A_prime gold='base' pred='alkali' stage=judge correct=True
2026-09-20 17:35:12 | DEBUG    | free_response | id=371 cell=B_prime gold='base' pred='base' stage=strict correct=True
2026-09-20 17:35:12 | DEBUG    | free_response | id=372 cell=A_prime gold='reproduction' pred='Reproduction' stage=strict correct=True
2026-09-20 17:35:12 | DEBUG    | free_response | id=372 cell=B_prime gold='reproduction' pred='Reproduction' stage=strict correct=True
2026-09-20 17:35:13 | DEBUG    | free_response | id=373 cell=A_prime gold='light' pred='Sunlight' stage=judge correct=True
2026-09-20 17:35:13 | DEBUG    | free_response | id=373 cell=B_prime gold='light' pred='light' stage=strict correct=True
2026-09-20 17:35:13 | DEBUG    | free_response | id=374 cell=A_prime gold='move' pred='move' stage=strict correct=True
2026-09-20 17:35:14 | DEBUG    | free_response | id=374 cell=B_prime gold='move' pred='move' stage=strict correct=True
2026-09-20 17:35:15 | DEBUG    | free_response | id=375 cell=A_prime gold='combustion engine' pred='Internal combustion engine' stage=judge correct=True
2026-09-20 17:35:15 | DEBUG    | free_response | id=375 cell=B_prime gold='combustion engine' pred='Combustion engine' stage=strict correct=True
2026-09-20 17:35:15 | DEBUG    | free_response | id=376 cell=A_prime gold='proteins' pred='Protein' stage=normalised correct=True
2026-09-20 17:35:16 | DEBUG    | free_response | id=376 cell=B_prime gold='proteins' pred='proteins' stage=strict correct=True
2026-09-20 17:35:16 | DEBUG    | free_response | id=377 cell=A_prime gold='homologous' pred='homologous' stage=strict correct=True
2026-09-20 17:35:17 | DEBUG    | free_response | id=377 cell=B_prime gold='homologous' pred='homologous' stage=strict correct=True
2026-09-20 17:35:17 | DEBUG    | free_response | id=378 cell=A_prime gold='ph' pred='pH' stage=strict correct=True
2026-09-20 17:35:17 | DEBUG    | free_response | id=378 cell=B_prime gold='ph' pred='pH' stage=strict correct=True
2026-09-20 17:35:18 | DEBUG    | free_response | id=379 cell=A_prime gold='sporopollenin' pred='Pollen grain' stage=judge correct=False
2026-09-20 17:35:19 | DEBUG    | free_response | id=379 cell=B_prime gold='sporopollenin' pred='Sporopollenin' stage=strict correct=True
2026-09-20 17:35:19 | DEBUG    | free_response | id=380 cell=A_prime gold='eukaryotic' pred='Eukaryotic' stage=strict correct=True
2026-09-20 17:35:20 | DEBUG    | free_response | id=380 cell=B_prime gold='eukaryotic' pred='Eukaryotic' stage=strict correct=True
2026-09-20 17:35:21 | DEBUG    | free_response | id=381 cell=A_prime gold='glycolsis' pred='Glycolysis' stage=judge correct=True
2026-09-20 17:35:21 | DEBUG    | free_response | id=381 cell=B_prime gold='glycolsis' pred='Glycolysis' stage=judge correct=True
2026-09-20 17:35:22 | DEBUG    | free_response | id=382 cell=A_prime gold='star clusters' pred='Star cluster' stage=normalised correct=True
2026-09-20 17:35:22 | DEBUG    | free_response | id=382 cell=B_prime gold='star clusters' pred='Star clusters' stage=strict correct=True
2026-09-20 17:35:22 | DEBUG    | free_response | id=383 cell=A_prime gold='equilibrium' pred='equilibrium' stage=strict correct=True
2026-09-20 17:35:23 | DEBUG    | free_response | id=383 cell=B_prime gold='equilibrium' pred='equilibrium' stage=strict correct=True
2026-09-20 17:35:24 | DEBUG    | free_response | id=384 cell=A_prime gold='capillary tube' pred='Capillary Rise' stage=judge correct=False
2026-09-20 17:35:25 | DEBUG    | free_response | id=384 cell=B_prime gold='capillary tube' pred='capillary action' stage=judge correct=False
2026-09-20 17:35:26 | DEBUG    | free_response | id=385 cell=A_prime gold='they are lower' pred='Decreases' stage=judge correct=True
2026-09-20 17:35:27 | DEBUG    | free_response | id=385 cell=B_prime gold='they are lower' pred='lower' stage=judge correct=True
2026-09-20 17:35:27 | DEBUG    | free_response | id=386 cell=A_prime gold='both' pred='Both' stage=strict correct=True
2026-09-20 17:35:27 | DEBUG    | free_response | id=386 cell=B_prime gold='both' pred='both' stage=strict correct=True
2026-09-20 17:35:28 | DEBUG    | free_response | id=387 cell=A_prime gold='stormy' pred='Rainy' stage=judge correct=True
2026-09-20 17:35:29 | DEBUG    | free_response | id=387 cell=B_prime gold='stormy' pred='stormy weather' stage=judge correct=True
2026-09-20 17:35:30 | DEBUG    | free_response | id=388 cell=A_prime gold='eardrum' pred='Tympanic membrane' stage=judge correct=True
2026-09-20 17:35:30 | DEBUG    | free_response | id=388 cell=B_prime gold='eardrum' pred='eardrum' stage=strict correct=True
2026-09-20 17:35:30 | DEBUG    | free_response | id=389 cell=A_prime gold='comets' pred='Comets' stage=strict correct=True
2026-09-20 17:35:31 | DEBUG    | free_response | id=389 cell=B_prime gold='comets' pred='Comets' stage=strict correct=True
2026-09-20 17:35:32 | DEBUG    | free_response | id=390 cell=A_prime gold='cenozoic era' pred='Cenozoic' stage=judge correct=True
2026-09-20 17:35:33 | DEBUG    | free_response | id=390 cell=B_prime gold='cenozoic era' pred='Cenozoic' stage=judge correct=True
2026-09-20 17:35:33 | DEBUG    | free_response | id=391 cell=A_prime gold='gamma' pred='radiation' stage=judge correct=True
2026-09-20 17:35:34 | DEBUG    | free_response | id=391 cell=B_prime gold='gamma' pred='Gamma rays' stage=judge correct=True
2026-09-20 17:35:34 | DEBUG    | free_response | id=392 cell=A_prime gold='evolution' pred='evolution' stage=strict correct=True
2026-09-20 17:35:35 | DEBUG    | free_response | id=392 cell=B_prime gold='evolution' pred='evolution' stage=strict correct=True
2026-09-20 17:35:36 | DEBUG    | free_response | id=393 cell=A_prime gold='solute and solvent' pred='solute, solvent' stage=judge correct=True
2026-09-20 17:35:36 | DEBUG    | free_response | id=393 cell=B_prime gold='solute and solvent' pred='solute and solvent' stage=strict correct=True
2026-09-20 17:35:37 | DEBUG    | free_response | id=394 cell=A_prime gold='seven' pred='All' stage=judge correct=True
2026-09-20 17:35:37 | DEBUG    | free_response | id=394 cell=B_prime gold='seven' pred='seven' stage=strict correct=True
2026-09-20 17:35:37 | DEBUG    | free_response | id=395 cell=A_prime gold='electrons' pred='electrons' stage=strict correct=True
2026-09-20 17:35:38 | DEBUG    | free_response | id=395 cell=B_prime gold='electrons' pred='electrons' stage=strict correct=True
2026-09-20 17:35:38 | DEBUG    | free_response | id=396 cell=A_prime gold='tundra' pred='Tundra' stage=strict correct=True
2026-09-20 17:35:38 | DEBUG    | free_response | id=396 cell=B_prime gold='tundra' pred='Tundra' stage=strict correct=True
2026-09-20 17:35:39 | DEBUG    | free_response | id=397 cell=A_prime gold='host cells' pred='cells' stage=judge correct=False
2026-09-20 17:35:39 | DEBUG    | free_response | id=397 cell=B_prime gold='host cells' pred='host cells' stage=strict correct=True
2026-09-20 17:35:40 | DEBUG    | free_response | id=398 cell=A_prime gold='exothermic process' pred='Exothermic' stage=judge correct=True
2026-09-20 17:35:41 | DEBUG    | free_response | id=398 cell=B_prime gold='exothermic process' pred='exothermic' stage=judge correct=True
2026-09-20 17:35:41 | DEBUG    | free_response | id=399 cell=A_prime gold='melatonin' pred='Melatonin' stage=strict correct=True
2026-09-20 17:35:42 | DEBUG    | free_response | id=399 cell=B_prime gold='melatonin' pred='Melatonin' stage=strict correct=True
2026-09-20 17:35:42 | DEBUG    | free_response | id=400 cell=A_prime gold='energy' pred='Energy' stage=strict correct=True
2026-09-20 17:35:42 | DEBUG    | free_response | id=400 cell=B_prime gold='energy' pred='Energy' stage=strict correct=True
2026-09-20 17:35:43 | DEBUG    | free_response | id=401 cell=A_prime gold='adipose and collagenous' pred='Glandular and adipose tissue' stage=judge correct=False
2026-09-20 17:35:45 | DEBUG    | free_response | id=401 cell=B_prime gold='adipose and collagenous' pred='adipose and collagenous tissue' stage=judge correct=True
2026-09-20 17:35:45 | DEBUG    | free_response | id=402 cell=A_prime gold='nervous system' pred='Nervous System' stage=strict correct=True
2026-09-20 17:35:46 | DEBUG    | free_response | id=402 cell=B_prime gold='nervous system' pred='Nervous System' stage=strict correct=True
2026-09-20 17:35:46 | DEBUG    | free_response | id=403 cell=A_prime gold='the pistil' pred='pistil' stage=strict correct=True
2026-09-20 17:35:46 | DEBUG    | free_response | id=403 cell=B_prime gold='the pistil' pred='pistil' stage=strict correct=True
2026-09-20 17:35:47 | DEBUG    | free_response | id=404 cell=A_prime gold='amino acid' pred='amino acid' stage=strict correct=True
2026-09-20 17:35:47 | DEBUG    | free_response | id=404 cell=B_prime gold='amino acid' pred='Amino Acid' stage=strict correct=True
2026-09-20 17:35:48 | DEBUG    | free_response | id=405 cell=A_prime gold='ephedra' pred='Ephedra' stage=strict correct=True
2026-09-20 17:35:48 | DEBUG    | free_response | id=405 cell=B_prime gold='ephedra' pred='Ephedra' stage=strict correct=True
2026-09-20 17:35:49 | DEBUG    | free_response | id=406 cell=A_prime gold='hydrocarbons' pred='Hydrocarbons' stage=strict correct=True
2026-09-20 17:35:50 | DEBUG    | free_response | id=406 cell=B_prime gold='hydrocarbons' pred='Hydrocarbons' stage=strict correct=True
2026-09-20 17:35:50 | DEBUG    | free_response | id=407 cell=A_prime gold='aristotle' pred='Linnaeus' stage=judge correct=False
2026-09-20 17:35:51 | DEBUG    | free_response | id=407 cell=B_prime gold='aristotle' pred='Aristotle' stage=strict correct=True
2026-09-20 17:35:51 | DEBUG    | free_response | id=408 cell=A_prime gold='hydrogen' pred='hydrogen' stage=strict correct=True
2026-09-20 17:35:51 | DEBUG    | free_response | id=408 cell=B_prime gold='hydrogen' pred='hydrogen' stage=strict correct=True
2026-09-20 17:35:52 | DEBUG    | free_response | id=409 cell=A_prime gold='organ' pred='organ' stage=strict correct=True
2026-09-20 17:35:52 | DEBUG    | free_response | id=409 cell=B_prime gold='organ' pred='Organ' stage=strict correct=True
2026-09-20 17:35:53 | DEBUG    | free_response | id=410 cell=A_prime gold='it will float' pred='Float' stage=judge correct=True
2026-09-20 17:35:54 | DEBUG    | free_response | id=410 cell=B_prime gold='it will float' pred='float' stage=judge correct=True
2026-09-20 17:35:54 | DEBUG    | free_response | id=411 cell=A_prime gold='alchemy' pred='Alchemy' stage=strict correct=True
2026-09-20 17:35:55 | DEBUG    | free_response | id=411 cell=B_prime gold='alchemy' pred='Alchemists' stage=judge correct=True
2026-09-20 17:35:55 | DEBUG    | free_response | id=412 cell=A_prime gold='isotopes' pred='Isotopes' stage=strict correct=True
2026-09-20 17:35:56 | DEBUG    | free_response | id=412 cell=B_prime gold='isotopes' pred='Isotopes' stage=strict correct=True
2026-09-20 17:35:57 | DEBUG    | free_response | id=413 cell=A_prime gold='solvent' pred='Diluent' stage=judge correct=True
2026-09-20 17:35:57 | DEBUG    | free_response | id=413 cell=B_prime gold='solvent' pred='solvent' stage=strict correct=True
2026-09-20 17:35:58 | DEBUG    | free_response | id=414 cell=A_prime gold='body hair' pred='Hands' stage=judge correct=False
2026-09-20 17:35:58 | DEBUG    | free_response | id=414 cell=B_prime gold='body hair' pred='body hair' stage=strict correct=True
2026-09-20 17:35:59 | DEBUG    | free_response | id=415 cell=A_prime gold='refractive index' pred='Total internal reflection' stage=judge correct=False
2026-09-20 17:36:00 | DEBUG    | free_response | id=415 cell=B_prime gold='refractive index' pred='index of refraction' stage=judge correct=True
2026-09-20 17:36:01 | DEBUG    | free_response | id=416 cell=A_prime gold='impulse' pred='Resultant' stage=judge correct=False
2026-09-20 17:36:01 | DEBUG    | free_response | id=416 cell=B_prime gold='impulse' pred='Impulse' stage=strict correct=True
2026-09-20 17:36:02 | DEBUG    | free_response | id=417 cell=A_prime gold='seedless vascular plants' pred='Pteridophytes' stage=judge correct=True
2026-09-20 17:36:03 | DEBUG    | free_response | id=417 cell=B_prime gold='seedless vascular plants' pred='Seedless Vascular Plants' stage=strict correct=True
2026-09-20 17:36:03 | DEBUG    | free_response | id=418 cell=A_prime gold='pathogen' pred='carrier' stage=judge correct=False
2026-09-20 17:36:04 | DEBUG    | free_response | id=418 cell=B_prime gold='pathogen' pred='pathogens' stage=normalised correct=True
2026-09-20 17:36:04 | DEBUG    | free_response | id=419 cell=A_prime gold='thrust' pred='Thrust' stage=strict correct=True
2026-09-20 17:36:05 | DEBUG    | free_response | id=419 cell=B_prime gold='thrust' pred='thrust' stage=strict correct=True
2026-09-20 17:36:05 | DEBUG    | free_response | id=420 cell=A_prime gold='the passenger piegon' pred='Passenger Pigeon' stage=judge correct=True
2026-09-20 17:36:06 | DEBUG    | free_response | id=420 cell=B_prime gold='the passenger piegon' pred='passenger pigeon' stage=judge correct=True
2026-09-20 17:36:07 | DEBUG    | free_response | id=421 cell=A_prime gold='nitrogen cycle' pred='Nitrogen cycle' stage=strict correct=True
2026-09-20 17:36:07 | DEBUG    | free_response | id=421 cell=B_prime gold='nitrogen cycle' pred='Nitrogen cycle' stage=strict correct=True
2026-09-20 17:36:08 | DEBUG    | free_response | id=422 cell=A_prime gold='proteins' pred='Proteins' stage=strict correct=True
2026-09-20 17:36:08 | DEBUG    | free_response | id=422 cell=B_prime gold='proteins' pred='proteins' stage=strict correct=True
2026-09-20 17:36:08 | DEBUG    | free_response | id=423 cell=A_prime gold='angiosperms' pred='Angiosperms' stage=strict correct=True
2026-09-20 17:36:09 | DEBUG    | free_response | id=423 cell=B_prime gold='angiosperms' pred='Angiosperms' stage=strict correct=True
2026-09-20 17:36:09 | DEBUG    | free_response | id=424 cell=A_prime gold='left' pred='Left' stage=strict correct=True
2026-09-20 17:36:09 | DEBUG    | free_response | id=424 cell=B_prime gold='left' pred='left' stage=strict correct=True
2026-09-20 17:36:10 | DEBUG    | free_response | id=425 cell=A_prime gold='seamounts' pred='seamounts' stage=strict correct=True
2026-09-20 17:36:10 | DEBUG    | free_response | id=425 cell=B_prime gold='seamounts' pred='seamounts' stage=strict correct=True
2026-09-20 17:36:11 | DEBUG    | free_response | id=426 cell=A_prime gold='colony' pred='Hive' stage=judge correct=True
2026-09-20 17:36:11 | DEBUG    | free_response | id=426 cell=B_prime gold='colony' pred='Colonies' stage=normalised correct=True
2026-09-20 17:36:12 | DEBUG    | free_response | id=427 cell=A_prime gold='wave function' pred='atomic orbital' stage=judge correct=False
2026-09-20 17:36:13 | DEBUG    | free_response | id=427 cell=B_prime gold='wave function' pred='wave function' stage=strict correct=True
2026-09-20 17:36:13 | DEBUG    | free_response | id=428 cell=A_prime gold='radioactivity' pred='Radioactivity' stage=strict correct=True
2026-09-20 17:36:13 | DEBUG    | free_response | id=428 cell=B_prime gold='radioactivity' pred='Radioactivity' stage=strict correct=True
2026-09-20 17:36:14 | DEBUG    | free_response | id=429 cell=A_prime gold='amniotic' pred='Amniotic fluid' stage=judge correct=True
2026-09-20 17:36:15 | DEBUG    | free_response | id=429 cell=B_prime gold='amniotic' pred='Amniotic fluid' stage=judge correct=True
2026-09-20 17:36:16 | DEBUG    | free_response | id=430 cell=A_prime gold='preventive vaccinations' pred='Vaccination' stage=judge correct=True
2026-09-20 17:36:17 | DEBUG    | free_response | id=430 cell=B_prime gold='preventive vaccinations' pred='Getting the recommended vaccinations' stage=judge correct=True
2026-09-20 17:36:18 | DEBUG    | free_response | id=431 cell=A_prime gold='to kill prey' pred='Defense and hunting' stage=judge correct=False
2026-09-20 17:36:18 | DEBUG    | free_response | id=431 cell=B_prime gold='to kill prey' pred='To kill prey' stage=strict correct=True
2026-09-20 17:36:19 | DEBUG    | free_response | id=432 cell=A_prime gold='inject venom' pred='Venom injection' stage=judge correct=True
2026-09-20 17:36:19 | DEBUG    | free_response | id=432 cell=B_prime gold='inject venom' pred='inject venom' stage=strict correct=True
2026-09-20 17:36:20 | DEBUG    | free_response | id=433 cell=A_prime gold='cancers' pred='Tumor' stage=judge correct=True
2026-09-20 17:36:21 | DEBUG    | free_response | id=433 cell=B_prime gold='cancers' pred='Cancer' stage=normalised correct=True
2026-09-20 17:36:21 | DEBUG    | free_response | id=434 cell=A_prime gold='ovaries' pred='fruit' stage=judge correct=False
2026-09-20 17:36:22 | DEBUG    | free_response | id=434 cell=B_prime gold='ovaries' pred='ovaries' stage=strict correct=True
2026-09-20 17:36:22 | DEBUG    | free_response | id=435 cell=A_prime gold='technological design' pred='Innovation' stage=judge correct=False
2026-09-20 17:36:23 | DEBUG    | free_response | id=435 cell=B_prime gold='technological design' pred='Technological design' stage=strict correct=True
2026-09-20 17:36:23 | DEBUG    | free_response | id=436 cell=A_prime gold='community' pred='Community' stage=strict correct=True
2026-09-20 17:36:23 | DEBUG    | free_response | id=436 cell=B_prime gold='community' pred='community' stage=strict correct=True
2026-09-20 17:36:24 | DEBUG    | free_response | id=437 cell=A_prime gold='bohr model' pred='Bohr Model' stage=strict correct=True
2026-09-20 17:36:24 | DEBUG    | free_response | id=437 cell=B_prime gold='bohr model' pred='Bohr model' stage=strict correct=True
2026-09-20 17:36:25 | DEBUG    | free_response | id=438 cell=A_prime gold='longitudinal wave' pred='Transverse' stage=judge correct=False
2026-09-20 17:36:26 | DEBUG    | free_response | id=438 cell=B_prime gold='longitudinal wave' pred='Longitudinal' stage=judge correct=True
2026-09-20 17:36:26 | DEBUG    | free_response | id=439 cell=A_prime gold='inclined plane' pred='inclined plane' stage=strict correct=True
2026-09-20 17:36:27 | DEBUG    | free_response | id=439 cell=B_prime gold='inclined plane' pred='inclinable plane' stage=judge correct=False
2026-09-20 17:36:27 | INFO     | free_response |   [440/884] A_prime 0.76  B_prime 0.98 | 1.06s/item | ETA 7.8 min
2026-09-20 17:36:28 | DEBUG    | free_response | id=440 cell=A_prime gold='light' pred='Photon' stage=judge correct=True
2026-09-20 17:36:28 | DEBUG    | free_response | id=440 cell=B_prime gold='light' pred='light' stage=strict correct=True
2026-09-20 17:36:29 | DEBUG    | free_response | id=441 cell=A_prime gold='hydrogen bond' pred='Intermolecular forces' stage=judge correct=False
2026-09-20 17:36:29 | DEBUG    | free_response | id=441 cell=B_prime gold='hydrogen bond' pred='hydrogen bond' stage=strict correct=True
2026-09-20 17:36:30 | DEBUG    | free_response | id=442 cell=A_prime gold='mutagens' pred='Hazards' stage=judge correct=False
2026-09-20 17:36:30 | DEBUG    | free_response | id=442 cell=B_prime gold='mutagens' pred='mutagens' stage=strict correct=True
2026-09-20 17:36:31 | DEBUG    | free_response | id=443 cell=A_prime gold='a viral vector' pred='Microinjection' stage=judge correct=False
2026-09-20 17:36:32 | DEBUG    | free_response | id=443 cell=B_prime gold='a viral vector' pred='viral vector' stage=strict correct=True
2026-09-20 17:36:32 | DEBUG    | free_response | id=444 cell=A_prime gold='dynamics' pred='Dynamics' stage=strict correct=True
2026-09-20 17:36:32 | DEBUG    | free_response | id=444 cell=B_prime gold='dynamics' pred='Dynamics' stage=strict correct=True
2026-09-20 17:36:33 | DEBUG    | free_response | id=445 cell=A_prime gold='carbon' pred='Carbon' stage=strict correct=True
2026-09-20 17:36:33 | DEBUG    | free_response | id=445 cell=B_prime gold='carbon' pred='Carbon' stage=strict correct=True
2026-09-20 17:36:33 | DEBUG    | free_response | id=446 cell=A_prime gold='metamorphic' pred='Metamorphic' stage=strict correct=True
2026-09-20 17:36:34 | DEBUG    | free_response | id=446 cell=B_prime gold='metamorphic' pred='Metamorphic rocks' stage=judge correct=True
2026-09-20 17:36:35 | DEBUG    | free_response | id=447 cell=A_prime gold='sunlight' pred='light' stage=judge correct=True
2026-09-20 17:36:35 | DEBUG    | free_response | id=447 cell=B_prime gold='sunlight' pred='sunlight' stage=strict correct=True
2026-09-20 17:36:36 | DEBUG    | free_response | id=448 cell=A_prime gold='embryos' pred='Phylum' stage=judge correct=False
2026-09-20 17:36:37 | DEBUG    | free_response | id=448 cell=B_prime gold='embryos' pred='embryos' stage=strict correct=True
2026-09-20 17:36:37 | DEBUG    | free_response | id=449 cell=A_prime gold='frederick cottrell' pred='Michael Faraday' stage=judge correct=False
2026-09-20 17:36:38 | DEBUG    | free_response | id=449 cell=B_prime gold='frederick cottrell' pred='Frederick Cottrell' stage=strict correct=True
2026-09-20 17:36:38 | DEBUG    | free_response | id=450 cell=A_prime gold='greenhouse gases' pred='Greenhouse gases' stage=strict correct=True
2026-09-20 17:36:39 | DEBUG    | free_response | id=450 cell=B_prime gold='greenhouse gases' pred='greenhouse gases' stage=strict correct=True
2026-09-20 17:36:39 | DEBUG    | free_response | id=451 cell=A_prime gold='collar cells' pred='Porocytes' stage=judge correct=False
2026-09-20 17:36:40 | DEBUG    | free_response | id=451 cell=B_prime gold='collar cells' pred='collar cells' stage=strict correct=True
2026-09-20 17:36:41 | DEBUG    | free_response | id=452 cell=A_prime gold='circular' pred='Sphincter' stage=judge correct=False
2026-09-20 17:36:41 | DEBUG    | free_response | id=452 cell=B_prime gold='circular' pred='Circular' stage=strict correct=True
2026-09-20 17:36:42 | DEBUG    | free_response | id=453 cell=A_prime gold='autoinducers' pred='Quorum sensing molecules' stage=judge correct=False
2026-09-20 17:36:42 | DEBUG    | free_response | id=453 cell=B_prime gold='autoinducers' pred='Autoinducers' stage=strict correct=True
2026-09-20 17:36:43 | DEBUG    | free_response | id=454 cell=A_prime gold='pores' pred='pores' stage=strict correct=True
2026-09-20 17:36:43 | DEBUG    | free_response | id=454 cell=B_prime gold='pores' pred='pores' stage=strict correct=True
2026-09-20 17:36:43 | DEBUG    | free_response | id=455 cell=A_prime gold='photons' pred='photons' stage=strict correct=True
2026-09-20 17:36:44 | DEBUG    | free_response | id=455 cell=B_prime gold='photons' pred='photons' stage=strict correct=True
2026-09-20 17:36:44 | DEBUG    | free_response | id=456 cell=A_prime gold='ore' pred='Ore' stage=strict correct=True
2026-09-20 17:36:44 | DEBUG    | free_response | id=456 cell=B_prime gold='ore' pred='ore' stage=strict correct=True
2026-09-20 17:36:45 | DEBUG    | free_response | id=457 cell=A_prime gold='heat' pred='Heat' stage=strict correct=True
2026-09-20 17:36:45 | DEBUG    | free_response | id=457 cell=B_prime gold='heat' pred='heat' stage=strict correct=True
2026-09-20 17:36:45 | DEBUG    | free_response | id=458 cell=A_prime gold='air' pred='Air' stage=strict correct=True
2026-09-20 17:36:45 | DEBUG    | free_response | id=458 cell=B_prime gold='air' pred='Air' stage=strict correct=True
2026-09-20 17:36:46 | DEBUG    | free_response | id=459 cell=A_prime gold='sonar' pred='GPS' stage=judge correct=False
2026-09-20 17:36:46 | DEBUG    | free_response | id=459 cell=B_prime gold='sonar' pred='Sonar' stage=strict correct=True
2026-09-20 17:36:47 | DEBUG    | free_response | id=460 cell=A_prime gold='chemical' pred='Exothermic' stage=judge correct=True
2026-09-20 17:36:48 | DEBUG    | free_response | id=460 cell=B_prime gold='chemical' pred='Exothermic' stage=judge correct=True
2026-09-20 17:36:49 | DEBUG    | free_response | id=461 cell=A_prime gold='host cell' pred='host' stage=judge correct=True
2026-09-20 17:36:50 | DEBUG    | free_response | id=461 cell=B_prime gold='host cell' pred='host cell' stage=strict correct=True
2026-09-20 17:36:50 | DEBUG    | free_response | id=462 cell=A_prime gold='producers' pred='Producers' stage=strict correct=True
2026-09-20 17:36:50 | DEBUG    | free_response | id=462 cell=B_prime gold='producers' pred='Producers' stage=strict correct=True
2026-09-20 17:36:51 | DEBUG    | free_response | id=463 cell=A_prime gold='nonmetals' pred='Lanthanides' stage=judge correct=False
2026-09-20 17:36:52 | DEBUG    | free_response | id=463 cell=B_prime gold='nonmetals' pred='Nonmetals' stage=strict correct=True
2026-09-20 17:36:52 | DEBUG    | free_response | id=464 cell=A_prime gold='condensation' pred='Condensation' stage=strict correct=True
2026-09-20 17:36:52 | DEBUG    | free_response | id=464 cell=B_prime gold='condensation' pred='condensation' stage=strict correct=True
2026-09-20 17:36:53 | DEBUG    | free_response | id=465 cell=A_prime gold='ionic compounds' pred='Metals' stage=judge correct=False
2026-09-20 17:36:53 | DEBUG    | free_response | id=465 cell=B_prime gold='ionic compounds' pred='Ionic compounds' stage=strict correct=True
2026-09-20 17:36:54 | DEBUG    | free_response | id=466 cell=A_prime gold='thyroid' pred='Thyroid gland' stage=judge correct=True
2026-09-20 17:36:55 | DEBUG    | free_response | id=466 cell=B_prime gold='thyroid' pred='Thyroid gland' stage=judge correct=True
2026-09-20 17:36:55 | DEBUG    | free_response | id=467 cell=A_prime gold='metallurgy' pred='Metallurgy' stage=strict correct=True
2026-09-20 17:36:56 | DEBUG    | free_response | id=467 cell=B_prime gold='metallurgy' pred='Metallurgy' stage=strict correct=True
2026-09-20 17:36:57 | DEBUG    | free_response | id=468 cell=A_prime gold='biotic and abiotic' pred='Organisms' stage=judge correct=False
2026-09-20 17:36:57 | DEBUG    | free_response | id=468 cell=B_prime gold='biotic and abiotic' pred='biotic and abiotic' stage=strict correct=True
2026-09-20 17:36:58 | DEBUG    | free_response | id=469 cell=A_prime gold='genetic code' pred='Codon-anticodon pairing' stage=judge correct=False
2026-09-20 17:36:59 | DEBUG    | free_response | id=469 cell=B_prime gold='genetic code' pred='genetic code' stage=strict correct=True
2026-09-20 17:37:00 | DEBUG    | free_response | id=470 cell=A_prime gold='vaccine' pred='Vaccination' stage=judge correct=True
2026-09-20 17:37:01 | DEBUG    | free_response | id=470 cell=B_prime gold='vaccine' pred='Vaccination' stage=judge correct=True
2026-09-20 17:37:01 | DEBUG    | free_response | id=471 cell=A_prime gold='length' pred='Length' stage=strict correct=True
2026-09-20 17:37:01 | DEBUG    | free_response | id=471 cell=B_prime gold='length' pred='Length' stage=strict correct=True
2026-09-20 17:37:02 | DEBUG    | free_response | id=472 cell=A_prime gold='exocytosis' pred='Exocytosis' stage=strict correct=True
2026-09-20 17:37:02 | DEBUG    | free_response | id=472 cell=B_prime gold='exocytosis' pred='Exocytosis' stage=strict correct=True
2026-09-20 17:37:03 | DEBUG    | free_response | id=473 cell=A_prime gold='isolated system' pred='isolated system' stage=strict correct=True
2026-09-20 17:37:03 | DEBUG    | free_response | id=473 cell=B_prime gold='isolated system' pred='isolated system' stage=strict correct=True
2026-09-20 17:37:04 | DEBUG    | free_response | id=474 cell=A_prime gold='capillary' pred='venule' stage=judge correct=False
2026-09-20 17:37:05 | DEBUG    | free_response | id=474 cell=B_prime gold='capillary' pred='capillary' stage=strict correct=True
2026-09-20 17:37:05 | DEBUG    | free_response | id=475 cell=A_prime gold='retaining walls' pred='Retaining walls' stage=strict correct=True
2026-09-20 17:37:05 | DEBUG    | free_response | id=475 cell=B_prime gold='retaining walls' pred='retaining walls' stage=strict correct=True
2026-09-20 17:37:06 | DEBUG    | free_response | id=476 cell=A_prime gold='electrolysis' pred='Smelting' stage=judge correct=False
2026-09-20 17:37:07 | DEBUG    | free_response | id=476 cell=B_prime gold='electrolysis' pred='Electrolysis' stage=strict correct=True
2026-09-20 17:37:07 | DEBUG    | free_response | id=477 cell=A_prime gold='micronutrients' pred='Nutrients' stage=judge correct=False
2026-09-20 17:37:08 | DEBUG    | free_response | id=477 cell=B_prime gold='micronutrients' pred='Micronutrients' stage=strict correct=True
2026-09-20 17:37:08 | DEBUG    | free_response | id=478 cell=A_prime gold='topographic' pred='Topographic' stage=strict correct=True
2026-09-20 17:37:09 | DEBUG    | free_response | id=478 cell=B_prime gold='topographic' pred='Topographic maps' stage=judge correct=True
2026-09-20 17:37:09 | DEBUG    | free_response | id=479 cell=A_prime gold='decreases' pred='decrease' stage=normalised correct=True
2026-09-20 17:37:10 | DEBUG    | free_response | id=479 cell=B_prime gold='decreases' pred='decrease' stage=normalised correct=True
2026-09-20 17:37:10 | DEBUG    | free_response | id=480 cell=A_prime gold='deceleration' pred='Deceleration' stage=strict correct=True
2026-09-20 17:37:10 | DEBUG    | free_response | id=480 cell=B_prime gold='deceleration' pred='Deceleration' stage=strict correct=True
2026-09-20 17:37:11 | DEBUG    | free_response | id=481 cell=A_prime gold='vector' pred='Vector' stage=strict correct=True
2026-09-20 17:37:11 | DEBUG    | free_response | id=481 cell=B_prime gold='vector' pred='vector' stage=strict correct=True
2026-09-20 17:37:12 | DEBUG    | free_response | id=482 cell=A_prime gold='photosynthesis' pred='Nitrogen fixation' stage=judge correct=False
2026-09-20 17:37:12 | DEBUG    | free_response | id=482 cell=B_prime gold='photosynthesis' pred='photosynthesis' stage=strict correct=True
2026-09-20 17:37:12 | DEBUG    | free_response | id=483 cell=A_prime gold='carbohydrate' pred='Carbohydrates' stage=normalised correct=True
2026-09-20 17:37:13 | DEBUG    | free_response | id=483 cell=B_prime gold='carbohydrate' pred='Carbohydrates' stage=normalised correct=True
2026-09-20 17:37:13 | DEBUG    | free_response | id=484 cell=A_prime gold='repel' pred='Repel' stage=strict correct=True
2026-09-20 17:37:14 | DEBUG    | free_response | id=484 cell=B_prime gold='repel' pred='repel' stage=strict correct=True
2026-09-20 17:37:14 | DEBUG    | free_response | id=485 cell=A_prime gold='warm air mass' pred='warm air mass' stage=strict correct=True
2026-09-20 17:37:15 | DEBUG    | free_response | id=485 cell=B_prime gold='warm air mass' pred='warm air mass' stage=strict correct=True
2026-09-20 17:37:15 | DEBUG    | free_response | id=486 cell=A_prime gold='fossilization' pred='Fossilization' stage=strict correct=True
2026-09-20 17:37:16 | DEBUG    | free_response | id=486 cell=B_prime gold='fossilization' pred='fossilization' stage=strict correct=True
2026-09-20 17:37:16 | DEBUG    | free_response | id=487 cell=A_prime gold='energy' pred='energy' stage=strict correct=True
2026-09-20 17:37:16 | DEBUG    | free_response | id=487 cell=B_prime gold='energy' pred='energy' stage=strict correct=True
2026-09-20 17:37:17 | DEBUG    | free_response | id=488 cell=A_prime gold='skull' pred='skull' stage=strict correct=True
2026-09-20 17:37:18 | DEBUG    | free_response | id=488 cell=B_prime gold='skull' pred='frontal bone' stage=judge correct=False
2026-09-20 17:37:18 | DEBUG    | free_response | id=489 cell=A_prime gold='commensalism' pred='Commensalism' stage=strict correct=True
2026-09-20 17:37:19 | DEBUG    | free_response | id=489 cell=B_prime gold='commensalism' pred='Commensalism' stage=strict correct=True
2026-09-20 17:37:19 | DEBUG    | free_response | id=490 cell=A_prime gold='protons and neutrons' pred='protons' stage=judge correct=False
2026-09-20 17:37:20 | DEBUG    | free_response | id=490 cell=B_prime gold='protons and neutrons' pred='protons and neutrons' stage=strict correct=True
2026-09-20 17:37:20 | DEBUG    | free_response | id=491 cell=A_prime gold='radioactivity' pred='Radioactivity' stage=strict correct=True
2026-09-20 17:37:21 | DEBUG    | free_response | id=491 cell=B_prime gold='radioactivity' pred='Radioactivity' stage=strict correct=True
2026-09-20 17:37:21 | DEBUG    | free_response | id=492 cell=A_prime gold='pelvis' pred='pelvis' stage=strict correct=True
2026-09-20 17:37:21 | DEBUG    | free_response | id=492 cell=B_prime gold='pelvis' pred='pelvis' stage=strict correct=True
2026-09-20 17:37:22 | DEBUG    | free_response | id=493 cell=A_prime gold='ore' pred='Ore' stage=strict correct=True
2026-09-20 17:37:22 | DEBUG    | free_response | id=493 cell=B_prime gold='ore' pred='ore' stage=strict correct=True
2026-09-20 17:37:23 | DEBUG    | free_response | id=494 cell=A_prime gold='newton (n)' pred='Newton' stage=judge correct=True
2026-09-20 17:37:23 | DEBUG    | free_response | id=494 cell=B_prime gold='newton (n)' pred='newton' stage=judge correct=True
2026-09-20 17:37:24 | DEBUG    | free_response | id=495 cell=A_prime gold='stem cells' pred='Cardiomyocytes' stage=judge correct=False
2026-09-20 17:37:25 | DEBUG    | free_response | id=495 cell=B_prime gold='stem cells' pred='stem cells' stage=strict correct=True
2026-09-20 17:37:26 | DEBUG    | free_response | id=496 cell=A_prime gold='three percent' pred='2.5%' stage=judge correct=True
2026-09-20 17:37:27 | DEBUG    | free_response | id=496 cell=B_prime gold='three percent' pred='3%' stage=judge correct=True
2026-09-20 17:37:27 | DEBUG    | free_response | id=497 cell=A_prime gold='reactors' pred='uranium plutonium' stage=judge correct=False
2026-09-20 17:37:28 | DEBUG    | free_response | id=497 cell=B_prime gold='reactors' pred='reactor' stage=normalised correct=True
2026-09-20 17:37:29 | DEBUG    | free_response | id=498 cell=A_prime gold='net primary productivity' pred='Biomass' stage=judge correct=False
2026-09-20 17:37:29 | DEBUG    | free_response | id=498 cell=B_prime gold='net primary productivity' pred='Net primary productivity' stage=strict correct=True
2026-09-20 17:37:30 | DEBUG    | free_response | id=499 cell=A_prime gold='oocyte' pred='oocyte' stage=strict correct=True
2026-09-20 17:37:30 | DEBUG    | free_response | id=499 cell=B_prime gold='oocyte' pred='oocyte' stage=strict correct=True
2026-09-20 17:37:30 | DEBUG    | free_response | id=500 cell=A_prime gold='hydrogen' pred='Hydrogen' stage=strict correct=True
2026-09-20 17:37:31 | DEBUG    | free_response | id=500 cell=B_prime gold='hydrogen' pred='hydrogen' stage=strict correct=True
2026-09-20 17:37:31 | DEBUG    | free_response | id=501 cell=A_prime gold='slowly' pred='slowly' stage=strict correct=True
2026-09-20 17:37:32 | DEBUG    | free_response | id=501 cell=B_prime gold='slowly' pred='slowly' stage=strict correct=True
2026-09-20 17:37:32 | DEBUG    | free_response | id=502 cell=A_prime gold='mass extinction' pred='Mass extinction' stage=strict correct=True
2026-09-20 17:37:32 | DEBUG    | free_response | id=502 cell=B_prime gold='mass extinction' pred='mass extinction' stage=strict correct=True
2026-09-20 17:37:33 | DEBUG    | free_response | id=503 cell=A_prime gold='rings' pred='Rings' stage=strict correct=True
2026-09-20 17:37:33 | DEBUG    | free_response | id=503 cell=B_prime gold='rings' pred='Tree rings' stage=judge correct=True
2026-09-20 17:37:34 | DEBUG    | free_response | id=504 cell=A_prime gold='corolla' pred='corolla' stage=strict correct=True
2026-09-20 17:37:34 | DEBUG    | free_response | id=504 cell=B_prime gold='corolla' pred='corolla' stage=strict correct=True
2026-09-20 17:37:34 | DEBUG    | free_response | id=505 cell=A_prime gold='radioactive' pred='radioactive' stage=strict correct=True
2026-09-20 17:37:35 | DEBUG    | free_response | id=505 cell=B_prime gold='radioactive' pred='radioactive' stage=strict correct=True
2026-09-20 17:37:36 | DEBUG    | free_response | id=506 cell=A_prime gold='felsic magmas' pred='andesite' stage=judge correct=False
2026-09-20 17:37:37 | DEBUG    | free_response | id=506 cell=B_prime gold='felsic magmas' pred='Felsic' stage=judge correct=True
2026-09-20 17:37:37 | DEBUG    | free_response | id=507 cell=A_prime gold='200' pred='50' stage=judge correct=False
2026-09-20 17:37:38 | DEBUG    | free_response | id=507 cell=B_prime gold='200' pred='200 meters' stage=judge correct=True
2026-09-20 17:37:39 | DEBUG    | free_response | id=508 cell=A_prime gold='nuclear fission' pred='Fission' stage=judge correct=True
2026-09-20 17:37:40 | DEBUG    | free_response | id=508 cell=B_prime gold='nuclear fission' pred='nuclear fission' stage=strict correct=True
2026-09-20 17:37:40 | DEBUG    | free_response | id=509 cell=A_prime gold='covalent' pred='Covalent' stage=strict correct=True
2026-09-20 17:37:41 | DEBUG    | free_response | id=509 cell=B_prime gold='covalent' pred='Covalent bonds' stage=judge correct=True
2026-09-20 17:37:42 | DEBUG    | free_response | id=510 cell=A_prime gold='a virion' pred='virus particle' stage=judge correct=True
2026-09-20 17:37:42 | DEBUG    | free_response | id=510 cell=B_prime gold='a virion' pred='virion' stage=strict correct=True
2026-09-20 17:37:42 | DEBUG    | free_response | id=511 cell=A_prime gold='a neutron' pred='neutron' stage=strict correct=True
2026-09-20 17:37:43 | DEBUG    | free_response | id=511 cell=B_prime gold='a neutron' pred='neutron' stage=strict correct=True
2026-09-20 17:37:43 | DEBUG    | free_response | id=512 cell=A_prime gold='blue' pred='Turquoise' stage=judge correct=True
2026-09-20 17:37:44 | DEBUG    | free_response | id=512 cell=B_prime gold='blue' pred='blue' stage=strict correct=True
2026-09-20 17:37:44 | DEBUG    | free_response | id=513 cell=A_prime gold='amino acid' pred='amino acid' stage=strict correct=True
2026-09-20 17:37:45 | DEBUG    | free_response | id=513 cell=B_prime gold='amino acid' pred='amino acid' stage=strict correct=True
2026-09-20 17:37:45 | DEBUG    | free_response | id=514 cell=A_prime gold='arthropods' pred='Arthropoda' stage=judge correct=True
2026-09-20 17:37:46 | DEBUG    | free_response | id=514 cell=B_prime gold='arthropods' pred='Arthropoda' stage=judge correct=True
2026-09-20 17:37:47 | DEBUG    | free_response | id=515 cell=A_prime gold='two' pred='Three' stage=judge correct=False
2026-09-20 17:37:47 | DEBUG    | free_response | id=515 cell=B_prime gold='two' pred='two' stage=strict correct=True
2026-09-20 17:37:48 | DEBUG    | free_response | id=516 cell=A_prime gold='dna' pred='gene' stage=judge correct=True
2026-09-20 17:37:48 | DEBUG    | free_response | id=516 cell=B_prime gold='dna' pred='DNA' stage=strict correct=True
2026-09-20 17:37:49 | DEBUG    | free_response | id=517 cell=A_prime gold='bacteria' pred='Bacteria' stage=strict correct=True
2026-09-20 17:37:49 | DEBUG    | free_response | id=517 cell=B_prime gold='bacteria' pred='bacteria' stage=strict correct=True
2026-09-20 17:37:50 | DEBUG    | free_response | id=518 cell=A_prime gold='day length' pred='light' stage=judge correct=False
2026-09-20 17:37:50 | DEBUG    | free_response | id=518 cell=B_prime gold='day length' pred='day length' stage=strict correct=True
2026-09-20 17:37:51 | DEBUG    | free_response | id=519 cell=A_prime gold='krebs' pred='Krebs Cycle' stage=judge correct=True
2026-09-20 17:37:52 | DEBUG    | free_response | id=519 cell=B_prime gold='krebs' pred='Krebs cycle' stage=judge correct=True
2026-09-20 17:37:52 | DEBUG    | free_response | id=520 cell=A_prime gold='abrasion' pred='Abrasion' stage=strict correct=True
2026-09-20 17:37:53 | DEBUG    | free_response | id=520 cell=B_prime gold='abrasion' pred='Abrasion' stage=strict correct=True
2026-09-20 17:37:53 | DEBUG    | free_response | id=521 cell=A_prime gold='homologous' pred='homologous' stage=strict correct=True
2026-09-20 17:37:53 | DEBUG    | free_response | id=521 cell=B_prime gold='homologous' pred='homologous' stage=strict correct=True
2026-09-20 17:37:54 | DEBUG    | free_response | id=522 cell=A_prime gold='every 12 hours' pred='Twice' stage=judge correct=True
2026-09-20 17:37:55 | DEBUG    | free_response | id=522 cell=B_prime gold='every 12 hours' pred='about every 12 hours and 25 minutes' stage=judge correct=True
2026-09-20 17:37:56 | DEBUG    | free_response | id=523 cell=A_prime gold='growth phase 2' pred='G2' stage=judge correct=True
2026-09-20 17:37:57 | DEBUG    | free_response | id=523 cell=B_prime gold='growth phase 2' pred='G2' stage=judge correct=True
2026-09-20 17:37:58 | DEBUG    | free_response | id=524 cell=A_prime gold='increase size and number of cells' pred='Cell division' stage=judge correct=False
2026-09-20 17:37:59 | DEBUG    | free_response | id=524 cell=B_prime gold='increase size and number of cells' pred='increase the size and number of their cells' stage=judge correct=True
2026-09-20 17:38:00 | DEBUG    | free_response | id=525 cell=A_prime gold='arrow' pred='箭头' stage=judge correct=True
2026-09-20 17:38:00 | DEBUG    | free_response | id=525 cell=B_prime gold='arrow' pred='arrow' stage=strict correct=True
2026-09-20 17:38:00 | DEBUG    | free_response | id=526 cell=A_prime gold='darwin' pred='Darwin' stage=strict correct=True
2026-09-20 17:38:01 | DEBUG    | free_response | id=526 cell=B_prime gold='darwin' pred='Darwin' stage=strict correct=True
2026-09-20 17:38:01 | DEBUG    | free_response | id=527 cell=A_prime gold='milk' pred='Milk' stage=strict correct=True
2026-09-20 17:38:01 | DEBUG    | free_response | id=527 cell=B_prime gold='milk' pred='Milk' stage=strict correct=True
2026-09-20 17:38:01 | INFO     | free_response |   [528/884] A_prime 0.75  B_prime 0.98 | 1.06s/item | ETA 6.3 min
2026-09-20 17:38:02 | DEBUG    | free_response | id=528 cell=A_prime gold='peripheral' pred='PNS' stage=judge correct=True
2026-09-20 17:38:03 | DEBUG    | free_response | id=528 cell=B_prime gold='peripheral' pred='Peripheral nervous system' stage=judge correct=True
2026-09-20 17:38:04 | DEBUG    | free_response | id=529 cell=A_prime gold='balance of ecosystems' pred='Symbiosis' stage=judge correct=False
2026-09-20 17:38:05 | DEBUG    | free_response | id=529 cell=B_prime gold='balance of ecosystems' pred='Decomposers' stage=judge correct=False
2026-09-20 17:38:05 | DEBUG    | free_response | id=530 cell=A_prime gold='purple' pred='Purple' stage=strict correct=True
2026-09-20 17:38:05 | DEBUG    | free_response | id=530 cell=B_prime gold='purple' pred='purple' stage=strict correct=True
2026-09-20 17:38:06 | DEBUG    | free_response | id=531 cell=A_prime gold='science' pred='Science' stage=strict correct=True
2026-09-20 17:38:06 | DEBUG    | free_response | id=531 cell=B_prime gold='science' pred='science' stage=strict correct=True
2026-09-20 17:38:06 | DEBUG    | free_response | id=532 cell=A_prime gold='bacteria' pred='Bacteria' stage=strict correct=True
2026-09-20 17:38:06 | DEBUG    | free_response | id=532 cell=B_prime gold='bacteria' pred='Bacteria' stage=strict correct=True
2026-09-20 17:38:07 | DEBUG    | free_response | id=533 cell=A_prime gold='pressure' pred='pressure' stage=strict correct=True
2026-09-20 17:38:07 | DEBUG    | free_response | id=533 cell=B_prime gold='pressure' pred='pressure' stage=strict correct=True
2026-09-20 17:38:08 | DEBUG    | free_response | id=534 cell=A_prime gold='cardiovascular' pred='lymphatic' stage=judge correct=False
2026-09-20 17:38:08 | DEBUG    | free_response | id=534 cell=B_prime gold='cardiovascular' pred='cardiovascular' stage=strict correct=True
2026-09-20 17:38:09 | DEBUG    | free_response | id=535 cell=A_prime gold='front' pred='Front' stage=strict correct=True
2026-09-20 17:38:09 | DEBUG    | free_response | id=535 cell=B_prime gold='front' pred='front' stage=strict correct=True
2026-09-20 17:38:09 | DEBUG    | free_response | id=536 cell=A_prime gold='transpiration' pred='Transpiration' stage=strict correct=True
2026-09-20 17:38:10 | DEBUG    | free_response | id=536 cell=B_prime gold='transpiration' pred='Transpiration' stage=strict correct=True
2026-09-20 17:38:10 | DEBUG    | free_response | id=537 cell=A_prime gold='one' pred='1' stage=judge correct=True
2026-09-20 17:38:11 | DEBUG    | free_response | id=537 cell=B_prime gold='one' pred='one' stage=strict correct=True
2026-09-20 17:38:11 | DEBUG    | free_response | id=538 cell=A_prime gold='pedigree' pred='Punnett square' stage=judge correct=False
2026-09-20 17:38:12 | DEBUG    | free_response | id=538 cell=B_prime gold='pedigree' pred='pedigree' stage=strict correct=True
2026-09-20 17:38:13 | DEBUG    | free_response | id=539 cell=A_prime gold='chordates' pred='Chordata' stage=judge correct=True
2026-09-20 17:38:13 | DEBUG    | free_response | id=539 cell=B_prime gold='chordates' pred='Chordates' stage=strict correct=True
2026-09-20 17:38:13 | DEBUG    | free_response | id=540 cell=A_prime gold='emulsifying' pred='emulsifying' stage=strict correct=True
2026-09-20 17:38:14 | DEBUG    | free_response | id=540 cell=B_prime gold='emulsifying' pred='emulsifying' stage=strict correct=True
2026-09-20 17:38:15 | DEBUG    | free_response | id=541 cell=A_prime gold='medications' pred='Antibiotics' stage=judge correct=False
2026-09-20 17:38:15 | DEBUG    | free_response | id=541 cell=B_prime gold='medications' pred='Medications' stage=strict correct=True
2026-09-20 17:38:16 | DEBUG    | free_response | id=542 cell=A_prime gold='chemiosmosis' pred='Chemiosmosis' stage=strict correct=True
2026-09-20 17:38:16 | DEBUG    | free_response | id=542 cell=B_prime gold='chemiosmosis' pred='chemiosmosis' stage=strict correct=True
2026-09-20 17:38:17 | DEBUG    | free_response | id=543 cell=A_prime gold='plasmodesmata' pred='Plasmodesmata' stage=strict correct=True
2026-09-20 17:38:17 | DEBUG    | free_response | id=543 cell=B_prime gold='plasmodesmata' pred='Plasmodesmata' stage=strict correct=True
2026-09-20 17:38:18 | DEBUG    | free_response | id=544 cell=A_prime gold='monotreme' pred='monotreme' stage=strict correct=True
2026-09-20 17:38:18 | DEBUG    | free_response | id=544 cell=B_prime gold='monotreme' pred='monotreme' stage=strict correct=True
2026-09-20 17:38:19 | DEBUG    | free_response | id=545 cell=A_prime gold='phospholipids' pred='Phospholipids' stage=strict correct=True
2026-09-20 17:38:19 | DEBUG    | free_response | id=545 cell=B_prime gold='phospholipids' pred='phospholipids' stage=strict correct=True
2026-09-20 17:38:20 | DEBUG    | free_response | id=546 cell=A_prime gold='favorable trait' pred='Trait' stage=judge correct=True
2026-09-20 17:38:20 | DEBUG    | free_response | id=546 cell=B_prime gold='favorable trait' pred='favorable trait' stage=strict correct=True
2026-09-20 17:38:20 | DEBUG    | free_response | id=547 cell=A_prime gold='china' pred='China' stage=strict correct=True
2026-09-20 17:38:21 | DEBUG    | free_response | id=547 cell=B_prime gold='china' pred='China' stage=strict correct=True
2026-09-20 17:38:22 | DEBUG    | free_response | id=548 cell=A_prime gold='bolts' pred='Solid rocket motors' stage=judge correct=False
2026-09-20 17:38:22 | DEBUG    | free_response | id=548 cell=B_prime gold='bolts' pred='exploding bolts' stage=judge correct=True
2026-09-20 17:38:23 | DEBUG    | free_response | id=549 cell=A_prime gold='homeostasis' pred='Homeostasis' stage=strict correct=True
2026-09-20 17:38:23 | DEBUG    | free_response | id=549 cell=B_prime gold='homeostasis' pred='Homeostasis' stage=strict correct=True
2026-09-20 17:38:24 | DEBUG    | free_response | id=550 cell=A_prime gold='perimysium' pred='Dermis' stage=judge correct=False
2026-09-20 17:38:25 | DEBUG    | free_response | id=550 cell=B_prime gold='perimysium' pred='perimysium' stage=strict correct=True
2026-09-20 17:38:26 | DEBUG    | free_response | id=551 cell=A_prime gold='linear' pred='organized into nuclei' stage=judge correct=False
2026-09-20 17:38:26 | DEBUG    | free_response | id=551 cell=B_prime gold='linear' pred='linear' stage=strict correct=True
2026-09-20 17:38:27 | DEBUG    | free_response | id=552 cell=A_prime gold='gravitational potential energy' pred='potential' stage=judge correct=False
2026-09-20 17:38:28 | DEBUG    | free_response | id=552 cell=B_prime gold='gravitational potential energy' pred='gravitational potential energy' stage=strict correct=True
2026-09-20 17:38:28 | DEBUG    | free_response | id=553 cell=A_prime gold='individuals' pred='individuals' stage=strict correct=True
2026-09-20 17:38:28 | DEBUG    | free_response | id=553 cell=B_prime gold='individuals' pred='individuals' stage=strict correct=True
2026-09-20 17:38:29 | DEBUG    | free_response | id=554 cell=A_prime gold='airborne mold spores' pred='Mycotoxins' stage=judge correct=False
2026-09-20 17:38:30 | DEBUG    | free_response | id=554 cell=B_prime gold='airborne mold spores' pred='airborne mold spores' stage=strict correct=True
2026-09-20 17:38:31 | DEBUG    | free_response | id=555 cell=A_prime gold='gastro-esophageal sphincter' pred='Cardiac sphincter' stage=judge correct=True
2026-09-20 17:38:31 | DEBUG    | free_response | id=555 cell=B_prime gold='gastro-esophageal sphincter' pred='Gastro-esophageal sphincter' stage=strict correct=True
2026-09-20 17:38:32 | DEBUG    | free_response | id=556 cell=A_prime gold='camouflage' pred='Camouflage' stage=strict correct=True
2026-09-20 17:38:32 | DEBUG    | free_response | id=556 cell=B_prime gold='camouflage' pred='camouflage' stage=strict correct=True
2026-09-20 17:38:32 | DEBUG    | free_response | id=557 cell=A_prime gold='joint' pred='joint' stage=strict correct=True
2026-09-20 17:38:33 | DEBUG    | free_response | id=557 cell=B_prime gold='joint' pred='joint' stage=strict correct=True
2026-09-20 17:38:34 | DEBUG    | free_response | id=558 cell=A_prime gold='galvanic' pred='chemical' stage=judge correct=False
2026-09-20 17:38:34 | DEBUG    | free_response | id=558 cell=B_prime gold='galvanic' pred='Galvanic' stage=strict correct=True
2026-09-20 17:38:35 | DEBUG    | free_response | id=559 cell=A_prime gold='linear acceleration' pred='Torque' stage=judge correct=False
2026-09-20 17:38:35 | DEBUG    | free_response | id=559 cell=B_prime gold='linear acceleration' pred='linear acceleration' stage=strict correct=True
2026-09-20 17:38:36 | DEBUG    | free_response | id=560 cell=A_prime gold='retina' pred='Retina' stage=strict correct=True
2026-09-20 17:38:36 | DEBUG    | free_response | id=560 cell=B_prime gold='retina' pred='retina' stage=strict correct=True
2026-09-20 17:38:37 | DEBUG    | free_response | id=561 cell=A_prime gold='amphibians' pred='Amphibians' stage=strict correct=True
2026-09-20 17:38:37 | DEBUG    | free_response | id=561 cell=B_prime gold='amphibians' pred='Amphibians' stage=strict correct=True
2026-09-20 17:38:37 | DEBUG    | free_response | id=562 cell=A_prime gold='the skin' pred='skin' stage=strict correct=True
2026-09-20 17:38:38 | DEBUG    | free_response | id=562 cell=B_prime gold='the skin' pred='skin' stage=strict correct=True
2026-09-20 17:38:38 | DEBUG    | free_response | id=563 cell=A_prime gold='two' pred='two' stage=strict correct=True
2026-09-20 17:38:38 | DEBUG    | free_response | id=563 cell=B_prime gold='two' pred='two' stage=strict correct=True
2026-09-20 17:38:39 | DEBUG    | free_response | id=564 cell=A_prime gold='the cranium' pred='Cranium' stage=strict correct=True
2026-09-20 17:38:39 | DEBUG    | free_response | id=564 cell=B_prime gold='the cranium' pred='cranium' stage=strict correct=True
2026-09-20 17:38:39 | DEBUG    | free_response | id=565 cell=A_prime gold='natural' pred='natural' stage=strict correct=True
2026-09-20 17:38:40 | DEBUG    | free_response | id=565 cell=B_prime gold='natural' pred='natural' stage=strict correct=True
2026-09-20 17:38:40 | DEBUG    | free_response | id=566 cell=A_prime gold='bases' pred='bases' stage=strict correct=True
2026-09-20 17:38:40 | DEBUG    | free_response | id=566 cell=B_prime gold='bases' pred='bases' stage=strict correct=True
2026-09-20 17:38:41 | DEBUG    | free_response | id=567 cell=A_prime gold='it bends' pred='Bends' stage=judge correct=True
2026-09-20 17:38:42 | DEBUG    | free_response | id=567 cell=B_prime gold='it bends' pred='bends' stage=judge correct=True
2026-09-20 17:38:43 | DEBUG    | free_response | id=568 cell=A_prime gold='lead storage battery' pred='wet cell' stage=judge correct=False
2026-09-20 17:38:43 | DEBUG    | free_response | id=568 cell=B_prime gold='lead storage battery' pred='lead storage battery' stage=strict correct=True
2026-09-20 17:38:43 | DEBUG    | free_response | id=569 cell=A_prime gold='solute' pred='Solute' stage=strict correct=True
2026-09-20 17:38:44 | DEBUG    | free_response | id=569 cell=B_prime gold='solute' pred='solute' stage=strict correct=True
2026-09-20 17:38:45 | DEBUG    | free_response | id=570 cell=A_prime gold='liquid and solid states' pred='solid vs. liquid' stage=judge correct=True
2026-09-20 17:38:46 | DEBUG    | free_response | id=570 cell=B_prime gold='liquid and solid states' pred='fats are solids, oils are liquids' stage=judge correct=True
2026-09-20 17:38:46 | DEBUG    | free_response | id=571 cell=A_prime gold='hearing' pred='Hearing' stage=strict correct=True
2026-09-20 17:38:46 | DEBUG    | free_response | id=571 cell=B_prime gold='hearing' pred='hearing' stage=strict correct=True
2026-09-20 17:38:47 | DEBUG    | free_response | id=572 cell=A_prime gold='aquarius' pred='Vela' stage=judge correct=False
2026-09-20 17:38:48 | DEBUG    | free_response | id=572 cell=B_prime gold='aquarius' pred='Aquarius' stage=strict correct=True
2026-09-20 17:38:48 | DEBUG    | free_response | id=573 cell=A_prime gold='hydroxl groups' pred='hydroxyl' stage=judge correct=True
2026-09-20 17:38:49 | DEBUG    | free_response | id=573 cell=B_prime gold='hydroxl groups' pred='hydroxyl groups' stage=judge correct=True
2026-09-20 17:38:50 | DEBUG    | free_response | id=574 cell=A_prime gold='asteroids' pred='Asteroids' stage=strict correct=True
2026-09-20 17:38:50 | DEBUG    | free_response | id=574 cell=B_prime gold='asteroids' pred='Asteroids' stage=strict correct=True
2026-09-20 17:38:50 | DEBUG    | free_response | id=575 cell=A_prime gold='pole' pred='pole' stage=strict correct=True
2026-09-20 17:38:51 | DEBUG    | free_response | id=575 cell=B_prime gold='pole' pred='pole' stage=strict correct=True
2026-09-20 17:38:51 | DEBUG    | free_response | id=576 cell=A_prime gold='heat' pred='heat' stage=strict correct=True
2026-09-20 17:38:51 | DEBUG    | free_response | id=576 cell=B_prime gold='heat' pred='heat' stage=strict correct=True
2026-09-20 17:38:52 | DEBUG    | free_response | id=577 cell=A_prime gold='mitosis' pred='Mitosis' stage=strict correct=True
2026-09-20 17:38:52 | DEBUG    | free_response | id=577 cell=B_prime gold='mitosis' pred='Mitosis' stage=strict correct=True
2026-09-20 17:38:53 | DEBUG    | free_response | id=578 cell=A_prime gold='mushrooms' pred='sporangia' stage=judge correct=False
2026-09-20 17:38:53 | DEBUG    | free_response | id=578 cell=B_prime gold='mushrooms' pred='mushroom' stage=normalised correct=True
2026-09-20 17:38:54 | DEBUG    | free_response | id=579 cell=A_prime gold='streak' pred='Crystal structure' stage=judge correct=False
2026-09-20 17:38:54 | DEBUG    | free_response | id=579 cell=B_prime gold='streak' pred='Streak' stage=strict correct=True
2026-09-20 17:38:55 | DEBUG    | free_response | id=580 cell=A_prime gold='gametophytes' pred='embryo sac' stage=judge correct=False
2026-09-20 17:38:56 | DEBUG    | free_response | id=580 cell=B_prime gold='gametophytes' pred='gametophytes' stage=strict correct=True
2026-09-20 17:38:56 | DEBUG    | free_response | id=581 cell=A_prime gold='methane' pred='Methane' stage=strict correct=True
2026-09-20 17:38:56 | DEBUG    | free_response | id=581 cell=B_prime gold='methane' pred='Methane' stage=strict correct=True
2026-09-20 17:38:57 | DEBUG    | free_response | id=582 cell=A_prime gold='coral reefs' pred='Corals' stage=judge correct=True
2026-09-20 17:38:58 | DEBUG    | free_response | id=582 cell=B_prime gold='coral reefs' pred='Corals' stage=judge correct=True
2026-09-20 17:38:58 | DEBUG    | free_response | id=583 cell=A_prime gold='endothermic' pred='Endothermic' stage=strict correct=True
2026-09-20 17:38:59 | DEBUG    | free_response | id=583 cell=B_prime gold='endothermic' pred='Endothermic' stage=strict correct=True
2026-09-20 17:38:59 | DEBUG    | free_response | id=584 cell=A_prime gold='ventricle' pred='ventricle' stage=strict correct=True
2026-09-20 17:39:00 | DEBUG    | free_response | id=584 cell=B_prime gold='ventricle' pred='ventricle' stage=strict correct=True
2026-09-20 17:39:00 | DEBUG    | free_response | id=585 cell=A_prime gold='erosion' pred='erosion' stage=strict correct=True
2026-09-20 17:39:00 | DEBUG    | free_response | id=585 cell=B_prime gold='erosion' pred='erosion' stage=strict correct=True
2026-09-20 17:39:01 | DEBUG    | free_response | id=586 cell=A_prime gold='ethology' pred='Biology' stage=judge correct=True
2026-09-20 17:39:02 | DEBUG    | free_response | id=586 cell=B_prime gold='ethology' pred='Ethology' stage=strict correct=True
2026-09-20 17:39:02 | DEBUG    | free_response | id=587 cell=A_prime gold='enzymes' pred='enzymes' stage=strict correct=True
2026-09-20 17:39:02 | DEBUG    | free_response | id=587 cell=B_prime gold='enzymes' pred='enzymes' stage=strict correct=True
2026-09-20 17:39:03 | DEBUG    | free_response | id=588 cell=A_prime gold='mushroom' pred='Mycelium' stage=judge correct=False
2026-09-20 17:39:03 | DEBUG    | free_response | id=588 cell=B_prime gold='mushroom' pred='Mushroom' stage=strict correct=True
2026-09-20 17:39:04 | DEBUG    | free_response | id=589 cell=A_prime gold='horizontal layers' pred='sediment layers' stage=judge correct=True
2026-09-20 17:39:05 | DEBUG    | free_response | id=589 cell=B_prime gold='horizontal layers' pred='horizontal layers' stage=strict correct=True
2026-09-20 17:39:05 | DEBUG    | free_response | id=590 cell=A_prime gold='the cochlea' pred='cochlea' stage=strict correct=True
2026-09-20 17:39:05 | DEBUG    | free_response | id=590 cell=B_prime gold='the cochlea' pred='cochlea' stage=strict correct=True
2026-09-20 17:39:06 | DEBUG    | free_response | id=591 cell=A_prime gold='an ovary' pred='fruit' stage=judge correct=False
2026-09-20 17:39:06 | DEBUG    | free_response | id=591 cell=B_prime gold='an ovary' pred='ovary' stage=strict correct=True
2026-09-20 17:39:07 | DEBUG    | free_response | id=592 cell=A_prime gold='friction' pred='input' stage=judge correct=False
2026-09-20 17:39:07 | DEBUG    | free_response | id=592 cell=B_prime gold='friction' pred='friction' stage=strict correct=True
2026-09-20 17:39:08 | DEBUG    | free_response | id=593 cell=A_prime gold='photosynthesis' pred='Photosynthesis' stage=strict correct=True
2026-09-20 17:39:08 | DEBUG    | free_response | id=593 cell=B_prime gold='photosynthesis' pred='photosynthesis' stage=strict correct=True
2026-09-20 17:39:09 | DEBUG    | free_response | id=594 cell=A_prime gold='removed' pred='Transformed' stage=judge correct=False
2026-09-20 17:39:10 | DEBUG    | free_response | id=594 cell=B_prime gold='removed' pred='removes' stage=judge correct=True
2026-09-20 17:39:10 | DEBUG    | free_response | id=595 cell=A_prime gold='carbohydrates' pred='Carbohydrates' stage=strict correct=True
2026-09-20 17:39:10 | DEBUG    | free_response | id=595 cell=B_prime gold='carbohydrates' pred='Carbohydrates' stage=strict correct=True
2026-09-20 17:39:11 | DEBUG    | free_response | id=596 cell=A_prime gold='scales' pred='Scale' stage=normalised correct=True
2026-09-20 17:39:11 | DEBUG    | free_response | id=596 cell=B_prime gold='scales' pred='Scales' stage=strict correct=True
2026-09-20 17:39:11 | DEBUG    | free_response | id=597 cell=A_prime gold='heart' pred='Heart' stage=strict correct=True
2026-09-20 17:39:11 | DEBUG    | free_response | id=597 cell=B_prime gold='heart' pred='Heart' stage=strict correct=True
2026-09-20 17:39:12 | DEBUG    | free_response | id=598 cell=A_prime gold='simple' pred='Facilitated Diffusion' stage=judge correct=False
2026-09-20 17:39:13 | DEBUG    | free_response | id=598 cell=B_prime gold='simple' pred='Facilitated Diffusion' stage=judge correct=False
2026-09-20 17:39:14 | DEBUG    | free_response | id=599 cell=A_prime gold='trophic levels' pred='Trophic levels' stage=strict correct=True
2026-09-20 17:39:14 | DEBUG    | free_response | id=599 cell=B_prime gold='trophic levels' pred='trophic levels' stage=strict correct=True
2026-09-20 17:39:15 | DEBUG    | free_response | id=600 cell=A_prime gold='red blood cells' pred='tissues' stage=judge correct=False
2026-09-20 17:39:15 | DEBUG    | free_response | id=600 cell=B_prime gold='red blood cells' pred='red blood cells' stage=strict correct=True
2026-09-20 17:39:16 | DEBUG    | free_response | id=601 cell=A_prime gold='transverse' pred='transverse' stage=strict correct=True
2026-09-20 17:39:16 | DEBUG    | free_response | id=601 cell=B_prime gold='transverse' pred='transverse waves' stage=judge correct=True
2026-09-20 17:39:17 | DEBUG    | free_response | id=602 cell=A_prime gold='it repeats itself' pred='Evaporation' stage=judge correct=False
2026-09-20 17:39:18 | DEBUG    | free_response | id=602 cell=B_prime gold='it repeats itself' pred='Evaporation' stage=judge correct=False
2026-09-20 17:39:18 | DEBUG    | free_response | id=603 cell=A_prime gold='water' pred='water' stage=strict correct=True
2026-09-20 17:39:18 | DEBUG    | free_response | id=603 cell=B_prime gold='water' pred='water' stage=strict correct=True
2026-09-20 17:39:19 | DEBUG    | free_response | id=604 cell=A_prime gold='dna and proteins' pred='DNA and proteins' stage=strict correct=True
2026-09-20 17:39:19 | DEBUG    | free_response | id=604 cell=B_prime gold='dna and proteins' pred='DNA and proteins' stage=strict correct=True
2026-09-20 17:39:20 | DEBUG    | free_response | id=605 cell=A_prime gold='alkyl group' pred='alkyl group' stage=strict correct=True
2026-09-20 17:39:20 | DEBUG    | free_response | id=605 cell=B_prime gold='alkyl group' pred='alkyl group' stage=strict correct=True
2026-09-20 17:39:20 | DEBUG    | free_response | id=606 cell=A_prime gold='solids' pred='Solids' stage=strict correct=True
2026-09-20 17:39:21 | DEBUG    | free_response | id=606 cell=B_prime gold='solids' pred='Solids' stage=strict correct=True
2026-09-20 17:39:21 | DEBUG    | free_response | id=607 cell=A_prime gold='fission' pred='Fission' stage=strict correct=True
2026-09-20 17:39:22 | DEBUG    | free_response | id=607 cell=B_prime gold='fission' pred='Fission' stage=strict correct=True
2026-09-20 17:39:23 | DEBUG    | free_response | id=608 cell=A_prime gold='at different locations' pred='Chromatid交换点交换位置交叉点交叉区段' stage=judge correct=False
2026-09-20 17:39:24 | DEBUG    | free_response | id=608 cell=B_prime gold='at different locations' pred='different locations' stage=judge correct=True
2026-09-20 17:39:24 | DEBUG    | free_response | id=609 cell=A_prime gold='galaxies' pred='Galaxies' stage=strict correct=True
2026-09-20 17:39:24 | DEBUG    | free_response | id=609 cell=B_prime gold='galaxies' pred='galaxies' stage=strict correct=True
2026-09-20 17:39:25 | DEBUG    | free_response | id=610 cell=A_prime gold='pollution' pred='Pollution' stage=strict correct=True
2026-09-20 17:39:25 | DEBUG    | free_response | id=610 cell=B_prime gold='pollution' pred='Pollution' stage=strict correct=True
2026-09-20 17:39:25 | DEBUG    | free_response | id=611 cell=A_prime gold='natural selection' pred='Natural selection' stage=strict correct=True
2026-09-20 17:39:26 | DEBUG    | free_response | id=611 cell=B_prime gold='natural selection' pred='Natural selection' stage=strict correct=True
2026-09-20 17:39:26 | DEBUG    | free_response | id=612 cell=A_prime gold='hot and sunny' pred='hot' stage=judge correct=True
2026-09-20 17:39:27 | DEBUG    | free_response | id=612 cell=B_prime gold='hot and sunny' pred='hot and sunny' stage=strict correct=True
2026-09-20 17:39:27 | DEBUG    | free_response | id=613 cell=A_prime gold='nephrons' pred='Nephrons' stage=strict correct=True
2026-09-20 17:39:28 | DEBUG    | free_response | id=613 cell=B_prime gold='nephrons' pred='nephrons' stage=strict correct=True
2026-09-20 17:39:28 | DEBUG    | free_response | id=614 cell=A_prime gold='by dna ligase' pred='ligase' stage=judge correct=True
2026-09-20 17:39:29 | DEBUG    | free_response | id=614 cell=B_prime gold='by dna ligase' pred='DNA ligase' stage=judge correct=True
2026-09-20 17:39:30 | DEBUG    | free_response | id=615 cell=A_prime gold='rays' pred='light' stage=judge correct=True
2026-09-20 17:39:30 | DEBUG    | free_response | id=615 cell=B_prime gold='rays' pred='rays' stage=strict correct=True
2026-09-20 17:39:30 | INFO     | free_response |   [616/884] A_prime 0.75  B_prime 0.98 | 1.05s/item | ETA 4.7 min
2026-09-20 17:39:30 | DEBUG    | free_response | id=616 cell=A_prime gold='sun' pred='Sun' stage=strict correct=True
2026-09-20 17:39:31 | DEBUG    | free_response | id=616 cell=B_prime gold='sun' pred='Sun' stage=strict correct=True
2026-09-20 17:39:31 | DEBUG    | free_response | id=617 cell=A_prime gold='disaccharide' pred='Disaccharide' stage=strict correct=True
2026-09-20 17:39:32 | DEBUG    | free_response | id=617 cell=B_prime gold='disaccharide' pred='Disaccharide' stage=strict correct=True
2026-09-20 17:39:33 | DEBUG    | free_response | id=618 cell=A_prime gold='distance' pred="Kepler's Third Law" stage=judge correct=False
2026-09-20 17:39:33 | DEBUG    | free_response | id=618 cell=B_prime gold='distance' pred='distance' stage=strict correct=True
2026-09-20 17:39:33 | DEBUG    | free_response | id=619 cell=A_prime gold='oxygen' pred='oxygen' stage=strict correct=True
2026-09-20 17:39:34 | DEBUG    | free_response | id=619 cell=B_prime gold='oxygen' pred='oxygen' stage=strict correct=True
2026-09-20 17:39:34 | DEBUG    | free_response | id=620 cell=A_prime gold='resistance' pred='Resistance' stage=strict correct=True
2026-09-20 17:39:34 | DEBUG    | free_response | id=620 cell=B_prime gold='resistance' pred='Resistance' stage=strict correct=True
2026-09-20 17:39:35 | DEBUG    | free_response | id=621 cell=A_prime gold='phases' pred='immiscible' stage=judge correct=True
2026-09-20 17:39:35 | DEBUG    | free_response | id=621 cell=B_prime gold='phases' pred='phases' stage=strict correct=True
2026-09-20 17:39:36 | DEBUG    | free_response | id=622 cell=A_prime gold='citric acid' pred='Citric' stage=judge correct=True
2026-09-20 17:39:37 | DEBUG    | free_response | id=622 cell=B_prime gold='citric acid' pred='citric acid' stage=strict correct=True
2026-09-20 17:39:37 | DEBUG    | free_response | id=623 cell=A_prime gold='atherosclerosis' pred='Atherosclerosis' stage=strict correct=True
2026-09-20 17:39:37 | DEBUG    | free_response | id=623 cell=B_prime gold='atherosclerosis' pred='Atherosclerosis' stage=strict correct=True
2026-09-20 17:39:38 | DEBUG    | free_response | id=624 cell=A_prime gold='small intestine' pred='Stomach' stage=judge correct=False
2026-09-20 17:39:39 | DEBUG    | free_response | id=624 cell=B_prime gold='small intestine' pred='small intestine' stage=strict correct=True
2026-09-20 17:39:40 | DEBUG    | free_response | id=625 cell=A_prime gold='uv light' pred='Sunlight/Ultraviolet radiation' stage=judge correct=True
2026-09-20 17:39:40 | DEBUG    | free_response | id=625 cell=B_prime gold='uv light' pred='UV light' stage=strict correct=True
2026-09-20 17:39:41 | DEBUG    | free_response | id=626 cell=A_prime gold='four' pred='4' stage=judge correct=True
2026-09-20 17:39:41 | DEBUG    | free_response | id=626 cell=B_prime gold='four' pred='four' stage=strict correct=True
2026-09-20 17:39:42 | DEBUG    | free_response | id=627 cell=A_prime gold='lymphocytes' pred='Bone marrow' stage=judge correct=False
2026-09-20 17:39:42 | DEBUG    | free_response | id=627 cell=B_prime gold='lymphocytes' pred='bone marrow' stage=judge correct=False
2026-09-20 17:39:43 | DEBUG    | free_response | id=628 cell=A_prime gold='arthropod' pred='Arthropods' stage=normalised correct=True
2026-09-20 17:39:43 | DEBUG    | free_response | id=628 cell=B_prime gold='arthropod' pred='Arthropods' stage=normalised correct=True
2026-09-20 17:39:44 | DEBUG    | free_response | id=629 cell=A_prime gold='convex' pred='Convex' stage=strict correct=True
2026-09-20 17:39:44 | DEBUG    | free_response | id=629 cell=B_prime gold='convex' pred='Convex' stage=strict correct=True
2026-09-20 17:39:45 | DEBUG    | free_response | id=630 cell=A_prime gold='at low temperatures' pred='At lower temperatures' stage=judge correct=True
2026-09-20 17:39:46 | DEBUG    | free_response | id=630 cell=B_prime gold='at low temperatures' pred='extremely low temperatures' stage=judge correct=True
2026-09-20 17:39:46 | DEBUG    | free_response | id=631 cell=A_prime gold='electromagnetic spectrum' pred='Electromagnetic spectrum' stage=strict correct=True
2026-09-20 17:39:47 | DEBUG    | free_response | id=631 cell=B_prime gold='electromagnetic spectrum' pred='electromagnetic spectrum' stage=strict correct=True
2026-09-20 17:39:47 | DEBUG    | free_response | id=632 cell=A_prime gold='mitochondria' pred='Amoebae' stage=judge correct=False
2026-09-20 17:39:48 | DEBUG    | free_response | id=632 cell=B_prime gold='mitochondria' pred='Mitochondria' stage=strict correct=True
2026-09-20 17:39:48 | DEBUG    | free_response | id=633 cell=A_prime gold='cilia' pred='Cilia' stage=strict correct=True
2026-09-20 17:39:49 | DEBUG    | free_response | id=633 cell=B_prime gold='cilia' pred='cilia' stage=strict correct=True
2026-09-20 17:39:49 | DEBUG    | free_response | id=634 cell=A_prime gold='menstrual cycle' pred='Menstrual Cycle' stage=strict correct=True
2026-09-20 17:39:50 | DEBUG    | free_response | id=634 cell=B_prime gold='menstrual cycle' pred='Menstrual cycle' stage=strict correct=True
2026-09-20 17:39:50 | DEBUG    | free_response | id=635 cell=A_prime gold='electrochemical process' pred='chemical reaction' stage=judge correct=False
2026-09-20 17:39:51 | DEBUG    | free_response | id=635 cell=B_prime gold='electrochemical process' pred='electrochemical process' stage=strict correct=True
2026-09-20 17:39:51 | DEBUG    | free_response | id=636 cell=A_prime gold='parasite' pred='Parasite' stage=strict correct=True
2026-09-20 17:39:52 | DEBUG    | free_response | id=636 cell=B_prime gold='parasite' pred='Parasite' stage=strict correct=True
2026-09-20 17:39:52 | DEBUG    | free_response | id=637 cell=A_prime gold='high altitude above sea level' pred='Elevation' stage=judge correct=True
2026-09-20 17:39:53 | DEBUG    | free_response | id=637 cell=B_prime gold='high altitude above sea level' pred='altitude' stage=judge correct=True
2026-09-20 17:39:54 | DEBUG    | free_response | id=638 cell=A_prime gold='cytoskeleton' pred='Cell membrane' stage=judge correct=False
2026-09-20 17:39:54 | DEBUG    | free_response | id=638 cell=B_prime gold='cytoskeleton' pred='Cytoskeleton' stage=strict correct=True
2026-09-20 17:39:55 | DEBUG    | free_response | id=639 cell=A_prime gold='parasite' pred='parasite' stage=strict correct=True
2026-09-20 17:39:55 | DEBUG    | free_response | id=639 cell=B_prime gold='parasite' pred='parasite' stage=strict correct=True
2026-09-20 17:39:56 | DEBUG    | free_response | id=640 cell=A_prime gold='ectothermic' pred='Cold-blooded' stage=judge correct=True
2026-09-20 17:39:56 | DEBUG    | free_response | id=640 cell=B_prime gold='ectothermic' pred='ectothermic' stage=strict correct=True
2026-09-20 17:39:57 | DEBUG    | free_response | id=641 cell=A_prime gold='odor receptors' pred='Mucosa' stage=judge correct=False
2026-09-20 17:39:58 | DEBUG    | free_response | id=641 cell=B_prime gold='odor receptors' pred='Odor receptors' stage=strict correct=True
2026-09-20 17:39:58 | DEBUG    | free_response | id=642 cell=A_prime gold='stem cells' pred='stem cells' stage=strict correct=True
2026-09-20 17:39:58 | DEBUG    | free_response | id=642 cell=B_prime gold='stem cells' pred='stem cells' stage=strict correct=True
2026-09-20 17:39:59 | DEBUG    | free_response | id=643 cell=A_prime gold='superconductors' pred='Superconductors' stage=strict correct=True
2026-09-20 17:39:59 | DEBUG    | free_response | id=643 cell=B_prime gold='superconductors' pred='superconductors' stage=strict correct=True
2026-09-20 17:40:00 | DEBUG    | free_response | id=644 cell=A_prime gold='exponents' pred='Exponent' stage=normalised correct=True
2026-09-20 17:40:00 | DEBUG    | free_response | id=644 cell=B_prime gold='exponents' pred='exponents' stage=strict correct=True
2026-09-20 17:40:00 | DEBUG    | free_response | id=645 cell=A_prime gold='sound' pred='Sound' stage=strict correct=True
2026-09-20 17:40:00 | DEBUG    | free_response | id=645 cell=B_prime gold='sound' pred='sound' stage=strict correct=True
2026-09-20 17:40:01 | DEBUG    | free_response | id=646 cell=A_prime gold='nuclear' pred='RADIOACTIVE SYMBOLS' stage=judge correct=True
2026-09-20 17:40:02 | DEBUG    | free_response | id=646 cell=B_prime gold='nuclear' pred='nuclear symbols' stage=judge correct=True
2026-09-20 17:40:03 | DEBUG    | free_response | id=647 cell=A_prime gold='tiny air sacs in the lungs' pred='Air sacs in lungs' stage=judge correct=True
2026-09-20 17:40:04 | DEBUG    | free_response | id=647 cell=B_prime gold='tiny air sacs in the lungs' pred='air sacs' stage=judge correct=True
2026-09-20 17:40:04 | DEBUG    | free_response | id=648 cell=A_prime gold='expansion joints' pred='expansion joints' stage=strict correct=True
2026-09-20 17:40:05 | DEBUG    | free_response | id=648 cell=B_prime gold='expansion joints' pred='expansion joints' stage=strict correct=True
2026-09-20 17:40:05 | DEBUG    | free_response | id=649 cell=A_prime gold='milk' pred='Blood' stage=judge correct=False
2026-09-20 17:40:06 | DEBUG    | free_response | id=649 cell=B_prime gold='milk' pred='Milk' stage=strict correct=True
2026-09-20 17:40:06 | DEBUG    | free_response | id=650 cell=A_prime gold='cancer' pred='Cancer' stage=strict correct=True
2026-09-20 17:40:07 | DEBUG    | free_response | id=650 cell=B_prime gold='cancer' pred='Cancer' stage=strict correct=True
2026-09-20 17:40:07 | DEBUG    | free_response | id=651 cell=A_prime gold='clone' pred='Clone' stage=strict correct=True
2026-09-20 17:40:07 | DEBUG    | free_response | id=651 cell=B_prime gold='clone' pred='Clone' stage=strict correct=True
2026-09-20 17:40:08 | DEBUG    | free_response | id=652 cell=A_prime gold='north magnetic pole' pred='North' stage=judge correct=False
2026-09-20 17:40:09 | DEBUG    | free_response | id=652 cell=B_prime gold='north magnetic pole' pred='current north magnetic pole' stage=judge correct=True
2026-09-20 17:40:10 | DEBUG    | free_response | id=653 cell=A_prime gold='deterministic equations' pred='Exponential growth and logistic growth' stage=judge correct=False
2026-09-20 17:40:10 | DEBUG    | free_response | id=653 cell=B_prime gold='deterministic equations' pred='deterministic equations' stage=strict correct=True
2026-09-20 17:40:11 | DEBUG    | free_response | id=654 cell=A_prime gold='dissociation' pred='Dissociation' stage=strict correct=True
2026-09-20 17:40:11 | DEBUG    | free_response | id=654 cell=B_prime gold='dissociation' pred='Dissociation' stage=strict correct=True
2026-09-20 17:40:12 | DEBUG    | free_response | id=655 cell=A_prime gold='magnetic fields' pred='Magnetic field' stage=normalised correct=True
2026-09-20 17:40:12 | DEBUG    | free_response | id=655 cell=B_prime gold='magnetic fields' pred='Electromagnetic waves' stage=judge correct=False
2026-09-20 17:40:13 | DEBUG    | free_response | id=656 cell=A_prime gold='hydrogen bonding' pred='Hydrogen Bonding' stage=strict correct=True
2026-09-20 17:40:13 | DEBUG    | free_response | id=656 cell=B_prime gold='hydrogen bonding' pred='Hydrogen bonding' stage=strict correct=True
2026-09-20 17:40:14 | DEBUG    | free_response | id=657 cell=A_prime gold='seismic waves' pred='Seismic waves' stage=strict correct=True
2026-09-20 17:40:14 | DEBUG    | free_response | id=657 cell=B_prime gold='seismic waves' pred='Seismic waves' stage=strict correct=True
2026-09-20 17:40:15 | DEBUG    | free_response | id=658 cell=A_prime gold='third trimester' pred='Third' stage=judge correct=True
2026-09-20 17:40:15 | DEBUG    | free_response | id=658 cell=B_prime gold='third trimester' pred='Third trimester' stage=strict correct=True
2026-09-20 17:40:16 | DEBUG    | free_response | id=659 cell=A_prime gold='ecosystems' pred='organisms' stage=judge correct=False
2026-09-20 17:40:17 | DEBUG    | free_response | id=659 cell=B_prime gold='ecosystems' pred='ecosystems' stage=strict correct=True
2026-09-20 17:40:17 | DEBUG    | free_response | id=660 cell=A_prime gold='kingdom' pred='Kingdom' stage=strict correct=True
2026-09-20 17:40:17 | DEBUG    | free_response | id=660 cell=B_prime gold='kingdom' pred='kingdom' stage=strict correct=True
2026-09-20 17:40:18 | DEBUG    | free_response | id=661 cell=A_prime gold='collide' pred='react' stage=judge correct=False
2026-09-20 17:40:18 | DEBUG    | free_response | id=661 cell=B_prime gold='collide' pred='collide' stage=strict correct=True
2026-09-20 17:40:19 | DEBUG    | free_response | id=662 cell=A_prime gold='abdomen' pred='abdomen' stage=strict correct=True
2026-09-20 17:40:19 | DEBUG    | free_response | id=662 cell=B_prime gold='abdomen' pred='abdomen' stage=strict correct=True
2026-09-20 17:40:19 | DEBUG    | free_response | id=663 cell=A_prime gold='axis' pred='axis' stage=strict correct=True
2026-09-20 17:40:20 | DEBUG    | free_response | id=663 cell=B_prime gold='axis' pred='axis' stage=strict correct=True
2026-09-20 17:40:20 | DEBUG    | free_response | id=664 cell=A_prime gold='direction' pred='direction' stage=strict correct=True
2026-09-20 17:40:20 | DEBUG    | free_response | id=664 cell=B_prime gold='direction' pred='direction' stage=strict correct=True
2026-09-20 17:40:21 | DEBUG    | free_response | id=665 cell=A_prime gold='bone marrow' pred='Marrow' stage=judge correct=True
2026-09-20 17:40:22 | DEBUG    | free_response | id=665 cell=B_prime gold='bone marrow' pred='bone marrow' stage=strict correct=True
2026-09-20 17:40:22 | DEBUG    | free_response | id=666 cell=A_prime gold='pedalfer' pred='Loamy' stage=judge correct=False
2026-09-20 17:40:23 | DEBUG    | free_response | id=666 cell=B_prime gold='pedalfer' pred='Pedalfer' stage=strict correct=True
2026-09-20 17:40:24 | DEBUG    | free_response | id=667 cell=A_prime gold='the voltage drop' pred='Voltage' stage=judge correct=True
2026-09-20 17:40:24 | DEBUG    | free_response | id=667 cell=B_prime gold='the voltage drop' pred='voltage drop' stage=strict correct=True
2026-09-20 17:40:25 | DEBUG    | free_response | id=668 cell=A_prime gold='the walls' pred='Heart' stage=judge correct=False
2026-09-20 17:40:25 | DEBUG    | free_response | id=668 cell=B_prime gold='the walls' pred='walls' stage=strict correct=True
2026-09-20 17:40:26 | DEBUG    | free_response | id=669 cell=A_prime gold='safety precaution' pred='Safety' stage=judge correct=True
2026-09-20 17:40:26 | DEBUG    | free_response | id=669 cell=B_prime gold='safety precaution' pred='Safety precautions' stage=normalised correct=True
2026-09-20 17:40:26 | DEBUG    | free_response | id=670 cell=A_prime gold='ph' pred='pH' stage=strict correct=True
2026-09-20 17:40:27 | DEBUG    | free_response | id=670 cell=B_prime gold='ph' pred='pH' stage=strict correct=True
2026-09-20 17:40:27 | DEBUG    | free_response | id=671 cell=A_prime gold='white blood cells' pred='White blood cells' stage=strict correct=True
2026-09-20 17:40:28 | DEBUG    | free_response | id=671 cell=B_prime gold='white blood cells' pred='white blood cells' stage=strict correct=True
2026-09-20 17:40:28 | DEBUG    | free_response | id=672 cell=A_prime gold='leaves' pred='leaves' stage=strict correct=True
2026-09-20 17:40:28 | DEBUG    | free_response | id=672 cell=B_prime gold='leaves' pred='leaves' stage=strict correct=True
2026-09-20 17:40:29 | DEBUG    | free_response | id=673 cell=A_prime gold='protists' pred='Giantsaxophytes' stage=judge correct=False
2026-09-20 17:40:29 | DEBUG    | free_response | id=673 cell=B_prime gold='protists' pred='Protists' stage=strict correct=True
2026-09-20 17:40:30 | DEBUG    | free_response | id=674 cell=A_prime gold='hand' pred='hand' stage=strict correct=True
2026-09-20 17:40:30 | DEBUG    | free_response | id=674 cell=B_prime gold='hand' pred='hand' stage=strict correct=True
2026-09-20 17:40:31 | DEBUG    | free_response | id=675 cell=A_prime gold='in cones' pred='Through fertilization of ovules' stage=judge correct=False
2026-09-20 17:40:31 | DEBUG    | free_response | id=675 cell=B_prime gold='in cones' pred='in cones' stage=strict correct=True
2026-09-20 17:40:32 | DEBUG    | free_response | id=676 cell=A_prime gold='chloroplasts' pred='Chloroplasts' stage=strict correct=True
2026-09-20 17:40:32 | DEBUG    | free_response | id=676 cell=B_prime gold='chloroplasts' pred='chloroplasts' stage=strict correct=True
2026-09-20 17:40:33 | DEBUG    | free_response | id=677 cell=A_prime gold='the reaction rate' pred='Reaction rate' stage=strict correct=True
2026-09-20 17:40:33 | DEBUG    | free_response | id=677 cell=B_prime gold='the reaction rate' pred='Reaction rate' stage=strict correct=True
2026-09-20 17:40:33 | DEBUG    | free_response | id=678 cell=A_prime gold='mediterranean' pred='Mediterranean' stage=strict correct=True
2026-09-20 17:40:34 | DEBUG    | free_response | id=678 cell=B_prime gold='mediterranean' pred='Mediterranean' stage=strict correct=True
2026-09-20 17:40:34 | DEBUG    | free_response | id=679 cell=A_prime gold='electricity' pred='electricity' stage=strict correct=True
2026-09-20 17:40:34 | DEBUG    | free_response | id=679 cell=B_prime gold='electricity' pred='electricity' stage=strict correct=True
2026-09-20 17:40:35 | DEBUG    | free_response | id=680 cell=A_prime gold='gas' pred='gas' stage=strict correct=True
2026-09-20 17:40:35 | DEBUG    | free_response | id=680 cell=B_prime gold='gas' pred='gas' stage=strict correct=True
2026-09-20 17:40:35 | DEBUG    | free_response | id=681 cell=A_prime gold='chemistry' pred='Chemistry' stage=strict correct=True
2026-09-20 17:40:36 | DEBUG    | free_response | id=681 cell=B_prime gold='chemistry' pred='Chemistry' stage=strict correct=True
2026-09-20 17:40:37 | DEBUG    | free_response | id=682 cell=A_prime gold='constant' pred='conserved' stage=judge correct=True
2026-09-20 17:40:37 | DEBUG    | free_response | id=682 cell=B_prime gold='constant' pred='constant' stage=strict correct=True
2026-09-20 17:40:38 | DEBUG    | free_response | id=683 cell=A_prime gold='cholesterol' pred='Proteins' stage=judge correct=False
2026-09-20 17:40:38 | DEBUG    | free_response | id=683 cell=B_prime gold='cholesterol' pred='Cholesterol' stage=strict correct=True
2026-09-20 17:40:38 | DEBUG    | free_response | id=684 cell=A_prime gold='energy' pred='Energy' stage=strict correct=True
2026-09-20 17:40:39 | DEBUG    | free_response | id=684 cell=B_prime gold='energy' pred='Energy' stage=strict correct=True
2026-09-20 17:40:39 | DEBUG    | free_response | id=685 cell=A_prime gold='liquid' pred='liquid' stage=strict correct=True
2026-09-20 17:40:39 | DEBUG    | free_response | id=685 cell=B_prime gold='liquid' pred='Liquid' stage=strict correct=True
2026-09-20 17:40:40 | DEBUG    | free_response | id=686 cell=A_prime gold='no surgery needed' pred='Less invasive' stage=judge correct=True
2026-09-20 17:40:41 | DEBUG    | free_response | id=686 cell=B_prime gold='no surgery needed' pred='no surgery' stage=judge correct=True
2026-09-20 17:40:42 | DEBUG    | free_response | id=687 cell=A_prime gold='logistic growth' pred='Logistic' stage=judge correct=True
2026-09-20 17:40:43 | DEBUG    | free_response | id=687 cell=B_prime gold='logistic growth' pred='logistic' stage=judge correct=True
2026-09-20 17:40:43 | DEBUG    | free_response | id=688 cell=A_prime gold='meninges' pred='Vertebral column' stage=judge correct=False
2026-09-20 17:40:44 | DEBUG    | free_response | id=688 cell=B_prime gold='meninges' pred='meninges' stage=strict correct=True
2026-09-20 17:40:45 | DEBUG    | free_response | id=689 cell=A_prime gold='move' pred='move freely' stage=judge correct=True
2026-09-20 17:40:45 | DEBUG    | free_response | id=689 cell=B_prime gold='move' pred='move' stage=strict correct=True
2026-09-20 17:40:45 | DEBUG    | free_response | id=690 cell=A_prime gold='algae' pred='algae' stage=strict correct=True
2026-09-20 17:40:46 | DEBUG    | free_response | id=690 cell=B_prime gold='algae' pred='algae' stage=strict correct=True
2026-09-20 17:40:47 | DEBUG    | free_response | id=691 cell=A_prime gold='decibel levels' pred='Amplitude' stage=judge correct=False
2026-09-20 17:40:47 | DEBUG    | free_response | id=691 cell=B_prime gold='decibel levels' pred='decibel levels' stage=strict correct=True
2026-09-20 17:40:48 | DEBUG    | free_response | id=692 cell=A_prime gold='transform plate boundary' pred='Strike-Slip Fault' stage=judge correct=True
2026-09-20 17:40:48 | DEBUG    | free_response | id=692 cell=B_prime gold='transform plate boundary' pred='transform plate boundary' stage=strict correct=True
2026-09-20 17:40:49 | DEBUG    | free_response | id=693 cell=A_prime gold='friction' pred='Friction' stage=strict correct=True
2026-09-20 17:40:49 | DEBUG    | free_response | id=693 cell=B_prime gold='friction' pred='Friction' stage=strict correct=True
2026-09-20 17:40:50 | DEBUG    | free_response | id=694 cell=A_prime gold='lymph capillaries' pred='Lymph nodes' stage=judge correct=False
2026-09-20 17:40:50 | DEBUG    | free_response | id=694 cell=B_prime gold='lymph capillaries' pred='Lymph capillaries' stage=strict correct=True
2026-09-20 17:40:51 | DEBUG    | free_response | id=695 cell=A_prime gold='neptune' pred='Neptune' stage=strict correct=True
2026-09-20 17:40:51 | DEBUG    | free_response | id=695 cell=B_prime gold='neptune' pred='Neptune' stage=strict correct=True
2026-09-20 17:40:52 | DEBUG    | free_response | id=696 cell=A_prime gold='cytoplasm' pred='nucleoid' stage=judge correct=True
2026-09-20 17:40:52 | DEBUG    | free_response | id=696 cell=B_prime gold='cytoplasm' pred='cytoplasm' stage=strict correct=True
2026-09-20 17:40:53 | DEBUG    | free_response | id=697 cell=A_prime gold='solvent' pred='polar solvent' stage=judge correct=True
2026-09-20 17:40:53 | DEBUG    | free_response | id=697 cell=B_prime gold='solvent' pred='solvent' stage=strict correct=True
2026-09-20 17:40:54 | DEBUG    | free_response | id=698 cell=A_prime gold='gas' pred='gas' stage=strict correct=True
2026-09-20 17:40:54 | DEBUG    | free_response | id=698 cell=B_prime gold='gas' pred='gas' stage=strict correct=True
2026-09-20 17:40:54 | DEBUG    | free_response | id=699 cell=A_prime gold='flowers' pred='Flowers' stage=strict correct=True
2026-09-20 17:40:55 | DEBUG    | free_response | id=699 cell=B_prime gold='flowers' pred='Flowers' stage=strict correct=True
2026-09-20 17:40:55 | DEBUG    | free_response | id=700 cell=A_prime gold='niche' pred='Niche' stage=strict correct=True
2026-09-20 17:40:55 | DEBUG    | free_response | id=700 cell=B_prime gold='niche' pred='niche' stage=strict correct=True
2026-09-20 17:40:56 | DEBUG    | free_response | id=701 cell=A_prime gold='dynamic' pred='dynamic' stage=strict correct=True
2026-09-20 17:40:56 | DEBUG    | free_response | id=701 cell=B_prime gold='dynamic' pred='dynamic' stage=strict correct=True
2026-09-20 17:40:57 | DEBUG    | free_response | id=702 cell=A_prime gold='lymph' pred='Plasma' stage=judge correct=False
2026-09-20 17:40:57 | DEBUG    | free_response | id=702 cell=B_prime gold='lymph' pred='Lymph' stage=strict correct=True
2026-09-20 17:40:58 | DEBUG    | free_response | id=703 cell=A_prime gold='two' pred='Two' stage=strict correct=True
2026-09-20 17:40:58 | DEBUG    | free_response | id=703 cell=B_prime gold='two' pred='two' stage=strict correct=True
2026-09-20 17:40:58 | INFO     | free_response |   [704/884] A_prime 0.75  B_prime 0.98 | 1.05s/item | ETA 3.1 min
2026-09-20 17:40:59 | DEBUG    | free_response | id=704 cell=A_prime gold='net force' pred='Resultant Forces' stage=judge correct=True
2026-09-20 17:40:59 | DEBUG    | free_response | id=704 cell=B_prime gold='net force' pred='net force' stage=strict correct=True
2026-09-20 17:41:00 | DEBUG    | free_response | id=705 cell=A_prime gold='light reactions' pred='Light-dependent reactions' stage=judge correct=True
2026-09-20 17:41:00 | DEBUG    | free_response | id=705 cell=B_prime gold='light reactions' pred='Light reactions' stage=strict correct=True
2026-09-20 17:41:01 | DEBUG    | free_response | id=706 cell=A_prime gold='birds' pred='mammals' stage=judge correct=False
2026-09-20 17:41:01 | DEBUG    | free_response | id=706 cell=B_prime gold='birds' pred='birds' stage=strict correct=True
2026-09-20 17:41:02 | DEBUG    | free_response | id=707 cell=A_prime gold='the synapse' pred='Synapse' stage=strict correct=True
2026-09-20 17:41:02 | DEBUG    | free_response | id=707 cell=B_prime gold='the synapse' pred='synapse' stage=strict correct=True
2026-09-20 17:41:03 | DEBUG    | free_response | id=708 cell=A_prime gold='hydrocarbons' pred='carbon' stage=judge correct=True
2026-09-20 17:41:03 | DEBUG    | free_response | id=708 cell=B_prime gold='hydrocarbons' pred='hydrocarbon' stage=normalised correct=True
2026-09-20 17:41:04 | DEBUG    | free_response | id=709 cell=A_prime gold='macronutrients' pred='Macronutrients' stage=strict correct=True
2026-09-20 17:41:04 | DEBUG    | free_response | id=709 cell=B_prime gold='macronutrients' pred='Macronutrients' stage=strict correct=True
2026-09-20 17:41:05 | DEBUG    | free_response | id=710 cell=A_prime gold='help digest food' pred='Catalysis' stage=judge correct=False
2026-09-20 17:41:06 | DEBUG    | free_response | id=710 cell=B_prime gold='help digest food' pred='Digestion' stage=judge correct=True
2026-09-20 17:41:06 | DEBUG    | free_response | id=711 cell=A_prime gold='solvation' pred='solvation' stage=strict correct=True
2026-09-20 17:41:07 | DEBUG    | free_response | id=711 cell=B_prime gold='solvation' pred='solvation' stage=strict correct=True
2026-09-20 17:41:07 | DEBUG    | free_response | id=712 cell=A_prime gold='voltaic cells' pred='cells' stage=judge correct=False
2026-09-20 17:41:08 | DEBUG    | free_response | id=712 cell=B_prime gold='voltaic cells' pred='voltaic' stage=judge correct=True
2026-09-20 17:41:09 | DEBUG    | free_response | id=713 cell=A_prime gold='one mutated allele' pred='One copy of the mutant allele' stage=judge correct=True
2026-09-20 17:41:10 | DEBUG    | free_response | id=713 cell=B_prime gold='one mutated allele' pred='one mutated allele' stage=strict correct=True
2026-09-20 17:41:10 | DEBUG    | free_response | id=714 cell=A_prime gold='sediment' pred='sediment' stage=strict correct=True
2026-09-20 17:41:10 | DEBUG    | free_response | id=714 cell=B_prime gold='sediment' pred='sediment' stage=strict correct=True
2026-09-20 17:41:11 | DEBUG    | free_response | id=715 cell=A_prime gold='pulley' pred='pulley' stage=strict correct=True
2026-09-20 17:41:11 | DEBUG    | free_response | id=715 cell=B_prime gold='pulley' pred='Pulley' stage=strict correct=True
2026-09-20 17:41:12 | DEBUG    | free_response | id=716 cell=A_prime gold='antioxidants' pred='Antioxidants' stage=strict correct=True
2026-09-20 17:41:12 | DEBUG    | free_response | id=716 cell=B_prime gold='antioxidants' pred='Antioxidants' stage=strict correct=True
2026-09-20 17:41:12 | DEBUG    | free_response | id=717 cell=A_prime gold='whole' pred='whole' stage=strict correct=True
2026-09-20 17:41:13 | DEBUG    | free_response | id=717 cell=B_prime gold='whole' pred='whole numbers' stage=judge correct=True
2026-09-20 17:41:14 | DEBUG    | free_response | id=718 cell=A_prime gold='electricity conductors' pred='reducing agents' stage=judge correct=True
2026-09-20 17:41:15 | DEBUG    | free_response | id=718 cell=B_prime gold='electricity conductors' pred='conductors' stage=judge correct=True
2026-09-20 17:41:16 | DEBUG    | free_response | id=719 cell=A_prime gold='heredity' pred='Inheritance' stage=judge correct=True
2026-09-20 17:41:16 | DEBUG    | free_response | id=719 cell=B_prime gold='heredity' pred='heredity' stage=strict correct=True
2026-09-20 17:41:16 | DEBUG    | free_response | id=720 cell=A_prime gold='the sun' pred='Sun' stage=strict correct=True
2026-09-20 17:41:17 | DEBUG    | free_response | id=720 cell=B_prime gold='the sun' pred='The sun' stage=strict correct=True
2026-09-20 17:41:17 | DEBUG    | free_response | id=721 cell=A_prime gold='troposphere' pred='troposphere' stage=strict correct=True
2026-09-20 17:41:17 | DEBUG    | free_response | id=721 cell=B_prime gold='troposphere' pred='troposphere' stage=strict correct=True
2026-09-20 17:41:18 | DEBUG    | free_response | id=722 cell=A_prime gold='complex placenta' pred='Placenta' stage=judge correct=True
2026-09-20 17:41:19 | DEBUG    | free_response | id=722 cell=B_prime gold='complex placenta' pred='placenta' stage=judge correct=True
2026-09-20 17:41:19 | DEBUG    | free_response | id=723 cell=A_prime gold='embryo' pred='embryo' stage=strict correct=True
2026-09-20 17:41:20 | DEBUG    | free_response | id=723 cell=B_prime gold='embryo' pred='embryo' stage=strict correct=True
2026-09-20 17:41:21 | DEBUG    | free_response | id=724 cell=A_prime gold='red blood cells' pred='Erythrocytes' stage=judge correct=True
2026-09-20 17:41:21 | DEBUG    | free_response | id=724 cell=B_prime gold='red blood cells' pred='Red blood cells' stage=strict correct=True
2026-09-20 17:41:21 | DEBUG    | free_response | id=725 cell=A_prime gold='dark matter' pred='Dark Matter' stage=strict correct=True
2026-09-20 17:41:22 | DEBUG    | free_response | id=725 cell=B_prime gold='dark matter' pred='Dark Matter' stage=strict correct=True
2026-09-20 17:41:22 | DEBUG    | free_response | id=726 cell=A_prime gold='condense' pred='condense' stage=strict correct=True
2026-09-20 17:41:22 | DEBUG    | free_response | id=726 cell=B_prime gold='condense' pred='condense' stage=strict correct=True
2026-09-20 17:41:23 | DEBUG    | free_response | id=727 cell=A_prime gold='heat' pred='Heat' stage=strict correct=True
2026-09-20 17:41:23 | DEBUG    | free_response | id=727 cell=B_prime gold='heat' pred='heat' stage=strict correct=True
2026-09-20 17:41:23 | DEBUG    | free_response | id=728 cell=A_prime gold='oxygen' pred='Oxygen' stage=strict correct=True
2026-09-20 17:41:24 | DEBUG    | free_response | id=728 cell=B_prime gold='oxygen' pred='oxygen' stage=strict correct=True
2026-09-20 17:41:24 | DEBUG    | free_response | id=729 cell=A_prime gold='velocity' pred='Velocity' stage=strict correct=True
2026-09-20 17:41:24 | DEBUG    | free_response | id=729 cell=B_prime gold='velocity' pred='Velocity' stage=strict correct=True
2026-09-20 17:41:24 | DEBUG    | free_response | id=730 cell=A_prime gold='a stream' pred='Stream' stage=strict correct=True
2026-09-20 17:41:25 | DEBUG    | free_response | id=730 cell=B_prime gold='a stream' pred='Stream' stage=strict correct=True
2026-09-20 17:41:25 | DEBUG    | free_response | id=731 cell=A_prime gold='orbits' pred='orbits' stage=strict correct=True
2026-09-20 17:41:26 | DEBUG    | free_response | id=731 cell=B_prime gold='orbits' pred='orbits' stage=strict correct=True
2026-09-20 17:41:26 | DEBUG    | free_response | id=732 cell=A_prime gold='frontal' pred='Frontal' stage=strict correct=True
2026-09-20 17:41:26 | DEBUG    | free_response | id=732 cell=B_prime gold='frontal' pred='frontal' stage=strict correct=True
2026-09-20 17:41:27 | DEBUG    | free_response | id=733 cell=A_prime gold='the temperature of the eggs' pred='Temperature' stage=judge correct=True
2026-09-20 17:41:28 | DEBUG    | free_response | id=733 cell=B_prime gold='the temperature of the eggs' pred='temperature' stage=judge correct=True
2026-09-20 17:41:28 | DEBUG    | free_response | id=734 cell=A_prime gold='open and globular' pred='Open and Globular' stage=strict correct=True
2026-09-20 17:41:29 | DEBUG    | free_response | id=734 cell=B_prime gold='open and globular' pred='open clusters and globular clusters' stage=judge correct=True
2026-09-20 17:41:30 | DEBUG    | free_response | id=735 cell=A_prime gold='at an angle' pred='at an angle' stage=strict correct=True
2026-09-20 17:41:30 | DEBUG    | free_response | id=735 cell=B_prime gold='at an angle' pred='at an angle' stage=strict correct=True
2026-09-20 17:41:30 | DEBUG    | free_response | id=736 cell=A_prime gold='bear weight' pred='bear weight' stage=strict correct=True
2026-09-20 17:41:31 | DEBUG    | free_response | id=736 cell=B_prime gold='bear weight' pred='bear weight' stage=strict correct=True
2026-09-20 17:41:31 | DEBUG    | free_response | id=737 cell=A_prime gold='oxygen' pred='Water' stage=judge correct=False
2026-09-20 17:41:32 | DEBUG    | free_response | id=737 cell=B_prime gold='oxygen' pred='oxygen' stage=strict correct=True
2026-09-20 17:41:32 | DEBUG    | free_response | id=738 cell=A_prime gold='membrane' pred='Cell membrane' stage=judge correct=True
2026-09-20 17:41:33 | DEBUG    | free_response | id=738 cell=B_prime gold='membrane' pred='membrane' stage=strict correct=True
2026-09-20 17:41:34 | DEBUG    | free_response | id=739 cell=A_prime gold='pleiotropic effects' pred='Abnormal hemoglobin' stage=judge correct=False
2026-09-20 17:41:35 | DEBUG    | free_response | id=739 cell=B_prime gold='pleiotropic effects' pred='Not mentioned' stage=judge correct=False
2026-09-20 17:41:35 | DEBUG    | free_response | id=740 cell=A_prime gold='fungi' pred='fungi' stage=strict correct=True
2026-09-20 17:41:35 | DEBUG    | free_response | id=740 cell=B_prime gold='fungi' pred='fungi' stage=strict correct=True
2026-09-20 17:41:36 | DEBUG    | free_response | id=741 cell=A_prime gold='sensory nerve cells' pred='Sensory neurons' stage=judge correct=True
2026-09-20 17:41:37 | DEBUG    | free_response | id=741 cell=B_prime gold='sensory nerve cells' pred='sensory nerve cells' stage=strict correct=True
2026-09-20 17:41:37 | DEBUG    | free_response | id=742 cell=A_prime gold='allopolyploids' pred='Cultivars' stage=judge correct=False
2026-09-20 17:41:38 | DEBUG    | free_response | id=742 cell=B_prime gold='allopolyploids' pred='allopolyploids' stage=strict correct=True
2026-09-20 17:41:38 | DEBUG    | free_response | id=743 cell=A_prime gold='deuterium' pred='Deuterium' stage=strict correct=True
2026-09-20 17:41:39 | DEBUG    | free_response | id=743 cell=B_prime gold='deuterium' pred='deuterium' stage=strict correct=True
2026-09-20 17:41:39 | DEBUG    | free_response | id=744 cell=A_prime gold='ionic compounds' pred='Ionic' stage=judge correct=True
2026-09-20 17:41:40 | DEBUG    | free_response | id=744 cell=B_prime gold='ionic compounds' pred='Ionic compounds' stage=strict correct=True
2026-09-20 17:41:40 | DEBUG    | free_response | id=745 cell=A_prime gold='photosynthesis' pred='Photosynthesis' stage=strict correct=True
2026-09-20 17:41:41 | DEBUG    | free_response | id=745 cell=B_prime gold='photosynthesis' pred='Photosynthesis' stage=strict correct=True
2026-09-20 17:41:41 | DEBUG    | free_response | id=746 cell=A_prime gold='pressure' pred='pressure' stage=strict correct=True
2026-09-20 17:41:41 | DEBUG    | free_response | id=746 cell=B_prime gold='pressure' pred='pressure' stage=strict correct=True
2026-09-20 17:41:42 | DEBUG    | free_response | id=747 cell=A_prime gold='kinetic molecular theory' pred='Kinetic Molecular Theory' stage=strict correct=True
2026-09-20 17:41:42 | DEBUG    | free_response | id=747 cell=B_prime gold='kinetic molecular theory' pred='Kinetic molecular theory' stage=strict correct=True
2026-09-20 17:41:43 | DEBUG    | free_response | id=748 cell=A_prime gold='absorption' pred='Phagocytosis' stage=judge correct=False
2026-09-20 17:41:43 | DEBUG    | free_response | id=748 cell=B_prime gold='absorption' pred='Absorption' stage=strict correct=True
2026-09-20 17:41:44 | DEBUG    | free_response | id=749 cell=A_prime gold='sperm' pred='Spermatozoon' stage=judge correct=True
2026-09-20 17:41:45 | DEBUG    | free_response | id=749 cell=B_prime gold='sperm' pred='sperm' stage=strict correct=True
2026-09-20 17:41:46 | DEBUG    | free_response | id=750 cell=A_prime gold='turning driveshaft' pred='Engine' stage=judge correct=False
2026-09-20 17:41:46 | DEBUG    | free_response | id=750 cell=B_prime gold='turning driveshaft' pred='The turning driveshaft' stage=strict correct=True
2026-09-20 17:41:47 | DEBUG    | free_response | id=751 cell=A_prime gold='technology' pred='Engineering' stage=judge correct=False
2026-09-20 17:41:47 | DEBUG    | free_response | id=751 cell=B_prime gold='technology' pred='technology' stage=strict correct=True
2026-09-20 17:41:48 | DEBUG    | free_response | id=752 cell=A_prime gold='polar and nonpolar' pred='Conductance and Resistivity' stage=judge correct=False
2026-09-20 17:41:49 | DEBUG    | free_response | id=752 cell=B_prime gold='polar and nonpolar' pred='polar or nonpolar' stage=judge correct=False
2026-09-20 17:41:49 | DEBUG    | free_response | id=753 cell=A_prime gold='octet rule' pred='Octet Rule' stage=strict correct=True
2026-09-20 17:41:50 | DEBUG    | free_response | id=753 cell=B_prime gold='octet rule' pred='octet rule' stage=strict correct=True
2026-09-20 17:41:51 | DEBUG    | free_response | id=754 cell=A_prime gold='a divide' pred='watershed' stage=judge correct=True
2026-09-20 17:41:51 | DEBUG    | free_response | id=754 cell=B_prime gold='a divide' pred='faults' stage=judge correct=False
2026-09-20 17:41:52 | DEBUG    | free_response | id=755 cell=A_prime gold='adaptive immune system' pred='adaptiveimmuneystem' stage=judge correct=True
2026-09-20 17:41:53 | DEBUG    | free_response | id=755 cell=B_prime gold='adaptive immune system' pred='adaptiveimmune system' stage=judge correct=True
2026-09-20 17:41:54 | DEBUG    | free_response | id=756 cell=A_prime gold='innate' pred='instinctive' stage=judge correct=True
2026-09-20 17:41:54 | DEBUG    | free_response | id=756 cell=B_prime gold='innate' pred='innate' stage=strict correct=True
2026-09-20 17:41:55 | DEBUG    | free_response | id=757 cell=A_prime gold='sweat glands' pred='Sebaceous glands' stage=judge correct=False
2026-09-20 17:41:56 | DEBUG    | free_response | id=757 cell=B_prime gold='sweat glands' pred='Sweat glands' stage=strict correct=True
2026-09-20 17:41:56 | DEBUG    | free_response | id=758 cell=A_prime gold='branchial arches' pred='gill arches' stage=judge correct=True
2026-09-20 17:41:57 | DEBUG    | free_response | id=758 cell=B_prime gold='branchial arches' pred='Branchial arches' stage=strict correct=True
2026-09-20 17:41:57 | DEBUG    | free_response | id=759 cell=A_prime gold='cardiac output' pred='Cardiac Output' stage=strict correct=True
2026-09-20 17:41:58 | DEBUG    | free_response | id=759 cell=B_prime gold='cardiac output' pred='Cardiac output' stage=strict correct=True
2026-09-20 17:41:59 | DEBUG    | free_response | id=760 cell=A_prime gold='therapods' pred='theropods' stage=judge correct=True
2026-09-20 17:42:00 | DEBUG    | free_response | id=760 cell=B_prime gold='therapods' pred='theropods' stage=judge correct=True
2026-09-20 17:42:00 | DEBUG    | free_response | id=761 cell=A_prime gold='metalloids' pred='Metalloids' stage=strict correct=True
2026-09-20 17:42:00 | DEBUG    | free_response | id=761 cell=B_prime gold='metalloids' pred='metalloids' stage=strict correct=True
2026-09-20 17:42:01 | DEBUG    | free_response | id=762 cell=A_prime gold='solubility' pred='Function' stage=judge correct=False
2026-09-20 17:42:02 | DEBUG    | free_response | id=762 cell=B_prime gold='solubility' pred='solubility' stage=strict correct=True
2026-09-20 17:42:03 | DEBUG    | free_response | id=763 cell=A_prime gold='active glaciers' pred='Glaciers' stage=judge correct=True
2026-09-20 17:42:03 | DEBUG    | free_response | id=763 cell=B_prime gold='active glaciers' pred='glaciers' stage=judge correct=True
2026-09-20 17:42:04 | DEBUG    | free_response | id=764 cell=A_prime gold='carbon' pred='Carbon' stage=strict correct=True
2026-09-20 17:42:04 | DEBUG    | free_response | id=764 cell=B_prime gold='carbon' pred='Carbon' stage=strict correct=True
2026-09-20 17:42:05 | DEBUG    | free_response | id=765 cell=A_prime gold='substance' pred='Homogeneous' stage=judge correct=True
2026-09-20 17:42:05 | DEBUG    | free_response | id=765 cell=B_prime gold='substance' pred='substance' stage=strict correct=True
2026-09-20 17:42:06 | DEBUG    | free_response | id=766 cell=A_prime gold='the liver' pred='Liver' stage=strict correct=True
2026-09-20 17:42:06 | DEBUG    | free_response | id=766 cell=B_prime gold='the liver' pred='liver' stage=strict correct=True
2026-09-20 17:42:07 | DEBUG    | free_response | id=767 cell=A_prime gold='base' pred='alkaline' stage=judge correct=True
2026-09-20 17:42:07 | DEBUG    | free_response | id=767 cell=B_prime gold='base' pred='base' stage=strict correct=True
2026-09-20 17:42:07 | DEBUG    | free_response | id=768 cell=A_prime gold='theoretical yield' pred='theoretical yield' stage=strict correct=True
2026-09-20 17:42:08 | DEBUG    | free_response | id=768 cell=B_prime gold='theoretical yield' pred='theoretical yield' stage=strict correct=True
2026-09-20 17:42:08 | DEBUG    | free_response | id=769 cell=A_prime gold='volcanoes' pred='Volcanoes' stage=strict correct=True
2026-09-20 17:42:08 | DEBUG    | free_response | id=769 cell=B_prime gold='volcanoes' pred='Volcanoes' stage=strict correct=True
2026-09-20 17:42:09 | DEBUG    | free_response | id=770 cell=A_prime gold='cell body' pred='Soma' stage=judge correct=True
2026-09-20 17:42:10 | DEBUG    | free_response | id=770 cell=B_prime gold='cell body' pred='cell body' stage=strict correct=True
2026-09-20 17:42:10 | DEBUG    | free_response | id=771 cell=A_prime gold='electricity' pred='electricity' stage=strict correct=True
2026-09-20 17:42:10 | DEBUG    | free_response | id=771 cell=B_prime gold='electricity' pred='electricity' stage=strict correct=True
2026-09-20 17:42:11 | DEBUG    | free_response | id=772 cell=A_prime gold='xerophytes' pred='Xerophytes' stage=strict correct=True
2026-09-20 17:42:11 | DEBUG    | free_response | id=772 cell=B_prime gold='xerophytes' pred='xerophytes' stage=strict correct=True
2026-09-20 17:42:12 | DEBUG    | free_response | id=773 cell=A_prime gold='sensory' pred='Sensory neurons' stage=judge correct=True
2026-09-20 17:42:13 | DEBUG    | free_response | id=773 cell=B_prime gold='sensory' pred='Sensory neurons' stage=judge correct=True
2026-09-20 17:42:14 | DEBUG    | free_response | id=774 cell=A_prime gold='sebaceous gland' pred='Sebaceous' stage=judge correct=True
2026-09-20 17:42:15 | DEBUG    | free_response | id=774 cell=B_prime gold='sebaceous gland' pred='Sebaceous Glands' stage=normalised correct=True
2026-09-20 17:42:15 | DEBUG    | free_response | id=775 cell=A_prime gold='smell' pred='smell' stage=strict correct=True
2026-09-20 17:42:15 | DEBUG    | free_response | id=775 cell=B_prime gold='smell' pred='smell' stage=strict correct=True
2026-09-20 17:42:16 | DEBUG    | free_response | id=776 cell=A_prime gold='206' pred='206' stage=strict correct=True
2026-09-20 17:42:16 | DEBUG    | free_response | id=776 cell=B_prime gold='206' pred='206' stage=strict correct=True
2026-09-20 17:42:16 | DEBUG    | free_response | id=777 cell=A_prime gold='plants' pred='plants' stage=strict correct=True
2026-09-20 17:42:17 | DEBUG    | free_response | id=777 cell=B_prime gold='plants' pred='plants' stage=strict correct=True
2026-09-20 17:42:17 | DEBUG    | free_response | id=778 cell=A_prime gold='conduction' pred='Conduction' stage=strict correct=True
2026-09-20 17:42:18 | DEBUG    | free_response | id=778 cell=B_prime gold='conduction' pred='Conduction' stage=strict correct=True
2026-09-20 17:42:18 | DEBUG    | free_response | id=779 cell=A_prime gold='gel electrophoresis' pred='Electrophoresis' stage=judge correct=False
2026-09-20 17:42:19 | DEBUG    | free_response | id=779 cell=B_prime gold='gel electrophoresis' pred='Gel electrophoresis' stage=strict correct=True
2026-09-20 17:42:20 | DEBUG    | free_response | id=780 cell=A_prime gold='scientific skepticism' pred='Skepticism' stage=judge correct=True
2026-09-20 17:42:20 | DEBUG    | free_response | id=780 cell=B_prime gold='scientific skepticism' pred='Scientific skepticism' stage=strict correct=True
2026-09-20 17:42:21 | DEBUG    | free_response | id=781 cell=A_prime gold='natural selection' pred='Natural selection' stage=strict correct=True
2026-09-20 17:42:21 | DEBUG    | free_response | id=781 cell=B_prime gold='natural selection' pred='natural selection' stage=strict correct=True
2026-09-20 17:42:22 | DEBUG    | free_response | id=782 cell=A_prime gold='fatty acids' pred='Fatty acids' stage=strict correct=True
2026-09-20 17:42:22 | DEBUG    | free_response | id=782 cell=B_prime gold='fatty acids' pred='Fatty acids' stage=strict correct=True
2026-09-20 17:42:22 | DEBUG    | free_response | id=783 cell=A_prime gold='north and south' pred='North and South' stage=strict correct=True
2026-09-20 17:42:23 | DEBUG    | free_response | id=783 cell=B_prime gold='north and south' pred='North and South' stage=strict correct=True
2026-09-20 17:42:23 | DEBUG    | free_response | id=784 cell=A_prime gold='conduct electricity' pred='dissociation' stage=judge correct=False
2026-09-20 17:42:24 | DEBUG    | free_response | id=784 cell=B_prime gold='conduct electricity' pred='Conduct electricity' stage=strict correct=True
2026-09-20 17:42:24 | DEBUG    | free_response | id=785 cell=A_prime gold='differentiation' pred='Differentiation' stage=strict correct=True
2026-09-20 17:42:25 | DEBUG    | free_response | id=785 cell=B_prime gold='differentiation' pred='Differentiation' stage=strict correct=True
2026-09-20 17:42:26 | DEBUG    | free_response | id=786 cell=A_prime gold='covalent' pred='Covalent bond' stage=judge correct=True
2026-09-20 17:42:26 | DEBUG    | free_response | id=786 cell=B_prime gold='covalent' pred='Covalent bond' stage=judge correct=True
2026-09-20 17:42:27 | DEBUG    | free_response | id=787 cell=A_prime gold='epidermal' pred='Cortex' stage=judge correct=False
2026-09-20 17:42:28 | DEBUG    | free_response | id=787 cell=B_prime gold='epidermal' pred='epidermal cells' stage=judge correct=True
2026-09-20 17:42:29 | DEBUG    | free_response | id=788 cell=A_prime gold='nonvascular plants' pred='Algae' stage=judge correct=False
2026-09-20 17:42:29 | DEBUG    | free_response | id=788 cell=B_prime gold='nonvascular plants' pred='Nonvascular plants' stage=strict correct=True
2026-09-20 17:42:30 | DEBUG    | free_response | id=789 cell=A_prime gold='wavelength' pred='Wavelength' stage=strict correct=True
2026-09-20 17:42:30 | DEBUG    | free_response | id=789 cell=B_prime gold='wavelength' pred='wavelength' stage=strict correct=True
2026-09-20 17:42:30 | DEBUG    | free_response | id=790 cell=A_prime gold='decomposers' pred='Decomposers' stage=strict correct=True
2026-09-20 17:42:31 | DEBUG    | free_response | id=790 cell=B_prime gold='decomposers' pred='Decomposers' stage=strict correct=True
2026-09-20 17:42:32 | DEBUG    | free_response | id=791 cell=A_prime gold='cell' pred='organelles' stage=judge correct=False
2026-09-20 17:42:32 | DEBUG    | free_response | id=791 cell=B_prime gold='cell' pred='cell' stage=strict correct=True
2026-09-20 17:42:32 | INFO     | free_response |   [792/884] A_prime 0.75  B_prime 0.98 | 1.05s/item | ETA 1.6 min
2026-09-20 17:42:32 | DEBUG    | free_response | id=792 cell=A_prime gold='taxonomy' pred='Taxonomy' stage=strict correct=True
2026-09-20 17:42:33 | DEBUG    | free_response | id=792 cell=B_prime gold='taxonomy' pred='Taxonomy' stage=strict correct=True
2026-09-20 17:42:33 | DEBUG    | free_response | id=793 cell=A_prime gold='muscle' pred='Muscle' stage=strict correct=True
2026-09-20 17:42:34 | DEBUG    | free_response | id=793 cell=B_prime gold='muscle' pred='muscle' stage=strict correct=True
2026-09-20 17:42:35 | DEBUG    | free_response | id=794 cell=A_prime gold='drought' pred='Poor soil quality' stage=judge correct=False
2026-09-20 17:42:35 | DEBUG    | free_response | id=794 cell=B_prime gold='drought' pred='Drought' stage=strict correct=True
2026-09-20 17:42:36 | DEBUG    | free_response | id=795 cell=A_prime gold='it expands' pred='Expands' stage=judge correct=True
2026-09-20 17:42:37 | DEBUG    | free_response | id=795 cell=B_prime gold='it expands' pred='expands' stage=judge correct=True
2026-09-20 17:42:37 | DEBUG    | free_response | id=796 cell=A_prime gold='ileum' pred='ileum' stage=strict correct=True
2026-09-20 17:42:38 | DEBUG    | free_response | id=796 cell=B_prime gold='ileum' pred='ileum' stage=strict correct=True
2026-09-20 17:42:38 | DEBUG    | free_response | id=797 cell=A_prime gold='buoyancy' pred='Buoyancy' stage=strict correct=True
2026-09-20 17:42:38 | DEBUG    | free_response | id=797 cell=B_prime gold='buoyancy' pred='Buoyancy' stage=strict correct=True
2026-09-20 17:42:39 | DEBUG    | free_response | id=798 cell=A_prime gold='reactants' pred='fuel' stage=judge correct=False
2026-09-20 17:42:40 | DEBUG    | free_response | id=798 cell=B_prime gold='reactants' pred='reactants' stage=strict correct=True
2026-09-20 17:42:40 | DEBUG    | free_response | id=799 cell=A_prime gold='mutualism' pred='symbiosis' stage=judge correct=True
2026-09-20 17:42:41 | DEBUG    | free_response | id=799 cell=B_prime gold='mutualism' pred='mutualism' stage=strict correct=True
2026-09-20 17:42:41 | DEBUG    | free_response | id=800 cell=A_prime gold='kinetic theory' pred='Kinetic Theory' stage=strict correct=True
2026-09-20 17:42:42 | DEBUG    | free_response | id=800 cell=B_prime gold='kinetic theory' pred='Kinetic theory' stage=strict correct=True
2026-09-20 17:42:42 | DEBUG    | free_response | id=801 cell=A_prime gold='sharks' pred='Shark' stage=normalised correct=True
2026-09-20 17:42:43 | DEBUG    | free_response | id=801 cell=B_prime gold='sharks' pred='Sharks' stage=strict correct=True
2026-09-20 17:42:43 | DEBUG    | free_response | id=802 cell=A_prime gold='electroluminescence' pred='Excitation' stage=judge correct=False
2026-09-20 17:42:44 | DEBUG    | free_response | id=802 cell=B_prime gold='electroluminescence' pred='electroluminescence' stage=strict correct=True
2026-09-20 17:42:44 | DEBUG    | free_response | id=803 cell=A_prime gold='magma' pred='Magma' stage=strict correct=True
2026-09-20 17:42:44 | DEBUG    | free_response | id=803 cell=B_prime gold='magma' pred='Magma' stage=strict correct=True
2026-09-20 17:42:45 | DEBUG    | free_response | id=804 cell=A_prime gold='a layer of fat' pred='Fat' stage=judge correct=True
2026-09-20 17:42:46 | DEBUG    | free_response | id=804 cell=B_prime gold='a layer of fat' pred='layer of fat' stage=strict correct=True
2026-09-20 17:42:46 | DEBUG    | free_response | id=805 cell=A_prime gold='acid' pred='acid' stage=strict correct=True
2026-09-20 17:42:46 | DEBUG    | free_response | id=805 cell=B_prime gold='acid' pred='Acids' stage=normalised correct=True
2026-09-20 17:42:47 | DEBUG    | free_response | id=806 cell=A_prime gold='hydrogen' pred='Hydrogen' stage=strict correct=True
2026-09-20 17:42:47 | DEBUG    | free_response | id=806 cell=B_prime gold='hydrogen' pred='Hydrogen' stage=strict correct=True
2026-09-20 17:42:48 | DEBUG    | free_response | id=807 cell=A_prime gold='element' pred='element' stage=strict correct=True
2026-09-20 17:42:48 | DEBUG    | free_response | id=807 cell=B_prime gold='element' pred='element' stage=strict correct=True
2026-09-20 17:42:48 | DEBUG    | free_response | id=808 cell=A_prime gold='porous' pred='porous' stage=strict correct=True
2026-09-20 17:42:49 | DEBUG    | free_response | id=808 cell=B_prime gold='porous' pred='porous' stage=strict correct=True
2026-09-20 17:42:49 | DEBUG    | free_response | id=809 cell=A_prime gold='food' pred='food' stage=strict correct=True
2026-09-20 17:42:49 | DEBUG    | free_response | id=809 cell=B_prime gold='food' pred='food' stage=strict correct=True
2026-09-20 17:42:50 | DEBUG    | free_response | id=810 cell=A_prime gold='tetrahedral' pred='Trigonal Pyramidal' stage=judge correct=False
2026-09-20 17:42:50 | DEBUG    | free_response | id=810 cell=B_prime gold='tetrahedral' pred='tetrahedral' stage=strict correct=True
2026-09-20 17:42:51 | DEBUG    | free_response | id=811 cell=A_prime gold='ovary' pred='ovary' stage=strict correct=True
2026-09-20 17:42:51 | DEBUG    | free_response | id=811 cell=B_prime gold='ovary' pred='ovary' stage=strict correct=True
2026-09-20 17:42:51 | DEBUG    | free_response | id=812 cell=A_prime gold='photosynthesis' pred='Photosynthesis' stage=strict correct=True
2026-09-20 17:42:52 | DEBUG    | free_response | id=812 cell=B_prime gold='photosynthesis' pred='photosynthesis' stage=strict correct=True
2026-09-20 17:42:52 | DEBUG    | free_response | id=813 cell=A_prime gold='cell' pred='Cell' stage=strict correct=True
2026-09-20 17:42:52 | DEBUG    | free_response | id=813 cell=B_prime gold='cell' pred='Cell' stage=strict correct=True
2026-09-20 17:42:53 | DEBUG    | free_response | id=814 cell=A_prime gold='orbit the earth' pred='orbit' stage=judge correct=True
2026-09-20 17:42:54 | DEBUG    | free_response | id=814 cell=B_prime gold='orbit the earth' pred='orbit' stage=judge correct=True
2026-09-20 17:42:54 | DEBUG    | free_response | id=815 cell=A_prime gold='neurotransmitters' pred='Neurotransmitters' stage=strict correct=True
2026-09-20 17:42:55 | DEBUG    | free_response | id=815 cell=B_prime gold='neurotransmitters' pred='neurotransmitters' stage=strict correct=True
2026-09-20 17:42:56 | DEBUG    | free_response | id=816 cell=A_prime gold='ideal' pred='Ideal conditions' stage=judge correct=True
2026-09-20 17:42:56 | DEBUG    | free_response | id=816 cell=B_prime gold='ideal' pred='ideal conditions' stage=judge correct=True
2026-09-20 17:42:57 | DEBUG    | free_response | id=817 cell=A_prime gold='five' pred='five' stage=strict correct=True
2026-09-20 17:42:57 | DEBUG    | free_response | id=817 cell=B_prime gold='five' pred='Five' stage=strict correct=True
2026-09-20 17:42:57 | DEBUG    | free_response | id=818 cell=A_prime gold='energy' pred='Energy' stage=strict correct=True
2026-09-20 17:42:57 | DEBUG    | free_response | id=818 cell=B_prime gold='energy' pred='Energy' stage=strict correct=True
2026-09-20 17:42:58 | DEBUG    | free_response | id=819 cell=A_prime gold='lateral continuity' pred='Uniformitarianism' stage=judge correct=False
2026-09-20 17:42:59 | DEBUG    | free_response | id=819 cell=B_prime gold='lateral continuity' pred='lateral continuity' stage=strict correct=True
2026-09-20 17:42:59 | DEBUG    | free_response | id=820 cell=A_prime gold='light' pred='Visible light' stage=judge correct=True
2026-09-20 17:43:00 | DEBUG    | free_response | id=820 cell=B_prime gold='light' pred='Light' stage=strict correct=True
2026-09-20 17:43:00 | DEBUG    | free_response | id=821 cell=A_prime gold='oceanic' pred='Oceanic' stage=strict correct=True
2026-09-20 17:43:01 | DEBUG    | free_response | id=821 cell=B_prime gold='oceanic' pred='Oceanic crust' stage=judge correct=True
2026-09-20 17:43:01 | DEBUG    | free_response | id=822 cell=A_prime gold='slowly' pred='slowly' stage=strict correct=True
2026-09-20 17:43:02 | DEBUG    | free_response | id=822 cell=B_prime gold='slowly' pred='slowly' stage=strict correct=True
2026-09-20 17:43:02 | DEBUG    | free_response | id=823 cell=A_prime gold='polymer' pred='Polymer' stage=strict correct=True
2026-09-20 17:43:02 | DEBUG    | free_response | id=823 cell=B_prime gold='polymer' pred='Polymer' stage=strict correct=True
2026-09-20 17:43:03 | DEBUG    | free_response | id=824 cell=A_prime gold='technology' pred='Innovation' stage=judge correct=True
2026-09-20 17:43:03 | DEBUG    | free_response | id=824 cell=B_prime gold='technology' pred='technology' stage=strict correct=True
2026-09-20 17:43:04 | DEBUG    | free_response | id=825 cell=A_prime gold='nucleic acids' pred='DNA' stage=judge correct=False
2026-09-20 17:43:05 | DEBUG    | free_response | id=825 cell=B_prime gold='nucleic acids' pred='nucleic acids' stage=strict correct=True
2026-09-20 17:43:05 | DEBUG    | free_response | id=826 cell=A_prime gold='pseudocoelom' pred='Pseudocoelom' stage=strict correct=True
2026-09-20 17:43:06 | DEBUG    | free_response | id=826 cell=B_prime gold='pseudocoelom' pred='pseudocoelom' stage=strict correct=True
2026-09-20 17:43:07 | DEBUG    | free_response | id=827 cell=A_prime gold='digestive system' pred='Digestive' stage=judge correct=True
2026-09-20 17:43:07 | DEBUG    | free_response | id=827 cell=B_prime gold='digestive system' pred='Digestive system' stage=strict correct=True
2026-09-20 17:43:07 | DEBUG    | free_response | id=828 cell=A_prime gold='diabetes' pred='Diabetes' stage=strict correct=True
2026-09-20 17:43:08 | DEBUG    | free_response | id=828 cell=B_prime gold='diabetes' pred='Type 2 diabetes' stage=judge correct=True
2026-09-20 17:43:09 | DEBUG    | free_response | id=829 cell=A_prime gold='chemical remediation' pred='Disinfection' stage=judge correct=False
2026-09-20 17:43:10 | DEBUG    | free_response | id=829 cell=B_prime gold='chemical remediation' pred='Chemical remediation' stage=strict correct=True
2026-09-20 17:43:10 | DEBUG    | free_response | id=830 cell=A_prime gold='ocean acidification' pred='Ocean acidification' stage=strict correct=True
2026-09-20 17:43:10 | DEBUG    | free_response | id=830 cell=B_prime gold='ocean acidification' pred='Ocean acidification' stage=strict correct=True
2026-09-20 17:43:11 | DEBUG    | free_response | id=831 cell=A_prime gold='cardiac muscle' pred='Cardiac' stage=judge correct=True
2026-09-20 17:43:12 | DEBUG    | free_response | id=831 cell=B_prime gold='cardiac muscle' pred='Cardiac' stage=judge correct=True
2026-09-20 17:43:13 | DEBUG    | free_response | id=832 cell=A_prime gold='cell' pred='cytoplasm' stage=judge correct=False
2026-09-20 17:43:13 | DEBUG    | free_response | id=832 cell=B_prime gold='cell' pred='cell' stage=strict correct=True
2026-09-20 17:43:14 | DEBUG    | free_response | id=833 cell=A_prime gold='physical science' pred='Physics' stage=judge correct=True
2026-09-20 17:43:14 | DEBUG    | free_response | id=833 cell=B_prime gold='physical science' pred='Physical science' stage=strict correct=True
2026-09-20 17:43:14 | DEBUG    | free_response | id=834 cell=A_prime gold='sun' pred='Sun' stage=strict correct=True
2026-09-20 17:43:15 | DEBUG    | free_response | id=834 cell=B_prime gold='sun' pred='sun' stage=strict correct=True
2026-09-20 17:43:15 | DEBUG    | free_response | id=835 cell=A_prime gold='blue' pred='Blue' stage=strict correct=True
2026-09-20 17:43:15 | DEBUG    | free_response | id=835 cell=B_prime gold='blue' pred='blue' stage=strict correct=True
2026-09-20 17:43:16 | DEBUG    | free_response | id=836 cell=A_prime gold='progesterone' pred='Luteinizing hormone' stage=judge correct=False
2026-09-20 17:43:17 | DEBUG    | free_response | id=836 cell=B_prime gold='progesterone' pred='Progesterone' stage=strict correct=True
2026-09-20 17:43:17 | DEBUG    | free_response | id=837 cell=A_prime gold='nuclear' pred='Nuclear' stage=strict correct=True
2026-09-20 17:43:18 | DEBUG    | free_response | id=837 cell=B_prime gold='nuclear' pred='Nuclear bombs' stage=judge correct=True
2026-09-20 17:43:18 | DEBUG    | free_response | id=838 cell=A_prime gold='metals' pred='metals' stage=strict correct=True
2026-09-20 17:43:19 | DEBUG    | free_response | id=838 cell=B_prime gold='metals' pred='metals' stage=strict correct=True
2026-09-20 17:43:20 | DEBUG    | free_response | id=839 cell=A_prime gold='it cools' pred='Cooling and condensation' stage=judge correct=False
2026-09-20 17:43:21 | DEBUG    | free_response | id=839 cell=B_prime gold='it cools' pred='cools' stage=judge correct=True
2026-09-20 17:43:21 | DEBUG    | free_response | id=840 cell=A_prime gold='plant cells' pred='plant' stage=judge correct=False
2026-09-20 17:43:22 | DEBUG    | free_response | id=840 cell=B_prime gold='plant cells' pred='plant' stage=judge correct=False
2026-09-20 17:43:22 | DEBUG    | free_response | id=841 cell=A_prime gold='incubation' pred='Incubation' stage=strict correct=True
2026-09-20 17:43:23 | DEBUG    | free_response | id=841 cell=B_prime gold='incubation' pred='Incubation' stage=strict correct=True
2026-09-20 17:43:24 | DEBUG    | free_response | id=842 cell=A_prime gold='slump' pred='Crescentic shear scar' stage=judge correct=True
2026-09-20 17:43:24 | DEBUG    | free_response | id=842 cell=B_prime gold='slump' pred='Slump' stage=strict correct=True
2026-09-20 17:43:25 | DEBUG    | free_response | id=843 cell=A_prime gold='lungs' pred='Respiratory' stage=judge correct=False
2026-09-20 17:43:26 | DEBUG    | free_response | id=843 cell=B_prime gold='lungs' pred='Respiratory system' stage=judge correct=False
2026-09-20 17:43:26 | DEBUG    | free_response | id=844 cell=A_prime gold='4' pred='4' stage=strict correct=True
2026-09-20 17:43:27 | DEBUG    | free_response | id=844 cell=B_prime gold='4' pred='four' stage=judge correct=True
2026-09-20 17:43:27 | DEBUG    | free_response | id=845 cell=A_prime gold='molecular formula' pred='Molecular formula' stage=strict correct=True
2026-09-20 17:43:28 | DEBUG    | free_response | id=845 cell=B_prime gold='molecular formula' pred='molecular formula' stage=strict correct=True
2026-09-20 17:43:28 | DEBUG    | free_response | id=846 cell=A_prime gold='temperature' pred='Temperature' stage=strict correct=True
2026-09-20 17:43:28 | DEBUG    | free_response | id=846 cell=B_prime gold='temperature' pred='Temperature' stage=strict correct=True
2026-09-20 17:43:29 | DEBUG    | free_response | id=847 cell=A_prime gold='going dormant' pred='flowering less' stage=judge correct=False
2026-09-20 17:43:30 | DEBUG    | free_response | id=847 cell=B_prime gold='going dormant' pred='going dormant' stage=strict correct=True
2026-09-20 17:43:30 | DEBUG    | free_response | id=848 cell=A_prime gold='atoms' pred='Atoms' stage=strict correct=True
2026-09-20 17:43:30 | DEBUG    | free_response | id=848 cell=B_prime gold='atoms' pred='atoms' stage=strict correct=True
2026-09-20 17:43:31 | DEBUG    | free_response | id=849 cell=A_prime gold='eating plants or organisms' pred='Eat protein' stage=judge correct=True
2026-09-20 17:43:32 | DEBUG    | free_response | id=849 cell=B_prime gold='eating plants or organisms' pred='eating plants or other organisms' stage=judge correct=True
2026-09-20 17:43:33 | DEBUG    | free_response | id=850 cell=A_prime gold='hydrophobic' pred='lipid' stage=judge correct=False
2026-09-20 17:43:33 | DEBUG    | free_response | id=850 cell=B_prime gold='hydrophobic' pred='hydrophobic' stage=strict correct=True
2026-09-20 17:43:34 | DEBUG    | free_response | id=851 cell=A_prime gold='thymus gland' pred='Thymus' stage=judge correct=True
2026-09-20 17:43:35 | DEBUG    | free_response | id=851 cell=B_prime gold='thymus gland' pred='thymus' stage=judge correct=True
2026-09-20 17:43:35 | DEBUG    | free_response | id=852 cell=A_prime gold='formula' pred='formula' stage=strict correct=True
2026-09-20 17:43:35 | DEBUG    | free_response | id=852 cell=B_prime gold='formula' pred='formula' stage=strict correct=True
2026-09-20 17:43:36 | DEBUG    | free_response | id=853 cell=A_prime gold='a collision' pred='Impact' stage=judge correct=True
2026-09-20 17:43:36 | DEBUG    | free_response | id=853 cell=B_prime gold='a collision' pred='Collision' stage=strict correct=True
2026-09-20 17:43:37 | DEBUG    | free_response | id=854 cell=A_prime gold='dry ice' pred='Dry ice' stage=strict correct=True
2026-09-20 17:43:37 | DEBUG    | free_response | id=854 cell=B_prime gold='dry ice' pred='dry ice' stage=strict correct=True
2026-09-20 17:43:38 | DEBUG    | free_response | id=855 cell=A_prime gold='matter' pred='Nutrients' stage=judge correct=True
2026-09-20 17:43:38 | DEBUG    | free_response | id=855 cell=B_prime gold='matter' pred='matter' stage=strict correct=True
2026-09-20 17:43:38 | DEBUG    | free_response | id=856 cell=A_prime gold='heated' pred='heated' stage=strict correct=True
2026-09-20 17:43:39 | DEBUG    | free_response | id=856 cell=B_prime gold='heated' pred='heated' stage=strict correct=True
2026-09-20 17:43:39 | DEBUG    | free_response | id=857 cell=A_prime gold='nurture' pred='nurture' stage=strict correct=True
2026-09-20 17:43:39 | DEBUG    | free_response | id=857 cell=B_prime gold='nurture' pred='nurture' stage=strict correct=True
2026-09-20 17:43:40 | DEBUG    | free_response | id=858 cell=A_prime gold='quantum numbers' pred='quantum numbers' stage=strict correct=True
2026-09-20 17:43:40 | DEBUG    | free_response | id=858 cell=B_prime gold='quantum numbers' pred='quantum numbers' stage=strict correct=True
2026-09-20 17:43:41 | DEBUG    | free_response | id=859 cell=A_prime gold='cell membrane' pred='Cell membrane' stage=strict correct=True
2026-09-20 17:43:41 | DEBUG    | free_response | id=859 cell=B_prime gold='cell membrane' pred='Cell membrane' stage=strict correct=True
2026-09-20 17:43:41 | DEBUG    | free_response | id=860 cell=A_prime gold='polyploid' pred='Polyploid' stage=strict correct=True
2026-09-20 17:43:42 | DEBUG    | free_response | id=860 cell=B_prime gold='polyploid' pred='polyploid' stage=strict correct=True
2026-09-20 17:43:43 | DEBUG    | free_response | id=861 cell=A_prime gold='glaciers' pred='Ice Sheets' stage=judge correct=True
2026-09-20 17:43:44 | DEBUG    | free_response | id=861 cell=B_prime gold='glaciers' pred='Ice caps and glaciers' stage=judge correct=True
2026-09-20 17:43:44 | DEBUG    | free_response | id=862 cell=A_prime gold='electromagnetic' pred='Electromagnetic' stage=strict correct=True
2026-09-20 17:43:45 | DEBUG    | free_response | id=862 cell=B_prime gold='electromagnetic' pred='electromagnetic waves' stage=judge correct=True
2026-09-20 17:43:45 | DEBUG    | free_response | id=863 cell=A_prime gold='blood type' pred='Blood type' stage=strict correct=True
2026-09-20 17:43:46 | DEBUG    | free_response | id=863 cell=B_prime gold='blood type' pred='blood type' stage=strict correct=True
2026-09-20 17:43:46 | DEBUG    | free_response | id=864 cell=A_prime gold='surface' pred='Surface' stage=strict correct=True
2026-09-20 17:43:46 | DEBUG    | free_response | id=864 cell=B_prime gold='surface' pred='surface' stage=strict correct=True
2026-09-20 17:43:47 | DEBUG    | free_response | id=865 cell=A_prime gold='phosphatase' pred='Proteasome' stage=judge correct=False
2026-09-20 17:43:48 | DEBUG    | free_response | id=865 cell=B_prime gold='phosphatase' pred='Phosphatase' stage=strict correct=True
2026-09-20 17:43:49 | DEBUG    | free_response | id=866 cell=A_prime gold='endocrine and nervous' pred='endocrine and nervous systems' stage=judge correct=True
2026-09-20 17:43:50 | DEBUG    | free_response | id=866 cell=B_prime gold='endocrine and nervous' pred='endocrine and nervous systems' stage=judge correct=True
2026-09-20 17:43:51 | DEBUG    | free_response | id=867 cell=A_prime gold='freshwater biomes' pred='Oceans' stage=judge correct=False
2026-09-20 17:43:51 | DEBUG    | free_response | id=867 cell=B_prime gold='freshwater biomes' pred='Freshwater biomes' stage=strict correct=True
2026-09-20 17:43:51 | DEBUG    | free_response | id=868 cell=A_prime gold='electrons' pred='Electrons' stage=strict correct=True
2026-09-20 17:43:52 | DEBUG    | free_response | id=868 cell=B_prime gold='electrons' pred='electrons' stage=strict correct=True
2026-09-20 17:43:53 | DEBUG    | free_response | id=869 cell=A_prime gold='acid' pred='acidic' stage=judge correct=True
2026-09-20 17:43:53 | DEBUG    | free_response | id=869 cell=B_prime gold='acid' pred='acid' stage=strict correct=True
2026-09-20 17:43:53 | DEBUG    | free_response | id=870 cell=A_prime gold='sensory' pred='Sensory' stage=strict correct=True
2026-09-20 17:43:54 | DEBUG    | free_response | id=870 cell=B_prime gold='sensory' pred='sensory division' stage=judge correct=True
2026-09-20 17:43:55 | DEBUG    | free_response | id=871 cell=A_prime gold='fossil record' pred='Fossil record' stage=strict correct=True
2026-09-20 17:43:55 | DEBUG    | free_response | id=871 cell=B_prime gold='fossil record' pred='fossil record' stage=strict correct=True
2026-09-20 17:43:56 | DEBUG    | free_response | id=872 cell=A_prime gold='dialysis' pred='Nephrons' stage=judge correct=False
2026-09-20 17:43:57 | DEBUG    | free_response | id=872 cell=B_prime gold='dialysis' pred='Kidney dialysis' stage=judge correct=True
2026-09-20 17:43:57 | DEBUG    | free_response | id=873 cell=A_prime gold='ionization energy' pred='Ionization Energy' stage=strict correct=True
2026-09-20 17:43:57 | DEBUG    | free_response | id=873 cell=B_prime gold='ionization energy' pred='Ionization energy' stage=strict correct=True
2026-09-20 17:43:58 | DEBUG    | free_response | id=874 cell=A_prime gold='nervous' pred='nerve' stage=judge correct=False
2026-09-20 17:43:59 | DEBUG    | free_response | id=874 cell=B_prime gold='nervous' pred='nervous' stage=strict correct=True
2026-09-20 17:43:59 | DEBUG    | free_response | id=875 cell=A_prime gold='kinetic theory of matter' pred='Kinetic Theory' stage=judge correct=True
2026-09-20 17:44:00 | DEBUG    | free_response | id=875 cell=B_prime gold='kinetic theory of matter' pred='Kinetic theory of matter' stage=strict correct=True
2026-09-20 17:44:00 | DEBUG    | free_response | id=876 cell=A_prime gold='photosynthesis' pred='photosynthesis' stage=strict correct=True
2026-09-20 17:44:01 | DEBUG    | free_response | id=876 cell=B_prime gold='photosynthesis' pred='photosynthesis' stage=strict correct=True
2026-09-20 17:44:01 | DEBUG    | free_response | id=877 cell=A_prime gold='blood pressure' pred='Blood pressure' stage=strict correct=True
2026-09-20 17:44:01 | DEBUG    | free_response | id=877 cell=B_prime gold='blood pressure' pred='Blood pressure' stage=strict correct=True
2026-09-20 17:44:02 | DEBUG    | free_response | id=878 cell=A_prime gold='microevolution' pred='Evolution' stage=judge correct=False
2026-09-20 17:44:02 | DEBUG    | free_response | id=878 cell=B_prime gold='microevolution' pred='Microevolution' stage=strict correct=True
2026-09-20 17:44:03 | DEBUG    | free_response | id=879 cell=A_prime gold='to attract mates' pred='Attract mates' stage=judge correct=True
2026-09-20 17:44:04 | DEBUG    | free_response | id=879 cell=B_prime gold='to attract mates' pred='Attract mates' stage=judge correct=True
2026-09-20 17:44:04 | INFO     | free_response |   [880/884] A_prime 0.76  B_prime 0.98 | 1.05s/item | ETA 0.1 min
2026-09-20 17:44:04 | DEBUG    | free_response | id=880 cell=A_prime gold='cratons' pred='Cratons' stage=strict correct=True
2026-09-20 17:44:05 | DEBUG    | free_response | id=880 cell=B_prime gold='cratons' pred='Cratons' stage=strict correct=True
2026-09-20 17:44:05 | DEBUG    | free_response | id=881 cell=A_prime gold='kuiper belt' pred='Kuiper belt' stage=strict correct=True
2026-09-20 17:44:06 | DEBUG    | free_response | id=881 cell=B_prime gold='kuiper belt' pred='Kuiper belt' stage=strict correct=True
2026-09-20 17:44:06 | DEBUG    | free_response | id=882 cell=A_prime gold='radioactive' pred='Radioactive' stage=strict correct=True
2026-09-20 17:44:06 | DEBUG    | free_response | id=882 cell=B_prime gold='radioactive' pred='Radioactive' stage=strict correct=True
2026-09-20 17:44:07 | DEBUG    | free_response | id=883 cell=A_prime gold='sulfur dioxide (so2)' pred='Dioxide' stage=judge correct=False
2026-09-20 17:44:08 | DEBUG    | free_response | id=883 cell=B_prime gold='sulfur dioxide (so2)' pred='sulfur dioxide (SO2)' stage=strict correct=True
2026-09-20 17:44:08 | INFO     | free_response |   [884/884] A_prime 0.76  B_prime 0.98 | 1.05s/item | ETA 0.0 min
2026-09-20 17:44:08 | INFO     | free_response |   wrote /kaggle/working/results_free_response_sciq_qwen2.5_7b.json
2026-09-20 17:44:08 | INFO     | free_response | 
2026-09-20 17:44:08 | INFO     | free_response | ====================================================================================================
2026-09-20 17:44:08 | INFO     | free_response | DATASET OBQA -- 500 samples, cells A_prime, B_prime
2026-09-20 17:44:08 | INFO     | free_response | ====================================================================================================
2026-09-20 17:44:09 | DEBUG    | free_response | id=0 cell=A_prime gold='quit eating lunch out' pred='cut expenses' stage=judge correct=True
2026-09-20 17:44:10 | DEBUG    | free_response | id=0 cell=B_prime gold='quit eating lunch out' pred='use less resources' stage=judge correct=False
2026-09-20 17:44:11 | DEBUG    | free_response | id=1 cell=A_prime gold='a marsh' pred='coast' stage=judge correct=False
2026-09-20 17:44:11 | DEBUG    | free_response | id=1 cell=B_prime gold='a marsh' pred='cold surface' stage=judge correct=False
2026-09-20 17:44:12 | DEBUG    | free_response | id=2 cell=A_prime gold='bunnies' pred='prey' stage=judge correct=True
2026-09-20 17:44:13 | DEBUG    | free_response | id=2 cell=B_prime gold='bunnies' pred='prey' stage=judge correct=True
2026-09-20 17:44:14 | DEBUG    | free_response | id=3 cell=A_prime gold='parts may break the concrete' pred='Crack' stage=judge correct=True
2026-09-20 17:44:14 | DEBUG    | free_response | id=3 cell=B_prime gold='parts may break the concrete' pred='crack' stage=judge correct=True
2026-09-20 17:44:15 | DEBUG    | free_response | id=4 cell=A_prime gold='electrical conductors' pred='battery' stage=judge correct=False
2026-09-20 17:44:16 | DEBUG    | free_response | id=4 cell=B_prime gold='electrical conductors' pred='conductors' stage=judge correct=True
2026-09-20 17:44:17 | DEBUG    | free_response | id=5 cell=A_prime gold='carbon' pred='CO2' stage=judge correct=True
2026-09-20 17:44:17 | DEBUG    | free_response | id=5 cell=B_prime gold='carbon' pred='carbon' stage=strict correct=True
2026-09-20 17:44:18 | DEBUG    | free_response | id=6 cell=A_prime gold='ions' pred='electricity' stage=judge correct=True
2026-09-20 17:44:18 | DEBUG    | free_response | id=6 cell=B_prime gold='ions' pred='electricity' stage=judge correct=True
2026-09-20 17:44:19 | DEBUG    | free_response | id=7 cell=A_prime gold='human planet rotation' pred='Sun' stage=judge correct=False
2026-09-20 17:44:20 | DEBUG    | free_response | id=7 cell=B_prime gold='human planet rotation' pred='noon' stage=judge correct=False
2026-09-20 17:44:21 | DEBUG    | free_response | id=8 cell=A_prime gold='October' pred='winter solstice' stage=judge correct=False
2026-09-20 17:44:21 | DEBUG    | free_response | id=8 cell=B_prime gold='October' pred='December' stage=judge correct=False
2026-09-20 17:44:22 | DEBUG    | free_response | id=9 cell=A_prime gold='broken stones' pred='Minerals' stage=judge correct=False
2026-09-20 17:44:23 | DEBUG    | free_response | id=9 cell=B_prime gold='broken stones' pred='rock' stage=judge correct=True
2026-09-20 17:44:23 | DEBUG    | free_response | id=10 cell=A_prime gold='a town' pred='ocean' stage=judge correct=False
2026-09-20 17:44:24 | DEBUG    | free_response | id=10 cell=B_prime gold='a town' pred='groups' stage=judge correct=False
2026-09-20 17:44:25 | DEBUG    | free_response | id=11 cell=A_prime gold='liquid' pred='water' stage=judge correct=True
2026-09-20 17:44:26 | DEBUG    | free_response | id=11 cell=B_prime gold='liquid' pred='water' stage=judge correct=True
2026-09-20 17:44:26 | DEBUG    | free_response | id=12 cell=A_prime gold='a gecko' pred='Mouse' stage=judge correct=False
2026-09-20 17:44:27 | DEBUG    | free_response | id=12 cell=B_prime gold='a gecko' pred='lizard' stage=judge correct=True
2026-09-20 17:44:28 | DEBUG    | free_response | id=13 cell=A_prime gold='parched foliage' pred='dry conditions' stage=judge correct=True
2026-09-20 17:44:29 | DEBUG    | free_response | id=13 cell=B_prime gold='parched foliage' pred='drought' stage=judge correct=True
2026-09-20 17:44:29 | DEBUG    | free_response | id=14 cell=A_prime gold='powering the lights in a home' pred='Reduced emissions' stage=judge correct=False
2026-09-20 17:44:30 | DEBUG    | free_response | id=14 cell=B_prime gold='powering the lights in a home' pred='reduced emissions' stage=judge correct=False
2026-09-20 17:44:31 | DEBUG    | free_response | id=15 cell=A_prime gold='gasoline will be needed less' pred='increasing' stage=judge correct=False
2026-09-20 17:44:32 | DEBUG    | free_response | id=15 cell=B_prime gold='gasoline will be needed less' pred='increase' stage=judge correct=False
2026-09-20 17:44:32 | DEBUG    | free_response | id=16 cell=A_prime gold='panels collecting sunlight' pred='solar panels' stage=judge correct=True
2026-09-20 17:44:33 | DEBUG    | free_response | id=16 cell=B_prime gold='panels collecting sunlight' pred='solar panel' stage=judge correct=True
2026-09-20 17:44:34 | DEBUG    | free_response | id=17 cell=A_prime gold='Bay of Bengal' pred='Ocean' stage=judge correct=True
2026-09-20 17:44:35 | DEBUG    | free_response | id=17 cell=B_prime gold='Bay of Bengal' pred='Ocean' stage=judge correct=True
2026-09-20 17:44:36 | DEBUG    | free_response | id=18 cell=A_prime gold='weasel' pred='Active Transport' stage=judge correct=False
2026-09-20 17:44:36 | DEBUG    | free_response | id=18 cell=B_prime gold='weasel' pred='animal' stage=judge correct=False
2026-09-20 17:44:37 | DEBUG    | free_response | id=19 cell=A_prime gold='moth' pred='Herbivore' stage=judge correct=True
2026-09-20 17:44:38 | DEBUG    | free_response | id=19 cell=B_prime gold='moth' pred='herbivore' stage=judge correct=True
2026-09-20 17:44:39 | DEBUG    | free_response | id=20 cell=A_prime gold='Hanoi' pred='Rainforest' stage=judge correct=False
2026-09-20 17:44:39 | DEBUG    | free_response | id=20 cell=B_prime gold='Hanoi' pred='rainforest' stage=judge correct=False
2026-09-20 17:44:40 | DEBUG    | free_response | id=21 cell=A_prime gold='gasoline' pred='water' stage=judge correct=False
2026-09-20 17:44:41 | DEBUG    | free_response | id=21 cell=B_prime gold='gasoline' pred='fossil fuels' stage=judge correct=True
2026-09-20 17:44:42 | DEBUG    | free_response | id=22 cell=A_prime gold='keeping warm' pred='Insulation' stage=judge correct=True
2026-09-20 17:44:42 | DEBUG    | free_response | id=22 cell=B_prime gold='keeping warm' pred='keeping warm' stage=strict correct=True
2026-09-20 17:44:43 | DEBUG    | free_response | id=23 cell=A_prime gold='Lower Life Expectancy in Countries' pred='Resource depletion' stage=judge correct=False
2026-09-20 17:44:44 | DEBUG    | free_response | id=23 cell=B_prime gold='Lower Life Expectancy in Countries' pred='ecosystem stress' stage=judge correct=False
2026-09-20 17:44:44 | DEBUG    | free_response | id=24 cell=A_prime gold='summon a brilliant wave of color' pred='Reflected' stage=judge correct=False
2026-09-20 17:44:45 | DEBUG    | free_response | id=24 cell=B_prime gold='summon a brilliant wave of color' pred='refract' stage=judge correct=False
2026-09-20 17:44:46 | DEBUG    | free_response | id=25 cell=A_prime gold='its gills' pred='gills' stage=judge correct=True
2026-09-20 17:44:47 | DEBUG    | free_response | id=25 cell=B_prime gold='its gills' pred='gills' stage=judge correct=True
2026-09-20 17:44:48 | DEBUG    | free_response | id=26 cell=A_prime gold='a wheel with dry brake pads' pred='Brakes' stage=judge correct=True
2026-09-20 17:44:48 | DEBUG    | free_response | id=26 cell=B_prime gold='a wheel with dry brake pads' pred='brakes' stage=judge correct=True
2026-09-20 17:44:49 | DEBUG    | free_response | id=27 cell=A_prime gold='the circulatory system' pred='Respiratory' stage=judge correct=False
2026-09-20 17:44:50 | DEBUG    | free_response | id=27 cell=B_prime gold='the circulatory system' pred='Circulatory System' stage=strict correct=True
2026-09-20 17:44:50 | DEBUG    | free_response | id=28 cell=A_prime gold='moving upwards' pred='full' stage=judge correct=False
2026-09-20 17:44:51 | DEBUG    | free_response | id=28 cell=B_prime gold='moving upwards' pred='rising' stage=judge correct=True
2026-09-20 17:44:52 | DEBUG    | free_response | id=29 cell=A_prime gold='ground' pred='air' stage=judge correct=False
2026-09-20 17:44:52 | DEBUG    | free_response | id=29 cell=B_prime gold='ground' pred='air' stage=judge correct=False
2026-09-20 17:44:53 | DEBUG    | free_response | id=30 cell=A_prime gold='shafts of sunlight' pred='water' stage=judge correct=False
2026-09-20 17:44:54 | DEBUG    | free_response | id=30 cell=B_prime gold='shafts of sunlight' pred='sunlight' stage=judge correct=True
2026-09-20 17:44:55 | DEBUG    | free_response | id=31 cell=A_prime gold='The genealogy records of their family.' pred='Impossible' stage=judge correct=False
2026-09-20 17:44:55 | DEBUG    | free_response | id=31 cell=B_prime gold='The genealogy records of their family.' pred="Parents' eye color" stage=judge correct=False
2026-09-20 17:44:56 | DEBUG    | free_response | id=32 cell=A_prime gold='robins' pred='Herbivore' stage=judge correct=False
2026-09-20 17:44:57 | DEBUG    | free_response | id=32 cell=B_prime gold='robins' pred='Omnivore' stage=judge correct=False
2026-09-20 17:44:58 | DEBUG    | free_response | id=33 cell=A_prime gold='The ice caps will completely melt if global warming continues' pred='testable prediction' stage=judge correct=False
2026-09-20 17:44:59 | DEBUG    | free_response | id=33 cell=B_prime gold='The ice caps will completely melt if global warming continues' pred='scientific guess' stage=judge correct=True
2026-09-20 17:45:00 | DEBUG    | free_response | id=34 cell=A_prime gold='many collisions that have occured' pred='Impact cratering' stage=judge correct=True
2026-09-20 17:45:00 | DEBUG    | free_response | id=34 cell=B_prime gold='many collisions that have occured' pred='Craters' stage=judge correct=True
2026-09-20 17:45:01 | DEBUG    | free_response | id=35 cell=A_prime gold='Water animals' pred='eggs' stage=judge correct=False
2026-09-20 17:45:02 | DEBUG    | free_response | id=35 cell=B_prime gold='Water animals' pred='eggs' stage=judge correct=False
2026-09-20 17:45:03 | DEBUG    | free_response | id=36 cell=A_prime gold='the apple sitting on a sunny sidewalk' pred='Warmest' stage=judge correct=True
2026-09-20 17:45:03 | DEBUG    | free_response | id=36 cell=B_prime gold='the apple sitting on a sunny sidewalk' pred='sunlit' stage=judge correct=False
2026-09-20 17:45:04 | DEBUG    | free_response | id=37 cell=A_prime gold='cornea' pred='Eye' stage=judge correct=False
2026-09-20 17:45:05 | DEBUG    | free_response | id=37 cell=B_prime gold='cornea' pred='seeing' stage=judge correct=False
2026-09-20 17:45:06 | DEBUG    | free_response | id=38 cell=A_prime gold='a microscope' pred='sampling' stage=judge correct=False
2026-09-20 17:45:06 | DEBUG    | free_response | id=38 cell=B_prime gold='a microscope' pred='microscopy' stage=judge correct=True
2026-09-20 17:45:07 | DEBUG    | free_response | id=39 cell=A_prime gold='refrigerator' pred='refrigerator' stage=strict correct=True
2026-09-20 17:45:07 | DEBUG    | free_response | id=39 cell=B_prime gold='refrigerator' pred='refrigerator' stage=strict correct=True
2026-09-20 17:45:08 | DEBUG    | free_response | id=40 cell=A_prime gold='used more times' pred='reused' stage=judge correct=True
2026-09-20 17:45:09 | DEBUG    | free_response | id=40 cell=B_prime gold='used more times' pred='reused' stage=judge correct=True
2026-09-20 17:45:10 | DEBUG    | free_response | id=41 cell=A_prime gold='the hard shell' pred='Live birth/Viviparity' stage=judge correct=False
2026-09-20 17:45:10 | DEBUG    | free_response | id=41 cell=B_prime gold='the hard shell' pred='method' stage=judge correct=False
2026-09-20 17:45:11 | DEBUG    | free_response | id=42 cell=A_prime gold='plastic bags floating in the ocean' pred='Oil spill' stage=judge correct=True
2026-09-20 17:45:12 | DEBUG    | free_response | id=42 cell=B_prime gold='plastic bags floating in the ocean' pred='smoke' stage=judge correct=False
2026-09-20 17:45:12 | DEBUG    | free_response | id=43 cell=A_prime gold='a womb' pred='fertilization' stage=judge correct=False
2026-09-20 17:45:13 | DEBUG    | free_response | id=43 cell=B_prime gold='a womb' pred='live birth' stage=judge correct=False
2026-09-20 17:45:14 | DEBUG    | free_response | id=44 cell=A_prime gold='can help you monitor a fever' pred='Temperature' stage=judge correct=False
2026-09-20 17:45:15 | DEBUG    | free_response | id=44 cell=B_prime gold='can help you monitor a fever' pred='measure temperature' stage=judge correct=True
2026-09-20 17:45:15 | DEBUG    | free_response | id=45 cell=A_prime gold='someone would turn up the room heater' pred='Increase the heat' stage=judge correct=True
2026-09-20 17:45:16 | DEBUG    | free_response | id=45 cell=B_prime gold='someone would turn up the room heater' pred='Increase the room temperature' stage=judge correct=True
2026-09-20 17:45:17 | DEBUG    | free_response | id=46 cell=A_prime gold='they get bigger' pred='Expand' stage=judge correct=True
2026-09-20 17:45:18 | DEBUG    | free_response | id=46 cell=B_prime gold='they get bigger' pred='expand' stage=judge correct=True
2026-09-20 17:45:18 | DEBUG    | free_response | id=47 cell=A_prime gold='expand' pred='expand' stage=strict correct=True
2026-09-20 17:45:18 | DEBUG    | free_response | id=47 cell=B_prime gold='expand' pred='expand' stage=strict correct=True
2026-09-20 17:45:19 | DEBUG    | free_response | id=48 cell=A_prime gold='arctic' pred='Polar' stage=judge correct=True
2026-09-20 17:45:19 | DEBUG    | free_response | id=48 cell=B_prime gold='arctic' pred='arctic' stage=strict correct=True
2026-09-20 17:45:20 | DEBUG    | free_response | id=49 cell=A_prime gold='born' pred='Larvae' stage=judge correct=False
2026-09-20 17:45:20 | DEBUG    | free_response | id=49 cell=B_prime gold='born' pred='born' stage=strict correct=True
2026-09-20 17:45:20 | INFO     | free_response |   [ 50/500] A_prime 0.44  B_prime 0.60 | 1.45s/item | ETA 10.8 min
2026-09-20 17:45:21 | DEBUG    | free_response | id=50 cell=A_prime gold='a bear or person' pred='animals' stage=judge correct=False
2026-09-20 17:45:22 | DEBUG    | free_response | id=50 cell=B_prime gold='a bear or person' pred='bears' stage=judge correct=False
2026-09-20 17:45:22 | DEBUG    | free_response | id=51 cell=A_prime gold='biannually' pred='Spring or Fall' stage=judge correct=False
2026-09-20 17:45:23 | DEBUG    | free_response | id=51 cell=B_prime gold='biannually' pred='twice' stage=judge correct=True
2026-09-20 17:45:24 | DEBUG    | free_response | id=52 cell=A_prime gold='strain the resources of an ecosystem' pred='lead to competition for resources' stage=judge correct=True
2026-09-20 17:45:25 | DEBUG    | free_response | id=52 cell=B_prime gold='strain the resources of an ecosystem' pred='deplete resources' stage=judge correct=True
2026-09-20 17:45:26 | DEBUG    | free_response | id=53 cell=A_prime gold='a spa trip' pred='Exercise' stage=judge correct=False
2026-09-20 17:45:26 | DEBUG    | free_response | id=53 cell=B_prime gold='a spa trip' pred='Rest' stage=judge correct=False
2026-09-20 17:45:27 | DEBUG    | free_response | id=54 cell=A_prime gold='number of toenails' pred='genotype' stage=judge correct=False
2026-09-20 17:45:28 | DEBUG    | free_response | id=54 cell=B_prime gold='number of toenails' pred='number' stage=judge correct=True
2026-09-20 17:45:29 | DEBUG    | free_response | id=55 cell=A_prime gold='commercial plane' pred='truck' stage=judge correct=False
2026-09-20 17:45:29 | DEBUG    | free_response | id=55 cell=B_prime gold='commercial plane' pred='truck' stage=judge correct=False
2026-09-20 17:45:30 | DEBUG    | free_response | id=56 cell=A_prime gold='peas' pred='carrots' stage=judge correct=False
2026-09-20 17:45:31 | DEBUG    | free_response | id=56 cell=B_prime gold='peas' pred='plants' stage=judge correct=False
2026-09-20 17:45:32 | DEBUG    | free_response | id=57 cell=A_prime gold='the wildlife environment is destroyed' pred='disruption' stage=judge correct=False
2026-09-20 17:45:33 | DEBUG    | free_response | id=57 cell=B_prime gold='the wildlife environment is destroyed' pred='environmental destruction' stage=judge correct=True
2026-09-20 17:45:33 | DEBUG    | free_response | id=58 cell=A_prime gold='2am' pred='night' stage=judge correct=True
2026-09-20 17:45:34 | DEBUG    | free_response | id=58 cell=B_prime gold='2am' pred='night' stage=judge correct=True
2026-09-20 17:45:35 | DEBUG    | free_response | id=59 cell=A_prime gold='the plants that were under the tree will have access to more light' pred='Building materials' stage=judge correct=False
2026-09-20 17:45:36 | DEBUG    | free_response | id=59 cell=B_prime gold='the plants that were under the tree will have access to more light' pred='Sunlight availability' stage=judge correct=True
2026-09-20 17:45:36 | DEBUG    | free_response | id=60 cell=A_prime gold='reproduce' pred='Disperse seeds' stage=judge correct=True
2026-09-20 17:45:37 | DEBUG    | free_response | id=60 cell=B_prime gold='reproduce' pred='seed dispersal' stage=judge correct=True
2026-09-20 17:45:38 | DEBUG    | free_response | id=61 cell=A_prime gold='the UFO is approaching' pred='Approaching' stage=judge correct=True
2026-09-20 17:45:39 | DEBUG    | free_response | id=61 cell=B_prime gold='the UFO is approaching' pred='closer' stage=judge correct=True
2026-09-20 17:45:39 | DEBUG    | free_response | id=62 cell=A_prime gold='bears take a long winter sleep' pred='Instinct' stage=judge correct=True
2026-09-20 17:45:40 | DEBUG    | free_response | id=62 cell=B_prime gold='bears take a long winter sleep' pred='hibernation' stage=judge correct=True
2026-09-20 17:45:41 | DEBUG    | free_response | id=63 cell=A_prime gold='Clearing for farming' pred='Agriculture' stage=judge correct=True
2026-09-20 17:45:42 | DEBUG    | free_response | id=63 cell=B_prime gold='Clearing for farming' pred='cutting down trees' stage=judge correct=True
2026-09-20 17:45:42 | DEBUG    | free_response | id=64 cell=A_prime gold='blood' pred='Blood' stage=strict correct=True
2026-09-20 17:45:43 | DEBUG    | free_response | id=64 cell=B_prime gold='blood' pred='resources' stage=judge correct=False
2026-09-20 17:45:44 | DEBUG    | free_response | id=65 cell=A_prime gold='high peaks' pred='Regolith' stage=judge correct=False
2026-09-20 17:45:44 | DEBUG    | free_response | id=65 cell=B_prime gold='high peaks' pred='mountains' stage=judge correct=True
2026-09-20 17:45:45 | DEBUG    | free_response | id=66 cell=A_prime gold='four boxes' pred='Genetic' stage=judge correct=False
2026-09-20 17:45:46 | DEBUG    | free_response | id=66 cell=B_prime gold='four boxes' pred='Punnett square' stage=judge correct=True
2026-09-20 17:45:47 | DEBUG    | free_response | id=67 cell=A_prime gold='asks for milk' pred='asks for sunlight' stage=judge correct=False
2026-09-20 17:45:48 | DEBUG    | free_response | id=67 cell=B_prime gold='asks for milk' pred='milk' stage=judge correct=True
2026-09-20 17:45:48 | DEBUG    | free_response | id=68 cell=A_prime gold='roots' pred='土壤摩擦力' stage=judge correct=True
2026-09-20 17:45:49 | DEBUG    | free_response | id=68 cell=B_prime gold='roots' pred='roots' stage=strict correct=True
2026-09-20 17:45:49 | DEBUG    | free_response | id=69 cell=A_prime gold='surfaces to reflect sound off' pred='Echolocation' stage=judge correct=False
2026-09-20 17:45:50 | DEBUG    | free_response | id=69 cell=B_prime gold='surfaces to reflect sound off' pred='Echoolocation' stage=judge correct=False
2026-09-20 17:45:51 | DEBUG    | free_response | id=70 cell=A_prime gold='kittens look like their parents' pred='Breeding experiments' stage=judge correct=False
2026-09-20 17:45:52 | DEBUG    | free_response | id=70 cell=B_prime gold='kittens look like their parents' pred='Breeding experiments' stage=judge correct=False
2026-09-20 17:45:53 | DEBUG    | free_response | id=71 cell=A_prime gold='enables gas powered motors to operate' pred='Nutrition' stage=judge correct=False
2026-09-20 17:45:53 | DEBUG    | free_response | id=71 cell=B_prime gold='enables gas powered motors to operate' pred='forming fossil fuels' stage=judge correct=False
2026-09-20 17:45:54 | DEBUG    | free_response | id=72 cell=A_prime gold='bloated' pred='full' stage=judge correct=True
2026-09-20 17:45:55 | DEBUG    | free_response | id=72 cell=B_prime gold='bloated' pred='larger' stage=judge correct=True
2026-09-20 17:45:55 | DEBUG    | free_response | id=73 cell=A_prime gold='inverse' pred='Inverse' stage=strict correct=True
2026-09-20 17:45:55 | DEBUG    | free_response | id=73 cell=B_prime gold='inverse' pred='inverse' stage=strict correct=True
2026-09-20 17:45:56 | DEBUG    | free_response | id=74 cell=A_prime gold='will begin to recycle the nutrients that made up its structure' pred='Decay' stage=judge correct=False
2026-09-20 17:45:57 | DEBUG    | free_response | id=74 cell=B_prime gold='will begin to recycle the nutrients that made up its structure' pred='dead' stage=judge correct=False
2026-09-20 17:45:57 | DEBUG    | free_response | id=75 cell=A_prime gold='The size of a statue' pred='climate' stage=judge correct=False
2026-09-20 17:45:58 | DEBUG    | free_response | id=75 cell=B_prime gold='The size of a statue' pred='weathering' stage=judge correct=False
2026-09-20 17:45:59 | DEBUG    | free_response | id=76 cell=A_prime gold='an uptick in the number of leaves' pred='Stress' stage=judge correct=False
2026-09-20 17:46:00 | DEBUG    | free_response | id=76 cell=B_prime gold='an uptick in the number of leaves' pred='increase' stage=judge correct=False
2026-09-20 17:46:00 | DEBUG    | free_response | id=77 cell=A_prime gold='electrical transformer' pred='electricity' stage=judge correct=False
2026-09-20 17:46:01 | DEBUG    | free_response | id=77 cell=B_prime gold='electrical transformer' pred='electrical wire' stage=judge correct=False
2026-09-20 17:46:02 | DEBUG    | free_response | id=78 cell=A_prime gold='Juice' pred='water' stage=judge correct=False
2026-09-20 17:46:03 | DEBUG    | free_response | id=78 cell=B_prime gold='Juice' pred='water' stage=judge correct=False
2026-09-20 17:46:03 | DEBUG    | free_response | id=79 cell=A_prime gold='it will become blackened' pred='burned' stage=judge correct=True
2026-09-20 17:46:04 | DEBUG    | free_response | id=79 cell=B_prime gold='it will become blackened' pred='burn' stage=judge correct=True
2026-09-20 17:46:05 | DEBUG    | free_response | id=80 cell=A_prime gold='set to kilometers' pred='Jaguar' stage=judge correct=False
2026-09-20 17:46:06 | DEBUG    | free_response | id=80 cell=B_prime gold='set to kilometers' pred='kilometers km' stage=judge correct=True
2026-09-20 17:46:06 | DEBUG    | free_response | id=81 cell=A_prime gold='they could harm living things' pred='No' stage=judge correct=False
2026-09-20 17:46:07 | DEBUG    | free_response | id=81 cell=B_prime gold='they could harm living things' pred='No' stage=judge correct=False
2026-09-20 17:46:08 | DEBUG    | free_response | id=82 cell=A_prime gold='the mountain pass' pred='Start' stage=judge correct=False
2026-09-20 17:46:08 | DEBUG    | free_response | id=82 cell=B_prime gold='the mountain pass' pred='highest altitude' stage=judge correct=False
2026-09-20 17:46:09 | DEBUG    | free_response | id=83 cell=A_prime gold='they let in less light' pred='Reduces glare' stage=judge correct=True
2026-09-20 17:46:10 | DEBUG    | free_response | id=83 cell=B_prime gold='they let in less light' pred='Reduces glare' stage=judge correct=True
2026-09-20 17:46:11 | DEBUG    | free_response | id=84 cell=A_prime gold='copious amounts of the combination of Na and Cl' pred='Salts' stage=judge correct=False
2026-09-20 17:46:11 | DEBUG    | free_response | id=84 cell=B_prime gold='copious amounts of the combination of Na and Cl' pred='salt' stage=judge correct=True
2026-09-20 17:46:12 | DEBUG    | free_response | id=85 cell=A_prime gold='water' pred='water' stage=strict correct=True
2026-09-20 17:46:12 | DEBUG    | free_response | id=85 cell=B_prime gold='water' pred='water' stage=strict correct=True
2026-09-20 17:46:13 | DEBUG    | free_response | id=86 cell=A_prime gold='to chew up certain worms' pred='feeding' stage=judge correct=False
2026-09-20 17:46:13 | DEBUG    | free_response | id=86 cell=B_prime gold='to chew up certain worms' pred='diet' stage=judge correct=False
2026-09-20 17:46:14 | DEBUG    | free_response | id=87 cell=A_prime gold="using sound to 'see'" pred='Echolocation' stage=judge correct=True
2026-09-20 17:46:15 | DEBUG    | free_response | id=87 cell=B_prime gold="using sound to 'see'" pred='sonar' stage=judge correct=True
2026-09-20 17:46:16 | DEBUG    | free_response | id=88 cell=A_prime gold='A Season' pred='Winter' stage=judge correct=True
2026-09-20 17:46:16 | DEBUG    | free_response | id=88 cell=B_prime gold='A Season' pred='season' stage=strict correct=True
2026-09-20 17:46:17 | DEBUG    | free_response | id=89 cell=A_prime gold='life sustaining elements' pred='nutrients' stage=judge correct=True
2026-09-20 17:46:17 | DEBUG    | free_response | id=89 cell=B_prime gold='life sustaining elements' pred='food' stage=judge correct=True
2026-09-20 17:46:18 | DEBUG    | free_response | id=90 cell=A_prime gold='ecru' pred='Lighter' stage=judge correct=False
2026-09-20 17:46:19 | DEBUG    | free_response | id=90 cell=B_prime gold='ecru' pred='lighter' stage=judge correct=False
2026-09-20 17:46:19 | DEBUG    | free_response | id=91 cell=A_prime gold='six legged winged organisms' pred='insects' stage=judge correct=True
2026-09-20 17:46:20 | DEBUG    | free_response | id=91 cell=B_prime gold='six legged winged organisms' pred='insects' stage=judge correct=True
2026-09-20 17:46:21 | DEBUG    | free_response | id=92 cell=A_prime gold='a written message' pred='eyes' stage=judge correct=False
2026-09-20 17:46:22 | DEBUG    | free_response | id=92 cell=B_prime gold='a written message' pred='visual things' stage=judge correct=True
2026-09-20 17:46:22 | DEBUG    | free_response | id=93 cell=A_prime gold='malleable and nutritious' pred='Fertile' stage=judge correct=True
2026-09-20 17:46:23 | DEBUG    | free_response | id=93 cell=B_prime gold='malleable and nutritious' pred='loose' stage=judge correct=False
2026-09-20 17:46:24 | DEBUG    | free_response | id=94 cell=A_prime gold='feeders' pred='food' stage=judge correct=True
2026-09-20 17:46:24 | DEBUG    | free_response | id=94 cell=B_prime gold='feeders' pred='feeders' stage=strict correct=True
2026-09-20 17:46:25 | DEBUG    | free_response | id=95 cell=A_prime gold='stockpiling pecans for the frigid months' pred='Gatheringnuts' stage=judge correct=True
2026-09-20 17:46:26 | DEBUG    | free_response | id=95 cell=B_prime gold='stockpiling pecans for the frigid months' pred='gatheringnuts' stage=judge correct=True
2026-09-20 17:46:27 | DEBUG    | free_response | id=96 cell=A_prime gold='Rainfall' pred='Rainstorm' stage=judge correct=True
2026-09-20 17:46:27 | DEBUG    | free_response | id=96 cell=B_prime gold='Rainfall' pred='rain' stage=judge correct=True
2026-09-20 17:46:28 | DEBUG    | free_response | id=97 cell=A_prime gold='dirt quality' pred='soil health' stage=judge correct=True
2026-09-20 17:46:29 | DEBUG    | free_response | id=97 cell=B_prime gold='dirt quality' pred='soil quality' stage=judge correct=True
2026-09-20 17:46:30 | DEBUG    | free_response | id=98 cell=A_prime gold='rubbing it' pred='Touch' stage=judge correct=True
2026-09-20 17:46:30 | DEBUG    | free_response | id=98 cell=B_prime gold='rubbing it' pred='touch' stage=judge correct=True
2026-09-20 17:46:31 | DEBUG    | free_response | id=99 cell=A_prime gold='hairless' pred='ectothermic' stage=judge correct=True
2026-09-20 17:46:32 | DEBUG    | free_response | id=99 cell=B_prime gold='hairless' pred='reptiles' stage=judge correct=False
2026-09-20 17:46:32 | INFO     | free_response |   [100/500] A_prime 0.46  B_prime 0.61 | 1.44s/item | ETA 9.6 min
2026-09-20 17:46:33 | DEBUG    | free_response | id=100 cell=A_prime gold='falling water molecules' pred='Rain' stage=judge correct=True
2026-09-20 17:46:33 | DEBUG    | free_response | id=100 cell=B_prime gold='falling water molecules' pred='rain' stage=judge correct=True
2026-09-20 17:46:34 | DEBUG    | free_response | id=101 cell=A_prime gold='snake' pred='Lion' stage=judge correct=False
2026-09-20 17:46:35 | DEBUG    | free_response | id=101 cell=B_prime gold='snake' pred='Lion' stage=judge correct=False
2026-09-20 17:46:35 | DEBUG    | free_response | id=102 cell=A_prime gold='enable plants to continue flourishing' pred='Bees' stage=judge correct=False
2026-09-20 17:46:36 | DEBUG    | free_response | id=102 cell=B_prime gold='enable plants to continue flourishing' pred='animals' stage=judge correct=False
2026-09-20 17:46:37 | DEBUG    | free_response | id=103 cell=A_prime gold='contain their necessary nutrition' pred='Germinate' stage=judge correct=False
2026-09-20 17:46:38 | DEBUG    | free_response | id=103 cell=B_prime gold='contain their necessary nutrition' pred='store food' stage=judge correct=True
2026-09-20 17:46:38 | DEBUG    | free_response | id=104 cell=A_prime gold='skills' pred='learned' stage=judge correct=True
2026-09-20 17:46:39 | DEBUG    | free_response | id=104 cell=B_prime gold='skills' pred='skills' stage=strict correct=True
2026-09-20 17:46:39 | DEBUG    | free_response | id=105 cell=A_prime gold='electricity' pred='centrifuge' stage=judge correct=False
2026-09-20 17:46:40 | DEBUG    | free_response | id=105 cell=B_prime gold='electricity' pred='electricity' stage=strict correct=True
2026-09-20 17:46:40 | DEBUG    | free_response | id=106 cell=A_prime gold='discharge of liquid petroleum in the surrounding sea' pred='Oil spills' stage=judge correct=True
2026-09-20 17:46:41 | DEBUG    | free_response | id=106 cell=B_prime gold='discharge of liquid petroleum in the surrounding sea' pred='oil leakage' stage=judge correct=True
2026-09-20 17:46:42 | DEBUG    | free_response | id=107 cell=A_prime gold='1000' pred='litre' stage=judge correct=False
2026-09-20 17:46:43 | DEBUG    | free_response | id=107 cell=B_prime gold='1000' pred='milliliters' stage=judge correct=True
2026-09-20 17:46:44 | DEBUG    | free_response | id=108 cell=A_prime gold='turning on the hose' pred='sweeping' stage=judge correct=False
2026-09-20 17:46:45 | DEBUG    | free_response | id=108 cell=B_prime gold='turning on the hose' pred='sweeping' stage=judge correct=False
2026-09-20 17:46:46 | DEBUG    | free_response | id=109 cell=A_prime gold='will break your vases' pred='Seismic' stage=judge correct=False
2026-09-20 17:46:46 | DEBUG    | free_response | id=109 cell=B_prime gold='will break your vases' pred='ground shaking' stage=judge correct=True
2026-09-20 17:46:47 | DEBUG    | free_response | id=110 cell=A_prime gold='how stable the ground will be' pred='motion' stage=judge correct=False
2026-09-20 17:46:48 | DEBUG    | free_response | id=110 cell=B_prime gold='how stable the ground will be' pred='magnitude' stage=judge correct=False
2026-09-20 17:46:49 | DEBUG    | free_response | id=111 cell=A_prime gold='the moon is brighter than stars' pred='Sunrise/Sunset' stage=judge correct=False
2026-09-20 17:46:49 | DEBUG    | free_response | id=111 cell=B_prime gold='the moon is brighter than stars' pred='night sky' stage=judge correct=False
2026-09-20 17:46:50 | DEBUG    | free_response | id=112 cell=A_prime gold='persist' pred='thrive' stage=judge correct=True
2026-09-20 17:46:51 | DEBUG    | free_response | id=112 cell=B_prime gold='persist' pred='survive' stage=judge correct=True
2026-09-20 17:46:52 | DEBUG    | free_response | id=113 cell=A_prime gold='reverberations to strike the eardrum' pred='vibrations' stage=judge correct=True
2026-09-20 17:46:52 | DEBUG    | free_response | id=113 cell=B_prime gold='reverberations to strike the eardrum' pred='sound' stage=judge correct=False
2026-09-20 17:46:53 | DEBUG    | free_response | id=114 cell=A_prime gold='Mt. McKinley' pred='Lava flow' stage=judge correct=False
2026-09-20 17:46:54 | DEBUG    | free_response | id=114 cell=B_prime gold='Mt. McKinley' pred='mountain' stage=judge correct=True
2026-09-20 17:46:55 | DEBUG    | free_response | id=115 cell=A_prime gold='in an egg' pred='eggs' stage=judge correct=True
2026-09-20 17:46:55 | DEBUG    | free_response | id=115 cell=B_prime gold='in an egg' pred='lay eggs' stage=judge correct=True
2026-09-20 17:46:56 | DEBUG    | free_response | id=116 cell=A_prime gold='stones to weather down to pebbles' pred='erosion' stage=judge correct=False
2026-09-20 17:46:57 | DEBUG    | free_response | id=116 cell=B_prime gold='stones to weather down to pebbles' pred='erosion' stage=judge correct=False
2026-09-20 17:46:58 | DEBUG    | free_response | id=117 cell=A_prime gold='include spots on a ladybug' pred='Genes' stage=judge correct=False
2026-09-20 17:46:59 | DEBUG    | free_response | id=117 cell=B_prime gold='include spots on a ladybug' pred='colors of the parts of an organism' stage=judge correct=False
2026-09-20 17:47:00 | DEBUG    | free_response | id=118 cell=A_prime gold='Measure the altitude of the bird using a reference point, such as a tall building.' pred='Estimate angle and use trigonometry' stage=judge correct=False
2026-09-20 17:47:00 | DEBUG    | free_response | id=118 cell=B_prime gold='Measure the altitude of the bird using a reference point, such as a tall building.' pred='Altitude' stage=judge correct=True
2026-09-20 17:47:01 | DEBUG    | free_response | id=119 cell=A_prime gold='confined to enclosures to be viewed by the public' pred='breeding' stage=judge correct=False
2026-09-20 17:47:02 | DEBUG    | free_response | id=119 cell=B_prime gold='confined to enclosures to be viewed by the public' pred='kept' stage=judge correct=False
2026-09-20 17:47:03 | DEBUG    | free_response | id=120 cell=A_prime gold='reservoir' pred='water' stage=judge correct=True
2026-09-20 17:47:03 | DEBUG    | free_response | id=120 cell=B_prime gold='reservoir' pred='bodies of water' stage=judge correct=True
2026-09-20 17:47:04 | DEBUG    | free_response | id=121 cell=A_prime gold='a small oven works' pred='电阻' stage=judge correct=False
2026-09-20 17:47:05 | DEBUG    | free_response | id=121 cell=B_prime gold='a small oven works' pred='an electric heater' stage=judge correct=True
2026-09-20 17:47:06 | DEBUG    | free_response | id=122 cell=A_prime gold='mimicking other things' pred='in peril' stage=judge correct=False
2026-09-20 17:47:06 | DEBUG    | free_response | id=122 cell=B_prime gold='mimicking other things' pred='changing color' stage=judge correct=False
2026-09-20 17:47:07 | DEBUG    | free_response | id=123 cell=A_prime gold='pluck the strings of a fingerboard with your fingers' pred='compose' stage=judge correct=False
2026-09-20 17:47:08 | DEBUG    | free_response | id=123 cell=B_prime gold='pluck the strings of a fingerboard with your fingers' pred='strumming' stage=judge correct=False
2026-09-20 17:47:09 | DEBUG    | free_response | id=124 cell=A_prime gold='water level fluctuations' pred='gravity' stage=judge correct=True
2026-09-20 17:47:09 | DEBUG    | free_response | id=124 cell=B_prime gold='water level fluctuations' pred='none' stage=judge correct=False
2026-09-20 17:47:10 | DEBUG    | free_response | id=125 cell=A_prime gold='baby oil' pred='less dense' stage=judge correct=False
2026-09-20 17:47:11 | DEBUG    | free_response | id=125 cell=B_prime gold='baby oil' pred='less dense liquids' stage=judge correct=False
2026-09-20 17:47:12 | DEBUG    | free_response | id=126 cell=A_prime gold='a cabbage cell' pred='plants' stage=judge correct=True
2026-09-20 17:47:12 | DEBUG    | free_response | id=126 cell=B_prime gold='a cabbage cell' pred='plant cells' stage=judge correct=True
2026-09-20 17:47:13 | DEBUG    | free_response | id=127 cell=A_prime gold='direct' pred='proportional' stage=judge correct=True
2026-09-20 17:47:14 | DEBUG    | free_response | id=127 cell=B_prime gold='direct' pred='directly proportional' stage=judge correct=True
2026-09-20 17:47:15 | DEBUG    | free_response | id=128 cell=A_prime gold='release waste' pred='produce ATP' stage=judge correct=False
2026-09-20 17:47:15 | DEBUG    | free_response | id=128 cell=B_prime gold='release waste' pred='produce energy' stage=judge correct=False
2026-09-20 17:47:16 | DEBUG    | free_response | id=129 cell=A_prime gold='sensing views' pred='Eyes' stage=judge correct=True
2026-09-20 17:47:17 | DEBUG    | free_response | id=129 cell=B_prime gold='sensing views' pred='seeing' stage=judge correct=True
2026-09-20 17:47:18 | DEBUG    | free_response | id=130 cell=A_prime gold='given a large breakfast' pred='energized' stage=judge correct=False
2026-09-20 17:47:19 | DEBUG    | free_response | id=130 cell=B_prime gold='given a large breakfast' pred='eat' stage=judge correct=False
2026-09-20 17:47:20 | DEBUG    | free_response | id=131 cell=A_prime gold='the woman makes less money' pred='Demand decreases' stage=judge correct=True
2026-09-20 17:47:21 | DEBUG    | free_response | id=131 cell=B_prime gold='the woman makes less money' pred='decreases' stage=judge correct=False
2026-09-20 17:47:21 | DEBUG    | free_response | id=132 cell=A_prime gold='arid, parched, and sun-baked' pred='arid' stage=judge correct=True
2026-09-20 17:47:22 | DEBUG    | free_response | id=132 cell=B_prime gold='arid, parched, and sun-baked' pred='dry' stage=judge correct=True
2026-09-20 17:47:23 | DEBUG    | free_response | id=133 cell=A_prime gold='Our Planet' pred='tilt' stage=judge correct=False
2026-09-20 17:47:23 | DEBUG    | free_response | id=133 cell=B_prime gold='Our Planet' pred='Earth' stage=judge correct=True
2026-09-20 17:47:24 | DEBUG    | free_response | id=134 cell=A_prime gold='a steak knife' pred='conductor' stage=judge correct=False
2026-09-20 17:47:25 | DEBUG    | free_response | id=134 cell=B_prime gold='a steak knife' pred='metal' stage=judge correct=False
2026-09-20 17:47:26 | DEBUG    | free_response | id=135 cell=A_prime gold='large, bowl-shaped cavities in the ground' pred='Craters' stage=judge correct=True
2026-09-20 17:47:26 | DEBUG    | free_response | id=135 cell=B_prime gold='large, bowl-shaped cavities in the ground' pred='craters' stage=judge correct=True
2026-09-20 17:47:27 | DEBUG    | free_response | id=136 cell=A_prime gold='H2O' pred='Nitrogen' stage=judge correct=False
2026-09-20 17:47:28 | DEBUG    | free_response | id=136 cell=B_prime gold='H2O' pred='H2O' stage=strict correct=True
2026-09-20 17:47:28 | DEBUG    | free_response | id=137 cell=A_prime gold='Soaring the skies' pred='traveling' stage=judge correct=False
2026-09-20 17:47:29 | DEBUG    | free_response | id=137 cell=B_prime gold='Soaring the skies' pred='diving' stage=judge correct=False
2026-09-20 17:47:30 | DEBUG    | free_response | id=138 cell=A_prime gold='a parched creek bed' pred='warming' stage=judge correct=False
2026-09-20 17:47:30 | DEBUG    | free_response | id=138 cell=B_prime gold='a parched creek bed' pred='evaporation' stage=judge correct=False
2026-09-20 17:47:31 | DEBUG    | free_response | id=139 cell=A_prime gold='Australia' pred='Equator' stage=judge correct=False
2026-09-20 17:47:32 | DEBUG    | free_response | id=139 cell=B_prime gold='Australia' pred='Southern Hemisphere' stage=judge correct=True
2026-09-20 17:47:33 | DEBUG    | free_response | id=140 cell=A_prime gold='stomach' pred='jug' stage=judge correct=False
2026-09-20 17:47:33 | DEBUG    | free_response | id=140 cell=B_prime gold='stomach' pred='glass' stage=judge correct=False
2026-09-20 17:47:34 | DEBUG    | free_response | id=141 cell=A_prime gold='Brazil' pred='December' stage=judge correct=False
2026-09-20 17:47:35 | DEBUG    | free_response | id=141 cell=B_prime gold='Brazil' pred='southern hemisphere' stage=judge correct=False
2026-09-20 17:47:36 | DEBUG    | free_response | id=142 cell=A_prime gold='bees' pred='insects' stage=judge correct=True
2026-09-20 17:47:36 | DEBUG    | free_response | id=142 cell=B_prime gold='bees' pred='prey' stage=judge correct=True
2026-09-20 17:47:37 | DEBUG    | free_response | id=143 cell=A_prime gold='the environment' pred='ecosystems' stage=judge correct=True
2026-09-20 17:47:38 | DEBUG    | free_response | id=143 cell=B_prime gold='the environment' pred='ecosystem' stage=judge correct=True
2026-09-20 17:47:39 | DEBUG    | free_response | id=144 cell=A_prime gold='humans throwing a spear through an animal' pred='Falconry' stage=judge correct=False
2026-09-20 17:47:40 | DEBUG    | free_response | id=144 cell=B_prime gold='humans throwing a spear through an animal' pred='Fishing' stage=judge correct=False
2026-09-20 17:47:40 | DEBUG    | free_response | id=145 cell=A_prime gold='orange juice' pred='liquid' stage=judge correct=True
2026-09-20 17:47:41 | DEBUG    | free_response | id=145 cell=B_prime gold='orange juice' pred='liquid' stage=judge correct=True
2026-09-20 17:47:42 | DEBUG    | free_response | id=146 cell=A_prime gold='Sweet' pred='None' stage=judge correct=False
2026-09-20 17:47:42 | DEBUG    | free_response | id=146 cell=B_prime gold='Sweet' pred='Sweet' stage=strict correct=True
2026-09-20 17:47:43 | DEBUG    | free_response | id=147 cell=A_prime gold='stone' pred='silicon and oxygen' stage=judge correct=False
2026-09-20 17:47:44 | DEBUG    | free_response | id=147 cell=B_prime gold='stone' pred='rock' stage=judge correct=True
2026-09-20 17:47:44 | DEBUG    | free_response | id=148 cell=A_prime gold='the freezing point' pred='Freezing Point' stage=strict correct=True
2026-09-20 17:47:44 | DEBUG    | free_response | id=148 cell=B_prime gold='the freezing point' pred='freezing point' stage=strict correct=True
2026-09-20 17:47:45 | DEBUG    | free_response | id=149 cell=A_prime gold='children' pred='offspring' stage=judge correct=True
2026-09-20 17:47:46 | DEBUG    | free_response | id=149 cell=B_prime gold='children' pred='young' stage=judge correct=True
2026-09-20 17:47:46 | INFO     | free_response |   [150/500] A_prime 0.43  B_prime 0.59 | 1.45s/item | ETA 8.5 min
2026-09-20 17:47:46 | DEBUG    | free_response | id=150 cell=A_prime gold='it may become magnetized' pred='Attract' stage=judge correct=False
2026-09-20 17:47:47 | DEBUG    | free_response | id=150 cell=B_prime gold='it may become magnetized' pred='become magnetic' stage=judge correct=True
2026-09-20 17:47:48 | DEBUG    | free_response | id=151 cell=A_prime gold='inheritance' pred='Fertilization' stage=judge correct=False
2026-09-20 17:47:49 | DEBUG    | free_response | id=151 cell=B_prime gold='inheritance' pred='inherited characteristic' stage=judge correct=True
2026-09-20 17:47:50 | DEBUG    | free_response | id=152 cell=A_prime gold='A school notebook' pred='paper' stage=judge correct=True
2026-09-20 17:47:50 | DEBUG    | free_response | id=152 cell=B_prime gold='A school notebook' pred='paper' stage=judge correct=True
2026-09-20 17:47:51 | DEBUG    | free_response | id=153 cell=A_prime gold='it is an unsustainable habitat' pred='Degraded' stage=judge correct=True
2026-09-20 17:47:52 | DEBUG    | free_response | id=153 cell=B_prime gold='it is an unsustainable habitat' pred='destroyed' stage=judge correct=False
2026-09-20 17:47:53 | DEBUG    | free_response | id=154 cell=A_prime gold='water and soda' pred='stirrer' stage=judge correct=False
2026-09-20 17:47:53 | DEBUG    | free_response | id=154 cell=B_prime gold='water and soda' pred='pouring' stage=judge correct=False
2026-09-20 17:47:54 | DEBUG    | free_response | id=155 cell=A_prime gold='vomiting' pred='hives' stage=judge correct=False
2026-09-20 17:47:55 | DEBUG    | free_response | id=155 cell=B_prime gold='vomiting' pred='allergy' stage=judge correct=False
2026-09-20 17:47:56 | DEBUG    | free_response | id=156 cell=A_prime gold='damage to local foliage' pred='Thunder' stage=judge correct=False
2026-09-20 17:47:56 | DEBUG    | free_response | id=156 cell=B_prime gold='damage to local foliage' pred='forest fire' stage=judge correct=False
2026-09-20 17:47:57 | DEBUG    | free_response | id=157 cell=A_prime gold='3 a.m.' pred='Night' stage=judge correct=True
2026-09-20 17:47:58 | DEBUG    | free_response | id=157 cell=B_prime gold='3 a.m.' pred='night' stage=judge correct=True
2026-09-20 17:47:58 | DEBUG    | free_response | id=158 cell=A_prime gold='a mile up in the sky' pred='Atmosphere' stage=judge correct=True
2026-09-20 17:47:59 | DEBUG    | free_response | id=158 cell=B_prime gold='a mile up in the sky' pred='atmosphere' stage=judge correct=True
2026-09-20 17:48:00 | DEBUG    | free_response | id=159 cell=A_prime gold='light' pred='carbon dioxide' stage=judge correct=False
2026-09-20 17:48:01 | DEBUG    | free_response | id=159 cell=B_prime gold='light' pred='chlorophyll' stage=judge correct=False
2026-09-20 17:48:02 | DEBUG    | free_response | id=160 cell=A_prime gold='prey will experience a drop in population' pred='Ecological change' stage=judge correct=False
2026-09-20 17:48:02 | DEBUG    | free_response | id=160 cell=B_prime gold='prey will experience a drop in population' pred='decrease' stage=judge correct=True
2026-09-20 17:48:03 | DEBUG    | free_response | id=161 cell=A_prime gold="It's dead" pred='Gravity' stage=judge correct=False
2026-09-20 17:48:04 | DEBUG    | free_response | id=161 cell=B_prime gold="It's dead" pred='death' stage=judge correct=True
2026-09-20 17:48:05 | DEBUG    | free_response | id=162 cell=A_prime gold='snow fox' pred='Polar bear' stage=judge correct=False
2026-09-20 17:48:05 | DEBUG    | free_response | id=162 cell=B_prime gold='snow fox' pred='Snowy owl' stage=judge correct=False
2026-09-20 17:48:06 | DEBUG    | free_response | id=163 cell=A_prime gold='a group of fat-soluble secosteroids' pred='protein' stage=judge correct=False
2026-09-20 17:48:07 | DEBUG    | free_response | id=163 cell=B_prime gold='a group of fat-soluble secosteroids' pred='Vitamin D' stage=judge correct=False
2026-09-20 17:48:08 | DEBUG    | free_response | id=164 cell=A_prime gold='magnetized' pred='Electron' stage=judge correct=False
2026-09-20 17:48:08 | DEBUG    | free_response | id=164 cell=B_prime gold='magnetized' pred='Iron' stage=judge correct=False
2026-09-20 17:48:09 | DEBUG    | free_response | id=165 cell=A_prime gold='they are young frogs still growing' pred='Metamorphosis' stage=judge correct=False
2026-09-20 17:48:10 | DEBUG    | free_response | id=165 cell=B_prime gold='they are young frogs still growing' pred='Metamorphosis' stage=judge correct=False
2026-09-20 17:48:11 | DEBUG    | free_response | id=166 cell=A_prime gold='Chickpeas' pred='Grass' stage=judge correct=False
2026-09-20 17:48:11 | DEBUG    | free_response | id=166 cell=B_prime gold='Chickpeas' pred='plants' stage=judge correct=False
2026-09-20 17:48:12 | DEBUG    | free_response | id=167 cell=A_prime gold='Ship Anchor' pred='metal' stage=judge correct=False
2026-09-20 17:48:13 | DEBUG    | free_response | id=167 cell=B_prime gold='Ship Anchor' pred='metal' stage=judge correct=False
2026-09-20 17:48:13 | DEBUG    | free_response | id=168 cell=A_prime gold="from a daisy's leaves into it's underground support system" pred='through' stage=judge correct=False
2026-09-20 17:48:14 | DEBUG    | free_response | id=168 cell=B_prime gold="from a daisy's leaves into it's underground support system" pred='from the leaves to the roots' stage=judge correct=True
2026-09-20 17:48:15 | DEBUG    | free_response | id=169 cell=A_prime gold="is like nature's disappearing water trick" pred='Vaporization' stage=judge correct=True
2026-09-20 17:48:16 | DEBUG    | free_response | id=169 cell=B_prime gold="is like nature's disappearing water trick" pred='disappearance' stage=judge correct=False
2026-09-20 17:48:16 | DEBUG    | free_response | id=170 cell=A_prime gold='Runoff' pred='runoff' stage=strict correct=True
2026-09-20 17:48:17 | DEBUG    | free_response | id=170 cell=B_prime gold='Runoff' pred='runoff' stage=strict correct=True
2026-09-20 17:48:17 | DEBUG    | free_response | id=171 cell=A_prime gold='friction' pred='Matches' stage=judge correct=False
2026-09-20 17:48:18 | DEBUG    | free_response | id=171 cell=B_prime gold='friction' pred='friction' stage=strict correct=True
2026-09-20 17:48:18 | DEBUG    | free_response | id=172 cell=A_prime gold='the Appalachian mountains' pred='Watermland' stage=judge correct=False
2026-09-20 17:48:19 | DEBUG    | free_response | id=172 cell=B_prime gold='the Appalachian mountains' pred='Not a desert' stage=judge correct=True
2026-09-20 17:48:20 | DEBUG    | free_response | id=173 cell=A_prime gold='Atlantic menhaden' pred='Fish' stage=judge correct=False
2026-09-20 17:48:20 | DEBUG    | free_response | id=173 cell=B_prime gold='Atlantic menhaden' pred='fish' stage=judge correct=False
2026-09-20 17:48:21 | DEBUG    | free_response | id=174 cell=A_prime gold='grass turning brown' pred='shorter days' stage=judge correct=False
2026-09-20 17:48:22 | DEBUG    | free_response | id=174 cell=B_prime gold='grass turning brown' pred='plants dying' stage=judge correct=True
2026-09-20 17:48:23 | DEBUG    | free_response | id=175 cell=A_prime gold='yes it is standard' pred='No' stage=judge correct=False
2026-09-20 17:48:24 | DEBUG    | free_response | id=175 cell=B_prime gold='yes it is standard' pred='Yes' stage=judge correct=True
2026-09-20 17:48:25 | DEBUG    | free_response | id=176 cell=A_prime gold='cut back their caloric intake' pred='Exercise more' stage=judge correct=False
2026-09-20 17:48:25 | DEBUG    | free_response | id=176 cell=B_prime gold='cut back their caloric intake' pred='eat less' stage=judge correct=True
2026-09-20 17:48:26 | DEBUG    | free_response | id=177 cell=A_prime gold='to detect when a traffic light changes' pred='vision' stage=judge correct=True
2026-09-20 17:48:27 | DEBUG    | free_response | id=177 cell=B_prime gold='to detect when a traffic light changes' pred='sensing' stage=judge correct=False
2026-09-20 17:48:27 | DEBUG    | free_response | id=178 cell=A_prime gold='may end up fueling a car' pred='Fossilization' stage=judge correct=False
2026-09-20 17:48:28 | DEBUG    | free_response | id=178 cell=B_prime gold='may end up fueling a car' pred='fossils' stage=judge correct=False
2026-09-20 17:48:29 | DEBUG    | free_response | id=179 cell=A_prime gold='north of equator' pred='Northern Hemisphere' stage=judge correct=True
2026-09-20 17:48:30 | DEBUG    | free_response | id=179 cell=B_prime gold='north of equator' pred='northern hemisphere' stage=judge correct=True
2026-09-20 17:48:31 | DEBUG    | free_response | id=180 cell=A_prime gold='fossilization' pred='Decomposition' stage=judge correct=False
2026-09-20 17:48:31 | DEBUG    | free_response | id=180 cell=B_prime gold='fossilization' pred='fossilization' stage=strict correct=True
2026-09-20 17:48:32 | DEBUG    | free_response | id=181 cell=A_prime gold='significant supplies accumulated prior' pred='Yes' stage=judge correct=False
2026-09-20 17:48:32 | DEBUG    | free_response | id=181 cell=B_prime gold='significant supplies accumulated prior' pred='Yes' stage=judge correct=False
2026-09-20 17:48:33 | DEBUG    | free_response | id=182 cell=A_prime gold='natural waters weathered it' pred='erosion' stage=judge correct=True
2026-09-20 17:48:34 | DEBUG    | free_response | id=182 cell=B_prime gold='natural waters weathered it' pred='the Colorado River flowed' stage=judge correct=False
2026-09-20 17:48:35 | DEBUG    | free_response | id=183 cell=A_prime gold='electricity' pred='Wind turbine' stage=judge correct=False
2026-09-20 17:48:35 | DEBUG    | free_response | id=183 cell=B_prime gold='electricity' pred='electricity' stage=strict correct=True
2026-09-20 17:48:36 | DEBUG    | free_response | id=184 cell=A_prime gold='stone' pred='steep' stage=judge correct=False
2026-09-20 17:48:37 | DEBUG    | free_response | id=184 cell=B_prime gold='stone' pred='eroded' stage=judge correct=False
2026-09-20 17:48:37 | DEBUG    | free_response | id=185 cell=A_prime gold='a man who lives next to a landfill' pred='Smoker' stage=judge correct=False
2026-09-20 17:48:38 | DEBUG    | free_response | id=185 cell=B_prime gold='a man who lives next to a landfill' pred='near the landfill' stage=judge correct=True
2026-09-20 17:48:39 | DEBUG    | free_response | id=186 cell=A_prime gold='to measure minutes and hours' pred='Timing' stage=judge correct=False
2026-09-20 17:48:40 | DEBUG    | free_response | id=186 cell=B_prime gold='to measure minutes and hours' pred='measure time' stage=judge correct=True
2026-09-20 17:48:40 | DEBUG    | free_response | id=187 cell=A_prime gold='decrease' pred='decrease' stage=strict correct=True
2026-09-20 17:48:40 | DEBUG    | free_response | id=187 cell=B_prime gold='decrease' pred='decrease' stage=strict correct=True
2026-09-20 17:48:41 | DEBUG    | free_response | id=188 cell=A_prime gold='exposed topsoil' pred='dust' stage=judge correct=True
2026-09-20 17:48:42 | DEBUG    | free_response | id=188 cell=B_prime gold='exposed topsoil' pred='dirt' stage=judge correct=False
2026-09-20 17:48:42 | DEBUG    | free_response | id=189 cell=A_prime gold='friction' pred='Deceleration' stage=judge correct=True
2026-09-20 17:48:43 | DEBUG    | free_response | id=189 cell=B_prime gold='friction' pred='friction' stage=strict correct=True
2026-09-20 17:48:43 | DEBUG    | free_response | id=190 cell=A_prime gold='cell walls' pred='plants' stage=judge correct=False
2026-09-20 17:48:44 | DEBUG    | free_response | id=190 cell=B_prime gold='cell walls' pred='plants' stage=judge correct=False
2026-09-20 17:48:45 | DEBUG    | free_response | id=191 cell=A_prime gold='leads to longer availability of resources' pred='Preservation' stage=judge correct=False
2026-09-20 17:48:46 | DEBUG    | free_response | id=191 cell=B_prime gold='leads to longer availability of resources' pred='Conservation' stage=judge correct=False
2026-09-20 17:48:46 | DEBUG    | free_response | id=192 cell=A_prime gold='lion' pred='animal' stage=judge correct=False
2026-09-20 17:48:47 | DEBUG    | free_response | id=192 cell=B_prime gold='lion' pred='organism' stage=judge correct=False
2026-09-20 17:48:48 | DEBUG    | free_response | id=193 cell=A_prime gold='a change in the direction of a stream' pred='degradation' stage=judge correct=False
2026-09-20 17:48:49 | DEBUG    | free_response | id=193 cell=B_prime gold='a change in the direction of a stream' pred='deposition' stage=judge correct=False
2026-09-20 17:48:49 | DEBUG    | free_response | id=194 cell=A_prime gold="it's angled towards the largest star in the solar system" pred='倾斜向太阳' stage=judge correct=True
2026-09-20 17:48:50 | DEBUG    | free_response | id=194 cell=B_prime gold="it's angled towards the largest star in the solar system" pred='is tilted towards the sun' stage=judge correct=True
2026-09-20 17:48:51 | DEBUG    | free_response | id=195 cell=A_prime gold='Feb 29th' pred='Winter Solstice' stage=judge correct=True
2026-09-20 17:48:52 | DEBUG    | free_response | id=195 cell=B_prime gold='Feb 29th' pred='Winter Solstice' stage=judge correct=True
2026-09-20 17:48:53 | DEBUG    | free_response | id=196 cell=A_prime gold='Eucerin pH5 range' pred='Barrier' stage=judge correct=True
2026-09-20 17:48:53 | DEBUG    | free_response | id=196 cell=B_prime gold='Eucerin pH5 range' pred='屏障功能' stage=judge correct=True
2026-09-20 17:48:54 | DEBUG    | free_response | id=197 cell=A_prime gold='It is made from rock' pred='gravity' stage=judge correct=False
2026-09-20 17:48:55 | DEBUG    | free_response | id=197 cell=B_prime gold='It is made from rock' pred='rock' stage=judge correct=True
2026-09-20 17:48:55 | DEBUG    | free_response | id=198 cell=A_prime gold='fails to grow' pred='chlorosis' stage=judge correct=False
2026-09-20 17:48:56 | DEBUG    | free_response | id=198 cell=B_prime gold='fails to grow' pred='stunts growth' stage=judge correct=True
2026-09-20 17:48:57 | DEBUG    | free_response | id=199 cell=A_prime gold='lithium-ion' pred='battery' stage=judge correct=True
2026-09-20 17:48:58 | DEBUG    | free_response | id=199 cell=B_prime gold='lithium-ion' pred='electrical energy' stage=judge correct=False
2026-09-20 17:48:58 | INFO     | free_response |   [200/500] A_prime 0.41  B_prime 0.57 | 1.45s/item | ETA 7.3 min
2026-09-20 17:48:59 | DEBUG    | free_response | id=200 cell=A_prime gold="the sun's rays" pred='Supernova' stage=judge correct=False
2026-09-20 17:48:59 | DEBUG    | free_response | id=200 cell=B_prime gold="the sun's rays" pred='star' stage=judge correct=False
2026-09-20 17:49:00 | DEBUG    | free_response | id=201 cell=A_prime gold='Rain' pred='Boiling' stage=judge correct=False
2026-09-20 17:49:00 | DEBUG    | free_response | id=201 cell=B_prime gold='Rain' pred='Rain' stage=strict correct=True
2026-09-20 17:49:01 | DEBUG    | free_response | id=202 cell=A_prime gold='passed down inherited characteristics' pred='Genetic' stage=judge correct=False
2026-09-20 17:49:02 | DEBUG    | free_response | id=202 cell=B_prime gold='passed down inherited characteristics' pred='father' stage=judge correct=False
2026-09-20 17:49:03 | DEBUG    | free_response | id=203 cell=A_prime gold='convert sunlight to sand' pred='produce food' stage=judge correct=False
2026-09-20 17:49:04 | DEBUG    | free_response | id=203 cell=B_prime gold='convert sunlight to sand' pred='unable to consume' stage=judge correct=False
2026-09-20 17:49:05 | DEBUG    | free_response | id=204 cell=A_prime gold='genetic contributors had long ears' pred='Inherited' stage=judge correct=False
2026-09-20 17:49:05 | DEBUG    | free_response | id=204 cell=B_prime gold='genetic contributors had long ears' pred='parents have long ears' stage=judge correct=True
2026-09-20 17:49:06 | DEBUG    | free_response | id=205 cell=A_prime gold='whitetails' pred='animals' stage=judge correct=False
2026-09-20 17:49:07 | DEBUG    | free_response | id=205 cell=B_prime gold='whitetails' pred='deer' stage=judge correct=True
2026-09-20 17:49:08 | DEBUG    | free_response | id=206 cell=A_prime gold='pigment squirting' pred='ink云雾' stage=judge correct=False
2026-09-20 17:49:08 | DEBUG    | free_response | id=206 cell=B_prime gold='pigment squirting' pred='ink' stage=judge correct=False
2026-09-20 17:49:09 | DEBUG    | free_response | id=207 cell=A_prime gold='induces organisms to be more economical with resources' pred='Depletion' stage=judge correct=False
2026-09-20 17:49:10 | DEBUG    | free_response | id=207 cell=B_prime gold='induces organisms to be more economical with resources' pred='organisms conserve' stage=judge correct=True
2026-09-20 17:49:11 | DEBUG    | free_response | id=208 cell=A_prime gold='weathering' pred='Succession' stage=judge correct=False
2026-09-20 17:49:11 | DEBUG    | free_response | id=208 cell=B_prime gold='weathering' pred='weathering' stage=strict correct=True
2026-09-20 17:49:11 | DEBUG    | free_response | id=209 cell=A_prime gold='millions of years' pred='Millions of years' stage=strict correct=True
2026-09-20 17:49:12 | DEBUG    | free_response | id=209 cell=B_prime gold='millions of years' pred='not applicable' stage=judge correct=False
2026-09-20 17:49:13 | DEBUG    | free_response | id=210 cell=A_prime gold="alter the way the moon's facade looks" pred='Lunar cycle' stage=judge correct=False
2026-09-20 17:49:13 | DEBUG    | free_response | id=210 cell=B_prime gold="alter the way the moon's facade looks" pred='change' stage=judge correct=True
2026-09-20 17:49:14 | DEBUG    | free_response | id=211 cell=A_prime gold='organs would remain uneffected' pred='No direct effect' stage=judge correct=True
2026-09-20 17:49:15 | DEBUG    | free_response | id=211 cell=B_prime gold='organs would remain uneffected' pred='Damage' stage=judge correct=False
2026-09-20 17:49:16 | DEBUG    | free_response | id=212 cell=A_prime gold='eat alfalfa hay' pred='Cows' stage=judge correct=True
2026-09-20 17:49:16 | DEBUG    | free_response | id=212 cell=B_prime gold='eat alfalfa hay' pred='cows' stage=judge correct=True
2026-09-20 17:49:17 | DEBUG    | free_response | id=213 cell=A_prime gold='tons of sun' pred='Dry' stage=judge correct=False
2026-09-20 17:49:18 | DEBUG    | free_response | id=213 cell=B_prime gold='tons of sun' pred='sunlight' stage=judge correct=True
2026-09-20 17:49:19 | DEBUG    | free_response | id=214 cell=A_prime gold='a community' pred='ecosystem' stage=judge correct=False
2026-09-20 17:49:19 | DEBUG    | free_response | id=214 cell=B_prime gold='a community' pred='ecosystem' stage=judge correct=False
2026-09-20 17:49:20 | DEBUG    | free_response | id=215 cell=A_prime gold='the heart' pred='Heart' stage=strict correct=True
2026-09-20 17:49:20 | DEBUG    | free_response | id=215 cell=B_prime gold='the heart' pred='heart' stage=strict correct=True
2026-09-20 17:49:21 | DEBUG    | free_response | id=216 cell=A_prime gold='cat and catfish' pred='Bears and Bats' stage=judge correct=False
2026-09-20 17:49:22 | DEBUG    | free_response | id=216 cell=B_prime gold='cat and catfish' pred='organisms' stage=judge correct=False
2026-09-20 17:49:22 | DEBUG    | free_response | id=217 cell=A_prime gold='skunk' pred='Mammals' stage=judge correct=False
2026-09-20 17:49:23 | DEBUG    | free_response | id=217 cell=B_prime gold='skunk' pred='mammal' stage=judge correct=False
2026-09-20 17:49:24 | DEBUG    | free_response | id=218 cell=A_prime gold='a reproductive companion' pred='mate' stage=judge correct=True
2026-09-20 17:49:25 | DEBUG    | free_response | id=218 cell=B_prime gold='a reproductive companion' pred='mate' stage=judge correct=True
2026-09-20 17:49:25 | DEBUG    | free_response | id=219 cell=A_prime gold='a quarry' pred='ore' stage=judge correct=True
2026-09-20 17:49:26 | DEBUG    | free_response | id=219 cell=B_prime gold='a quarry' pred='rocks' stage=judge correct=True
2026-09-20 17:49:27 | DEBUG    | free_response | id=220 cell=A_prime gold='Heat' pred='thermal' stage=judge correct=True
2026-09-20 17:49:27 | DEBUG    | free_response | id=220 cell=B_prime gold='Heat' pred='heat' stage=strict correct=True
2026-09-20 17:49:28 | DEBUG    | free_response | id=221 cell=A_prime gold='institute rules about water usage' pred='lack rainfall' stage=judge correct=True
2026-09-20 17:49:29 | DEBUG    | free_response | id=221 cell=B_prime gold='institute rules about water usage' pred='require conservation' stage=judge correct=True
2026-09-20 17:49:29 | DEBUG    | free_response | id=222 cell=A_prime gold='blood moves in a body' pred='xylem' stage=judge correct=False
2026-09-20 17:49:30 | DEBUG    | free_response | id=222 cell=B_prime gold='blood moves in a body' pred='xylem' stage=judge correct=False
2026-09-20 17:49:31 | DEBUG    | free_response | id=223 cell=A_prime gold='Nebraska' pred='Arctic' stage=judge correct=False
2026-09-20 17:49:32 | DEBUG    | free_response | id=223 cell=B_prime gold='Nebraska' pred='cold environments' stage=judge correct=False
2026-09-20 17:49:32 | DEBUG    | free_response | id=224 cell=A_prime gold='light is more easily seen' pred='Increasing' stage=judge correct=False
2026-09-20 17:49:33 | DEBUG    | free_response | id=224 cell=B_prime gold='light is more easily seen' pred='brighter' stage=judge correct=True
2026-09-20 17:49:34 | DEBUG    | free_response | id=225 cell=A_prime gold='earplugs' pred='guitars' stage=judge correct=False
2026-09-20 17:49:35 | DEBUG    | free_response | id=225 cell=B_prime gold='earplugs' pred='musical instruments' stage=judge correct=False
2026-09-20 17:49:36 | DEBUG    | free_response | id=226 cell=A_prime gold='toes are wiggled' pred='contraction' stage=judge correct=False
2026-09-20 17:49:36 | DEBUG    | free_response | id=226 cell=B_prime gold='toes are wiggled' pred='walking' stage=judge correct=False
2026-09-20 17:49:37 | DEBUG    | free_response | id=227 cell=A_prime gold='energy is accessed underwater from tides' pred='Tidal power' stage=judge correct=True
2026-09-20 17:49:38 | DEBUG    | free_response | id=227 cell=B_prime gold='energy is accessed underwater from tides' pred='Tidal energy' stage=judge correct=True
2026-09-20 17:49:38 | DEBUG    | free_response | id=228 cell=A_prime gold='insects' pred='insects' stage=strict correct=True
2026-09-20 17:49:39 | DEBUG    | free_response | id=228 cell=B_prime gold='insects' pred='insects' stage=strict correct=True
2026-09-20 17:49:39 | DEBUG    | free_response | id=229 cell=A_prime gold='be successfully fertilized' pred='reproduce' stage=judge correct=True
2026-09-20 17:49:40 | DEBUG    | free_response | id=229 cell=B_prime gold='be successfully fertilized' pred='produce seeds' stage=judge correct=False
2026-09-20 17:49:41 | DEBUG    | free_response | id=230 cell=A_prime gold='the chassis of a car' pred='Metal bowl' stage=judge correct=False
2026-09-20 17:49:41 | DEBUG    | free_response | id=230 cell=B_prime gold='the chassis of a car' pred='metal' stage=judge correct=False
2026-09-20 17:49:42 | DEBUG    | free_response | id=231 cell=A_prime gold='mud' pred='soil' stage=judge correct=True
2026-09-20 17:49:43 | DEBUG    | free_response | id=231 cell=B_prime gold='mud' pred='water' stage=judge correct=False
2026-09-20 17:49:44 | DEBUG    | free_response | id=232 cell=A_prime gold='A rusty fence' pred='Combustion' stage=judge correct=False
2026-09-20 17:49:44 | DEBUG    | free_response | id=232 cell=B_prime gold='A rusty fence' pred='burning wood' stage=judge correct=False
2026-09-20 17:49:45 | DEBUG    | free_response | id=233 cell=A_prime gold='direct' pred='Inverse' stage=judge correct=False
2026-09-20 17:49:46 | DEBUG    | free_response | id=233 cell=B_prime gold='direct' pred='positive' stage=judge correct=True
2026-09-20 17:49:47 | DEBUG    | free_response | id=234 cell=A_prime gold='spineless marine organisms, cartilaginous and gelatinous organisms' pred='Fish' stage=judge correct=False
2026-09-20 17:49:47 | DEBUG    | free_response | id=234 cell=B_prime gold='spineless marine organisms, cartilaginous and gelatinous organisms' pred='fish' stage=judge correct=False
2026-09-20 17:49:48 | DEBUG    | free_response | id=235 cell=A_prime gold='blizzards' pred='Dew' stage=judge correct=False
2026-09-20 17:49:49 | DEBUG    | free_response | id=235 cell=B_prime gold='blizzards' pred='water vapor' stage=judge correct=False
2026-09-20 17:49:49 | DEBUG    | free_response | id=236 cell=A_prime gold='horseshoe' pred='metal' stage=judge correct=False
2026-09-20 17:49:50 | DEBUG    | free_response | id=236 cell=B_prime gold='horseshoe' pred='metal' stage=judge correct=False
2026-09-20 17:49:51 | DEBUG    | free_response | id=237 cell=A_prime gold='warm' pred='Endothermic' stage=judge correct=False
2026-09-20 17:49:52 | DEBUG    | free_response | id=237 cell=B_prime gold='warm' pred='hot' stage=judge correct=True
2026-09-20 17:49:52 | DEBUG    | free_response | id=238 cell=A_prime gold='may cause pieces to flake off the object' pred='Friction' stage=judge correct=False
2026-09-20 17:49:53 | DEBUG    | free_response | id=238 cell=B_prime gold='may cause pieces to flake off the object' pred='can cause abrasion' stage=judge correct=True
2026-09-20 17:49:54 | DEBUG    | free_response | id=239 cell=A_prime gold='yanking string up a wheel' pred='reduce effort' stage=judge correct=False
2026-09-20 17:49:55 | DEBUG    | free_response | id=239 cell=B_prime gold='yanking string up a wheel' pred='reducing effort needed' stage=judge correct=False
2026-09-20 17:49:56 | DEBUG    | free_response | id=240 cell=A_prime gold='emus' pred='Chicken' stage=judge correct=False
2026-09-20 17:49:56 | DEBUG    | free_response | id=240 cell=B_prime gold='emus' pred='birds' stage=judge correct=False
2026-09-20 17:49:57 | DEBUG    | free_response | id=241 cell=A_prime gold='castles' pred='sand' stage=judge correct=False
2026-09-20 17:49:58 | DEBUG    | free_response | id=241 cell=B_prime gold='castles' pred='sand' stage=judge correct=False
2026-09-20 17:49:58 | DEBUG    | free_response | id=242 cell=A_prime gold='nailing up a picture frame' pred='animal learns' stage=judge correct=False
2026-09-20 17:49:59 | DEBUG    | free_response | id=242 cell=B_prime gold='nailing up a picture frame' pred='using tools' stage=judge correct=False
2026-09-20 17:50:00 | DEBUG    | free_response | id=243 cell=A_prime gold='rubber' pred='lubricant' stage=judge correct=False
2026-09-20 17:50:01 | DEBUG    | free_response | id=243 cell=B_prime gold='rubber' pred='plastic' stage=judge correct=False
2026-09-20 17:50:01 | DEBUG    | free_response | id=244 cell=A_prime gold='get bigger yields' pred='rotate crops' stage=judge correct=True
2026-09-20 17:50:02 | DEBUG    | free_response | id=244 cell=B_prime gold='get bigger yields' pred='improve soil fertility' stage=judge correct=False
2026-09-20 17:50:03 | DEBUG    | free_response | id=245 cell=A_prime gold='feathers slows heat transfer' pred='Insulation' stage=judge correct=True
2026-09-20 17:50:04 | DEBUG    | free_response | id=245 cell=B_prime gold='feathers slows heat transfer' pred='thermal insulator' stage=judge correct=True
2026-09-20 17:50:05 | DEBUG    | free_response | id=246 cell=A_prime gold='a charge for appliances' pred='electricity' stage=judge correct=True
2026-09-20 17:50:05 | DEBUG    | free_response | id=246 cell=B_prime gold='a charge for appliances' pred='electricity' stage=judge correct=True
2026-09-20 17:50:06 | DEBUG    | free_response | id=247 cell=A_prime gold='hotness' pred='Temperature' stage=judge correct=True
2026-09-20 17:50:07 | DEBUG    | free_response | id=247 cell=B_prime gold='hotness' pred='temperature' stage=judge correct=True
2026-09-20 17:50:08 | DEBUG    | free_response | id=248 cell=A_prime gold='music' pred='sound' stage=judge correct=True
2026-09-20 17:50:08 | DEBUG    | free_response | id=248 cell=B_prime gold='music' pred='sound' stage=judge correct=True
2026-09-20 17:50:09 | DEBUG    | free_response | id=249 cell=A_prime gold='trees' pred='paper' stage=judge correct=True
2026-09-20 17:50:09 | DEBUG    | free_response | id=249 cell=B_prime gold='trees' pred='trees' stage=strict correct=True
2026-09-20 17:50:09 | INFO     | free_response |   [250/500] A_prime 0.40  B_prime 0.56 | 1.44s/item | ETA 6.0 min
2026-09-20 17:50:10 | DEBUG    | free_response | id=250 cell=A_prime gold='direct sunshine' pred='clouds' stage=judge correct=False
2026-09-20 17:50:11 | DEBUG    | free_response | id=250 cell=B_prime gold='direct sunshine' pred='stormy weather' stage=judge correct=False
2026-09-20 17:50:11 | DEBUG    | free_response | id=251 cell=A_prime gold='Landfills' pred='vehicles' stage=judge correct=False
2026-09-20 17:50:12 | DEBUG    | free_response | id=251 cell=B_prime gold='Landfills' pred='landfill' stage=normalised correct=True
2026-09-20 17:50:12 | DEBUG    | free_response | id=252 cell=A_prime gold='metal' pred='Iron' stage=judge correct=True
2026-09-20 17:50:13 | DEBUG    | free_response | id=252 cell=B_prime gold='metal' pred='iron' stage=judge correct=True
2026-09-20 17:50:14 | DEBUG    | free_response | id=253 cell=A_prime gold='combining' pred='Mixing' stage=judge correct=True
2026-09-20 17:50:14 | DEBUG    | free_response | id=253 cell=B_prime gold='combining' pred='combining' stage=strict correct=True
2026-09-20 17:50:15 | DEBUG    | free_response | id=254 cell=A_prime gold='transformation' pred='metamorphosis' stage=judge correct=True
2026-09-20 17:50:16 | DEBUG    | free_response | id=254 cell=B_prime gold='transformation' pred='metamorphosis' stage=judge correct=True
2026-09-20 17:50:17 | DEBUG    | free_response | id=255 cell=A_prime gold='iron and carbon' pred='Hardness' stage=judge correct=False
2026-09-20 17:50:17 | DEBUG    | free_response | id=255 cell=B_prime gold='iron and carbon' pred='alloys' stage=judge correct=False
2026-09-20 17:50:18 | DEBUG    | free_response | id=256 cell=A_prime gold='a blender' pred='Battery' stage=judge correct=False
2026-09-20 17:50:19 | DEBUG    | free_response | id=256 cell=B_prime gold='a blender' pred='Electric motor' stage=judge correct=False
2026-09-20 17:50:19 | DEBUG    | free_response | id=257 cell=A_prime gold='reprocessable' pred='Metal' stage=judge correct=False
2026-09-20 17:50:20 | DEBUG    | free_response | id=257 cell=B_prime gold='reprocessable' pred='recyclable' stage=judge correct=True
2026-09-20 17:50:21 | DEBUG    | free_response | id=258 cell=A_prime gold='sit under a lamp' pred='bask' stage=judge correct=True
2026-09-20 17:50:22 | DEBUG    | free_response | id=258 cell=B_prime gold='sit under a lamp' pred='bask in the sun' stage=judge correct=True
2026-09-20 17:50:23 | DEBUG    | free_response | id=259 cell=A_prime gold='it is a variable substance' pred='Surface tension' stage=judge correct=False
2026-09-20 17:50:23 | DEBUG    | free_response | id=259 cell=B_prime gold='it is a variable substance' pred='conforms' stage=judge correct=False
2026-09-20 17:50:24 | DEBUG    | free_response | id=260 cell=A_prime gold='dirt' pred='soil' stage=judge correct=True
2026-09-20 17:50:25 | DEBUG    | free_response | id=260 cell=B_prime gold='dirt' pred='soil' stage=judge correct=True
2026-09-20 17:50:26 | DEBUG    | free_response | id=261 cell=A_prime gold='decomposition' pred='Necromass decomposition' stage=judge correct=False
2026-09-20 17:50:26 | DEBUG    | free_response | id=261 cell=B_prime gold='decomposition' pred='decomposition' stage=strict correct=True
2026-09-20 17:50:27 | DEBUG    | free_response | id=262 cell=A_prime gold='wooden fence' pred='steel cans' stage=judge correct=False
2026-09-20 17:50:28 | DEBUG    | free_response | id=262 cell=B_prime gold='wooden fence' pred='paper' stage=judge correct=False
2026-09-20 17:50:28 | DEBUG    | free_response | id=263 cell=A_prime gold='oxygen' pred='Water' stage=judge correct=False
2026-09-20 17:50:29 | DEBUG    | free_response | id=263 cell=B_prime gold='oxygen' pred='oxygen' stage=strict correct=True
2026-09-20 17:50:29 | DEBUG    | free_response | id=264 cell=A_prime gold='a prickly horned male lizard' pred='Cactus' stage=judge correct=False
2026-09-20 17:50:30 | DEBUG    | free_response | id=264 cell=B_prime gold='a prickly horned male lizard' pred='lizards' stage=judge correct=False
2026-09-20 17:50:31 | DEBUG    | free_response | id=265 cell=A_prime gold='It will pass out' pred='Faints' stage=judge correct=True
2026-09-20 17:50:32 | DEBUG    | free_response | id=265 cell=B_prime gold='It will pass out' pred='it suffocates' stage=judge correct=True
2026-09-20 17:50:32 | DEBUG    | free_response | id=266 cell=A_prime gold='solar-rechargeable battery' pred='Switch' stage=judge correct=False
2026-09-20 17:50:33 | DEBUG    | free_response | id=266 cell=B_prime gold='solar-rechargeable battery' pred='battery' stage=judge correct=True
2026-09-20 17:50:34 | DEBUG    | free_response | id=267 cell=A_prime gold='The Indian' pred='Ocean' stage=judge correct=True
2026-09-20 17:50:35 | DEBUG    | free_response | id=267 cell=B_prime gold='The Indian' pred='Ocean' stage=judge correct=True
2026-09-20 17:50:35 | DEBUG    | free_response | id=268 cell=A_prime gold='the antelope' pred='Cheetah' stage=judge correct=False
2026-09-20 17:50:36 | DEBUG    | free_response | id=268 cell=B_prime gold='the antelope' pred='nimbleness' stage=judge correct=False
2026-09-20 17:50:37 | DEBUG    | free_response | id=269 cell=A_prime gold='she watched her parents speak' pred='upbringing' stage=judge correct=False
2026-09-20 17:50:38 | DEBUG    | free_response | id=269 cell=B_prime gold='she watched her parents speak' pred='parents' stage=judge correct=False
2026-09-20 17:50:38 | DEBUG    | free_response | id=270 cell=A_prime gold='plant reproduction parts' pred='nectar' stage=judge correct=False
2026-09-20 17:50:39 | DEBUG    | free_response | id=270 cell=B_prime gold='plant reproduction parts' pred='pollen' stage=judge correct=True
2026-09-20 17:50:40 | DEBUG    | free_response | id=271 cell=A_prime gold='our celestial fireball' pred='Sun' stage=judge correct=True
2026-09-20 17:50:41 | DEBUG    | free_response | id=271 cell=B_prime gold='our celestial fireball' pred='the Sun' stage=judge correct=True
2026-09-20 17:50:41 | DEBUG    | free_response | id=272 cell=A_prime gold='sandstorms create ripples in sand' pred='Desert sands' stage=judge correct=False
2026-09-20 17:50:42 | DEBUG    | free_response | id=272 cell=B_prime gold='sandstorms create ripples in sand' pred='Sand dunes' stage=judge correct=False
2026-09-20 17:50:43 | DEBUG    | free_response | id=273 cell=A_prime gold="an organism that absorbs water through it's roots" pred='flower' stage=judge correct=False
2026-09-20 17:50:43 | DEBUG    | free_response | id=273 cell=B_prime gold="an organism that absorbs water through it's roots" pred='plants' stage=judge correct=False
2026-09-20 17:50:44 | DEBUG    | free_response | id=274 cell=A_prime gold='under the ground' pred='burrow' stage=judge correct=True
2026-09-20 17:50:45 | DEBUG    | free_response | id=274 cell=B_prime gold='under the ground' pred='underground' stage=judge correct=True
2026-09-20 17:50:46 | DEBUG    | free_response | id=275 cell=A_prime gold='leads to less habitats for animals' pred='Deforestation' stage=judge correct=True
2026-09-20 17:50:47 | DEBUG    | free_response | id=275 cell=B_prime gold='leads to less habitats for animals' pred='decreases' stage=judge correct=False
2026-09-20 17:50:47 | DEBUG    | free_response | id=276 cell=A_prime gold='resistance' pred='friction' stage=judge correct=True
2026-09-20 17:50:48 | DEBUG    | free_response | id=276 cell=B_prime gold='resistance' pred='friction' stage=judge correct=True
2026-09-20 17:50:49 | DEBUG    | free_response | id=277 cell=A_prime gold="because it's blanketed in crystalline ice water" pred='True' stage=judge correct=False
2026-09-20 17:50:50 | DEBUG    | free_response | id=277 cell=B_prime gold="because it's blanketed in crystalline ice water" pred='snow-covered' stage=judge correct=True
2026-09-20 17:50:50 | DEBUG    | free_response | id=278 cell=A_prime gold='An insulated room' pred='Warm coat' stage=judge correct=False
2026-09-20 17:50:51 | DEBUG    | free_response | id=278 cell=B_prime gold='An insulated room' pred='shelter' stage=judge correct=False
2026-09-20 17:50:52 | DEBUG    | free_response | id=279 cell=A_prime gold='crawlies' pred='Insects' stage=judge correct=True
2026-09-20 17:50:52 | DEBUG    | free_response | id=279 cell=B_prime gold='crawlies' pred='insects' stage=judge correct=True
2026-09-20 17:50:53 | DEBUG    | free_response | id=280 cell=A_prime gold='nutrient making process' pred='Photosynthesis' stage=judge correct=True
2026-09-20 17:50:54 | DEBUG    | free_response | id=280 cell=B_prime gold='nutrient making process' pred='photosynthesis' stage=judge correct=True
2026-09-20 17:50:55 | DEBUG    | free_response | id=281 cell=A_prime gold='needs required for creating chlorophyll' pred='light' stage=judge correct=False
2026-09-20 17:50:55 | DEBUG    | free_response | id=281 cell=B_prime gold='needs required for creating chlorophyll' pred='sunlight' stage=judge correct=False
2026-09-20 17:50:56 | DEBUG    | free_response | id=282 cell=A_prime gold='number of nails' pred='Trait' stage=judge correct=False
2026-09-20 17:50:57 | DEBUG    | free_response | id=282 cell=B_prime gold='number of nails' pred='number of body parts' stage=judge correct=False
2026-09-20 17:50:58 | DEBUG    | free_response | id=283 cell=A_prime gold='living organisms in ecosystem' pred='Biodiversity' stage=judge correct=False
2026-09-20 17:50:58 | DEBUG    | free_response | id=283 cell=B_prime gold='living organisms in ecosystem' pred='organisms' stage=judge correct=True
2026-09-20 17:50:59 | DEBUG    | free_response | id=284 cell=A_prime gold='under a mountain' pred='Earth' stage=judge correct=False
2026-09-20 17:51:00 | DEBUG    | free_response | id=284 cell=B_prime gold='under a mountain' pred='underground' stage=judge correct=True
2026-09-20 17:51:01 | DEBUG    | free_response | id=285 cell=A_prime gold='Seeing a solar eclipse' pred='Distracted driving' stage=judge correct=False
2026-09-20 17:51:02 | DEBUG    | free_response | id=285 cell=B_prime gold='Seeing a solar eclipse' pred='Decrease in visibility' stage=judge correct=True
2026-09-20 17:51:02 | DEBUG    | free_response | id=286 cell=A_prime gold='tepid seas' pred='warm waters' stage=judge correct=True
2026-09-20 17:51:03 | DEBUG    | free_response | id=286 cell=B_prime gold='tepid seas' pred='warm water' stage=judge correct=True
2026-09-20 17:51:04 | DEBUG    | free_response | id=287 cell=A_prime gold='certain features may be predicted' pred='probability' stage=judge correct=True
2026-09-20 17:51:04 | DEBUG    | free_response | id=287 cell=B_prime gold='certain features may be predicted' pred='identify' stage=judge correct=False
2026-09-20 17:51:05 | DEBUG    | free_response | id=288 cell=A_prime gold='food for itself' pred='Digestive enzymes' stage=judge correct=False
2026-09-20 17:51:06 | DEBUG    | free_response | id=288 cell=B_prime gold='food for itself' pred='food' stage=judge correct=False
2026-09-20 17:51:07 | DEBUG    | free_response | id=289 cell=A_prime gold='community concerns over environmental impact' pred='Environmental degradation' stage=judge correct=False
2026-09-20 17:51:07 | DEBUG    | free_response | id=289 cell=B_prime gold='community concerns over environmental impact' pred='negative impact' stage=judge correct=False
2026-09-20 17:51:08 | DEBUG    | free_response | id=290 cell=A_prime gold='causes puddles to become dried out mud' pred='Vaporization' stage=judge correct=True
2026-09-20 17:51:09 | DEBUG    | free_response | id=290 cell=B_prime gold='causes puddles to become dried out mud' pred='decreases' stage=judge correct=False
2026-09-20 17:51:10 | DEBUG    | free_response | id=291 cell=A_prime gold='robins' pred='Pollinators' stage=judge correct=False
2026-09-20 17:51:11 | DEBUG    | free_response | id=291 cell=B_prime gold='robins' pred='birds' stage=judge correct=True
2026-09-20 17:51:11 | DEBUG    | free_response | id=292 cell=A_prime gold='mammal' pred='Kidney' stage=judge correct=False
2026-09-20 17:51:12 | DEBUG    | free_response | id=292 cell=B_prime gold='mammal' pred='Kidney' stage=judge correct=False
2026-09-20 17:51:13 | DEBUG    | free_response | id=293 cell=A_prime gold='Warm breath fogging up a mirror' pred='Boiling' stage=judge correct=False
2026-09-20 17:51:14 | DEBUG    | free_response | id=293 cell=B_prime gold='Warm breath fogging up a mirror' pred='Boiling' stage=judge correct=False
2026-09-20 17:51:14 | DEBUG    | free_response | id=294 cell=A_prime gold='water' pred='phase' stage=judge correct=False
2026-09-20 17:51:15 | DEBUG    | free_response | id=294 cell=B_prime gold='water' pred='Yes' stage=judge correct=False
2026-09-20 17:51:16 | DEBUG    | free_response | id=295 cell=A_prime gold='is nutritionally self sustaining' pred='Autotroph' stage=judge correct=True
2026-09-20 17:51:17 | DEBUG    | free_response | id=295 cell=B_prime gold='is nutritionally self sustaining' pred='autotroph' stage=judge correct=True
2026-09-20 17:51:17 | DEBUG    | free_response | id=296 cell=A_prime gold='O' pred='Oxygen' stage=judge correct=True
2026-09-20 17:51:18 | DEBUG    | free_response | id=296 cell=B_prime gold='O' pred='oxygen' stage=judge correct=True
2026-09-20 17:51:19 | DEBUG    | free_response | id=297 cell=A_prime gold='loop endlessly' pred='flow' stage=judge correct=False
2026-09-20 17:51:19 | DEBUG    | free_response | id=297 cell=B_prime gold='loop endlessly' pred='flow' stage=judge correct=False
2026-09-20 17:51:20 | DEBUG    | free_response | id=298 cell=A_prime gold='daughter' pred='offspring' stage=judge correct=False
2026-09-20 17:51:21 | DEBUG    | free_response | id=298 cell=B_prime gold='daughter' pred='offspring' stage=judge correct=False
2026-09-20 17:51:22 | DEBUG    | free_response | id=299 cell=A_prime gold='richer' pred='Nutrients' stage=judge correct=True
2026-09-20 17:51:22 | DEBUG    | free_response | id=299 cell=B_prime gold='richer' pred='nutrients' stage=judge correct=True
2026-09-20 17:51:22 | INFO     | free_response |   [300/500] A_prime 0.39  B_prime 0.55 | 1.45s/item | ETA 4.8 min
2026-09-20 17:51:23 | DEBUG    | free_response | id=300 cell=A_prime gold='a high temperature' pred='Cold' stage=judge correct=False
2026-09-20 17:51:24 | DEBUG    | free_response | id=300 cell=B_prime gold='a high temperature' pred='warm' stage=judge correct=True
2026-09-20 17:51:25 | DEBUG    | free_response | id=301 cell=A_prime gold='combusted items' pred='injury' stage=judge correct=False
2026-09-20 17:51:25 | DEBUG    | free_response | id=301 cell=B_prime gold='combusted items' pred='burning' stage=judge correct=True
2026-09-20 17:51:26 | DEBUG    | free_response | id=302 cell=A_prime gold='fewer clouds allow for more sunlight' pred='Sunny' stage=judge correct=True
2026-09-20 17:51:27 | DEBUG    | free_response | id=302 cell=B_prime gold='fewer clouds allow for more sunlight' pred='sunny' stage=judge correct=True
2026-09-20 17:51:28 | DEBUG    | free_response | id=303 cell=A_prime gold='a wick' pred='Vessels' stage=judge correct=False
2026-09-20 17:51:28 | DEBUG    | free_response | id=303 cell=B_prime gold='a wick' pred='xylem' stage=judge correct=True
2026-09-20 17:51:29 | DEBUG    | free_response | id=304 cell=A_prime gold='to the upper pole' pred='magnetic' stage=judge correct=False
2026-09-20 17:51:30 | DEBUG    | free_response | id=304 cell=B_prime gold='to the upper pole' pred='north' stage=judge correct=True
2026-09-20 17:51:31 | DEBUG    | free_response | id=305 cell=A_prime gold='iron saw' pred='Diamond' stage=judge correct=False
2026-09-20 17:51:31 | DEBUG    | free_response | id=305 cell=B_prime gold='iron saw' pred='longer-lasting saw' stage=judge correct=False
2026-09-20 17:51:32 | DEBUG    | free_response | id=306 cell=A_prime gold='the sun that shines all day' pred='Sun' stage=judge correct=True
2026-09-20 17:51:33 | DEBUG    | free_response | id=306 cell=B_prime gold='the sun that shines all day' pred='Sun' stage=judge correct=True
2026-09-20 17:51:34 | DEBUG    | free_response | id=307 cell=A_prime gold='large bowl shaped cavities' pred='Craters' stage=judge correct=True
2026-09-20 17:51:34 | DEBUG    | free_response | id=307 cell=B_prime gold='large bowl shaped cavities' pred='craters' stage=judge correct=True
2026-09-20 17:51:35 | DEBUG    | free_response | id=308 cell=A_prime gold="a plant's treasure" pred='Waste gases' stage=judge correct=False
2026-09-20 17:51:36 | DEBUG    | free_response | id=308 cell=B_prime gold="a plant's treasure" pred='carbon dioxide' stage=judge correct=False
2026-09-20 17:51:37 | DEBUG    | free_response | id=309 cell=A_prime gold='building a new subdivision' pred='Deforestation' stage=judge correct=False
2026-09-20 17:51:37 | DEBUG    | free_response | id=309 cell=B_prime gold='building a new subdivision' pred='building homes' stage=judge correct=True
2026-09-20 17:51:38 | DEBUG    | free_response | id=310 cell=A_prime gold='using calories to produce motion' pred='Launching' stage=judge correct=False
2026-09-20 17:51:39 | DEBUG    | free_response | id=310 cell=B_prime gold='using calories to produce motion' pred='changing' stage=judge correct=False
2026-09-20 17:51:39 | DEBUG    | free_response | id=311 cell=A_prime gold='H2O' pred='Water' stage=judge correct=True
2026-09-20 17:51:40 | DEBUG    | free_response | id=311 cell=B_prime gold='H2O' pred='water' stage=judge correct=True
2026-09-20 17:51:41 | DEBUG    | free_response | id=312 cell=A_prime gold='Conventional corn' pred='Processed sugars' stage=judge correct=False
2026-09-20 17:51:42 | DEBUG    | free_response | id=312 cell=B_prime gold='Conventional corn' pred='food containing pesticides' stage=judge correct=False
2026-09-20 17:51:42 | DEBUG    | free_response | id=313 cell=A_prime gold='it shows direction' pred='instrument' stage=judge correct=False
2026-09-20 17:51:43 | DEBUG    | free_response | id=313 cell=B_prime gold='it shows direction' pred='tool' stage=judge correct=False
2026-09-20 17:51:44 | DEBUG    | free_response | id=314 cell=A_prime gold='a hive' pred='flowers' stage=judge correct=False
2026-09-20 17:51:45 | DEBUG    | free_response | id=314 cell=B_prime gold='a hive' pred='honeycomb' stage=judge correct=False
2026-09-20 17:51:45 | DEBUG    | free_response | id=315 cell=A_prime gold='the nearest star sulfur burning heavenly body' pred='Sun' stage=judge correct=True
2026-09-20 17:51:46 | DEBUG    | free_response | id=315 cell=B_prime gold='the nearest star sulfur burning heavenly body' pred='Sun' stage=judge correct=True
2026-09-20 17:51:47 | DEBUG    | free_response | id=316 cell=A_prime gold='making an adjustment to the rudder' pred='steering' stage=judge correct=True
2026-09-20 17:51:47 | DEBUG    | free_response | id=316 cell=B_prime gold='making an adjustment to the rudder' pred='directing' stage=judge correct=False
2026-09-20 17:51:48 | DEBUG    | free_response | id=317 cell=A_prime gold='pig' pred='mammal' stage=judge correct=False
2026-09-20 17:51:49 | DEBUG    | free_response | id=317 cell=B_prime gold='pig' pred='mammal' stage=judge correct=False
2026-09-20 17:51:50 | DEBUG    | free_response | id=318 cell=A_prime gold='quick' pred='swift' stage=judge correct=True
2026-09-20 17:51:50 | DEBUG    | free_response | id=318 cell=B_prime gold='quick' pred='quick' stage=strict correct=True
2026-09-20 17:51:51 | DEBUG    | free_response | id=319 cell=A_prime gold='predator' pred='Omnivore' stage=judge correct=False
2026-09-20 17:51:51 | DEBUG    | free_response | id=319 cell=B_prime gold='predator' pred='predator' stage=strict correct=True
2026-09-20 17:51:52 | DEBUG    | free_response | id=320 cell=A_prime gold='the Sahara' pred='Tropical forest' stage=judge correct=False
2026-09-20 17:51:53 | DEBUG    | free_response | id=320 cell=B_prime gold='the Sahara' pred='desert' stage=judge correct=True
2026-09-20 17:51:53 | DEBUG    | free_response | id=321 cell=A_prime gold='it looks bigger' pred='slowly' stage=judge correct=False
2026-09-20 17:51:54 | DEBUG    | free_response | id=321 cell=B_prime gold='it looks bigger' pred='larger' stage=judge correct=True
2026-09-20 17:51:55 | DEBUG    | free_response | id=322 cell=A_prime gold='eating wheat' pred='Growth Hormone' stage=judge correct=False
2026-09-20 17:51:56 | DEBUG    | free_response | id=322 cell=B_prime gold='eating wheat' pred='crops' stage=judge correct=False
2026-09-20 17:51:57 | DEBUG    | free_response | id=323 cell=A_prime gold='less water' pred='arid' stage=judge correct=True
2026-09-20 17:51:57 | DEBUG    | free_response | id=323 cell=B_prime gold='less water' pred='desert' stage=judge correct=True
2026-09-20 17:51:58 | DEBUG    | free_response | id=324 cell=A_prime gold='a feeder at another house' pred='habitat destruction' stage=judge correct=False
2026-09-20 17:51:59 | DEBUG    | free_response | id=324 cell=B_prime gold='a feeder at another house' pred='feeders' stage=judge correct=False
2026-09-20 17:52:00 | DEBUG    | free_response | id=325 cell=A_prime gold='sea life' pred='water' stage=judge correct=False
2026-09-20 17:52:00 | DEBUG    | free_response | id=325 cell=B_prime gold='sea life' pred='aquatic animals' stage=judge correct=True
2026-09-20 17:52:01 | DEBUG    | free_response | id=326 cell=A_prime gold='sitting on the table' pred='broken' stage=judge correct=False
2026-09-20 17:52:02 | DEBUG    | free_response | id=326 cell=B_prime gold='sitting on the table' pred='open' stage=judge correct=False
2026-09-20 17:52:02 | DEBUG    | free_response | id=327 cell=A_prime gold='in spiked plants' pred='evaporation' stage=judge correct=False
2026-09-20 17:52:03 | DEBUG    | free_response | id=327 cell=B_prime gold='in spiked plants' pred='cactus' stage=judge correct=True
2026-09-20 17:52:04 | DEBUG    | free_response | id=328 cell=A_prime gold='blend in' pred='Camouflage' stage=judge correct=True
2026-09-20 17:52:05 | DEBUG    | free_response | id=328 cell=B_prime gold='blend in' pred='camouflage' stage=judge correct=True
2026-09-20 17:52:05 | DEBUG    | free_response | id=329 cell=A_prime gold='allows plants to move rain thru their systems' pred='transport tissue' stage=judge correct=True
2026-09-20 17:52:06 | DEBUG    | free_response | id=329 cell=B_prime gold='allows plants to move rain thru their systems' pred='carries water' stage=judge correct=True
2026-09-20 17:52:07 | DEBUG    | free_response | id=330 cell=A_prime gold='ramen' pred='spice' stage=judge correct=False
2026-09-20 17:52:08 | DEBUG    | free_response | id=330 cell=B_prime gold='ramen' pred='spicy' stage=judge correct=False
2026-09-20 17:52:08 | DEBUG    | free_response | id=331 cell=A_prime gold='contaminates may be destroyed' pred='temperature increases' stage=judge correct=False
2026-09-20 17:52:09 | DEBUG    | free_response | id=331 cell=B_prime gold='contaminates may be destroyed' pred='kills viruses' stage=judge correct=False
2026-09-20 17:52:10 | DEBUG    | free_response | id=332 cell=A_prime gold='something protected by the skeletal system' pred='muscle' stage=judge correct=False
2026-09-20 17:52:11 | DEBUG    | free_response | id=332 cell=B_prime gold='something protected by the skeletal system' pred='internal organ' stage=judge correct=False
2026-09-20 17:52:11 | DEBUG    | free_response | id=333 cell=A_prime gold='the fastest mammal with four legs' pred='Predators' stage=judge correct=False
2026-09-20 17:52:12 | DEBUG    | free_response | id=333 cell=B_prime gold='the fastest mammal with four legs' pred='predators' stage=judge correct=False
2026-09-20 17:52:13 | DEBUG    | free_response | id=334 cell=A_prime gold='a cardinal' pred='a cat' stage=judge correct=False
2026-09-20 17:52:14 | DEBUG    | free_response | id=334 cell=B_prime gold='a cardinal' pred='bird' stage=judge correct=False
2026-09-20 17:52:14 | DEBUG    | free_response | id=335 cell=A_prime gold='electron flow' pred='battery' stage=judge correct=False
2026-09-20 17:52:15 | DEBUG    | free_response | id=335 cell=B_prime gold='electron flow' pred='electricity' stage=judge correct=True
2026-09-20 17:52:16 | DEBUG    | free_response | id=336 cell=A_prime gold='distance traveled' pred='distance and time' stage=judge correct=False
2026-09-20 17:52:17 | DEBUG    | free_response | id=336 cell=B_prime gold='distance traveled' pred='distance travelled' stage=judge correct=True
2026-09-20 17:52:17 | DEBUG    | free_response | id=337 cell=A_prime gold='weaken' pred='starve' stage=judge correct=True
2026-09-20 17:52:18 | DEBUG    | free_response | id=337 cell=B_prime gold='weaken' pred='starve' stage=judge correct=True
2026-09-20 17:52:19 | DEBUG    | free_response | id=338 cell=A_prime gold='a diving suit' pred='waders' stage=judge correct=False
2026-09-20 17:52:20 | DEBUG    | free_response | id=338 cell=B_prime gold='a diving suit' pred='diving gear' stage=judge correct=True
2026-09-20 17:52:21 | DEBUG    | free_response | id=339 cell=A_prime gold='B and D' pred='Blubber' stage=judge correct=False
2026-09-20 17:52:21 | DEBUG    | free_response | id=339 cell=B_prime gold='B and D' pred='Insulation' stage=judge correct=False
2026-09-20 17:52:22 | DEBUG    | free_response | id=340 cell=A_prime gold='chill' pred='cold' stage=judge correct=True
2026-09-20 17:52:23 | DEBUG    | free_response | id=340 cell=B_prime gold='chill' pred='cold' stage=judge correct=True
2026-09-20 17:52:24 | DEBUG    | free_response | id=341 cell=A_prime gold='aquatic speed' pred='Swimming' stage=judge correct=True
2026-09-20 17:52:24 | DEBUG    | free_response | id=341 cell=B_prime gold='aquatic speed' pred='moving faster through water' stage=judge correct=True
2026-09-20 17:52:25 | DEBUG    | free_response | id=342 cell=A_prime gold='a lit candle in a window signalling to someone' pred='Flame' stage=judge correct=True
2026-09-20 17:52:26 | DEBUG    | free_response | id=342 cell=B_prime gold='a lit candle in a window signalling to someone' pred='flame' stage=judge correct=True
2026-09-20 17:52:27 | DEBUG    | free_response | id=343 cell=A_prime gold='directing oxygen from lungs to other organs' pred='inhaling and exhaling' stage=judge correct=False
2026-09-20 17:52:28 | DEBUG    | free_response | id=343 cell=B_prime gold='directing oxygen from lungs to other organs' pred='inhaling' stage=judge correct=False
2026-09-20 17:52:28 | DEBUG    | free_response | id=344 cell=A_prime gold='in polar areas' pred='False' stage=judge correct=False
2026-09-20 17:52:29 | DEBUG    | free_response | id=344 cell=B_prime gold='in polar areas' pred='Yes' stage=judge correct=False
2026-09-20 17:52:30 | DEBUG    | free_response | id=345 cell=A_prime gold='its appearance' pred='Camouflage' stage=judge correct=True
2026-09-20 17:52:30 | DEBUG    | free_response | id=345 cell=B_prime gold='its appearance' pred='camouflage' stage=judge correct=True
2026-09-20 17:52:31 | DEBUG    | free_response | id=346 cell=A_prime gold='a simple alcohol' pred='Ethanol' stage=judge correct=True
2026-09-20 17:52:32 | DEBUG    | free_response | id=346 cell=B_prime gold='a simple alcohol' pred='ethanol' stage=judge correct=True
2026-09-20 17:52:33 | DEBUG    | free_response | id=347 cell=A_prime gold='heat energy' pred='lack of bacteria' stage=judge correct=False
2026-09-20 17:52:34 | DEBUG    | free_response | id=347 cell=B_prime gold='heat energy' pred='Cooking' stage=judge correct=True
2026-09-20 17:52:34 | DEBUG    | free_response | id=348 cell=A_prime gold='reproduction ?' pred='breeding' stage=judge correct=True
2026-09-20 17:52:35 | DEBUG    | free_response | id=348 cell=B_prime gold='reproduction ?' pred='reproduction' stage=strict correct=True
2026-09-20 17:52:35 | DEBUG    | free_response | id=349 cell=A_prime gold='alfalfa' pred='hay' stage=judge correct=True
2026-09-20 17:52:36 | DEBUG    | free_response | id=349 cell=B_prime gold='alfalfa' pred='plants' stage=judge correct=False
2026-09-20 17:52:36 | INFO     | free_response |   [350/500] A_prime 0.39  B_prime 0.56 | 1.45s/item | ETA 3.6 min
2026-09-20 17:52:37 | DEBUG    | free_response | id=350 cell=A_prime gold='windmill' pred='Nuclear' stage=judge correct=False
2026-09-20 17:52:37 | DEBUG    | free_response | id=350 cell=B_prime gold='windmill' pred='wind' stage=judge correct=True
2026-09-20 17:52:38 | DEBUG    | free_response | id=351 cell=A_prime gold='turf' pred='forests' stage=judge correct=False
2026-09-20 17:52:39 | DEBUG    | free_response | id=351 cell=B_prime gold='turf' pred='grass' stage=judge correct=True
2026-09-20 17:52:40 | DEBUG    | free_response | id=352 cell=A_prime gold='hide' pred='camouflage' stage=judge correct=True
2026-09-20 17:52:40 | DEBUG    | free_response | id=352 cell=B_prime gold='hide' pred='hide' stage=strict correct=True
2026-09-20 17:52:41 | DEBUG    | free_response | id=353 cell=A_prime gold='reverberate when touched together' pred='produces sound' stage=judge correct=True
2026-09-20 17:52:41 | DEBUG    | free_response | id=353 cell=B_prime gold='reverberate when touched together' pred='vibrate' stage=judge correct=True
2026-09-20 17:52:42 | DEBUG    | free_response | id=354 cell=A_prime gold='March' pred='winter' stage=judge correct=False
2026-09-20 17:52:43 | DEBUG    | free_response | id=354 cell=B_prime gold='March' pred='winter' stage=judge correct=False
2026-09-20 17:52:44 | DEBUG    | free_response | id=355 cell=A_prime gold='Scorpion' pred='Treefrog' stage=judge correct=False
2026-09-20 17:52:44 | DEBUG    | free_response | id=355 cell=B_prime gold='Scorpion' pred='insect' stage=judge correct=False
2026-09-20 17:52:45 | DEBUG    | free_response | id=356 cell=A_prime gold='January' pred='forest' stage=judge correct=False
2026-09-20 17:52:46 | DEBUG    | free_response | id=356 cell=B_prime gold='January' pred='winter' stage=judge correct=True
2026-09-20 17:52:46 | DEBUG    | free_response | id=357 cell=A_prime gold='the further it will roll across the floor' pred='greater force' stage=judge correct=False
2026-09-20 17:52:47 | DEBUG    | free_response | id=357 cell=B_prime gold='the further it will roll across the floor' pred='increases' stage=judge correct=False
2026-09-20 17:52:48 | DEBUG    | free_response | id=358 cell=A_prime gold='come from expired life' pred='oil' stage=judge correct=False
2026-09-20 17:52:49 | DEBUG    | free_response | id=358 cell=B_prime gold='come from expired life' pred='dead organisms' stage=judge correct=True
2026-09-20 17:52:49 | DEBUG    | free_response | id=359 cell=A_prime gold='night on Earth to be dimly lit' pred='nuclear fusion' stage=judge correct=False
2026-09-20 17:52:50 | DEBUG    | free_response | id=359 cell=B_prime gold='night on Earth to be dimly lit' pred='nuclear reactions' stage=judge correct=False
2026-09-20 17:52:51 | DEBUG    | free_response | id=360 cell=A_prime gold='weather' pred='forces' stage=judge correct=True
2026-09-20 17:52:51 | DEBUG    | free_response | id=360 cell=B_prime gold='weather' pred='weather' stage=strict correct=True
2026-09-20 17:52:52 | DEBUG    | free_response | id=361 cell=A_prime gold='commonality among all animals' pred='process' stage=judge correct=False
2026-09-20 17:52:53 | DEBUG    | free_response | id=361 cell=B_prime gold='commonality among all animals' pred='process' stage=judge correct=False
2026-09-20 17:52:53 | DEBUG    | free_response | id=362 cell=A_prime gold='closed' pred='complete' stage=judge correct=True
2026-09-20 17:52:53 | DEBUG    | free_response | id=362 cell=B_prime gold='closed' pred='closed' stage=strict correct=True
2026-09-20 17:52:54 | DEBUG    | free_response | id=363 cell=A_prime gold='frosty environments' pred='Arctic' stage=judge correct=True
2026-09-20 17:52:55 | DEBUG    | free_response | id=363 cell=B_prime gold='frosty environments' pred='cold environments' stage=judge correct=True
2026-09-20 17:52:56 | DEBUG    | free_response | id=364 cell=A_prime gold='a car engine' pred='Iron' stage=judge correct=False
2026-09-20 17:52:56 | DEBUG    | free_response | id=364 cell=B_prime gold='a car engine' pred='iron' stage=judge correct=False
2026-09-20 17:52:57 | DEBUG    | free_response | id=365 cell=A_prime gold='it chomps on insects' pred='Insects' stage=judge correct=True
2026-09-20 17:52:58 | DEBUG    | free_response | id=365 cell=B_prime gold='it chomps on insects' pred='Insects' stage=judge correct=True
2026-09-20 17:52:59 | DEBUG    | free_response | id=366 cell=A_prime gold='a baby drinking formula then needing a diaper change' pred='Digestion' stage=judge correct=False
2026-09-20 17:53:00 | DEBUG    | free_response | id=366 cell=B_prime gold='a baby drinking formula then needing a diaper change' pred='Digestion of carbohydrates into sugars' stage=judge correct=False
2026-09-20 17:53:00 | DEBUG    | free_response | id=367 cell=A_prime gold='rotavirus' pred='stress' stage=judge correct=False
2026-09-20 17:53:01 | DEBUG    | free_response | id=367 cell=B_prime gold='rotavirus' pred='illness' stage=judge correct=False
2026-09-20 17:53:02 | DEBUG    | free_response | id=368 cell=A_prime gold='run a continuous current' pred='connect them to a power source' stage=judge correct=True
2026-09-20 17:53:03 | DEBUG    | free_response | id=368 cell=B_prime gold='run a continuous current' pred='use electricity' stage=judge correct=True
2026-09-20 17:53:04 | DEBUG    | free_response | id=369 cell=A_prime gold='there has been excess condensed water vapor' pred='Heavy rainfall' stage=judge correct=True
2026-09-20 17:53:04 | DEBUG    | free_response | id=369 cell=B_prime gold='there has been excess condensed water vapor' pred='heavy rains' stage=judge correct=True
2026-09-20 17:53:05 | DEBUG    | free_response | id=370 cell=A_prime gold='egg depositing' pred='Budding' stage=judge correct=False
2026-09-20 17:53:06 | DEBUG    | free_response | id=370 cell=B_prime gold='egg depositing' pred='laying eggs' stage=judge correct=True
2026-09-20 17:53:07 | DEBUG    | free_response | id=371 cell=A_prime gold='frozen water' pred='ice' stage=judge correct=True
2026-09-20 17:53:07 | DEBUG    | free_response | id=371 cell=B_prime gold='frozen water' pred='snow' stage=judge correct=True
2026-09-20 17:53:08 | DEBUG    | free_response | id=372 cell=A_prime gold='a green and lush tree and plant packed area' pred='sheltered area' stage=judge correct=False
2026-09-20 17:53:09 | DEBUG    | free_response | id=372 cell=B_prime gold='a green and lush tree and plant packed area' pred='forests' stage=judge correct=True
2026-09-20 17:53:10 | DEBUG    | free_response | id=373 cell=A_prime gold='attractive to various objects that contain iron' pred='Iron-based' stage=judge correct=False
2026-09-20 17:53:10 | DEBUG    | free_response | id=373 cell=B_prime gold='attractive to various objects that contain iron' pred='magnetic' stage=judge correct=True
2026-09-20 17:53:11 | DEBUG    | free_response | id=374 cell=A_prime gold='all of these' pred='mammal' stage=judge correct=False
2026-09-20 17:53:12 | DEBUG    | free_response | id=374 cell=B_prime gold='all of these' pred='Mammal' stage=judge correct=False
2026-09-20 17:53:13 | DEBUG    | free_response | id=375 cell=A_prime gold='minerals' pred='Limestone' stage=judge correct=False
2026-09-20 17:53:13 | DEBUG    | free_response | id=375 cell=B_prime gold='minerals' pred='minerals' stage=strict correct=True
2026-09-20 17:53:14 | DEBUG    | free_response | id=376 cell=A_prime gold='grow in size visually' pred='appear larger' stage=judge correct=True
2026-09-20 17:53:15 | DEBUG    | free_response | id=376 cell=B_prime gold='grow in size visually' pred='appear larger' stage=judge correct=True
2026-09-20 17:53:15 | DEBUG    | free_response | id=377 cell=A_prime gold='creek beds may be spilling over' pred='calm' stage=judge correct=False
2026-09-20 17:53:16 | DEBUG    | free_response | id=377 cell=B_prime gold='creek beds may be spilling over' pred='increase' stage=judge correct=False
2026-09-20 17:53:17 | DEBUG    | free_response | id=378 cell=A_prime gold='Pine Needles' pred='Plants' stage=judge correct=False
2026-09-20 17:53:17 | DEBUG    | free_response | id=378 cell=B_prime gold='Pine Needles' pred='plants' stage=judge correct=False
2026-09-20 17:53:18 | DEBUG    | free_response | id=379 cell=A_prime gold='an octopus mimicking the color and texture of a rocky outcrop' pred='Deer' stage=judge correct=False
2026-09-20 17:53:19 | DEBUG    | free_response | id=379 cell=B_prime gold='an octopus mimicking the color and texture of a rocky outcrop' pred='Not enough information' stage=judge correct=False
2026-09-20 17:53:20 | DEBUG    | free_response | id=380 cell=A_prime gold='a full bag swung in circles' pred='Acceleration' stage=judge correct=False
2026-09-20 17:53:20 | DEBUG    | free_response | id=380 cell=B_prime gold='a full bag swung in circles' pred='acceleration' stage=judge correct=False
2026-09-20 17:53:21 | DEBUG    | free_response | id=381 cell=A_prime gold='clumps of flaming gas' pred='stars' stage=judge correct=True
2026-09-20 17:53:22 | DEBUG    | free_response | id=381 cell=B_prime gold='clumps of flaming gas' pred='stars' stage=judge correct=True
2026-09-20 17:53:22 | DEBUG    | free_response | id=382 cell=A_prime gold='air' pred='Air' stage=strict correct=True
2026-09-20 17:53:22 | DEBUG    | free_response | id=382 cell=B_prime gold='air' pred='air' stage=strict correct=True
2026-09-20 17:53:23 | DEBUG    | free_response | id=383 cell=A_prime gold='shove each other away' pred='Static electricity' stage=judge correct=False
2026-09-20 17:53:24 | DEBUG    | free_response | id=383 cell=B_prime gold='shove each other away' pred='repel' stage=judge correct=True
2026-09-20 17:53:25 | DEBUG    | free_response | id=384 cell=A_prime gold='people' pred='gravity' stage=judge correct=False
2026-09-20 17:53:25 | DEBUG    | free_response | id=384 cell=B_prime gold='people' pred='cropland water' stage=judge correct=False
2026-09-20 17:53:26 | DEBUG    | free_response | id=385 cell=A_prime gold='sweltering' pred='dry' stage=judge correct=False
2026-09-20 17:53:27 | DEBUG    | free_response | id=385 cell=B_prime gold='sweltering' pred='hot' stage=judge correct=True
2026-09-20 17:53:27 | DEBUG    | free_response | id=386 cell=A_prime gold='deserts get surplus sun' pred='Yes' stage=judge correct=True
2026-09-20 17:53:28 | DEBUG    | free_response | id=386 cell=B_prime gold='deserts get surplus sun' pred='Yes' stage=judge correct=True
2026-09-20 17:53:29 | DEBUG    | free_response | id=387 cell=A_prime gold='The Gobi Desert' pred='arid regions' stage=judge correct=True
2026-09-20 17:53:30 | DEBUG    | free_response | id=387 cell=B_prime gold='The Gobi Desert' pred='dry environment' stage=judge correct=True
2026-09-20 17:53:30 | DEBUG    | free_response | id=388 cell=A_prime gold='ferromagnetic' pred='binders' stage=judge correct=False
2026-09-20 17:53:31 | DEBUG    | free_response | id=388 cell=B_prime gold='ferromagnetic' pred='ferromagnetic metals' stage=judge correct=True
2026-09-20 17:53:32 | DEBUG    | free_response | id=389 cell=A_prime gold='energy' pred='nutrients' stage=judge correct=False
2026-09-20 17:53:32 | DEBUG    | free_response | id=389 cell=B_prime gold='energy' pred='energy' stage=strict correct=True
2026-09-20 17:53:33 | DEBUG    | free_response | id=390 cell=A_prime gold='their mother teaches them to keep their distance' pred='Instinct' stage=judge correct=False
2026-09-20 17:53:34 | DEBUG    | free_response | id=390 cell=B_prime gold='their mother teaches them to keep their distance' pred='instinct' stage=judge correct=False
2026-09-20 17:53:35 | DEBUG    | free_response | id=391 cell=A_prime gold='a sleet covered highway' pred='Ice' stage=judge correct=True
2026-09-20 17:53:35 | DEBUG    | free_response | id=391 cell=B_prime gold='a sleet covered highway' pred='sleet' stage=judge correct=True
2026-09-20 17:53:36 | DEBUG    | free_response | id=392 cell=A_prime gold='swallow' pred='bird' stage=judge correct=False
2026-09-20 17:53:37 | DEBUG    | free_response | id=392 cell=B_prime gold='swallow' pred='bird' stage=judge correct=False
2026-09-20 17:53:37 | DEBUG    | free_response | id=393 cell=A_prime gold='silicon' pred='Granite' stage=judge correct=False
2026-09-20 17:53:38 | DEBUG    | free_response | id=393 cell=B_prime gold='silicon' pred='lava' stage=judge correct=False
2026-09-20 17:53:39 | DEBUG    | free_response | id=394 cell=A_prime gold='is removed' pred='disappears' stage=judge correct=True
2026-09-20 17:53:40 | DEBUG    | free_response | id=394 cell=B_prime gold='is removed' pred='destroyed' stage=judge correct=True
2026-09-20 17:53:40 | DEBUG    | free_response | id=395 cell=A_prime gold='aid in feeding what grows from them' pred='Embryo' stage=judge correct=False
2026-09-20 17:53:41 | DEBUG    | free_response | id=395 cell=B_prime gold='aid in feeding what grows from them' pred='storage' stage=judge correct=False
2026-09-20 17:53:42 | DEBUG    | free_response | id=396 cell=A_prime gold='consumption' pred='Predation' stage=judge correct=False
2026-09-20 17:53:43 | DEBUG    | free_response | id=396 cell=B_prime gold='consumption' pred='consumer' stage=judge correct=False
2026-09-20 17:53:43 | DEBUG    | free_response | id=397 cell=A_prime gold='Bees' pred='blooming' stage=judge correct=False
2026-09-20 17:53:44 | DEBUG    | free_response | id=397 cell=B_prime gold='Bees' pred='growth' stage=judge correct=False
2026-09-20 17:53:45 | DEBUG    | free_response | id=398 cell=A_prime gold='skateboards that are ridden all day' pred='cars' stage=judge correct=True
2026-09-20 17:53:45 | DEBUG    | free_response | id=398 cell=B_prime gold='skateboards that are ridden all day' pred='motion' stage=judge correct=True
2026-09-20 17:53:46 | DEBUG    | free_response | id=399 cell=A_prime gold='a trip to the moon' pred='Moon' stage=judge correct=True
2026-09-20 17:53:47 | DEBUG    | free_response | id=399 cell=B_prime gold='a trip to the moon' pred='Moon' stage=judge correct=True
2026-09-20 17:53:47 | INFO     | free_response |   [400/500] A_prime 0.39  B_prime 0.56 | 1.45s/item | ETA 2.4 min
2026-09-20 17:53:48 | DEBUG    | free_response | id=400 cell=A_prime gold='bush' pred='liver' stage=judge correct=False
2026-09-20 17:53:48 | DEBUG    | free_response | id=400 cell=B_prime gold='bush' pred='habitat' stage=judge correct=False
2026-09-20 17:53:49 | DEBUG    | free_response | id=401 cell=A_prime gold='Kitchen foil' pred='reflective vest' stage=judge correct=False
2026-09-20 17:53:50 | DEBUG    | free_response | id=401 cell=B_prime gold='Kitchen foil' pred='reflective vest' stage=judge correct=False
2026-09-20 17:53:51 | DEBUG    | free_response | id=402 cell=A_prime gold='this is sure' pred='Sun' stage=judge correct=True
2026-09-20 17:53:51 | DEBUG    | free_response | id=402 cell=B_prime gold='this is sure' pred='Sun' stage=judge correct=True
2026-09-20 17:53:52 | DEBUG    | free_response | id=403 cell=A_prime gold='produce energy' pred='generate electricity' stage=judge correct=True
2026-09-20 17:53:53 | DEBUG    | free_response | id=403 cell=B_prime gold='produce energy' pred='produce electricity' stage=judge correct=True
2026-09-20 17:53:53 | DEBUG    | free_response | id=404 cell=A_prime gold='butterfly' pred='fish' stage=judge correct=False
2026-09-20 17:53:54 | DEBUG    | free_response | id=404 cell=B_prime gold='butterfly' pred='wasp' stage=judge correct=True
2026-09-20 17:53:55 | DEBUG    | free_response | id=405 cell=A_prime gold='turbine produced electricity' pred='resource that replenishes naturally within a human timescale' stage=judge correct=False
2026-09-20 17:53:56 | DEBUG    | free_response | id=405 cell=B_prime gold='turbine produced electricity' pred='resource that can be used over again' stage=judge correct=False
2026-09-20 17:53:57 | DEBUG    | free_response | id=406 cell=A_prime gold='would cease existing' pred='Extinct' stage=judge correct=True
2026-09-20 17:53:58 | DEBUG    | free_response | id=406 cell=B_prime gold='would cease existing' pred='extinct' stage=judge correct=True
2026-09-20 17:53:59 | DEBUG    | free_response | id=407 cell=A_prime gold='substance' pred='compound' stage=judge correct=True
2026-09-20 17:53:59 | DEBUG    | free_response | id=407 cell=B_prime gold='substance' pred='compound' stage=judge correct=True
2026-09-20 17:54:00 | DEBUG    | free_response | id=408 cell=A_prime gold='ice' pred='Ice' stage=strict correct=True
2026-09-20 17:54:00 | DEBUG    | free_response | id=408 cell=B_prime gold='ice' pred='ice' stage=strict correct=True
2026-09-20 17:54:01 | DEBUG    | free_response | id=409 cell=A_prime gold='temperature' pred='texture' stage=judge correct=False
2026-09-20 17:54:01 | DEBUG    | free_response | id=409 cell=B_prime gold='temperature' pred='temperature' stage=strict correct=True
2026-09-20 17:54:02 | DEBUG    | free_response | id=410 cell=A_prime gold='sand' pred='Decomposed' stage=judge correct=False
2026-09-20 17:54:02 | DEBUG    | free_response | id=410 cell=B_prime gold='sand' pred='Decomposed' stage=judge correct=False
2026-09-20 17:54:03 | DEBUG    | free_response | id=411 cell=A_prime gold='A boiling hot mug of tea' pred='Water' stage=judge correct=False
2026-09-20 17:54:04 | DEBUG    | free_response | id=411 cell=B_prime gold='A boiling hot mug of tea' pred='hot' stage=judge correct=False
2026-09-20 17:54:05 | DEBUG    | free_response | id=412 cell=A_prime gold='poodle' pred='Mammal' stage=judge correct=False
2026-09-20 17:54:05 | DEBUG    | free_response | id=412 cell=B_prime gold='poodle' pred='Mammal' stage=judge correct=False
2026-09-20 17:54:06 | DEBUG    | free_response | id=413 cell=A_prime gold='hexagons' pred='Silicon dioxide' stage=judge correct=False
2026-09-20 17:54:07 | DEBUG    | free_response | id=413 cell=B_prime gold='hexagons' pred='six-sided' stage=judge correct=True
2026-09-20 17:54:08 | DEBUG    | free_response | id=414 cell=A_prime gold='nutrients' pred='oxygen' stage=judge correct=False
2026-09-20 17:54:08 | DEBUG    | free_response | id=414 cell=B_prime gold='nutrients' pred='food' stage=judge correct=True
2026-09-20 17:54:09 | DEBUG    | free_response | id=415 cell=A_prime gold='negative' pred='No' stage=judge correct=True
2026-09-20 17:54:10 | DEBUG    | free_response | id=415 cell=B_prime gold='negative' pred='No' stage=judge correct=True
2026-09-20 17:54:11 | DEBUG    | free_response | id=416 cell=A_prime gold='a cup of salt' pred='acid' stage=judge correct=False
2026-09-20 17:54:11 | DEBUG    | free_response | id=416 cell=B_prime gold='a cup of salt' pred='acid' stage=judge correct=False
2026-09-20 17:54:12 | DEBUG    | free_response | id=417 cell=A_prime gold='moisture is pulled upwards' pred='Evaporation' stage=judge correct=True
2026-09-20 17:54:13 | DEBUG    | free_response | id=417 cell=B_prime gold='moisture is pulled upwards' pred='sun' stage=judge correct=False
2026-09-20 17:54:13 | DEBUG    | free_response | id=418 cell=A_prime gold='rip off a corner portion' pred='Force' stage=judge correct=False
2026-09-20 17:54:14 | DEBUG    | free_response | id=418 cell=B_prime gold='rip off a corner portion' pred='tearing' stage=judge correct=True
2026-09-20 17:54:15 | DEBUG    | free_response | id=419 cell=A_prime gold='a sudden fog moving into the area' pred='Distraction' stage=judge correct=False
2026-09-20 17:54:16 | DEBUG    | free_response | id=419 cell=B_prime gold='a sudden fog moving into the area' pred='decrease in visibility' stage=judge correct=True
2026-09-20 17:54:17 | DEBUG    | free_response | id=420 cell=A_prime gold='elbow size' pred='information' stage=judge correct=False
2026-09-20 17:54:17 | DEBUG    | free_response | id=420 cell=B_prime gold='elbow size' pred='inherited characteristics' stage=judge correct=False
2026-09-20 17:54:18 | DEBUG    | free_response | id=421 cell=A_prime gold='gas' pred='air' stage=judge correct=True
2026-09-20 17:54:18 | DEBUG    | free_response | id=421 cell=B_prime gold='gas' pred='gas' stage=strict correct=True
2026-09-20 17:54:19 | DEBUG    | free_response | id=422 cell=A_prime gold='once' pred='2' stage=judge correct=False
2026-09-20 17:54:19 | DEBUG    | free_response | id=422 cell=B_prime gold='once' pred='Once' stage=strict correct=True
2026-09-20 17:54:20 | DEBUG    | free_response | id=423 cell=A_prime gold='item that reflects' pred='mirror' stage=judge correct=False
2026-09-20 17:54:21 | DEBUG    | free_response | id=423 cell=B_prime gold='item that reflects' pred='reflective' stage=judge correct=True
2026-09-20 17:54:22 | DEBUG    | free_response | id=424 cell=A_prime gold='the season has been quite dry' pred='Clearing' stage=judge correct=False
2026-09-20 17:54:22 | DEBUG    | free_response | id=424 cell=B_prime gold='the season has been quite dry' pred='decreasing water' stage=judge correct=False
2026-09-20 17:54:23 | DEBUG    | free_response | id=425 cell=A_prime gold='the body of the pot is of high temperature' pred='Temperature' stage=judge correct=False
2026-09-20 17:54:24 | DEBUG    | free_response | id=425 cell=B_prime gold='the body of the pot is of high temperature' pred='surfaces are hot' stage=judge correct=True
2026-09-20 17:54:25 | DEBUG    | free_response | id=426 cell=A_prime gold='an octopus' pred='Clownfish' stage=judge correct=False
2026-09-20 17:54:25 | DEBUG    | free_response | id=426 cell=B_prime gold='an octopus' pred='octopus' stage=strict correct=True
2026-09-20 17:54:26 | DEBUG    | free_response | id=427 cell=A_prime gold='mechanical energy' pred='force' stage=judge correct=False
2026-09-20 17:54:26 | DEBUG    | free_response | id=427 cell=B_prime gold='mechanical energy' pred='mechanical energy' stage=strict correct=True
2026-09-20 17:54:27 | DEBUG    | free_response | id=428 cell=A_prime gold='concrete configuration' pred='fixed volume and shape' stage=judge correct=True
2026-09-20 17:54:28 | DEBUG    | free_response | id=428 cell=B_prime gold='concrete configuration' pred='definite shape' stage=judge correct=True
2026-09-20 17:54:29 | DEBUG    | free_response | id=429 cell=A_prime gold='travels to the seaside' pred='diving' stage=judge correct=False
2026-09-20 17:54:30 | DEBUG    | free_response | id=429 cell=B_prime gold='travels to the seaside' pred='should go to the ocean' stage=judge correct=True
2026-09-20 17:54:30 | DEBUG    | free_response | id=430 cell=A_prime gold='adding salt' pred='Salt' stage=judge correct=True
2026-09-20 17:54:31 | DEBUG    | free_response | id=430 cell=B_prime gold='adding salt' pred='adding salt' stage=strict correct=True
2026-09-20 17:54:31 | DEBUG    | free_response | id=431 cell=A_prime gold='used soda can' pred='True' stage=judge correct=False
2026-09-20 17:54:32 | DEBUG    | free_response | id=431 cell=B_prime gold='used soda can' pred='aluminum' stage=judge correct=False
2026-09-20 17:54:32 | DEBUG    | free_response | id=432 cell=A_prime gold='12' pred='12' stage=strict correct=True
2026-09-20 17:54:33 | DEBUG    | free_response | id=432 cell=B_prime gold='12' pred='365' stage=judge correct=False
2026-09-20 17:54:34 | DEBUG    | free_response | id=433 cell=A_prime gold='is turned off' pred='at rest' stage=judge correct=True
2026-09-20 17:54:35 | DEBUG    | free_response | id=433 cell=B_prime gold='is turned off' pred='stopped' stage=judge correct=True
2026-09-20 17:54:36 | DEBUG    | free_response | id=434 cell=A_prime gold='cello' pred='Stringed instrument' stage=judge correct=False
2026-09-20 17:54:36 | DEBUG    | free_response | id=434 cell=B_prime gold='cello' pred='Banjo' stage=judge correct=False
2026-09-20 17:54:37 | DEBUG    | free_response | id=435 cell=A_prime gold='kilograms' pred='moles' stage=judge correct=False
2026-09-20 17:54:38 | DEBUG    | free_response | id=435 cell=B_prime gold='kilograms' pred='grams' stage=judge correct=False
2026-09-20 17:54:38 | DEBUG    | free_response | id=436 cell=A_prime gold='igloo' pred='house' stage=judge correct=True
2026-09-20 17:54:39 | DEBUG    | free_response | id=436 cell=B_prime gold='igloo' pred='house' stage=judge correct=True
2026-09-20 17:54:40 | DEBUG    | free_response | id=437 cell=A_prime gold='reconfigure appearance to blend in' pred='blend in' stage=judge correct=True
2026-09-20 17:54:41 | DEBUG    | free_response | id=437 cell=B_prime gold='reconfigure appearance to blend in' pred='looks like its environment' stage=judge correct=True
2026-09-20 17:54:41 | DEBUG    | free_response | id=438 cell=A_prime gold='xylem' pred='Roots' stage=judge correct=False
2026-09-20 17:54:42 | DEBUG    | free_response | id=438 cell=B_prime gold='xylem' pred='Water' stage=judge correct=False
2026-09-20 17:54:43 | DEBUG    | free_response | id=439 cell=A_prime gold='humongous' pred='Magnification' stage=judge correct=True
2026-09-20 17:54:44 | DEBUG    | free_response | id=439 cell=B_prime gold='humongous' pred='Magnify' stage=judge correct=True
2026-09-20 17:54:44 | DEBUG    | free_response | id=440 cell=A_prime gold='when boiling eggs on a stove top' pred='Boil' stage=judge correct=False
2026-09-20 17:54:45 | DEBUG    | free_response | id=440 cell=B_prime gold='when boiling eggs on a stove top' pred='evaporation' stage=judge correct=True
2026-09-20 17:54:45 | DEBUG    | free_response | id=441 cell=A_prime gold='heat' pred='Heat' stage=strict correct=True
2026-09-20 17:54:46 | DEBUG    | free_response | id=441 cell=B_prime gold='heat' pred='heat' stage=strict correct=True
2026-09-20 17:54:47 | DEBUG    | free_response | id=442 cell=A_prime gold='seconds' pred='minutes' stage=judge correct=False
2026-09-20 17:54:47 | DEBUG    | free_response | id=442 cell=B_prime gold='seconds' pred='seconds' stage=strict correct=True
2026-09-20 17:54:47 | DEBUG    | free_response | id=443 cell=A_prime gold='meals' pred='True' stage=judge correct=False
2026-09-20 17:54:48 | DEBUG    | free_response | id=443 cell=B_prime gold='meals' pred='prey' stage=judge correct=True
2026-09-20 17:54:49 | DEBUG    | free_response | id=444 cell=A_prime gold='toast' pred='carbohydrates' stage=judge correct=False
2026-09-20 17:54:50 | DEBUG    | free_response | id=444 cell=B_prime gold='toast' pred='carbohydrates' stage=judge correct=False
2026-09-20 17:54:51 | DEBUG    | free_response | id=445 cell=A_prime gold='dry out clothes after coming in from the rain' pred='dry hands' stage=judge correct=True
2026-09-20 17:54:51 | DEBUG    | free_response | id=445 cell=B_prime gold='dry out clothes after coming in from the rain' pred='dry hands' stage=judge correct=True
2026-09-20 17:54:52 | DEBUG    | free_response | id=446 cell=A_prime gold='a frigid environment' pred='ice' stage=judge correct=False
2026-09-20 17:54:53 | DEBUG    | free_response | id=446 cell=B_prime gold='a frigid environment' pred='cold environment' stage=judge correct=True
2026-09-20 17:54:53 | DEBUG    | free_response | id=447 cell=A_prime gold='second' pred='second' stage=strict correct=True
2026-09-20 17:54:53 | DEBUG    | free_response | id=447 cell=B_prime gold='second' pred='second' stage=strict correct=True
2026-09-20 17:54:54 | DEBUG    | free_response | id=448 cell=A_prime gold='H2O' pred='Water' stage=judge correct=True
2026-09-20 17:54:55 | DEBUG    | free_response | id=448 cell=B_prime gold='H2O' pred='water' stage=judge correct=True
2026-09-20 17:54:55 | DEBUG    | free_response | id=449 cell=A_prime gold='after the first phase of the lunar month' pred='After the new moon' stage=judge correct=True
2026-09-20 17:54:56 | DEBUG    | free_response | id=449 cell=B_prime gold='after the first phase of the lunar month' pred='after the new moon' stage=judge correct=True
2026-09-20 17:54:56 | INFO     | free_response |   [450/500] A_prime 0.39  B_prime 0.58 | 1.44s/item | ETA 1.2 min
2026-09-20 17:54:57 | DEBUG    | free_response | id=450 cell=A_prime gold='shrink' pred='melt' stage=judge correct=True
2026-09-20 17:54:58 | DEBUG    | free_response | id=450 cell=B_prime gold='shrink' pred='melt' stage=judge correct=True
2026-09-20 17:54:59 | DEBUG    | free_response | id=451 cell=A_prime gold='conserving' pred='starvation' stage=judge correct=False
2026-09-20 17:55:00 | DEBUG    | free_response | id=451 cell=B_prime gold='conserving' pred='conservation' stage=judge correct=True
2026-09-20 17:55:00 | DEBUG    | free_response | id=452 cell=A_prime gold='liver' pred='organs' stage=judge correct=False
2026-09-20 17:55:01 | DEBUG    | free_response | id=452 cell=B_prime gold='liver' pred='internal organs' stage=judge correct=False
2026-09-20 17:55:01 | DEBUG    | free_response | id=453 cell=A_prime gold='Jupiter' pred='Jupiter' stage=strict correct=True
2026-09-20 17:55:02 | DEBUG    | free_response | id=453 cell=B_prime gold='Jupiter' pred='Jupiter' stage=strict correct=True
2026-09-20 17:55:02 | DEBUG    | free_response | id=454 cell=A_prime gold='huge rain storm' pred='rainstorm' stage=judge correct=True
2026-09-20 17:55:03 | DEBUG    | free_response | id=454 cell=B_prime gold='huge rain storm' pred='increase' stage=judge correct=False
2026-09-20 17:55:04 | DEBUG    | free_response | id=455 cell=A_prime gold='CO2, H20, and sun rays' pred='carbon dioxide, water, sunlight' stage=judge correct=True
2026-09-20 17:55:05 | DEBUG    | free_response | id=455 cell=B_prime gold='CO2, H20, and sun rays' pred='carbon dioxide, water, solar energy' stage=judge correct=True
2026-09-20 17:55:06 | DEBUG    | free_response | id=456 cell=A_prime gold='atomic 26' pred='Iron' stage=judge correct=True
2026-09-20 17:55:07 | DEBUG    | free_response | id=456 cell=B_prime gold='atomic 26' pred='iron' stage=judge correct=True
2026-09-20 17:55:07 | DEBUG    | free_response | id=457 cell=A_prime gold='changed' pred='irregular' stage=judge correct=False
2026-09-20 17:55:08 | DEBUG    | free_response | id=457 cell=B_prime gold='changed' pred='no longer circular' stage=judge correct=True
2026-09-20 17:55:09 | DEBUG    | free_response | id=458 cell=A_prime gold='dunes at the beach to be depleted' pred='erosion' stage=judge correct=False
2026-09-20 17:55:10 | DEBUG    | free_response | id=458 cell=B_prime gold='dunes at the beach to be depleted' pred='erosion' stage=judge correct=False
2026-09-20 17:55:10 | DEBUG    | free_response | id=459 cell=A_prime gold='beaches shrink' pred='Flooding' stage=judge correct=False
2026-09-20 17:55:11 | DEBUG    | free_response | id=459 cell=B_prime gold='beaches shrink' pred='decrease' stage=judge correct=False
2026-09-20 17:55:12 | DEBUG    | free_response | id=460 cell=A_prime gold='a steak is removed from the freezer to defrost' pred='Heat is added' stage=judge correct=True
2026-09-20 17:55:13 | DEBUG    | free_response | id=460 cell=B_prime gold='a steak is removed from the freezer to defrost' pred='moving' stage=judge correct=False
2026-09-20 17:55:13 | DEBUG    | free_response | id=461 cell=A_prime gold='makes deep noises' pred='brass instrument' stage=judge correct=False
2026-09-20 17:55:14 | DEBUG    | free_response | id=461 cell=B_prime gold='makes deep noises' pred='Yes' stage=judge correct=False
2026-09-20 17:55:14 | DEBUG    | free_response | id=462 cell=A_prime gold='dead' pred='dead' stage=strict correct=True
2026-09-20 17:55:15 | DEBUG    | free_response | id=462 cell=B_prime gold='dead' pred='dead' stage=strict correct=True
2026-09-20 17:55:15 | DEBUG    | free_response | id=463 cell=A_prime gold='on a sunny day' pred='To cool down' stage=judge correct=True
2026-09-20 17:55:16 | DEBUG    | free_response | id=463 cell=B_prime gold='on a sunny day' pred="when it's hot" stage=judge correct=True
2026-09-20 17:55:17 | DEBUG    | free_response | id=464 cell=A_prime gold='require prey to survive' pred='Meat-eaters' stage=judge correct=True
2026-09-20 17:55:18 | DEBUG    | free_response | id=464 cell=B_prime gold='require prey to survive' pred='predators' stage=judge correct=True
2026-09-20 17:55:18 | DEBUG    | free_response | id=465 cell=A_prime gold='a star outside the window' pred='lowest intensity' stage=judge correct=True
2026-09-20 17:55:19 | DEBUG    | free_response | id=465 cell=B_prime gold='a star outside the window' pred='farthest' stage=judge correct=True
2026-09-20 17:55:20 | DEBUG    | free_response | id=466 cell=A_prime gold='earth' pred='nutrients' stage=judge correct=False
2026-09-20 17:55:21 | DEBUG    | free_response | id=466 cell=B_prime gold='earth' pred='soil' stage=judge correct=True
2026-09-20 17:55:21 | DEBUG    | free_response | id=467 cell=A_prime gold='a worm burrowing through the earth' pred='Erosion' stage=judge correct=False
2026-09-20 17:55:22 | DEBUG    | free_response | id=467 cell=B_prime gold='a worm burrowing through the earth' pred='tunnels' stage=judge correct=False
2026-09-20 17:55:23 | DEBUG    | free_response | id=468 cell=A_prime gold='frogs returning to the ponds were they hatched to lay eggs' pred='inherited' stage=judge correct=False
2026-09-20 17:55:24 | DEBUG    | free_response | id=468 cell=B_prime gold='frogs returning to the ponds were they hatched to lay eggs' pred='migration' stage=judge correct=False
2026-09-20 17:55:25 | DEBUG    | free_response | id=469 cell=A_prime gold='seeds' pred='Sexually or asexually' stage=judge correct=False
2026-09-20 17:55:25 | DEBUG    | free_response | id=469 cell=B_prime gold='seeds' pred='Sexually' stage=judge correct=False
2026-09-20 17:55:26 | DEBUG    | free_response | id=470 cell=A_prime gold='things you give a loved one in a bouquet' pred='plants' stage=judge correct=False
2026-09-20 17:55:27 | DEBUG    | free_response | id=470 cell=B_prime gold='things you give a loved one in a bouquet' pred='flower' stage=judge correct=False
2026-09-20 17:55:28 | DEBUG    | free_response | id=471 cell=A_prime gold='soil with worms burrowing around' pred='Loamy soil' stage=judge correct=True
2026-09-20 17:55:28 | DEBUG    | free_response | id=471 cell=B_prime gold='soil with worms burrowing around' pred='loose soil' stage=judge correct=True
2026-09-20 17:55:29 | DEBUG    | free_response | id=472 cell=A_prime gold='I am an Ant' pred='Sensory perception' stage=judge correct=False
2026-09-20 17:55:30 | DEBUG    | free_response | id=472 cell=B_prime gold='I am an Ant' pred='feeling' stage=judge correct=False
2026-09-20 17:55:31 | DEBUG    | free_response | id=473 cell=A_prime gold='a calf emerging from a mother giraffe' pred='Mammals' stage=judge correct=False
2026-09-20 17:55:32 | DEBUG    | free_response | id=473 cell=B_prime gold='a calf emerging from a mother giraffe' pred='mammals' stage=judge correct=False
2026-09-20 17:55:32 | DEBUG    | free_response | id=474 cell=A_prime gold='turning on a stove top' pred='heat' stage=judge correct=False
2026-09-20 17:55:33 | DEBUG    | free_response | id=474 cell=B_prime gold='turning on a stove top' pred='adding heat energy' stage=judge correct=True
2026-09-20 17:55:34 | DEBUG    | free_response | id=475 cell=A_prime gold='an energy source' pred='Sun' stage=judge correct=False
2026-09-20 17:55:34 | DEBUG    | free_response | id=475 cell=B_prime gold='an energy source' pred='sun' stage=judge correct=False
2026-09-20 17:55:35 | DEBUG    | free_response | id=476 cell=A_prime gold='terrestrial body' pred='planet' stage=judge correct=True
2026-09-20 17:55:36 | DEBUG    | free_response | id=476 cell=B_prime gold='terrestrial body' pred='planet' stage=judge correct=True
2026-09-20 17:55:36 | DEBUG    | free_response | id=477 cell=A_prime gold='they will shrink' pred='Increase' stage=judge correct=False
2026-09-20 17:55:37 | DEBUG    | free_response | id=477 cell=B_prime gold='they will shrink' pred='decrease' stage=judge correct=True
2026-09-20 17:55:38 | DEBUG    | free_response | id=478 cell=A_prime gold='The Andes' pred='after heavy rainfall' stage=judge correct=False
2026-09-20 17:55:39 | DEBUG    | free_response | id=478 cell=B_prime gold='The Andes' pred='mountains' stage=judge correct=True
2026-09-20 17:55:40 | DEBUG    | free_response | id=479 cell=A_prime gold='lightening hitting water and organisms inside dying' pred='Saltwater' stage=judge correct=True
2026-09-20 17:55:40 | DEBUG    | free_response | id=479 cell=B_prime gold='lightening hitting water and organisms inside dying' pred='electrolysis' stage=judge correct=False
2026-09-20 17:55:41 | DEBUG    | free_response | id=480 cell=A_prime gold='A Solar Year on earth' pred='Year' stage=judge correct=True
2026-09-20 17:55:42 | DEBUG    | free_response | id=480 cell=B_prime gold='A Solar Year on earth' pred='one solar year' stage=judge correct=True
2026-09-20 17:55:43 | DEBUG    | free_response | id=481 cell=A_prime gold='impair its well being in some way' pred='Die' stage=judge correct=False
2026-09-20 17:55:43 | DEBUG    | free_response | id=481 cell=B_prime gold='impair its well being in some way' pred='cause harm' stage=judge correct=True
2026-09-20 17:55:44 | DEBUG    | free_response | id=482 cell=A_prime gold='transfer them to the stomach' pred='Hoards' stage=judge correct=False
2026-09-20 17:55:45 | DEBUG    | free_response | id=482 cell=B_prime gold='transfer them to the stomach' pred='eats' stage=judge correct=False
2026-09-20 17:55:46 | DEBUG    | free_response | id=483 cell=A_prime gold='water vapor' pred='cooling' stage=judge correct=False
2026-09-20 17:55:46 | DEBUG    | free_response | id=483 cell=B_prime gold='water vapor' pred='water vapor' stage=strict correct=True
2026-09-20 17:55:47 | DEBUG    | free_response | id=484 cell=A_prime gold='placed in good soil' pred='healthy' stage=judge correct=False
2026-09-20 17:55:48 | DEBUG    | free_response | id=484 cell=B_prime gold='placed in good soil' pred='healthy' stage=judge correct=False
2026-09-20 17:55:48 | DEBUG    | free_response | id=485 cell=A_prime gold="A 6'' Man" pred='Mountain' stage=judge correct=False
2026-09-20 17:55:49 | DEBUG    | free_response | id=485 cell=B_prime gold="A 6'' Man" pred='mountain' stage=judge correct=False
2026-09-20 17:55:50 | DEBUG    | free_response | id=486 cell=A_prime gold='from a live plant' pred='orange tree' stage=judge correct=True
2026-09-20 17:55:50 | DEBUG    | free_response | id=486 cell=B_prime gold='from a live plant' pred='plant' stage=judge correct=True
2026-09-20 17:55:51 | DEBUG    | free_response | id=487 cell=A_prime gold='Sand' pred='Exoskeleton' stage=judge correct=False
2026-09-20 17:55:52 | DEBUG    | free_response | id=487 cell=B_prime gold='Sand' pred='sediment' stage=judge correct=True
2026-09-20 17:55:53 | DEBUG    | free_response | id=488 cell=A_prime gold='5 am' pred='cold temperature' stage=judge correct=False
2026-09-20 17:55:54 | DEBUG    | free_response | id=488 cell=B_prime gold='5 am' pred='cool temperatures' stage=judge correct=False
2026-09-20 17:55:54 | DEBUG    | free_response | id=489 cell=A_prime gold='providing nourishment which enables some growth to vegetation' pred='produces' stage=judge correct=False
2026-09-20 17:55:55 | DEBUG    | free_response | id=489 cell=B_prime gold='providing nourishment which enables some growth to vegetation' pred='makes food' stage=judge correct=True
2026-09-20 17:55:56 | DEBUG    | free_response | id=490 cell=A_prime gold='a thicket' pred='cave' stage=judge correct=False
2026-09-20 17:55:57 | DEBUG    | free_response | id=490 cell=B_prime gold='a thicket' pred='forests' stage=judge correct=False
2026-09-20 17:55:58 | DEBUG    | free_response | id=491 cell=A_prime gold='it is a predator' pred='omnivore requirements' stage=judge correct=False
2026-09-20 17:55:58 | DEBUG    | free_response | id=491 cell=B_prime gold='it is a predator' pred='carnivore' stage=judge correct=True
2026-09-20 17:55:59 | DEBUG    | free_response | id=492 cell=A_prime gold='bugs' pred='Grass' stage=judge correct=False
2026-09-20 17:56:00 | DEBUG    | free_response | id=492 cell=B_prime gold='bugs' pred='insects' stage=judge correct=True
2026-09-20 17:56:01 | DEBUG    | free_response | id=493 cell=A_prime gold='a river named after the 38th state to join the union flowing over time' pred='Erosion' stage=judge correct=False
2026-09-20 17:56:02 | DEBUG    | free_response | id=493 cell=B_prime gold='a river named after the 38th state to join the union flowing over time' pred='the Colorado River' stage=judge correct=True
2026-09-20 17:56:03 | DEBUG    | free_response | id=494 cell=A_prime gold='UV rays are harmful' pred='protection' stage=judge correct=False
2026-09-20 17:56:04 | DEBUG    | free_response | id=494 cell=B_prime gold='UV rays are harmful' pred='ultraviolet light' stage=judge correct=True
2026-09-20 17:56:04 | DEBUG    | free_response | id=495 cell=A_prime gold='scalds' pred='hot' stage=judge correct=True
2026-09-20 17:56:05 | DEBUG    | free_response | id=495 cell=B_prime gold='scalds' pred='hot' stage=judge correct=True
2026-09-20 17:56:06 | DEBUG    | free_response | id=496 cell=A_prime gold='water is bubbling from applied warmth' pred='boiling' stage=judge correct=True
2026-09-20 17:56:07 | DEBUG    | free_response | id=496 cell=B_prime gold='water is bubbling from applied warmth' pred='boiling' stage=judge correct=True
2026-09-20 17:56:07 | DEBUG    | free_response | id=497 cell=A_prime gold='leads to less sick people' pred='Improvement' stage=judge correct=False
2026-09-20 17:56:08 | DEBUG    | free_response | id=497 cell=B_prime gold='leads to less sick people' pred='positive impact' stage=judge correct=False
2026-09-20 17:56:09 | DEBUG    | free_response | id=498 cell=A_prime gold='tiny lifeforms in dirt' pred='complex ecosystem' stage=judge correct=False
2026-09-20 17:56:10 | DEBUG    | free_response | id=498 cell=B_prime gold='tiny lifeforms in dirt' pred='microorganisms' stage=judge correct=True
2026-09-20 17:56:10 | DEBUG    | free_response | id=499 cell=A_prime gold='heat' pred='humidity' stage=judge correct=False
2026-09-20 17:56:11 | DEBUG    | free_response | id=499 cell=B_prime gold='heat' pred='Sweat' stage=judge correct=True
2026-09-20 17:56:11 | INFO     | free_response |   [500/500] A_prime 0.38  B_prime 0.58 | 1.45s/item | ETA 0.0 min
2026-09-20 17:56:11 | INFO     | free_response |   wrote /kaggle/working/results_free_response_obqa_qwen2.5_7b.json
2026-09-20 17:56:11 | INFO     | free_response | 
2026-09-20 17:56:11 | INFO     | free_response | ====================================================================================================
2026-09-20 17:56:11 | INFO     | free_response | SUMMARY -- accuracy by matching tier
2026-09-20 17:56:11 | INFO     | free_response | ====================================================================================================
2026-09-20 17:56:11 | INFO     | free_response |   data   cell          n    strict   normalised       BAND [low, high]   ->judge    flips
2026-09-20 17:56:11 | INFO     | free_response |   sciq   A_prime     884     0.512        0.535         [0.722, 0.804]       411    0.178
2026-09-20 17:56:11 | INFO     | free_response |   sciq   B_prime     884     0.805        0.825         [0.965, 0.984]       155    0.110
2026-09-20 17:56:11 | INFO     | free_response |   obqa   A_prime     500     0.036        0.036         [0.246, 0.440]       482    0.201
2026-09-20 17:56:11 | INFO     | free_response |   obqa   B_prime     500     0.108        0.110         [0.448, 0.660]       445    0.238
2026-09-20 17:56:11 | INFO     | free_response |   sciq   A' relative to its own B' ceiling: 0.722 / 0.965 = 0.748
2026-09-20 17:56:11 | INFO     | free_response |   obqa   A' relative to its own B' ceiling: 0.246 / 0.448 = 0.549
2026-09-20 17:56:11 | INFO     | free_response | Runtime : 28.4 min
